node_id,qid,page_title,name_unicode,name_ascii,given_name_unicode,surname_unicode,given_name_ascii,surname_ascii,actual_name_unicode,actual_name_ascii,birth_year,death_year,instructor_start_year,date,okinawa_locality,styles_all,needs_review,wikipedia_url,style_1,style_2,style_3,style_4,style_5,style_6,style_7,style_8,style_9,style_10
Q6918025,Q6918025,Motokatsu Inoue,Motokatsu Inoue,Motokatsu Inoue,Motokatsu,Inoue,Motokatsu,Inoue,Motokatsu Inoue,Motokatsu Inoue,1918.0,1993.0,1943.0,1943.0,unknown,detailing Kobudo|Karate|Koga-ryu|Te,0,https://en.wikipedia.org/wiki/Motokatsu_Inoue,detailing Kobudo,Karate,Koga-ryu,Te,,,,,,
Q2943981,Q2943981,Tatsuo Yamada,Tatsuo Yamada,Tatsuo Yamada,Tatsuo,Yamada,Tatsuo,Yamada,Tatsuo Yamada,Tatsuo Yamada,1956.0,2009.0,1981.0,1981.0,unknown,Karate|Te,0,https://en.wikipedia.org/wiki/Tatsuo_Yamada,Karate,Te,,,,,,,,
C00064,,Seiryo Shinjo,Seiryo Shinjo,Seiryo Shinjo,Seiryo,Shinjo,Seiryo,Shinjo,Seiryo Shinjo,Seiryo Shinjo,,,,,unknown,,1,,Karate,,,,,,,,,
C00065,,Uechi Kanmei,Uechi Kanmei,Uechi Kanmei,Uechi,Kanmei,Uechi,Kanmei,Uechi Kanmei,Uechi Kanmei,,,,,unknown,,1,,Karate,,,,,,,,,
Q706726,Q706726,Gozo Shioda,Gozo Shioda,Gozo Shioda,Gozo,Shioda,Gozo,Shioda,Gozo Shioda,Gozo Shioda,1915.0,1994.0,1940.0,1940.0,unknown,Yoshinkan|Kyokushin|Aikikai|Japan Kobudo|Karate|Te,0,https://en.wikipedia.org/wiki/Gozo_Shioda,Yoshinkan,Kyokushin,Aikikai,Japan Kobudo,Karate,Te,,,,
C00075,,Kenchu Nakaima,Kenchu Nakaima,Kenchu Nakaima,Kenchu,Nakaima,Kenchu,Nakaima,Kenchu Nakaima,Kenchu Nakaima,,,,,unknown,,1,,Karate,,,,,,,,,
C00076,,Sugaya Ueshima,Sugaya Ueshima,Sugaya Ueshima,Sugaya,Ueshima,Sugaya,Ueshima,Sugaya Ueshima,Sugaya Ueshima,,,,,unknown,,1,,Karate,,,,,,,,,
Q11391351,Q11391351,Akihito Yagi,Akihito Yagi,Akihito Yagi,Akihito,Yagi,Akihito,Yagi,Akihito Yagi,Akihito Yagi,1977.0,,2002.0,2002.0,Naha,Meibukan|Goju-Ryu|Karate|Te,0,https://en.wikipedia.org/wiki/Akihito_Yagi,Meibukan,Goju-Ryu,Karate,Te,,,,,,
Q11501557,Q11501557,Kiyoshi Arakaki,Kiyoshi Arakaki,Kiyoshi Arakaki,Kiyoshi,Arakaki,Kiyoshi,Arakaki,Kiyoshi Arakaki,Kiyoshi Arakaki,1954.0,,1979.0,1979.0,Shuri,Karate|Matsubayashi-Ryu|Okinawan Kobudo|Shuri-te|Okinawa Kobudo|Okinawan Karate|Te|United States Civil Administration of the Ryukyu Islands,0,https://en.wikipedia.org/wiki/Kiyoshi_Arakaki,Karate,Matsubayashi-Ryu,Okinawan Kobudo,Shuri-te,Okinawa Kobudo,Okinawan Karate,Te,United States Civil Administration of the Ryukyu Islands,,
Q1909096,Q1909096,Higa Peechin,Higa Peechin,Higa Peechin,Higa,Peechin,Higa,Peechin,Higa Peechin,Higa Peechin,1790.0,1870.0,1815.0,1815.0,unknown,Shorin-Ryu|Okinawan Kobudo|Ryukyu Kobudo|Chinese Martial Arts|Karate|Okinawan Karate|Quan Fa|shorinryu|Te|Tode,0,https://en.wikipedia.org/wiki/Higa_Peechin,Shorin-Ryu,Okinawan Kobudo,Ryukyu Kobudo,Chinese Martial Arts,Karate,Okinawan Karate,Quan Fa,shorinryu,Te,Tode
Q6782576,Q6782576,Masanobu Kikukawa,Masanobu Kikukawa,Masanobu Kikukawa,Masanobu,Kikukawa,Masanobu,Kikukawa,Masanobu Kikukawa,Masanobu Kikukawa,1954.0,,1979.0,1979.0,unknown,Shorin-Ryu|Okinawan Kobudo|Karate|Okinawan Karate|Shorin-ryu Shinkokai|Te,0,https://en.wikipedia.org/wiki/Masanobu_Kikukawa,Shorin-Ryu,Okinawan Kobudo,Karate,Okinawan Karate,Shorin-ryu Shinkokai,Te,,,,
Q64574038,Q64574038,Ryo Kiyuna,Ryō Kiyuna,Ryo Kiyuna,Ryō,Kiyuna,Ryo,Kiyuna,Ryō Kiyuna,Ryo Kiyuna,1990.0,,2015.0,2015.0,unknown,Japanese Karate|Karate|Te,0,https://en.wikipedia.org/wiki/Ryo_Kiyuna,Japanese Karate,Karate,Te,,,,,,,
Q6810356,Q6810356,Meitatsu Yagi,Meitatsu Yagi,Meitatsu Yagi,Meitatsu,Yagi,Meitatsu,Yagi,Meitatsu Yagi,Meitatsu Yagi,1944.0,,1969.0,1969.0,Naha,Goju-Ryu|Shorin-Ryu|Uechi-Ryu|Okinawan Kobudo|Goju-Kai|Karate|Karatedo Kobudo|Meibukan|Okinawan Karate|Te,0,https://en.wikipedia.org/wiki/Meitatsu_Yagi,Goju-Ryu,Shorin-Ryu,Uechi-Ryu,Okinawan Kobudo,Goju-Kai,Karate,Karatedo Kobudo,Meibukan,Okinawan Karate,Te
Q15845016,Q15845016,Koji Chubachi,Koji Chubachi,Koji Chubachi,Koji,Chubachi,Koji,Chubachi,Koji Chubachi,Koji Chubachi,1987.0,,2012.0,2012.0,unknown,Shotokan|Karate|Dan karate|Japanese Karate|Te,0,https://en.wikipedia.org/wiki/Koji_Chubachi,Shotokan,Karate,Dan karate,Japanese Karate,Te,,,,,
Q16875962,Q16875962,Shinobu Ichiyanagi,Shinobu Ichiyanagi,Shinobu Ichiyanagi,Shinobu,Ichiyanagi,Shinobu,Ichiyanagi,Shinobu Ichiyanagi,Shinobu Ichiyanagi,1952.0,,1977.0,1977.0,unknown,Shotokan|Japanese Karate|Karate|Kempo|Te,0,https://en.wikipedia.org/wiki/Shinobu_Ichiyanagi,Shotokan,Japanese Karate,Karate,Kempo,Te,,,,,
Q15845021,Q15845021,Kazuaki Kurihara,Kazuaki Kurihara,Kazuaki Kurihara,Kazuaki,Kurihara,Kazuaki,Kurihara,Kazuaki Kurihara,Kazuaki Kurihara,1979.0,,2004.0,2004.0,unknown,Shotokan|Karate|Dan karate|Japanese Karate|Te,0,https://en.wikipedia.org/wiki/Kazuaki_Kurihara,Shotokan,Karate,Dan karate,Japanese Karate,Te,,,,,
Q4353136,Q4353136,Tatsuya Naka,Tatsuya Naka,Tatsuya Naka,Tatsuya,Naka,Tatsuya,Naka,Tatsuya Naka,Tatsuya Naka,1964.0,,1989.0,1989.0,unknown,Shotokan|Karate|Japanese Karate|Te,0,https://en.wikipedia.org/wiki/Tatsuya_Naka,Shotokan,Karate,Japanese Karate,Te,,,,,,
Q15845024,Q15845024,Keisuke Nemoto,Keisuke Nemoto,Keisuke Nemoto,Keisuke,Nemoto,Keisuke,Nemoto,Keisuke Nemoto,Keisuke Nemoto,1979.0,,2004.0,2004.0,unknown,Shotokan|Karate|Dan karate|Japanese Karate|Te,0,https://en.wikipedia.org/wiki/Keisuke_Nemoto,Shotokan,Karate,Dan karate,Japanese Karate,Te,,,,,
Q476441,Q476441,Seiji Nishimura,Seiji Nishimura,Seiji Nishimura,Seiji,Nishimura,Seiji,Nishimura,Seiji Nishimura,Seiji Nishimura,1956.0,,1981.0,1981.0,unknown,Wado-Ryu|Karate|Goju-Ryu|Shito-Ryu|Japanese Karate|Kushin-Ryu|shitoryu|Te|Wado-Kai|Wadokai,0,https://en.wikipedia.org/wiki/Seiji_Nishimura,Wado-Ryu,Karate,Goju-Ryu,Shito-Ryu,Japanese Karate,Kushin-Ryu,shitoryu,Te,Wado-Kai,Wadokai
Q11463345,Q11463345,Kazuhiko Ogasawara,Kazuhiko Ogasawara,Kazuhiko Ogasawara,Kazuhiko,Ogasawara,Kazuhiko,Ogasawara,Kazuhiko Ogasawara,Kazuhiko Ogasawara,1959.0,,1984.0,1984.0,unknown,Kyokushin|Japanese Karate|Karate|Kyokushin-kai|Te,0,https://en.wikipedia.org/wiki/Kazuhiko_Ogasawara,Kyokushin,Japanese Karate,Karate,Kyokushin-kai,Te,,,,,
Q15845028,Q15845028,Koji Ogata,Koji Ogata,Koji Ogata,Koji,Ogata,Koji,Ogata,Koji Ogata,Koji Ogata,1968.0,,1993.0,1993.0,unknown,Shotokan|Karate|Dan karate|Japanese Karate|Te,0,https://en.wikipedia.org/wiki/Koji_Ogata,Shotokan,Karate,Dan karate,Japanese Karate,Te,,,,,
Q15845023,Q15845023,Satomi Okuie,Satomi Okuie,Satomi Okuie,Satomi,Okuie,Satomi,Okuie,Satomi Okuie,Satomi Okuie,1982.0,,2007.0,2007.0,unknown,Shotokan|Karate|Dan karate|Japanese Karate|Te,0,https://en.wikipedia.org/wiki/Satomi_Okuie,Shotokan,Karate,Dan karate,Japanese Karate,Te,,,,,
Q11383484,Q11383484,Masaaki Satake,Masaaki Satake,Masaaki Satake,Masaaki,Satake,Masaaki,Satake,Masaaki Satake,Masaaki Satake,1965.0,,1990.0,1990.0,unknown,Kyokushin|Karate|Bakuryu Sentai Abaranger|Japanese Karate|Kyokushin karate|Seidokaikan|Te,0,https://en.wikipedia.org/wiki/Masaaki_Satake,Kyokushin,Karate,Bakuryu Sentai Abaranger,Japanese Karate,Kyokushin karate,Seidokaikan,Te,,,
Q15845014,Q15845014,Mai Shiina,Mai Shiina,Mai Shiina,Mai,Shiina,Mai,Shiina,Mai Shiina,Mai Shiina,1988.0,,2013.0,2013.0,unknown,Shotokan|Karate|Dan karate|Japanese Karate|Te,0,https://en.wikipedia.org/wiki/Mai_Shiina,Shotokan,Karate,Dan karate,Japanese Karate,Te,,,,,
Q15845020,Q15845020,Ryosuke Shimizu,Ryosuke Shimizu,Ryosuke Shimizu,Ryosuke,Shimizu,Ryosuke,Shimizu,Ryosuke Shimizu,Ryosuke Shimizu,1980.0,,2005.0,2005.0,unknown,Shotokan|Karate|Dan karate|Japanese Karate|Te,0,https://en.wikipedia.org/wiki/Ryosuke_Shimizu,Shotokan,Karate,Dan karate,Japanese Karate,Te,,,,,
Q11449100,Q11449100,Rika Usami,Rika Usami,Rika Usami,Rika,Usami,Rika,Usami,Rika Usami,Rika Usami,1986.0,,2011.0,2011.0,unknown,Shito-Ryu|Goju-Ryu|Japanese Karate|Karate|Te,0,https://en.wikipedia.org/wiki/Rika_Usami,Shito-Ryu,Goju-Ryu,Japanese Karate,Karate,Te,,,,,
Q16089695,Q16089695,Saito Satoshi,Saitō Satoshi,Saito Satoshi,Saitō,Satoshi,Saito,Satoshi,Saitō Satoshi,Saito Satoshi,1922.0,2014.0,1947.0,1947.0,Shuri,Headmaste|Hokushin Itto-ryu|illustrious kobudo|Japan Kobudo|Japanese kobudo|Karate|Kuwana Han-den Yamamoto-ryu|Negishi-ryu|Nihon Kobudo|Shirai-ryu|Te|Tenshin Shoden Katori Shinto-ryu,0,https://en.wikipedia.org/wiki/Sait%C5%8D_Satoshi,Headmaste,Hokushin Itto-ryu,illustrious kobudo,Japan Kobudo,Japanese kobudo,Karate,Kuwana Han-den Yamamoto-ryu,Negishi-ryu,Nihon Kobudo,Shirai-ryu
Q6419132,Q6419132,Kiyoshi Yoshimoti,Kiyoshi Yoshimoti,Kiyoshi Yoshimoti,Kiyoshi,Yoshimoti,Kiyoshi,Yoshimoti,Kiyoshi Yoshimoti,Kiyoshi Yoshimoti,1948.0,2020.0,1973.0,1973.0,unknown,Gosho-ha Hyoho Niten Ichi-ryu|Japanese kobudo|Niten Ichi-ryu|Sekiguchi-ryu|Te,0,https://en.wikipedia.org/wiki/Kiyoshi_Yoshimoti,Gosho-ha Hyoho Niten Ichi-ryu,Japanese kobudo,Niten Ichi-ryu,Sekiguchi-ryu,Te,,,,,
Q7327071,Q7327071,Richard Kim,Richard Kim,Richard Kim,Richard,Kim,Richard,Kim,Richard Kim,Richard Kim,1932.0,2009.0,1957.0,1957.0,unknown,Karate|Te,0,https://en.wikipedia.org/wiki/Richard_Kim,Karate,Te,,,,,,,,
Q2576986,Q2576986,Donn F Draeger,Donn F. Draeger,Donn F Draeger,Donn,F. Draeger,Donn,F Draeger,Donn F. Draeger,Donn F Draeger,1922.0,1982.0,1947.0,1947.0,unknown,Tenshin Shoden Katori Shinto-ryu|Kyokushin Budokai|Shodokan Aikido|Kyokushin|Chinese Martial Arts|International Kyokushin Budokai|Karate|Nihon Kobudo|Shindo Muso-ryu|Shodokan|Te|Yoshin-ryu,0,https://en.wikipedia.org/wiki/Donn_F._Draeger,Tenshin Shoden Katori Shinto-ryu,Kyokushin Budokai,Shodokan Aikido,Kyokushin,Chinese Martial Arts,International Kyokushin Budokai,Karate,Nihon Kobudo,Shindo Muso-ryu,Shodokan
Q7364578,Q7364578,Ron van Clief,Ron van Clief,Ron van Clief,Ron,van Clief,Ron,van Clief,Ron van Clief,Ron van Clief,1943.0,,1968.0,1968.0,unknown,Kung Fu|Karate|Goju-Ryu|Shotokan|Appointe|Cite|Te,0,https://en.wikipedia.org/wiki/Ron_van_Clief,Kung Fu,Karate,Goju-Ryu,Shotokan,Appointe,Cite,Te,,,
Q19325706,Q19325706,Vernon Bell,Vernon Bell,Vernon Bell,Vernon,Bell,Vernon,Bell,Vernon Bell,Vernon Bell,1922.0,2004.0,1947.0,1947.0,unknown,Karate|Yoseikan Karate|Te,0,https://en.wikipedia.org/wiki/Vernon_Bell,Karate,Yoseikan Karate,Te,,,,,,,
Q48441622,Q48441622,Harold Long,Harold Long,Harold Long,Harold,Long,Harold,Long,Harold Long,Harold Long,1930.0,1998.0,1955.0,1955.0,unknown,Te,0,https://en.wikipedia.org/wiki/Harold_Long,Te,,,,,,,,,
C00118,,Sakuhei Yoshida,Sakuhei Yoshida,Sakuhei Yoshida,Sakuhei,Yoshida,Sakuhei,Yoshida,Sakuhei Yoshida,Sakuhei Yoshida,,,,,unknown,,1,,Karate,,,,,,,,,
C00119,,Toju Kosho,Toju Kosho,Toju Kosho,Toju,Kosho,Toju,Kosho,Toju Kosho,Toju Kosho,,,,,unknown,,1,,Karate,,,,,,,,,
Q1052982,Q1052982,Jeff Speakman,Jeff Speakman,Jeff Speakman,Jeff,Speakman,Jeff,Speakman,Jeff Speakman,Jeff Speakman,1958.0,,1983.0,1983.0,unknown,American Kenpo|Goju-Ryu|Karate|American Kenpo Karate|Goju-Kai|Kempo|Kenpo|Kung Fu|Te,0,https://en.wikipedia.org/wiki/Jeff_Speakman,American Kenpo,Goju-Ryu,Karate,American Kenpo Karate,Goju-Kai,Kempo,Kenpo,Kung Fu,Te,
Q6139856,Q6139856,James Mitose,James Mitose,James Mitose,James,Mitose,James,Mitose,James Mitose,James Mitose,1916.0,1981.0,1941.0,1941.0,Shuri,Kosho Shorei-Ryu Kenpo|Kempo|Shuri-te|Ch'uan Fa|Chuan Fa|Grand Maste|Grandmaste|Karate|Kenpo|Kosho Shorei-ryu|Motobu-Ryu|Te,0,https://en.wikipedia.org/wiki/James_Mitose,Kosho Shorei-Ryu Kenpo,Kempo,Shuri-te,Ch'uan Fa,Chuan Fa,Grand Maste,Grandmaste,Karate,Kenpo,Kosho Shorei-ryu
Q653633,Q653633,Ed Parker,Ed Parker,Ed Parker,Ed,Parker,Ed,Parker,Ed Parker,Ed Parker,1931.0,1990.0,1956.0,1956.0,unknown,American Kenpo|Grand Maste|Grandmaste|Karate|Kenpo|Kung Fu|Te,0,https://en.wikipedia.org/wiki/Ed_Parker,American Kenpo,Grand Maste,Grandmaste,Karate,Kenpo,Kung Fu,Te,,,
Q3857461,Q3857461,Mike Stone,Mike Stone,Mike Stone,Mike,Stone,Mike,Stone,Mike Stone,Mike Stone,1951.0,2002.0,1976.0,1976.0,unknown,Karate|Te,0,https://en.wikipedia.org/wiki/Mike_Stone,Karate,Te,,,,,,,,
Q1493062,Q1493062,Willie Williams,Willie Williams,Willie Williams,Willie,Williams,Willie,Williams,Willie Williams,Willie Williams,1925.0,2011.0,1950.0,1950.0,unknown,Karate|Te,0,https://en.wikipedia.org/wiki/Willie_Williams,Karate,Te,,,,,,,,
Q18230165,Q18230165,George Mattson,George Mattson,George Mattson,George,Mattson,George,Mattson,George Mattson,George Mattson,1908.0,1997.0,1933.0,1933.0,unknown,Karate|Te,0,https://en.wikipedia.org/wiki/George_Mattson,Karate,Te,,,,,,,,
Q912181,Q912181,Nicholas Pettas,Nicholas Pettas,Nicholas Pettas,Nicholas,Pettas,Nicholas,Pettas,Nicholas Pettas,Nicholas Pettas,1973.0,,1998.0,1998.0,unknown,Kyokushin kaikan|Karate|Kyokushin|Kyokushin-kai|Te,0,https://en.wikipedia.org/wiki/Nicholas_Pettas,Kyokushin kaikan,Karate,Kyokushin,Kyokushin-kai,Te,,,,,
Q6227103,Q6227103,John Corcoran,John Corcoran,John Corcoran,John,Corcoran,John,Corcoran,John Corcoran,John Corcoran,1842.0,1919.0,1867.0,1867.0,unknown,Te,0,https://en.wikipedia.org/wiki/John_Corcoran,Te,,,,,,,,,
Q459861,Q459861,Rina Takeda,Rina Takeda,Rina Takeda,Rina,Takeda,Rina,Takeda,Rina Takeda,Rina Takeda,1991.0,,2016.0,2016.0,unknown,Shorin-Ryu|Karate|Te,0,https://en.wikipedia.org/wiki/Rina_Takeda,Shorin-Ryu,Karate,Te,,,,,,,
Q5121886,Q5121886,Ciriaco Canete,Ciriaco Cañete,Ciriaco Canete,Ciriaco,Cañete,Ciriaco,Canete,Ciriaco Cañete,Ciriaco Canete,1919.0,2016.0,1944.0,1944.0,unknown,Shorin-Ryu|Karate|Te,0,https://en.wikipedia.org/wiki/Ciriaco_Ca%C3%B1ete,Shorin-Ryu,Karate,Te,,,,,,,
Q935081,Q935081,Robert John Burke,Robert John Burke,Robert John Burke,Robert,John Burke,Robert,John Burke,Robert John Burke,Robert John Burke,1960.0,2013.0,1985.0,1985.0,unknown,Shorin-Ryu|Karate|Te,0,https://en.wikipedia.org/wiki/Robert_John_Burke,Shorin-Ryu,Karate,Te,,,,,,,
Q2869852,Q2869852,Atsuko Wakai,Atsuko Wakai,Atsuko Wakai,Atsuko,Wakai,Atsuko,Wakai,Atsuko Wakai,Atsuko Wakai,1971.0,,1996.0,1996.0,unknown,Goju-Ryu|Shito-Ryu|Goju-Kai|Gojukai|gojukai|gojuryu|Japanese Karate|Karate|shitoryu|Shukokai|Te,0,https://en.wikipedia.org/wiki/Atsuko_Wakai,Goju-Ryu,Shito-Ryu,Goju-Kai,Gojukai,gojukai,gojuryu,Japanese Karate,Karate,shitoryu,Shukokai
Q5752928,Q5752928,Hidy Ochiai,Hidy Ochiai,Hidy Ochiai,Hidy,Ochiai,Hidy,Ochiai,Hidy Ochiai,Hidy Ochiai,1939.0,,1964.0,1964.0,unknown,Karate|Kung Fu|Te|Washin-Ryu karate,0,https://en.wikipedia.org/wiki/Hidy_Ochiai,Karate,Kung Fu,Te,Washin-Ryu karate,,,,,,
Q8049998,Q8049998,Yasuhisa Shioda,Yasuhisa Shioda,Yasuhisa Shioda,Yasuhisa,Shioda,Yasuhisa,Shioda,Yasuhisa Shioda,Yasuhisa Shioda,1952.0,,1977.0,1977.0,unknown,Te,0,https://en.wikipedia.org/wiki/Yasuhisa_Shioda,Te,,,,,,,,,
Q4467319,Q4467319,Terada Kiyoyuki,Terada Kiyoyuki,Terada Kiyoyuki,Terada,Kiyoyuki,Terada,Kiyoyuki,Terada Kiyoyuki,Terada Kiyoyuki,1922.0,2009.0,1947.0,1947.0,unknown,Karate|Te,0,https://en.wikipedia.org/wiki/Kiyoyuki_Terada,Karate,Te,,,,,,,,
Q6426232,Q6426232,Koichi Pettas,Koichi Pettas,Koichi Pettas,Koichi,Pettas,Koichi,Pettas,Koichi Pettas,Koichi Pettas,1980.0,2018.0,2005.0,2005.0,unknown,Te,0,https://en.wikipedia.org/wiki/Koichi_(kickboxer),Te,,,,,,,,,
Q3272171,Q3272171,Yukari Oshima,Yukari Oshima,Yukari Oshima,Yukari,Oshima,Yukari,Oshima,Yukari Oshima,Yukari Oshima,1963.0,1995.0,1988.0,1988.0,unknown,Goju-Ryu|Karate|Kung Fu|Te,0,https://en.wikipedia.org/wiki/Yukari_Oshima,Goju-Ryu,Karate,Kung Fu,Te,,,,,,
Q15987727,Q15987727,Moses Powell,Moses Powell,Moses Powell,Moses,Powell,Moses,Powell,Moses Powell,Moses Powell,1941.0,2005.0,1966.0,1966.0,unknown,Isshin-Ryu|Shorin-Ryu|Isshinryu|Karate|Kung Fu|Te,0,https://en.wikipedia.org/wiki/Moses_Powell,Isshin-Ryu,Shorin-Ryu,Isshinryu,Karate,Kung Fu,Te,,,,
Q221797,Q221797,Bobby Lowe,Bobby Lowe,Bobby Lowe,Bobby,Lowe,Bobby,Lowe,Bobby Lowe,Bobby Lowe,1929.0,2011.0,1954.0,1954.0,unknown,Karate|Te,0,https://en.wikipedia.org/wiki/Bobby_Lowe,Karate,Te,,,,,,,,
Q706955,Q706955,Tadashi Nakamura,Tadashi Nakamura,Tadashi Nakamura,Tadashi,Nakamura,Tadashi,Nakamura,Tadashi Nakamura,Tadashi Nakamura,1942.0,2019.0,1967.0,1967.0,unknown,Te,0,https://en.wikipedia.org/wiki/Tadashi_Nakamura,Te,,,,,,,,,
Q780966,Q780966,Seiji Isobe,Seiji Isobe,Seiji Isobe,Seiji,Isobe,Seiji,Isobe,Seiji Isobe,Seiji Isobe,1948.0,,1973.0,1973.0,unknown,Kyokushin|Shotokan|Japanese Karate|Karate|Kyokushin Karate|Kyokushin-kai|kyokushinkai|kyokushinkaikan|Te,0,https://en.wikipedia.org/wiki/Seiji_Isobe,Kyokushin,Shotokan,Japanese Karate,Karate,Kyokushin Karate,Kyokushin-kai,kyokushinkai,kyokushinkaikan,Te,
Q6381580,Q6381580,Kazumi Tabata,Kazumi Tabata,Kazumi Tabata,Kazumi,Tabata,Kazumi,Tabata,Kazumi Tabata,Kazumi Tabata,1943.0,,1968.0,1968.0,unknown,Shotokan|Japanese Karate|Karate|Shorinji-Ryu|Shorinji-ryu Renshinkan|Te,0,https://en.wikipedia.org/wiki/Kazumi_Tabata,Shotokan,Japanese Karate,Karate,Shorinji-Ryu,Shorinji-ryu Renshinkan,Te,,,,
Q5335255,Q5335255,Ed Parker Jr,Ed Parker Jr.,Ed Parker Jr,Ed,Parker Jr.,Ed,Parker Jr,Ed Parker Jr.,Ed Parker Jr,1959.0,,1984.0,1984.0,unknown,American Kenpo|American Kenpo Karate|Karate|Kenpo|Te,0,https://en.wikipedia.org/wiki/Ed_Parker_Jr.,American Kenpo,American Kenpo Karate,Karate,Kenpo,Te,,,,,
Q21482428,Q21482428,Jacques Payet,Jacques Payet,Jacques Payet,Jacques,Payet,Jacques,Payet,Jacques Payet,Jacques Payet,1957.0,,1982.0,1982.0,unknown,Yoshinkan|Karate|Te,0,https://en.wikipedia.org/wiki/Jacques_Payet,Yoshinkan,Karate,Te,,,,,,,
Q7850204,Q7850204,Tsuneo Ando,Tsuneo Ando,Tsuneo Ando,Tsuneo,Ando,Tsuneo,Ando,Tsuneo Ando,Tsuneo Ando,1956.0,1997.0,1981.0,1981.0,unknown,Te,0,https://en.wikipedia.org/wiki/Tsuneo_Ando,Te,,,,,,,,,
Q64929894,Q64929894,Leona Pettas,Leona Pettas,Leona Pettas,Leona,Pettas,Leona,Pettas,Leona Pettas,Leona Pettas,1992.0,2017.0,2017.0,2017.0,unknown,Kyokushin|Karate|Kyokushin Karate|Te,0,https://en.wikipedia.org/wiki/Leona_Pettas,Kyokushin,Karate,Kyokushin Karate,Te,,,,,,
Q6167244,Q6167244,Jay T Will,Jay T. Will,Jay T Will,Jay,T. Will,Jay,T Will,Jay T. Will,Jay T Will,1942.0,1995.0,1967.0,1967.0,unknown,Kenpo Karate|Karate|Kenpo|Te,0,https://en.wikipedia.org/wiki/Jay_T._Will,Kenpo Karate,Karate,Kenpo,Te,,,,,,
Q7790297,Q7790297,Thomas H Makiyama,Thomas H. Makiyama,Thomas H Makiyama,Thomas,H. Makiyama,Thomas,H Makiyama,Thomas H. Makiyama,Thomas H Makiyama,1928.0,2005.0,1953.0,1953.0,unknown,Keijutsukai Aikido|Goju-Ryu|Karate|Keijutsukai|Te,0,https://en.wikipedia.org/wiki/Thomas_H._Makiyama,Keijutsukai Aikido,Goju-Ryu,Karate,Keijutsukai,Te,,,,,
Q6519507,Q6519507,Shunji Watanabe,Shunji Watanabe,Shunji Watanabe,Shunji,Watanabe,Shunji,Watanabe,Shunji Watanabe,Shunji Watanabe,1938.0,,1963.0,1963.0,unknown,Shorinjiryu Kenkokan Karate|Japanese Karate|Karate|Shorinji-Ryu|Shorinjiryu|shorinjiryu|Shorinjiryu Kenkokan|Shorinjiryu Kenyukai Watanabe Ha Karate|Te,0,https://en.wikipedia.org/wiki/Shunji_Watanabe,Shorinjiryu Kenkokan Karate,Japanese Karate,Karate,Shorinji-Ryu,Shorinjiryu,shorinjiryu,Shorinjiryu Kenkokan,Shorinjiryu Kenyukai Watanabe Ha Karate,Te,
Q16187228,Q16187228,Robert Mustard,Robert Mustard,Robert Mustard,Robert,Mustard,Robert,Mustard,Robert Mustard,Robert Mustard,1956.0,,1981.0,1981.0,unknown,Yoshinkan Aikido|Kung Fu|Te|Yoshinkan,0,https://en.wikipedia.org/wiki/Robert_Mustard,Yoshinkan Aikido,Kung Fu,Te,Yoshinkan,,,,,,
Q1739011,Q1739011,Kenshiro Abbe,Kenshiro Abbe,Kenshiro Abbe,Kenshiro,Abbe,Kenshiro,Abbe,Kenshiro Abbe,Kenshiro Abbe,1915.0,1985.0,1940.0,1940.0,unknown,Shotokan|Karate|Shotokai|Te|Tendo-ryu,0,https://en.wikipedia.org/wiki/Kenshiro_Abbe,Shotokan,Karate,Shotokai,Te,Tendo-ryu,,,,,
Q369949,Q369949,Robert Culp,Robert Culp,Robert Culp,Robert,Culp,Robert,Culp,Robert Culp,Robert Culp,1930.0,2010.0,1955.0,1955.0,unknown,Te,0,https://en.wikipedia.org/wiki/Robert_Culp,Te,,,,,,,,,
Q730348,Q730348,Benny Urquidez,Benny Urquidez,Benny Urquidez,Benny,Urquidez,Benny,Urquidez,Benny Urquidez,Benny Urquidez,1952.0,,1977.0,1977.0,unknown,Kyokushin|Shotokan|Bill Ryusaki|Fujian White Crane|Japanese Karate|Karate|Kempo|Kenpo|Kenpo-Shotokan|Kung Fu|Te|Ukidokan|White Crane,0,https://en.wikipedia.org/wiki/Benny_Urquidez,Kyokushin,Shotokan,Bill Ryusaki,Fujian White Crane,Japanese Karate,Karate,Kempo,Kenpo,Kenpo-Shotokan,Kung Fu
Q4457146,Q4457146,Tsutomu Chida,Tsutomu Chida,Tsutomu Chida,Tsutomu,Chida,Tsutomu,Chida,Tsutomu Chida,Tsutomu Chida,1950.0,,1975.0,1975.0,unknown,Te,0,https://en.wikipedia.org/wiki/Tsutomu_Chida,Te,,,,,,,,,
Q303,Q303,Elvis Presley,Elvis Presley,Elvis Presley,Elvis,Presley,Elvis,Presley,Elvis Presley,Elvis Presley,1935.0,1977.0,1960.0,1960.0,unknown,Karate|Kenpo|Te,0,https://en.wikipedia.org/wiki/Elvis_Presley,Karate,Kenpo,Te,,,,,,,
Q7677342,Q7677342,Takashi Kushida,Takashi Kushida,Takashi Kushida,Takashi,Kushida,Takashi,Kushida,Takashi Kushida,Takashi Kushida,1935.0,2012.0,1960.0,1960.0,unknown,Yoshokai|Aikido Yoshokai|Te,0,https://en.wikipedia.org/wiki/Takashi_Kushida,Yoshokai,Aikido Yoshokai,Te,,,,,,,
Q13424717,Q13424717,Kyoichi Inoue,Kyoichi Inoue,Kyoichi Inoue,Kyoichi,Inoue,Kyoichi,Inoue,Kyoichi Inoue,Kyoichi Inoue,1935.0,2017.0,1960.0,1960.0,unknown,Te,0,https://en.wikipedia.org/wiki/Kyoichi_Inoue,Te,,,,,,,,,
Q6212631,Q6212631,Joe Thambu,Joe Thambu,Joe Thambu,Joe,Thambu,Joe,Thambu,Joe Thambu,Joe Thambu,1961.0,,1986.0,1986.0,unknown,Yoshinkan Aikido|Shudokan Aikido|Karate|Shinto Muso-ryu|Shudokan|Te|Yoshinkan,0,https://en.wikipedia.org/wiki/Joe_Thambu,Yoshinkan Aikido,Shudokan Aikido,Karate,Shinto Muso-ryu,Shudokan,Te,Yoshinkan,,,
Q550492,Q550492,Dan Inosanto,Dan Inosanto,Dan Inosanto,Dan,Inosanto,Dan,Inosanto,Dan Inosanto,Dan Inosanto,1936.0,,1961.0,1961.0,unknown,Kenpo Karate|Karate|Kenpo|Kung Fu|Te,0,https://en.wikipedia.org/wiki/Dan_Inosanto,Kenpo Karate,Karate,Kenpo,Kung Fu,Te,,,,,
Q106695378,Q106695378,Sosui Ichikawa,Sosui Ichikawa,Sosui Ichikawa,Sosui,Ichikawa,Sosui,Ichikawa,Sosui Ichikawa,Sosui Ichikawa,1924.0,2005.0,1949.0,1949.0,Naha,Goju-Ryu|Shotokan|Naha-te|Daito-ryu Aiki-jujutsu|gojuryu|Karate|Okinawan Karate|Te,0,https://en.wikipedia.org/wiki/Sosui_Ichikawa,Goju-Ryu,Shotokan,Naha-te,Daito-ryu Aiki-jujutsu,gojuryu,Karate,Okinawan Karate,Te,,
Q8014128,Q8014128,William Kwai Sun Chow,William Kwai Sun Chow,William Kwai Sun Chow,William,Kwai Sun Chow,William,Kwai Sun Chow,William Kwai Sun Chow,William Kwai Sun Chow,1914.0,1987.0,1939.0,1939.0,unknown,Kara-Ho Kempo|Karate|Kenpo|Kempo|Kung Fu|Te,0,https://en.wikipedia.org/wiki/William_Kwai-sun_Chow,Kara-Ho Kempo,Karate,Kenpo,Kempo,Kung Fu,Te,,,,
Q15987804,Q15987804,Hideo Yamamoto,Hideo Yamamoto,Hideo Yamamoto,Hideo,Yamamoto,Hideo,Yamamoto,Hideo Yamamoto,Hideo Yamamoto,1955.0,,1980.0,1980.0,unknown,Karate|Te,0,https://en.wikipedia.org/wiki/Hideo_Yamamoto,Karate,Te,,,,,,,,
C00020,,Chokyu Motobu,Chokyu Motobu,Chokyu Motobu,Chokyu,Motobu,Chokyu,Motobu,Chokyu Motobu,Chokyu Motobu,,,,,unknown,,1,,Karate,,,,,,,,,
C00021,,Chomei Motobu,Chomei Motobu,Chomei Motobu,Chomei,Motobu,Chomei,Motobu,Chomei Motobu,Chomei Motobu,,,,,unknown,,1,,Karate,,,,,,,,,
C00031,,Dr Shiji Mizokami,Dr Shiji Mizokami,Dr Shiji Mizokami,Dr,Shiji Mizokami,Dr,Shiji Mizokami,Dr Shiji Mizokami,Dr Shiji Mizokami,,,,,unknown,,1,,Karate,,,,,,,,,
C00032,,Eikichi Fukumoto,Eikichi Fukumoto,Eikichi Fukumoto,Eikichi,Fukumoto,Eikichi,Fukumoto,Eikichi Fukumoto,Eikichi Fukumoto,,,,,unknown,,1,,Karate,,,,,,,,,
C00033,,Eizo Shimabuku,Eizo Shimabuku,Eizo Shimabuku,Eizo,Shimabuku,Eizo,Shimabuku,Eizo Shimabuku,Eizo Shimabuku,,,,,unknown,,1,,Karate,,,,,,,,,
C00034,,Eizo Shimabukuro,Eizo Shimabukuro,Eizo Shimabukuro,Eizo,Shimabukuro,Eizo,Shimabukuro,Eizo Shimabukuro,Eizo Shimabukuro,,,,,unknown,,1,,Karate,,,,,,,,,
C00035,,Eisuke Akamine,Eisuke Akamine,Eisuke Akamine,Eisuke,Akamine,Eisuke,Akamine,Eisuke Akamine,Eisuke Akamine,,,,,unknown,,1,,Karate,,,,,,,,,
C00036,,Emory Turner,Emory Turner,Emory Turner,Emory,Turner,Emory,Turner,Emory Turner,Emory Turner,,,,,unknown,,1,,Karate,,,,,,,,,
C00039,,Franklin DR Hargrove,Franklin D.R. Hargrove,Franklin DR Hargrove,Franklin,D.R. Hargrove,Franklin,DR Hargrove,Franklin D.R. Hargrove,Franklin DR Hargrove,,,,,unknown,,1,,Karate,,,,,,,,,
C00040,,Fumio Nagaishi,Fumio Nagaishi,Fumio Nagaishi,Fumio,Nagaishi,Fumio,Nagaishi,Fumio Nagaishi,Fumio Nagaishi,,,,,unknown,,1,,Karate,,,,,,,,,
C00041,,Fumio Nakama,Fumio Nakama,Fumio Nakama,Fumio,Nakama,Fumio,Nakama,Fumio Nakama,Fumio Nakama,,,,,unknown,,1,,Karate,,,,,,,,,
C00045,,Genkai Nakaima,Genkai Nakaima,Genkai Nakaima,Genkai,Nakaima,Genkai,Nakaima,Genkai Nakaima,Genkai Nakaima,,,,,unknown,,1,,Karate,,,,,,,,,
C00074,,Hiroshi Oshiro,Hiroshi Oshiro,Hiroshi Oshiro,Hiroshi,Oshiro,Hiroshi,Oshiro,Hiroshi Oshiro,Hiroshi Oshiro,,,,,unknown,,1,,Karate,,,,,,,,,
C00077,,Hiroshi Shinya,Hiroshi Shinya,Hiroshi Shinya,Hiroshi,Shinya,Hiroshi,Shinya,Hiroshi Shinya,Hiroshi Shinya,,,,,unknown,,1,,Karate,,,,,,,,,
C00078,,Hiroshi Sugihara,Hiroshi Sugihara,Hiroshi Sugihara,Hiroshi,Sugihara,Hiroshi,Sugihara,Hiroshi Sugihara,Hiroshi Sugihara,,,,,unknown,,1,,Karate,,,,,,,,,
C00079,,Hirotaka Arashiro,Hirotaka Arashiro,Hirotaka Arashiro,Hirotaka,Arashiro,Hirotaka,Arashiro,Hirotaka Arashiro,Hirotaka Arashiro,,,,,unknown,,1,,Karate,,,,,,,,,
C00080,,Hiroyuki Shinkai,Hiroyuki Shinkai,Hiroyuki Shinkai,Hiroyuki,Shinkai,Hiroyuki,Shinkai,Hiroyuki Shinkai,Hiroyuki Shinkai,,,,,unknown,,1,,Karate,,,,,,,,,
C00081,,Hisao Aizawa,Hisao Aizawa,Hisao Aizawa,Hisao,Aizawa,Hisao,Aizawa,Hisao Aizawa,Hisao Aizawa,,,,,unknown,,1,,Karate,,,,,,,,,
C00089,,Isao Oshiro,Isao Oshiro,Isao Oshiro,Isao,Oshiro,Isao,Oshiro,Isao Oshiro,Isao Oshiro,,,,,unknown,,1,,Karate,,,,,,,,,
C00094,,Jiro Shiroma,Jiro Shiroma,Jiro Shiroma,Jiro,Shiroma,Jiro,Shiroma,Jiro Shiroma,Jiro Shiroma,,,,,unknown,,1,,Karate,,,,,,,,,
C00095,,Jiro Uehara,Jiro Uehara,Jiro Uehara,Jiro,Uehara,Jiro,Uehara,Jiro Uehara,Jiro Uehara,,,,,unknown,,1,,Karate,,,,,,,,,
C00098,,Joen Nakazato,Joen Nakazato,Joen Nakazato,Joen,Nakazato,Joen,Nakazato,Joen Nakazato,Joen Nakazato,,,,,unknown,,1,,Karate,,,,,,,,,
C00099,,Jokei Kushi,Jokei Kushi,Jokei Kushi,Jokei,Kushi,Jokei,Kushi,Jokei Kushi,Jokei Kushi,,,,,unknown,,1,,Karate,,,,,,,,,
C00100,,Joji Tokuhiga,Joji Tokuhiga,Joji Tokuhiga,Joji,Tokuhiga,Joji,Tokuhiga,Joji Tokuhiga,Joji Tokuhiga,,,,,unknown,,1,,Karate,,,,,,,,,
C00101,,Juei Tamaki,Juei Tamaki,Juei Tamaki,Juei,Tamaki,Juei,Tamaki,Juei Tamaki,Juei Tamaki,,,,,unknown,,1,,Karate,,,,,,,,,
C00102,,Junjiro Nishime,Junjiro Nishime,Junjiro Nishime,Junjiro,Nishime,Junjiro,Nishime,Junjiro Nishime,Junjiro Nishime,,,,,unknown,,1,,Karate,,,,,,,,,
C00103,,Jushin Kohama,Jushin Kohama,Jushin Kohama,Jushin,Kohama,Jushin,Kohama,Jushin Kohama,Jushin Kohama,,,,,unknown,,1,,Karate,,,,,,,,,
C00104,,Jushin Toma,Jushin Toma,Jushin Toma,Jushin,Toma,Jushin,Toma,Jushin Toma,Jushin Toma,,,,,unknown,,1,,Karate,,,,,,,,,
C00105,,Kaoru Kinjo,Kaoru Kinjo,Kaoru Kinjo,Kaoru,Kinjo,Kaoru,Kinjo,Kaoru Kinjo,Kaoru Kinjo,,,,,unknown,,1,,Karate,,,,,,,,,
C00106,,Kaoru Kojo,Kaoru Kojo,Kaoru Kojo,Kaoru,Kojo,Kaoru,Kojo,Kaoru Kojo,Kaoru Kojo,,,,,unknown,,1,,Karate,,,,,,,,,
C00107,,Kafu Kojo,Kafu Kojo,Kafu Kojo,Kafu,Kojo,Kafu,Kojo,Kafu Kojo,Kafu Kojo,,,,,unknown,,1,,Karate,,,,,,,,,
C00108,,Kaho Kojo,Kaho Kojo,Kaho Kojo,Kaho,Kojo,Kaho,Kojo,Kaho Kojo,Kaho Kojo,,,,,unknown,,1,,Karate,,,,,,,,,
C00111,,Kanaa Kanagusuku,Kanaa Kanagusuku,Kanaa Kanagusuku,Kanaa,Kanagusuku,Kanaa,Kanagusuku,Kanaa Kanagusuku,Kanaa Kanagusuku,,,,,unknown,,1,,Karate,,,,,,,,,
C00117,,Kanmei Uechi,Kanmei Uechi,Kanmei Uechi,Kanmei,Uechi,Kanmei,Uechi,Kanmei Uechi,Kanmei Uechi,,,,,unknown,,1,,Karate,,,,,,,,,
C00133,,Kayei Akamine,Kayei Akamine,Kayei Akamine,Kayei,Akamine,Kayei,Akamine,Kayei Akamine,Kayei Akamine,,,,,unknown,,1,,Karate,,,,,,,,,
C00147,,Kentoku Kaneshiro,Kentoku Kaneshiro,Kentoku Kaneshiro,Kentoku,Kaneshiro,Kentoku,Kaneshiro,Kentoku Kaneshiro,Kentoku Kaneshiro,,,,,unknown,,1,,Karate,,,,,,,,,
C00165,,Koei Iha,Koei Iha,Koei Iha,Koei,Iha,Koei,Iha,Koei Iha,Koei Iha,,,,,unknown,,1,,Karate,,,,,,,,,
C00178,,Konin Oyadomari,Konin Oyadomari,Konin Oyadomari,Konin,Oyadomari,Konin,Oyadomari,Konin Oyadomari,Konin Oyadomari,,,,,unknown,,1,,Karate,,,,,,,,,
C00179,,Koragwa Tsuken,Koragwa Tsuken,Koragwa Tsuken,Koragwa,Tsuken,Koragwa,Tsuken,Koragwa Tsuken,Koragwa Tsuken,,,,,unknown,,1,,Karate,,,,,,,,,
C00182,,Kosuke Chinen,Kosuke Chinen,Kosuke Chinen,Kosuke,Chinen,Kosuke,Chinen,Kosuke Chinen,Kosuke Chinen,,,,,unknown,,1,,Karate,,,,,,,,,
C00183,,Kosuke Henna,Kosuke Henna,Kosuke Henna,Kosuke,Henna,Kosuke,Henna,Kosuke Henna,Kosuke Henna,,,,,unknown,,1,,Karate,,,,,,,,,
C00187,,Kotsu Oyadomari,Kotsu Oyadomari,Kotsu Oyadomari,Kotsu,Oyadomari,Kotsu,Oyadomari,Kotsu Oyadomari,Kotsu Oyadomari,,,,,unknown,,1,,Karate,,,,,,,,,
C00188,,Kunio Furugen,Kunio Furugen,Kunio Furugen,Kunio,Furugen,Kunio,Furugen,Kunio Furugen,Kunio Furugen,,,,,unknown,,1,,Karate,,,,,,,,,
C00189,,Kunio Higa,Kunio Higa,Kunio Higa,Kunio,Higa,Kunio,Higa,Kunio Higa,Kunio Higa,,,,,unknown,,1,,Karate,,,,,,,,,
C00190,,Kunio Sunagawa,Kunio Sunagawa,Kunio Sunagawa,Kunio,Sunagawa,Kunio,Sunagawa,Kunio Sunagawa,Kunio Sunagawa,,,,,unknown,,1,,Karate,,,,,,,,,
C00191,,Kunihiro Kato,Kunihiro Kato,Kunihiro Kato,Kunihiro,Kato,Kunihiro,Kato,Kunihiro Kato,Kunihiro Kato,,,,,unknown,,1,,Karate,,,,,,,,,
C00192,,Kyuyu Kinjo,Kyuyu Kinjo,Kyuyu Kinjo,Kyuyu,Kinjo,Kyuyu,Kinjo,Kyuyu Kinjo,Kyuyu Kinjo,,,,,unknown,,1,,Karate,,,,,,,,,
C00193,,Lee Bates,Lee Bates,Lee Bates,Lee,Bates,Lee,Bates,Lee Bates,Lee Bates,,,,,unknown,,1,,Karate,,,,,,,,,
C00194,,Lu Ta-ting,Lu Ta-ting,Lu Ta-ting,Lu,Ta-ting,Lu,Ta-ting,Lu Ta-ting,Lu Ta-ting,,,,,unknown,,1,,Karate,,,,,,,,,
C00195,,Maeda PECHIN,Maeda PECHIN,Maeda PECHIN,Maeda,PECHIN,Maeda,PECHIN,Maeda PECHIN,Maeda PECHIN,,,,,unknown,,1,,Karate,,,,,,,,,
C00196,,Makabe UDUN,Makabe UDUN,Makabe UDUN,Makabe,UDUN,Makabe,UDUN,Makabe UDUN,Makabe UDUN,,,,,unknown,,1,,Karate,,,,,,,,,
C00200,,Mario Topolsek,Mario Topolsek,Mario Topolsek,Mario,Topolsek,Mario,Topolsek,Mario Topolsek,Mario Topolsek,,,,,unknown,,1,,Karate,,,,,,,,,
C00201,,Masahiro Nakamoto,Masahiro Nakamoto,Masahiro Nakamoto,Masahiro,Nakamoto,Masahiro,Nakamoto,Masahiro Nakamoto,Masahiro Nakamoto,,,,,unknown,,1,,Karate,,,,,,,,,
C00228,,Minoru Kinjo,Minoru Kinjo,Minoru Kinjo,Minoru,Kinjo,Minoru,Kinjo,Minoru Kinjo,Minoru Kinjo,,,,,unknown,,1,,Karate,,,,,,,,,
C00238,,Noboru Amakawa,Noboru Amakawa,Noboru Amakawa,Noboru,Amakawa,Noboru,Amakawa,Noboru Amakawa,Noboru Amakawa,,,,,unknown,,1,,Karate,,,,,,,,,
C00239,,Noboru Miyagi,Noboru Miyagi,Noboru Miyagi,Noboru,Miyagi,Noboru,Miyagi,Noboru Miyagi,Noboru Miyagi,,,,,unknown,,1,,Karate,,,,,,,,,
C00240,,Noboru Teruya,Noboru Teruya,Noboru Teruya,Noboru,Teruya,Noboru,Teruya,Noboru Teruya,Noboru Teruya,,,,,unknown,,1,,Karate,,,,,,,,,
C00241,,Noboru Uchima,Noboru Uchima,Noboru Uchima,Noboru,Uchima,Noboru,Uchima,Noboru Uchima,Noboru Uchima,,,,,unknown,,1,,Karate,,,,,,,,,
C00242,,Noboyuki Iguchi,Noboyuki Iguchi,Noboyuki Iguchi,Noboyuki,Iguchi,Noboyuki,Iguchi,Noboyuki Iguchi,Noboyuki Iguchi,,,,,unknown,,1,,Karate,,,,,,,,,
C00243,,Nobuo Miyazato,Nobuo Miyazato,Nobuo Miyazato,Nobuo,Miyazato,Nobuo,Miyazato,Nobuo Miyazato,Nobuo Miyazato,,,,,unknown,,1,,Karate,,,,,,,,,
C00244,,Norisato Nakaima,Norisato Nakaima,Norisato Nakaima,Norisato,Nakaima,Norisato,Nakaima,Norisato Nakaima,Norisato Nakaima,,,,,unknown,,1,,Karate,,,,,,,,,
C00249,,Robert Donnely,Robert Donnely,Robert Donnely,Robert,Donnely,Robert,Donnely,Robert Donnely,Robert Donnely,,,,,unknown,,1,,Karate,,,,,,,,,
C00259,,Saburo Miyagi,Saburo Miyagi,Saburo Miyagi,Saburo,Miyagi,Saburo,Miyagi,Saburo Miyagi,Saburo Miyagi,,,,,unknown,,1,,Karate,,,,,,,,,
C00260,,Saburo Tokashiki,Saburo Tokashiki,Saburo Tokashiki,Saburo,Tokashiki,Saburo,Tokashiki,Saburo Tokashiki,Saburo Tokashiki,,,,,unknown,,1,,Karate,,,,,,,,,
C00263,,Saikyo Kojo,Saikyo Kojo,Saikyo Kojo,Saikyo,Kojo,Saikyo,Kojo,Saikyo Kojo,Saikyo Kojo,,,,,unknown,,1,,Karate,,,,,,,,,
C00271,,Seigi Shiroma,Seigi Shiroma,Seigi Shiroma,Seigi,Shiroma,Seigi,Shiroma,Seigi Shiroma,Seigi Shiroma,,,,,unknown,,1,,Karate,,,,,,,,,
C00272,,Seigoro Koizumi,Seigoro Koizumi,Seigoro Koizumi,Seigoro,Koizumi,Seigoro,Koizumi,Seigoro Koizumi,Seigoro Koizumi,,,,,unknown,,1,,Karate,,,,,,,,,
C00273,,Seiichi Shiroma,Seiichi Shiroma,Seiichi Shiroma,Seiichi,Shiroma,Seiichi,Shiroma,Seiichi Shiroma,Seiichi Shiroma,,,,,unknown,,1,,Karate,,,,,,,,,
C00274,,Seiichi Taba,Seiichi Taba,Seiichi Taba,Seiichi,Taba,Seiichi,Taba,Seiichi Taba,Seiichi Taba,,,,,unknown,,1,,Karate,,,,,,,,,
C00275,,Seiichiro Higa,Seiichiro Higa,Seiichiro Higa,Seiichiro,Higa,Seiichiro,Higa,Seiichiro Higa,Seiichiro Higa,,,,,unknown,,1,,Karate,,,,,,,,,
C00276,,Seiji Inamine,Seiji Inamine,Seiji Inamine,Seiji,Inamine,Seiji,Inamine,Seiji Inamine,Seiji Inamine,,,,,unknown,,1,,Karate,,,,,,,,,
C00277,,Seijiro Maehara,Seijiro Maehara,Seijiro Maehara,Seijiro,Maehara,Seijiro,Maehara,Seijiro Maehara,Seijiro Maehara,,,,,unknown,,1,,Karate,,,,,,,,,
C00278,,Seiken Tamanaha,Seiken Tamanaha,Seiken Tamanaha,Seiken,Tamanaha,Seiken,Tamanaha,Seiken Tamanaha,Seiken Tamanaha,,,,,unknown,,1,,Karate,,,,,,,,,
C00279,,Seiki Arakaki,Seiki Arakaki,Seiki Arakaki,Seiki,Arakaki,Seiki,Arakaki,Seiki Arakaki,Seiki Arakaki,,,,,unknown,,1,,Karate,,,,,,,,,
C00280,,Seiki Ire,Seiki Ire,Seiki Ire,Seiki,Ire,Seiki,Ire,Seiki Ire,Seiki Ire,,,,,unknown,,1,,Karate,,,,,,,,,
C00290,,Seiyei Miyagi,Seiyei Miyagi,Seiyei Miyagi,Seiyei,Miyagi,Seiyei,Miyagi,Seiyei Miyagi,Seiyei Miyagi,,,,,unknown,,1,,Karate,,,,,,,,,
C00291,,Seiyei Miyahira,Seiyei Miyahira,Seiyei Miyahira,Seiyei,Miyahira,Seiyei,Miyahira,Seiyei Miyahira,Seiyei Miyahira,,,,,unknown,,1,,Karate,,,,,,,,,
C00292,,Seiyu Arashiro,Seiyu Arashiro,Seiyu Arashiro,Seiyu,Arashiro,Seiyu,Arashiro,Seiyu Arashiro,Seiyu Arashiro,,,,,unknown,,1,,Karate,,,,,,,,,
C00293,,Seiyu Nakasone,Seiyu Nakasone,Seiyu Nakasone,Seiyu,Nakasone,Seiyu,Nakasone,Seiyu Nakasone,Seiyu Nakasone,,,,,unknown,,1,,Karate,,,,,,,,,
C00294,,Seiyu Nakamura,Seiyu Nakamura,Seiyu Nakamura,Seiyu,Nakamura,Seiyu,Nakamura,Seiyu Nakamura,Seiyu Nakamura,,,,,unknown,,1,,Karate,,,,,,,,,
C00295,,Seken Akamine,Seken Akamine,Seken Akamine,Seken,Akamine,Seken,Akamine,Seken Akamine,Seken Akamine,,,,,unknown,,1,,Karate,,,,,,,,,
Q105016253,Q105016253,Shingo Hayashi,Shingo Hayashi,Shingo Hayashi,Shingo,Hayashi,Shingo,Hayashi,Shingo Hayashi,Shingo Hayashi,1985.0,,2010.0,2010.0,unknown,Te,0,https://en.wikipedia.org/wiki/Shingo_Hayashi,Te,,,,,,,,,
C00330,,Soko Toguchi,Soko Toguchi,Soko Toguchi,Soko,Toguchi,Soko,Toguchi,Soko Toguchi,Soko Toguchi,,,,,unknown,,1,,Karate,,,,,,,,,
C00331,,Sonko Tamaki,Sonko Tamaki,Sonko Tamaki,Sonko,Tamaki,Sonko,Tamaki,Sonko Tamaki,Sonko Tamaki,,,,,unknown,,1,,Karate,,,,,,,,,
C00332,,Soryu Furugen,Soryu Furugen,Soryu Furugen,Soryu,Furugen,Soryu,Furugen,Soryu Furugen,Soryu Furugen,,,,,unknown,,1,,Karate,,,,,,,,,
C00333,,Susumu Tamamura,Susumu Tamamura,Susumu Tamamura,Susumu,Tamamura,Susumu,Tamamura,Susumu Tamamura,Susumu Tamamura,,,,,unknown,,1,,Karate,,,,,,,,,
C00334,,Tadahiko Otsuka,Tadahiko Otsuka,Tadahiko Otsuka,Tadahiko,Otsuka,Tadahiko,Otsuka,Tadahiko Otsuka,Tadahiko Otsuka,,,,,unknown,,1,,Karate,,,,,,,,,
C00335,,Tadashi Nakagawa,Tadashi Nakagawa,Tadashi Nakagawa,Tadashi,Nakagawa,Tadashi,Nakagawa,Tadashi Nakagawa,Tadashi Nakagawa,,,,,unknown,,1,,Karate,,,,,,,,,
C00348,,Takenobu Uehara,Takenobu Uehara,Takenobu Uehara,Takenobu,Uehara,Takenobu,Uehara,Takenobu Uehara,Takenobu Uehara,,,,,unknown,,1,,Karate,,,,,,,,,
C00349,,Tankichi Nagamine,Tankichi Nagamine,Tankichi Nagamine,Tankichi,Nagamine,Tankichi,Nagamine,Tankichi Nagamine,Tankichi Nagamine,,,,,unknown,,1,,Karate,,,,,,,,,
C00350,,Taro Shimabuku,Taro Shimabuku,Taro Shimabuku,Taro,Shimabuku,Taro,Shimabuku,Taro Shimabuku,Taro Shimabuku,,,,,unknown,,1,,Karate,,,,,,,,,
C00351,,Taruu Kanagusuku,Taruu Kanagusuku,Taruu Kanagusuku,Taruu,Kanagusuku,Taruu,Kanagusuku,Taruu Kanagusuku,Taruu Kanagusuku,,,,,unknown,,1,,Karate,,,,,,,,,
C00352,,Tatsumi Kojo,Tatsumi Kojo,Tatsumi Kojo,Tatsumi,Kojo,Tatsumi,Kojo,Tatsumi Kojo,Tatsumi Kojo,,,,,unknown,,1,,Karate,,,,,,,,,
C00353,,Tatsunori Matsuda,Tatsunori Matsuda,Tatsunori Matsuda,Tatsunori,Matsuda,Tatsunori,Matsuda,Tatsunori Matsuda,Tatsunori Matsuda,,,,,unknown,,1,,Karate,,,,,,,,,
C00354,,Tawata PECHIN,Tawata PECHIN,Tawata PECHIN,Tawata,PECHIN,Tawata,PECHIN,Tawata PECHIN,Tawata PECHIN,,,,,unknown,,1,,Karate,,,,,,,,,
C00355,,Teiichi Nakamura,Teiichi Nakamura,Teiichi Nakamura,Teiichi,Nakamura,Teiichi,Nakamura,Teiichi Nakamura,Teiichi Nakamura,,,,,unknown,,1,,Karate,,,,,,,,,
C00356,,Teikichi China,Teikichi China,Teikichi China,Teikichi,China,Teikichi,China,Teikichi China,Teikichi China,,,,,unknown,,1,,Karate,,,,,,,,,
C00357,,Ten Senshi,Ten Senshi,Ten Senshi,Ten,Senshi,Ten,Senshi,Ten Senshi,Ten Senshi,,,,,unknown,,1,,Karate,,,,,,,,,
C00361,,Tetsunosuke Yasuda,Tetsunosuke Yasuda,Tetsunosuke Yasuda,Tetsunosuke,Yasuda,Tetsunosuke,Yasuda,Tetsunosuke Yasuda,Tetsunosuke Yasuda,,,,,unknown,,1,,Karate,,,,,,,,,
C00372,,Toshizo Egawa,Toshizo Egawa,Toshizo Egawa,Toshizo,Egawa,Toshizo,Egawa,Toshizo Egawa,Toshizo Egawa,,,,,unknown,,1,,Karate,,,,,,,,,
C00399,,Yoshio Okawa,Yoshio Okawa,Yoshio Okawa,Yoshio,Okawa,Yoshio,Okawa,Yoshio Okawa,Yoshio Okawa,,,,,unknown,,1,,Karate,,,,,,,,,
C00400,,Yoshio Uehara,Yoshio Uehara,Yoshio Uehara,Yoshio,Uehara,Yoshio,Uehara,Yoshio Uehara,Yoshio Uehara,,,,,unknown,,1,,Karate,,,,,,,,,
Q106668612,Q106668612,Aaron Banks,Aaron Banks,Aaron Banks,Aaron,Banks,Aaron,Banks,Aaron Banks,Aaron Banks,1928,2013,1953,1953,unknown,Te,0,https://en.wikipedia.org/wiki/Aaron_Banks,Te,,,,,,,,,
C00001,,Akahige Kojo,Akahige Kojo,Akahige Kojo,Akahige,Kojo,Akahige,Kojo,Akahige Kojo,Akahige Kojo,,,,,unknown,,1,,Karate,,,,,,,,,
Q21491858,Q21491858,Akamine,Akamine,Akamine,Akamine,,Akamine,,Akamine,Akamine,1962,,1987,1987,Naha,Te,0,https://en.wikipedia.org/wiki/Akamine,Te,,,,,,,,,
C00002,,Akio Kinjo,Akio Kinjo,Akio Kinjo,Akio,Kinjo,Akio,Kinjo,Akio Kinjo,Akio Kinjo,,,,,unknown,,1,,Karate,,,,,,,,,
Q4731883,Q4731883,Allen Steen,Allen Steen,Allen Steen,Allen,Steen,Allen,Steen,Allen Steen,Allen Steen,1940,2025,1965,1965,unknown,Taekwondo|Karate|Tae Kwon Do|Taekwon-do|Te,0,https://en.wikipedia.org/wiki/Allen_Steen,Taekwondo,Karate,Tae Kwon Do,Taekwon-do,Te,,,,,
Q251784,Q251784,Anan,Anan,Anan,Anan,,Anan,,Anan,Anan,,,,,unknown,Te,0,https://en.wikipedia.org/wiki/Anan,Te,,,,,,,,,
C00003,,Anbun Tokuda,Anbun Tokuda,Anbun Tokuda,Anbun,Tokuda,Anbun,Tokuda,Anbun Tokuda,Anbun Tokuda,,,,,unknown,,1,,Karate,,,,,,,,,
Q123398,Q123398,Andy Hug,Andy Hug,Andy Hug,Andy,Hug,Andy,Hug,Andy Hug,Andy Hug,1964,2000,1989,1989,unknown,Seidokaikan|Karate|Kyokushinkaikan|Kyokushin|Kyokushin Karate|Kyokushin-kai|Kyokushinkai|Taekwon-do|Taekwondo|Te|Tode,0,https://en.wikipedia.org/wiki/Andy_Hug,Seidokaikan,Karate,Kyokushinkaikan,Kyokushin,Kyokushin Karate,Kyokushin-kai,Kyokushinkai,Taekwon-do,Taekwondo,Te
Q4763171,Q4763171,Angi Uezu,Angi Uezu,Angi Uezu,Angi,Uezu,Angi,Uezu,Angi Uezu,Angi Uezu,1935,1935,1960,1960,unknown,Te,0,https://ja.wikipedia.org/wiki/%E4%B8%8A%E6%B1%9F%E6%B4%B2%E5%AE%89%E5%84%80,Te,,,,,,,,,
C00004,,Angi Uezu,Angi Uezu,Angi Uezu,Angi,Uezu,Angi,Uezu,Angi Uezu,Angi Uezu,,,,,unknown,,1,,Karate,,,,,,,,,
Q557301,Q557301,Ankichi Arakaki,Ankichi Arakaki,Ankichi Arakaki,Ankichi,Arakaki,Ankichi,Arakaki,Ankichi Arakaki,Ankichi Arakaki,1899,1927,1924,1924,Shuri,Shorin-Ryu|Isshin-Ryu|Matsubayashi-Ryu|isshinryu|Karate|KobayashiShorin-ryu|Okinawan Karate|Te,0,https://en.wikipedia.org/wiki/Ankichi_Arakaki,Shorin-Ryu,Isshin-Ryu,Matsubayashi-Ryu,isshinryu,Karate,KobayashiShorin-ryu,Okinawan Karate,Te,,
C00005,,Ankichi Miyazato,Ankichi Miyazato,Ankichi Miyazato,Ankichi,Miyazato,Ankichi,Miyazato,Ankichi Miyazato,Ankichi Miyazato,,,,,unknown,,1,,Karate,,,,,,,,,
C00006,,Ankichi Nakamura,Ankichi Nakamura,Ankichi Nakamura,Ankichi,Nakamura,Ankichi,Nakamura,Ankichi Nakamura,Ankichi Nakamura,,,,,unknown,,1,,Karate,,,,,,,,,
Q721201,Q721201,Anko Azato,Ankō Azato,Anko Azato,Ankō,Azato,Anko,Azato,Ankō Azato,Anko Azato,1827,1906,1852,1852,Shuri,Shotokan|Okinawan martial artsShuri-te|Shorin-Ryu|Shuri-te|Jigen-ryu|Karate|Shotokai|Shotoryu|shotoryu|Te,0,https://en.wikipedia.org/wiki/Ank%C5%8D_Asato,Shotokan,Okinawan martial artsShuri-te,Shorin-Ryu,Shuri-te,Jigen-ryu,Karate,Shotokai,Shotoryu,shotoryu,Te
Q527422,Q527422,Anko Itosu,Ankō Itosu,Anko Itosu,Ankō,Itosu,Anko,Itosu,Ankō Itosu,Anko Itosu,1831,1915,1856,1856,Shuri,Shuri-te|Shorin-Ryu|Karate|Okinawa-te|Okinawan Karate|Tang Soo Do|Te|Tode,0,https://en.wikipedia.org/wiki/Ank%C5%8D_Itosu,Shuri-te,Shorin-Ryu,Karate,Okinawa-te,Okinawan Karate,Tang Soo Do,Te,Tode,,
Q4807592,Q4807592,Ason,Ason,Ason,Ason,,Ason,,Ason,Ason,,,,,unknown,Te|Tenshin Shoden Katori Shinto-ryu,0,https://en.wikipedia.org/wiki/Ason,Te,Tenshin Shoden Katori Shinto-ryu,,,,,,,,
Q862634,Q862634,Bill Wallace,Bill Wallace,Bill Wallace,Bill,Wallace,Bill,Wallace,Bill Wallace,Bill Wallace,1924,2012,1949,1949,unknown,Karate|Te,0,https://en.wikipedia.org/wiki/Bill_Wallace,Karate,Te,,,,,,,,
Q4935308,Q4935308,Bobby Lowe,Bobby Lowe,Bobby Lowe,Bobby,Lowe,Bobby,Lowe,Bobby Lowe,Bobby Lowe,1865,1951,1890,1890,unknown,Karate|Te,0,https://en.wikipedia.org/wiki/Bobby_Lowe,Karate,Te,,,,,,,,
C00007,,Bob Hurten,Bob Hurten,Bob Hurten,Bob,Hurten,Bob,Hurten,Bob Hurten,Bob Hurten,,,,,unknown,,1,,Karate,,,,,,,,,
Q28466388,Q28466388,Brian Fitkin,Brian Fitkin,Brian Fitkin,Brian,Fitkin,Brian,Fitkin,Brian Fitkin,Brian Fitkin,1946,,1971,1971,unknown,Kyokushin,0,,Kyokushin,,,,,,,,,
C00008,,Brian Fitkin,Brian Fitkin,Brian Fitkin,Brian,Fitkin,Brian,Fitkin,Brian Fitkin,Brian Fitkin,,,,,unknown,,1,,Karate,,,,,,,,,
C00009,,Bunei Okuhira,Bunei Okuhira,Bunei Okuhira,Bunei,Okuhira,Bunei,Okuhira,Bunei Okuhira,Bunei Okuhira,,,,,unknown,,1,,Karate,,,,,,,,,
C00010,,Bunsaku Yosekawa,Bunsaku Yosekawa,Bunsaku Yosekawa,Bunsaku,Yosekawa,Bunsaku,Yosekawa,Bunsaku Yosekawa,Bunsaku Yosekawa,,,,,unknown,,1,,Karate,,,,,,,,,
C00011,,Bunyei Okuhara,Bunyei Okuhara,Bunyei Okuhara,Bunyei,Okuhara,Bunyei,Okuhara,Bunyei Okuhara,Bunyei Okuhara,,,,,unknown,,1,,Karate,,,,,,,,,
C00012,,Bus Martin,Bus Martin,Bus Martin,Bus,Martin,Bus,Martin,Bus Martin,Bus Martin,,,,,unknown,,1,,Karate,,,,,,,,,
Q226474,Q226474,Campbell,Campbell,Campbell,Campbell,,Campbell,,Campbell,Campbell,1870,1938,1895,1895,unknown,Te,0,https://en.wikipedia.org/wiki/Campbell,Te,,,,,,,,,
Q542989,Q542989,Chatan Yara,Chatan Yara,Chatan Yara,Chatan,Yara,Chatan,Yara,Chatan Yara,Chatan Yara,1668,1756,1693,1693,Shuri,Shito-Ryu|Ryukyu Kobudo|Karate|Okinawan Karate|Ryukyu Kobudo Hozon Shinkokai|Te,0,https://en.wikipedia.org/wiki/Chatan_Yara,Shito-Ryu,Ryukyu Kobudo,Karate,Okinawan Karate,Ryukyu Kobudo Hozon Shinkokai,Te,,,,
Q10899651,Q10899651,Henry Liu,Henry Liu,Henry Liu,Henry,Liu,Henry,Liu,Henry Liu,Henry Liu,1932,1984,1957,1957,unknown,Te,0,https://en.wikipedia.org/wiki/Henry_Liu,Te,,,,,,,,,
C00013,,Chihan Yohena,Chihan Yohena,Chihan Yohena,Chihan,Yohena,Chihan,Yohena,Chihan Yohena,Chihan Yohena,,,,,unknown,,1,,Karate,,,,,,,,,
C00014,,Chikin Kuraka,Chikin Kuraka,Chikin Kuraka,Chikin,Kuraka,Chikin,Kuraka,Chikin Kuraka,Chikin Kuraka,,,,,unknown,,1,,Karate,,,,,,,,,
C00015,,Chiko Yohena,Chiko Yohena,Chiko Yohena,Chiko,Yohena,Chiko,Yohena,Chiko Yohena,Chiko Yohena,,,,,unknown,,1,,Karate,,,,,,,,,
C00016,,Chinsaku Kinjo,Chinsaku Kinjo,Chinsaku Kinjo,Chinsaku,Kinjo,Chinsaku,Kinjo,Chinsaku Kinjo,Chinsaku Kinjo,,,,,unknown,,1,,Karate,,,,,,,,,
C00017,,Chobi Kishaba,Chobi Kishaba,Chobi Kishaba,Chobi,Kishaba,Chobi,Kishaba,Chobi Kishaba,Chobi Kishaba,,,,,unknown,,1,,Karate,,,,,,,,,
C00018,,Choboku Takamine,Choboku Takamine,Choboku Takamine,Choboku,Takamine,Choboku,Takamine,Choboku Takamine,Choboku Takamine,,,,,unknown,,1,,Karate,,,,,,,,,
Q99517310,Q99517310,Chofu Kyan,Chōfu Kyan,Chofu Kyan,Chōfu,Kyan,Chofu,Kyan,Chōfu Kyan,Chofu Kyan,1839,1910,1864,1864,Naha,Te,0,https://ja.wikipedia.org/wiki/%E5%96%9C%E5%B1%8B%E6%AD%A6%E6%9C%9D%E6%89%B6,Te,,,,,,,,,
C00019,,Chofu Kyan,Chofu Kyan,Chofu Kyan,Chofu,Kyan,Chofu,Kyan,Chofu Kyan,Chofu Kyan,,,,,unknown,,1,,Karate,,,,,,,,,
Q5103850,Q5103850,Chogi Kishaba,Chogi Kishaba,Chogi Kishaba,Chogi,Kishaba,Chogi,Kishaba,Chogi Kishaba,Chogi Kishaba,1934,2017,1959,1959,unknown,Ryukyu Bujutsu Kenkyu Doyukai|Goju-Ryu|Yamanni-Ryu|Okinawan Kobudo|Karate|Okinawan Karate|Te,0,https://en.wikipedia.org/wiki/Chogi_Kishaba,Ryukyu Bujutsu Kenkyu Doyukai,Goju-Ryu,Yamanni-Ryu,Okinawan Kobudo,Karate,Okinawan Karate,Te,,,
C00024,,Chojin Kuba,Chojin Kuba,Chojin Kuba,Chojin,Kuba,Chojin,Kuba,Chojin Kuba,Chojin Kuba,,,,,unknown,,1,,Karate,,,,,,,,,
C00025,,Chojo Oshiro,Chojo Oshiro,Chojo Oshiro,Chojo,Oshiro,Chojo,Oshiro,Chojo Oshiro,Chojo Oshiro,,,,,unknown,,1,,Karate,,,,,,,,,
Q221121,Q221121,Chojun Miyagi,Chōjun Miyagi,Chojun Miyagi,Chōjun,Miyagi,Chojun,Miyagi,Chōjun Miyagi,Chojun Miyagi,1888,1953,1913,1913,Shuri,Goju-Ryu|Fujian White Crane|Karate|Naha-te|Kyokushin|Shuri-te|Chinese Martial Arts|Dai Nippon Butokukai|Fujian White|Goju-Kai|gojukai|Gojuryu|International Okinawan Goju-Ryu Karate-do Federation|Jundokan|Karate Kobudo|Kenpo|Kung Fu|Meibukan|Okinawan Karate|Ryu Ryu Ko|Te|United States Civil Administration of the Ryukyu Islands|White Crane,0,https://en.wikipedia.org/wiki/Ch%C5%8Djun_Miyagi,Goju-Ryu,Fujian White Crane,Karate,Naha-te,Kyokushin,Shuri-te,Chinese Martial Arts,Dai Nippon Butokukai,Fujian White,Goju-Kai
C00026,,Choken Makabe,Choken Makabe,Choken Makabe,Choken,Makabe,Choken,Makabe,Choken Makabe,Choken Makabe,,,,,unknown,,1,,Karate,,,,,,,,,
Q1147708,Q1147708,Motobu Choki,Motobu Chōki,Motobu Choki,Motobu,Chōki,Motobu,Choki,Motobu Chōki,Motobu Choki,1870,1944,1895,1895,Shuri,Motobu-Ryu|Shuri-te|Tomari-te|Isshin-Ryu|Shorin-Ryu|Wado-Ryu|Matsubayashi-Ryu|Anji Ryukyu|Karate|Kenpo|Motobu Udundi|motoburyu|Okinawan Karate|Shindo jinen-ryu|Shorin-ryu Shidokan|Te,0,https://en.wikipedia.org/wiki/Motobu_Ch%C5%8Dki,Motobu-Ryu,Shuri-te,Tomari-te,Isshin-Ryu,Shorin-Ryu,Wado-Ryu,Matsubayashi-Ryu,Anji Ryukyu,Karate,Kenpo
C00027,,Chokki Motobu,Chokki Motobu,Chokki Motobu,Chokki,Motobu,Chokki,Motobu,Chokki Motobu,Chokki Motobu,,,,,unknown,,1,,Karate,,,,,,,,,
C00028,,Choko Motobu,Choko Motobu,Choko Motobu,Choko,Motobu,Choko,Motobu,Choko Motobu,Choko Motobu,,,,,unknown,,1,,Karate,,,,,,,,,
C00029,,Chokyu Motobu,Chokyu Motobu,Chokyu Motobu,Chokyu,Motobu,Chokyu,Motobu,Chokyu Motobu,Chokyu Motobu,,,,,unknown,,1,,Karate,,,,,,,,,
C00030,,Chomei Motobu,Chomei Motobu,Chomei Motobu,Chomei,Motobu,Chomei,Motobu,Chomei Motobu,Chomei Motobu,,,,,unknown,,1,,Karate,,,,,,,,,
Q705617,Q705617,Chomo Hanashiro,Chōmo Hanashiro,Chomo Hanashiro,Chōmo,Hanashiro,Chomo,Hanashiro,Chōmo Hanashiro,Chomo Hanashiro,1869,1945,1894,1894,Shuri,Shotokan|Karate|Shorin-Ryu|Shito-Ryu|Chito-Ryu|Shuri-te|chitoryu|Okinawan Karate|Te,0,https://en.wikipedia.org/wiki/Ch%C5%8Dmo_Hanashiro,Shotokan,Karate,Shorin-Ryu,Shito-Ryu,Chito-Ryu,Shuri-te,chitoryu,Okinawan Karate,Te,
C00037,,Chomo Motobu,Chomo Motobu,Chomo Motobu,Chomo,Motobu,Chomo,Motobu,Chomo Motobu,Chomo Motobu,,,,,unknown,,1,,Karate,,,,,,,,,
C00038,,Choshin Ahagon,Choshin Ahagon,Choshin Ahagon,Choshin,Ahagon,Choshin,Ahagon,Choshin Ahagon,Choshin Ahagon,,,,,unknown,,1,,Karate,,,,,,,,,
Q1071733,Q1071733,Choshin Chibana,Chōshin Chibana,Choshin Chibana,Chōshin,Chibana,Choshin,Chibana,Chōshin Chibana,Choshin Chibana,1885,1969,1910,1910,Shuri,Shorin-Ryu|Matsubayashi-Ryu|Karate|Kobayashi Shorin-Ryu|Okinawan Karate|Shobayashi Shorin-ryu|Shorin Ryu Shubukan|Shorin-ryu Kyudokan|Shorin-Ryu Reihokan|Shorin-ryu Seibukan|Shorin-ryu Shidokan|Shorin-ryu Shorinkan|Shorinkan|shorinkan|Te,0,https://en.wikipedia.org/wiki/Ch%C5%8Dshin_Chibana,Shorin-Ryu,Matsubayashi-Ryu,Karate,Kobayashi Shorin-Ryu,Okinawan Karate,Shobayashi Shorin-ryu,Shorin Ryu Shubukan,Shorin-ryu Kyudokan,Shorin-Ryu Reihokan,Shorin-ryu Seibukan
C00042,,Chosho Motobu,Chosho Motobu,Chosho Motobu,Chosho,Motobu,Chosho,Motobu,Chosho Motobu,Chosho Motobu,,,,,unknown,,1,,Karate,,,,,,,,,
Q2393877,Q2393877,Chotoku Kyan,Chōtoku Kyan,Chotoku Kyan,Chōtoku,Kyan,Chotoku,Kyan,Chōtoku Kyan,Chotoku Kyan,1870,1945,1895,1895,Shuri,Shorin-Ryu|Tomari-te|Chito-Ryu|Shuri-te|Disposition of Ryukyu|Japanese Karate|Karate|Okinawan Karate|Shorinji-Ryu|Te,0,https://en.wikipedia.org/wiki/Ch%C5%8Dtoku_Kyan,Shorin-Ryu,Tomari-te,Chito-Ryu,Shuri-te,Disposition of Ryukyu,Japanese Karate,Karate,Okinawan Karate,Shorinji-Ryu,Te
C00043,,Choyo Kiyuna,Choyo Kiyuna,Choyo Kiyuna,Choyo,Kiyuna,Choyo,Kiyuna,Choyo Kiyuna,Choyo Kiyuna,,,,,unknown,,1,,Karate,,,,,,,,,
C00044,,Choyu Kiyuna,Choyu Kiyuna,Choyu Kiyuna,Choyu,Kiyuna,Choyu,Kiyuna,Choyu Kiyuna,Choyu Kiyuna,,,,,unknown,,1,,Karate,,,,,,,,,
Q706389,Q706389,Motobu Choyu,Motobu Chōyū,Motobu Choyu,Motobu,Chōyū,Motobu,Choyu,Motobu Chōyū,Motobu Choyu,1857,1928,1882,1882,Shuri,Shuri-te|Motobu-Ryu|Chito-Ryu|Anji Ryukyu|Karate|Kenpo|Motobu Udundi|Te|Udun Ryukyu,0,https://en.wikipedia.org/wiki/Motobu_Ch%C5%8Dy%C5%AB,Shuri-te,Motobu-Ryu,Chito-Ryu,Anji Ryukyu,Karate,Kenpo,Motobu Udundi,Te,Udun Ryukyu,
C00046,,Chubu Shorin,Chubu Shorin,Chubu Shorin,Chubu,Shorin,Chubu,Shorin,Chubu Shorin,Chubu Shorin,,,,,unknown,,1,,Karate,,,,,,,,,
Q2673,Q2673,Chuck Norris,Chuck Norris,Chuck Norris,Chuck,Norris,Chuck,Norris,Chuck Norris,Chuck Norris,1940,,1965,1965,unknown,Tang Soo Do|Karate|Kyokushin Budokai|Taekwondo|Goju-Ryu|Kyokushin|Shito-Ryu|Shotokan|Chuck Norris Syste|Chun Kuk Do was renamed to the Chuck Norris Syste|Gosoku RyuBackground|International Kyokushin Budokai|Kenpo|Korean Tang Soo Do|Kung Fu|Kyokushin-kai|Kyokushinkai|Norris appears to have studied various forms of Karate|Taekwon-do|Te|The Star-Telegram|What type of Karate,0,https://en.wikipedia.org/wiki/Chuck_Norris,Tang Soo Do,Karate,Kyokushin Budokai,Taekwondo,Goju-Ryu,Kyokushin,Shito-Ryu,Shotokan,Chuck Norris Syste,Chun Kuk Do was renamed to the Chuck Norris Syste
Q18783605,Q18783605,David Scot,David Scot,David Scot,David,Scot,David,Scot,David Scot,David Scot,1770,1834,1795,1795,unknown,Te,0,https://en.wikipedia.org/wiki/David_Scot,Te,,,,,,,,,
Q3035513,Q3035513,Dominique Valera,Dominique Valera,Dominique Valera,Dominique,Valera,Dominique,Valera,Dominique Valera,Dominique Valera,1947,,1972,1972,unknown,Karate|Shotokan|Te,0,https://en.wikipedia.org/wiki/Dominique_Valera,Karate,Shotokan,Te,,,,,,,
Q5294533,Q5294533,Donald Hugh Nagle,Donald Hugh Nagle,Donald Hugh Nagle,Donald,Hugh Nagle,Donald,Hugh Nagle,Donald Hugh Nagle,Donald Hugh Nagle,1938,1999,1963,1963,unknown,Isshin-Ryu|Isshinryu|isshinryu|Karate|Te,0,https://en.wikipedia.org/wiki/Donald_Hugh_Nagle,Isshin-Ryu,Isshinryu,isshinryu,Karate,Te,,,,,
C00047,,Dr Minoru Yamada,Dr Minoru Yamada,Dr Minoru Yamada,Dr,Minoru Yamada,Dr,Minoru Yamada,Dr Minoru Yamada,Dr Minoru Yamada,,,,,unknown,,1,,Karate,,,,,,,,,
C00048,,Dr Shiji Mizokami,Dr Shiji Mizokami,Dr Shiji Mizokami,Dr,Shiji Mizokami,Dr,Shiji Mizokami,Dr Shiji Mizokami,Dr Shiji Mizokami,,,,,unknown,,1,,Karate,,,,,,,,,
Q5349190,Q5349190,Eiichi Miyazato,Eiichi Miyazato,Eiichi Miyazato,Eiichi,Miyazato,Eiichi,Miyazato,Eiichi Miyazato,Eiichi Miyazato,1922,1999,1947,1947,Shuri,Goju-Ryu|Karate|Naha-te|Goju-Ryu Karate-do Kyokai|gojuryu|Gojuryu|Jundokan|Okinawan Karate|Te,0,https://en.wikipedia.org/wiki/Eiichi_Miyazato,Goju-Ryu,Karate,Naha-te,Goju-Ryu Karate-do Kyokai,gojuryu,Gojuryu,Jundokan,Okinawan Karate,Te,
C00049,,Eikichi Fukumoto,Eikichi Fukumoto,Eikichi Fukumoto,Eikichi,Fukumoto,Eikichi,Fukumoto,Eikichi Fukumoto,Eikichi Fukumoto,,,,,unknown,,1,,Karate,,,,,,,,,
C00050,,Eisuke Akamine,Eisuke Akamine,Eisuke Akamine,Eisuke,Akamine,Eisuke,Akamine,Eisuke Akamine,Eisuke Akamine,,,,,unknown,,1,,Karate,,,,,,,,,
C00051,,Eizo Shimabuku,Eizo Shimabuku,Eizo Shimabuku,Eizo,Shimabuku,Eizo,Shimabuku,Eizo Shimabuku,Eizo Shimabuku,,,,,unknown,,1,,Karate,,,,,,,,,
C00052,,Eizo Shimabukuro,Eizo Shimabukuro,Eizo Shimabukuro,Eizo,Shimabukuro,Eizo,Shimabukuro,Eizo Shimabukuro,Eizo Shimabukuro,,,,,unknown,,1,,Karate,,,,,,,,,
C00053,,Emory Turner,Emory Turner,Emory Turner,Emory,Turner,Emory,Turner,Emory Turner,Emory Turner,,,,,unknown,,1,,Karate,,,,,,,,,
C00054,,Enlightened Spirit,Enlightened Spirit,Enlightened Spirit,Enlightened,Spirit,Enlightened,Spirit,Enlightened Spirit,Enlightened Spirit,,,,,unknown,,1,,Karate,,,,,,,,,
C00055,,Ernest Estrada,Ernest Estrada,Ernest Estrada,Ernest,Estrada,Ernest,Estrada,Ernest Estrada,Ernest Estrada,,,,,unknown,,1,,Karate,,,,,,,,,
C00056,,Eyed Toguchi,Eyed Toguchi,Eyed Toguchi,Eyed,Toguchi,Eyed,Toguchi,Eyed Toguchi,Eyed Toguchi,,,,,unknown,,1,,Karate,,,,,,,,,
Q3081845,Q3081845,Francisco Filho,Francisco Filho,Francisco Filho,Francisco,Filho,Francisco,Filho,Francisco Filho,Francisco Filho,1971,,1996,1996,unknown,,0,https://en.wikipedia.org/wiki/Francisco_Filho,Karate,,,,,,,,,
C00057,,Franco Sanguinetti,Franco Sanguinetti,Franco Sanguinetti,Franco,Sanguinetti,Franco,Sanguinetti,Franco Sanguinetti,Franco Sanguinetti,,,,,unknown,,1,,Karate,,,,,,,,,
C00058,,Franklin DR Hargrove,Franklin D.R. Hargrove,Franklin DR Hargrove,Franklin,D.R. Hargrove,Franklin,DR Hargrove,Franklin D.R. Hargrove,Franklin DR Hargrove,,,,,unknown,,1,,Karate,,,,,,,,,
C00059,,Free Sparring,Free Sparring,Free Sparring,Free,Sparring,Free,Sparring,Free Sparring,Free Sparring,,,,,unknown,,1,,Karate,,,,,,,,,
Q41705,Q41705,Fujian,Fujian,Fujian,Fujian,,Fujian,,Fujian,Fujian,0229,,254,254,unknown,Te,0,https://en.wikipedia.org/wiki/Fujian,Te,,,,,,,,,
C00060,,Fukien Shaolin,Fukien Shaolin,Fukien Shaolin,Fukien,Shaolin,Fukien,Shaolin,Fukien Shaolin,Fukien Shaolin,,,,,unknown,,1,,Karate,,,,,,,,,
C00061,,Fukyu Ichi,Fukyu Ichi,Fukyu Ichi,Fukyu,Ichi,Fukyu,Ichi,Fukyu Ichi,Fukyu Ichi,,,,,unknown,,1,,Karate,,,,,,,,,
Q1473967,Q1473967,Fumio Demura,Fumio Demura,Fumio Demura,Fumio,Demura,Fumio,Demura,Fumio Demura,Fumio Demura,1938,2023,1963,1963,unknown,Goju-Ryu|Karate|Okinawan Kobudo|Shito-Ryu|Shotokan|and kobudo|Japanese Karate|kobudo|Koga-ryu|Te,0,https://en.wikipedia.org/wiki/Fumio_Demura,Goju-Ryu,Karate,Okinawan Kobudo,Shito-Ryu,Shotokan,and kobudo,Japanese Karate,kobudo,Koga-ryu,Te
C00062,,Fumio Nagaishi,Fumio Nagaishi,Fumio Nagaishi,Fumio,Nagaishi,Fumio,Nagaishi,Fumio Nagaishi,Fumio Nagaishi,,,,,unknown,,1,,Karate,,,,,,,,,
C00063,,Fumio Nakama,Fumio Nakama,Fumio Nakama,Fumio,Nakama,Fumio,Nakama,Fumio Nakama,Fumio Nakama,,,,,unknown,,1,,Karate,,,,,,,,,
Q41105,Q41105,Gichin Funakoshi,Gichin Funakoshi,Gichin Funakoshi,Gichin,Funakoshi,Gichin,Funakoshi,Gichin Funakoshi,Gichin Funakoshi,1868,1957,1893,1893,Shuri,Shotokan|Karate|Shorei-ryu|Shorin-Ryu|Japanese Karate|Jigen-ryu|Okinawan Karate|Shoto-kai|Shotokai|Taekwon-do|Taekwondo|Te,0,https://en.wikipedia.org/wiki/Gichin_Funakoshi,Shotokan,Karate,Shorei-ryu,Shorin-Ryu,Japanese Karate,Jigen-ryu,Okinawan Karate,Shoto-kai,Shotokai,Taekwon-do
C00066,,Fusei Kise,Fusei Kise,Fusei Kise,Fusei,Kise,Fusei,Kise,Fusei Kise,Fusei Kise,,,,,unknown,,1,,Karate,,,,,,,,,
C00067,,Gabi Haka,Gabi Haka,Gabi Haka,Gabi,Haka,Gabi,Haka,Gabi Haka,Gabi Haka,,,,,unknown,,1,,Karate,,,,,,,,,
C00068,,Gamani Soysa,Gamani Soysa,Gamani Soysa,Gamani,Soysa,Gamani,Soysa,Gamani Soysa,Gamani Soysa,,,,,unknown,,1,,Karate,,,,,,,,,
C00069,,Geiji Morisono,Geiji Morisono,Geiji Morisono,Geiji,Morisono,Geiji,Morisono,Geiji Morisono,Geiji Morisono,,,,,unknown,,1,,Karate,,,,,,,,,
C00070,,Gekisai Ichi,Gekisai Ichi,Gekisai Ichi,Gekisai,Ichi,Gekisai,Ichi,Gekisai Ichi,Gekisai Ichi,,,,,unknown,,1,,Karate,,,,,,,,,
C00071,,Genkai Nakaima,Genkai Nakaima,Genkai Nakaima,Genkai,Nakaima,Genkai,Nakaima,Genkai Nakaima,Genkai Nakaima,,,,,unknown,,1,,Karate,,,,,,,,,
C00072,,Genwa Nakasone,Genwa Nakasone,Genwa Nakasone,Genwa,Nakasone,Genwa,Nakasone,Genwa Nakasone,Genwa Nakasone,,,,,unknown,,1,,Karate,,,,,,,,,
C00073,,George E Mattson,George E. Mattson,George E Mattson,George,E. Mattson,George,E Mattson,George E. Mattson,George E Mattson,,,,,unknown,,1,,Karate,,,,,,,,,
Q628761,Q628761,Gigo Funakoshi,Gigō Funakoshi,Gigo Funakoshi,Gigō,Funakoshi,Gigo,Funakoshi,Gigō Funakoshi,Gigo Funakoshi,1907,1945,1932,1932,Shuri,Shotokan|Shotokai|Shuri-te|Japanese Karate|Karate|Okinawan Karate|Taekwon-do|Taekwondo|Te,0,https://en.wikipedia.org/wiki/Gig%C5%8D_Funakoshi,Shotokan,Shotokai,Shuri-te,Japanese Karate,Karate,Okinawan Karate,Taekwon-do,Taekwondo,Te,
C00082,,Ginowan City,Ginowan City,Ginowan City,Ginowan,City,Ginowan,City,Ginowan City,Ginowan City,,,,,unknown,,1,,Karate,,,,,,,,,
C00083,,Gisei Maeda,Gisei Maeda,Gisei Maeda,Gisei,Maeda,Gisei,Maeda,Gisei Maeda,Gisei Maeda,,,,,unknown,,1,,Karate,,,,,,,,,
Q268880,Q268880,Gogen Yamaguchi,Gōgen Yamaguchi,Gogen Yamaguchi,Gōgen,Yamaguchi,Gogen,Yamaguchi,Gōgen Yamaguchi,Gogen Yamaguchi,1909,1989,1934,1934,unknown,Goju-Kai|Goju-Ryu|Kyokushin|Shotokan|Gojukai|gojukai|gojuryu|Gojuryu|Japanese Karate|Karate|Kenpo|Kyokushin-kai|Okinawan Karate|Te,0,https://en.wikipedia.org/wiki/G%C5%8Dgen_Yamaguchi,Goju-Kai,Goju-Ryu,Kyokushin,Shotokan,Gojukai,gojukai,gojuryu,Gojuryu,Japanese Karate,Karate
C00084,,Gokenki,Gokenki,Gokenki,Gokenki,,Gokenki,,Gokenki,Gokenki,,,,,unknown,,1,,Karate,,,,,,,,,
C00085,,Gosei Yamaguchi,Gosei Yamaguchi,Gosei Yamaguchi,Gosei,Yamaguchi,Gosei,Yamaguchi,Gosei Yamaguchi,Gosei Yamaguchi,,,,,unknown,,1,,Karate,,,,,,,,,
C00086,,Goshi Yamaguchi,Goshi Yamaguchi,Goshi Yamaguchi,Goshi,Yamaguchi,Goshi,Yamaguchi,Goshi Yamaguchi,Goshi Yamaguchi,,,,,unknown,,1,,Karate,,,,,,,,,
Q23666,Q23666,Great Britain,Great Britain,Great Britain,Great,Britain,Great,Britain,Great Britain,Great Britain,2012,1625,2037,2037,unknown,Te,0,https://en.wikipedia.org/wiki/Great_Britain,Te,,,,,,,,,
C00087,,Gushikawa no Tiragwa,Gushikawa no Tiragwa,Gushikawa no Tiragwa,Gushikawa,no Tiragwa,Gushikawa,no Tiragwa,Gushikawa no Tiragwa,Gushikawa no Tiragwa,,,,,unknown,,1,,Karate,,,,,,,,,
C00088,,Gushikawa Tiragwa,Gushikawa Tiragwa,Gushikawa Tiragwa,Gushikawa,Tiragwa,Gushikawa,Tiragwa,Gushikawa Tiragwa,Gushikawa Tiragwa,,,,,unknown,,1,,Karate,,,,,,,,,
Q5361556,Q5361556,Hajime Kazumi,Hajime Kazumi,Hajime Kazumi,Hajime,Kazumi,Hajime,Kazumi,Hajime Kazumi,Hajime Kazumi,1971,,1996,1996,unknown,Kyokushin-kan|Kyokushin|Dan Black Belt in Kyokushin Karate|Karate|Kazumi Karate|Kyokushin Karate|Kyokushin-kai|Kyokushinkai|Kyokushinkaikan|Te,0,https://en.wikipedia.org/wiki/Hajime_Kazumi,Kyokushin-kan,Kyokushin,Dan Black Belt in Kyokushin Karate,Karate,Kazumi Karate,Kyokushin Karate,Kyokushin-kai,Kyokushinkai,Kyokushinkaikan,Te
C00090,,Hakutsuru Kamae,Hakutsuru Kamae,Hakutsuru Kamae,Hakutsuru,Kamae,Hakutsuru,Kamae,Hakutsuru Kamae,Hakutsuru Kamae,,,,,unknown,,1,,Karate,,,,,,,,,
C00091,,Harold Mitchum,Harold Mitchum,Harold Mitchum,Harold,Mitchum,Harold,Mitchum,Harold Mitchum,Harold Mitchum,,,,,unknown,,1,,Karate,,,,,,,,,
Q11755899,Q11755899,Henry Cook,Henry Cook,Henry Cook,Henry,Cook,Henry,Cook,Henry Cook,Henry Cook,1886,1939,1911,1911,unknown,Te,0,https://en.wikipedia.org/wiki/Henry_Cook,Te,,,,,,,,,
C00092,,Harumi Takami,Harumi Takami,Harumi Takami,Harumi,Takami,Harumi,Takami,Harumi Takami,Harumi Takami,,,,,unknown,,1,,Karate,,,,,,,,,
C00093,,Haruo Tamaki,Haruo Tamaki,Haruo Tamaki,Haruo,Tamaki,Haruo,Tamaki,Haruo Tamaki,Haruo Tamaki,,,,,unknown,,1,,Karate,,,,,,,,,
Q920672,Q920672,Hatsuo Royama,Hatsuo Royama,Hatsuo Royama,Hatsuo,Royama,Hatsuo,Royama,Hatsuo Royama,Hatsuo Royama,1948,1994,1973,1973,unknown,Kyokushin|Karate|Kyokushin-kai|Kyokushin-kan|Kyokushin-kan Inte|Kyokushin-kan Karate|Kyokushinkan|kyokushinkan|Te,0,https://en.wikipedia.org/wiki/Hatsuo_Royama,Kyokushin,Karate,Kyokushin-kai,Kyokushin-kan,Kyokushin-kan Inte,Kyokushin-kan Karate,Kyokushinkan,kyokushinkan,Te,
C00096,,Heiwa Road,Heiwa Road,Heiwa Road,Heiwa,Road,Heiwa,Road,Heiwa Road,Heiwa Road,,,,,unknown,,1,,Karate,,,,,,,,,
C00097,,Hideo Nakazato,Hideo Nakazato,Hideo Nakazato,Hideo,Nakazato,Hideo,Nakazato,Hideo Nakazato,Hideo Nakazato,,,,,unknown,,1,,Karate,,,,,,,,,
Q896129,Q896129,Hideo Ochi,Hideo Ochi,Hideo Ochi,Hideo,Ochi,Hideo,Ochi,Hideo Ochi,Hideo Ochi,1940,,1965,1965,unknown,Shotokan|Karate|Dan Karate|Japanese Karate|Te,0,https://en.wikipedia.org/wiki/Hideo_Ochi,Shotokan,Karate,Dan Karate,Japanese Karate,Te,,,,,
Q124766,Q124766,Hidetaka Nishiyama,Hidetaka Nishiyama,Hidetaka Nishiyama,Hidetaka,Nishiyama,Hidetaka,Nishiyama,Hidetaka Nishiyama,Hidetaka Nishiyama,1928,2008,1953,1953,unknown,Shotokan|Karate|Japanese Karate|Te,0,https://en.wikipedia.org/wiki/Hidetaka_Nishiyama,Shotokan,Karate,Japanese Karate,Te,,,,,,
Q919033,Q919033,Hideyuki Ashihara,Hideyuki Ashihara,Hideyuki Ashihara,Hideyuki,Ashihara,Hideyuki,Ashihara,Hideyuki Ashihara,Hideyuki Ashihara,1944,1995,1969,1969,Shuri,Ashihara kaikan|Kyokushin|Ashihara Karate|Enshin Karate|Japanese Karate|Karate|Kudo|Kyokushin-kai|Kyokushinkai|Seidokaikan|Te,0,https://en.wikipedia.org/wiki/Hideyuki_Ashihara,Ashihara kaikan,Kyokushin,Ashihara Karate,Enshin Karate,Japanese Karate,Karate,Kudo,Kyokushin-kai,Kyokushinkai,Seidokaikan
C00109,,Higashi Machi,Higashi Machi,Higashi Machi,Higashi,Machi,Higashi,Machi,Higashi Machi,Higashi Machi,,,,,unknown,,1,,Karate,,,,,,,,,
Q15987228,Q15987228,Higa Yuchoku,Higa Yuchoku,Higa Yuchoku,Higa,Yuchoku,Higa,Yuchoku,Higa Yuchoku,Higa Yuchoku,1910,1994,1935,1935,Naha,Shorin-Ryu|Goju-Ryu|Japanese Karate|Karate|Okinawan Karate|Te,0,https://en.wikipedia.org/wiki/Higa_Yuchoku,Shorin-Ryu,Goju-Ryu,Japanese Karate,Karate,Okinawan Karate,Te,,,,
C00110,,Hija Bridge,Hija Bridge,Hija Bridge,Hija,Bridge,Hija,Bridge,Hija Bridge,Hija Bridge,,,,,unknown,,1,,Karate,,,,,,,,,
Q714329,Q714329,Hirara,Hirara,Hirara,Hirara,,Hirara,,Hirara,Hirara,2006,,2031,2031,unknown,Te,0,"https://en.wikipedia.org/wiki/Hirara,_Okinawa",Te,,,,,,,,,
Q471629,Q471629,Hirokazu Kanazawa,Hirokazu Kanazawa,Hirokazu Kanazawa,Hirokazu,Kanazawa,Hirokazu,Kanazawa,Hirokazu Kanazawa,Hirokazu Kanazawa,1931,2019,1956,1956,unknown,Shotokan|Karate|Japanese Karate|Shotokan Karate|Te,0,https://en.wikipedia.org/wiki/Hirokazu_Kanazawa,Shotokan,Karate,Japanese Karate,Shotokan Karate,Te,,,,,
Q386415,Q386415,Hironori Otsuka,Hironori Ōtsuka,Hironori Otsuka,Hironori,Ōtsuka,Hironori,Otsuka,Hironori Ōtsuka,Hironori Otsuka,1892,1982,1917,1917,unknown,Wado-Ryu|Karate|Motobu-Ryu|Shindo Yoshin-ryu|Shito-Ryu|Shotokan|Goju-Ryu|Okinawan Kobudo|Japanese Karate|Okinawan Karate|Te,0,https://en.wikipedia.org/wiki/Hironori_%C5%8Ctsuka,Wado-Ryu,Karate,Motobu-Ryu,Shindo Yoshin-ryu,Shito-Ryu,Shotokan,Goju-Ryu,Okinawan Kobudo,Japanese Karate,Okinawan Karate
C00112,,Hiroshi Ishihara,Hiroshi Ishihara,Hiroshi Ishihara,Hiroshi,Ishihara,Hiroshi,Ishihara,Hiroshi Ishihara,Hiroshi Ishihara,,,,,unknown,,1,,Karate,,,,,,,,,
C00113,,Hiroshi Miyagi,Hiroshi Miyagi,Hiroshi Miyagi,Hiroshi,Miyagi,Hiroshi,Miyagi,Hiroshi Miyagi,Hiroshi Miyagi,,,,,unknown,,1,,Karate,,,,,,,,,
C00114,,Hiroshi Miyazato,Hiroshi Miyazato,Hiroshi Miyazato,Hiroshi,Miyazato,Hiroshi,Miyazato,Hiroshi Miyazato,Hiroshi Miyazato,,,,,unknown,,1,,Karate,,,,,,,,,
C00115,,Hiroshi Oshiro,Hiroshi Oshiro,Hiroshi Oshiro,Hiroshi,Oshiro,Hiroshi,Oshiro,Hiroshi Oshiro,Hiroshi Oshiro,,,,,unknown,,1,,Karate,,,,,,,,,
Q11476774,Q11476774,Hiroshi Shima,Hiroshi Shima,Hiroshi Shima,Hiroshi,Shima,Hiroshi,Shima,Hiroshi Shima,Hiroshi Shima,1918,2003,1943,1943,unknown,Te,0,https://en.wikipedia.org/wiki/Hiroshi_Shima,Te,,,,,,,,,
C00116,,Hiroshi Shinya,Hiroshi Shinya,Hiroshi Shinya,Hiroshi,Shinya,Hiroshi,Shinya,Hiroshi Shinya,Hiroshi Shinya,,,,,unknown,,1,,Karate,,,,,,,,,
Q348074,Q348074,Hiroshi Shirai,Hiroshi Shirai,Hiroshi Shirai,Hiroshi,Shirai,Hiroshi,Shirai,Hiroshi Shirai,Hiroshi Shirai,1937,2024,1962,1962,unknown,Shotokan|Karate|Japanese Karate|Te,0,https://en.wikipedia.org/wiki/Hiroshi_Shirai,Shotokan,Karate,Japanese Karate,Te,,,,,,
C00121,,Hiroshi Sugihara,Hiroshi Sugihara,Hiroshi Sugihara,Hiroshi,Sugihara,Hiroshi,Sugihara,Hiroshi Sugihara,Hiroshi Sugihara,,,,,unknown,,1,,Karate,,,,,,,,,
C00122,,Hirotaka Arashiro,Hirotaka Arashiro,Hirotaka Arashiro,Hirotaka,Arashiro,Hirotaka,Arashiro,Hirotaka Arashiro,Hirotaka Arashiro,,,,,unknown,,1,,Karate,,,,,,,,,
C00123,,Hiroyuki Shinkai,Hiroyuki Shinkai,Hiroyuki Shinkai,Hiroyuki,Shinkai,Hiroyuki,Shinkai,Hiroyuki Shinkai,Hiroyuki Shinkai,,,,,unknown,,1,,Karate,,,,,,,,,
C00124,,Hisao Aizawa,Hisao Aizawa,Hisao Aizawa,Hisao,Aizawa,Hisao,Aizawa,Hisao Aizawa,Hisao Aizawa,,,,,unknown,,1,,Karate,,,,,,,,,
C00125,,His Sanchin,His Sanchin,His Sanchin,His,Sanchin,His,Sanchin,His Sanchin,His Sanchin,,,,,unknown,,1,,Karate,,,,,,,,,
C00126,,Hoa Funsai,Hoa Funsai,Hoa Funsai,Hoa,Funsai,Hoa,Funsai,Hoa Funsai,Hoa Funsai,,,,,unknown,,1,,Karate,,,,,,,,,
Q3139173,Q3139173,Hohan Soken,Hohan Sōken,Hohan Soken,Hohan,Sōken,Hohan,Soken,Hohan Sōken,Hohan Soken,1889,1982,1914,1914,Shuri,Shorin-Ryu|Okinawan Kobudo|Shuri-te|Karate|Okinawa Kobudo|Okinawan Karate|Te,0,https://en.wikipedia.org/wiki/Hohan_S%C5%8Dken,Shorin-Ryu,Okinawan Kobudo,Shuri-te,Karate,Okinawa Kobudo,Okinawan Karate,Te,,,
C00127,,Honan Chuan,Honan Chuan,Honan Chuan,Honan,Chuan,Honan,Chuan,Honan Chuan,Honan Chuan,,,,,unknown,,1,,Karate,,,,,,,,,
C00128,,Horizontal White,Horizontal White,Horizontal White,Horizontal,White,Horizontal,White,Horizontal White,Horizontal White,,,,,unknown,,1,,Karate,,,,,,,,,
C00129,,Horoku Ishikawa,Horoku Ishikawa,Horoku Ishikawa,Horoku,Ishikawa,Horoku,Ishikawa,Horoku Ishikawa,Horoku Ishikawa,,,,,unknown,,1,,Karate,,,,,,,,,
C00130,,Hoshu Taira,Hoshu Taira,Hoshu Taira,Hoshu,Taira,Hoshu,Taira,Hoshu Taira,Hoshu Taira,,,,,unknown,,1,,Karate,,,,,,,,,
Q5610965,Q5610965,Howard Collins,Howard Collins,Howard Collins,Howard,Collins,Howard,Collins,Howard Collins,Howard Collins,1949,,1974,1974,unknown,Kyokushin kaikan|Karate|Kyokushin|Japanese Karate|Kyokushin-kai|Kyokushinkai|Te,0,https://en.wikipedia.org/wiki/Howard_Collins,Kyokushin kaikan,Karate,Kyokushin,Japanese Karate,Kyokushin-kai,Kyokushinkai,Te,,,
C00131,,Hsiao Yao,Hsiao Yao,Hsiao Yao,Hsiao,Yao,Hsiao,Yao,Hsiao Yao,Hsiao Yao,,,,,unknown,,1,,Karate,,,,,,,,,
C00132,,Hung Chia,Hung Chia,Hung Chia,Hung,Chia,Hung,Chia,Hung Chia,Hung Chia,,,,,unknown,,1,,Karate,,,,,,,,,
C00134,,Ichi Elementary,Ichi Elementary,Ichi Elementary,Ichi,Elementary,Ichi,Elementary,Ichi Elementary,Ichi Elementary,,,,,unknown,,1,,Karate,,,,,,,,,
C00135,,Ichiro Shirasaka,Ichiro Shirasaka,Ichiro Shirasaka,Ichiro,Shirasaka,Ichiro,Shirasaka,Ichiro Shirasaka,Ichiro Shirasaka,,,,,unknown,,1,,Karate,,,,,,,,,
C00136,,Iko Oshiro,Iko Oshiro,Iko Oshiro,Iko,Oshiro,Iko,Oshiro,Iko Oshiro,Iko Oshiro,,,,,unknown,,1,,Karate,,,,,,,,,
C00137,,Iko Yonamine,Iko Yonamine,Iko Yonamine,Iko,Yonamine,Iko,Yonamine,Iko Yonamine,Iko Yonamine,,,,,unknown,,1,,Karate,,,,,,,,,
C00138,,Inside Nakazato,Inside Nakazato,Inside Nakazato,Inside,Nakazato,Inside,Nakazato,Inside Nakazato,Inside Nakazato,,,,,unknown,,1,,Karate,,,,,,,,,
C00139,,Isamu Uehara,Isamu Uehara,Isamu Uehara,Isamu,Uehara,Isamu,Uehara,Isamu Uehara,Isamu Uehara,,,,,unknown,,1,,Karate,,,,,,,,,
C00140,,Isao Oshiro,Isao Oshiro,Isao Oshiro,Isao,Oshiro,Isao,Oshiro,Isao Oshiro,Isao Oshiro,,,,,unknown,,1,,Karate,,,,,,,,,
C00141,,Isei Kojo,Isei Kojo,Isei Kojo,Isei,Kojo,Isei,Kojo,Isei Kojo,Isei Kojo,,,,,unknown,,1,,Karate,,,,,,,,,
C00142,,Isoroku Katagiri,Isoroku Katagiri,Isoroku Katagiri,Isoroku,Katagiri,Isoroku,Katagiri,Isoroku Katagiri,Isoroku Katagiri,,,,,unknown,,1,,Karate,,,,,,,,,
C00143,,Isugio Yonezawa,Isugio Yonezawa,Isugio Yonezawa,Isugio,Yonezawa,Isugio,Yonezawa,Isugio Yonezawa,Isugio Yonezawa,,,,,unknown,,1,,Karate,,,,,,,,,
C00144,,Itoman High,Itoman High,Itoman High,Itoman,High,Itoman,High,Itoman High,Itoman High,,,,,unknown,,1,,Karate,,,,,,,,,
C00145,,Iwah,Iwah,Iwah,Iwah,,Iwah,,Iwah,Iwah,,,,,unknown,,1,,Karate,,,,,,,,,
C00146,,Jack Mark,Jack Mark,Jack Mark,Jack,Mark,Jack,Mark,Jack Mark,Jack Mark,,,,,unknown,,1,,Karate,,,,,,,,,
Q1126552,Q1126552,Jesus Martinez,Jesús Martínez,Jesus Martinez,Jesús,Martínez,Jesus,Martinez,Jesús Martínez,Jesus Martinez,1934,2025,1959,1959,unknown,Te,0,https://en.wikipedia.org/wiki/Jes%C3%BAs_Mart%C3%ADnez,Te,,,,,,,,,
C00148,,Jinan Shinzato,Jinan Shinzato,Jinan Shinzato,Jinan,Shinzato,Jinan,Shinzato,Jinan Shinzato,Jinan Shinzato,,,,,unknown,,1,,Karate,,,,,,,,,
C00149,,Jinpu Kamae,Jinpu Kamae,Jinpu Kamae,Jinpu,Kamae,Jinpu,Kamae,Jinpu Kamae,Jinpu Kamae,,,,,unknown,,1,,Karate,,,,,,,,,
C00150,,Jinsei Kamiya,Jinsei Kamiya,Jinsei Kamiya,Jinsei,Kamiya,Jinsei,Kamiya,Jinsei Kamiya,Jinsei Kamiya,,,,,unknown,,1,,Karate,,,,,,,,,
C00151,,Jinshi Oyakawa,Jinshi Oyakawa,Jinshi Oyakawa,Jinshi,Oyakawa,Jinshi,Oyakawa,Jinshi Oyakawa,Jinshi Oyakawa,,,,,unknown,,1,,Karate,,,,,,,,,
C00152,,Jintatsu Higa,Jintatsu Higa,Jintatsu Higa,Jintatsu,Higa,Jintatsu,Higa,Jintatsu Higa,Jintatsu Higa,,,,,unknown,,1,,Karate,,,,,,,,,
C00153,,Jiro Kojo,Jiro Kojo,Jiro Kojo,Jiro,Kojo,Jiro,Kojo,Jiro Kojo,Jiro Kojo,,,,,unknown,,1,,Karate,,,,,,,,,
C00154,,Jiro Shiroma,Jiro Shiroma,Jiro Shiroma,Jiro,Shiroma,Jiro,Shiroma,Jiro Shiroma,Jiro Shiroma,,,,,unknown,,1,,Karate,,,,,,,,,
C00155,,Jiro Uehara,Jiro Uehara,Jiro Uehara,Jiro,Uehara,Jiro,Uehara,Jiro Uehara,Jiro Uehara,,,,,unknown,,1,,Karate,,,,,,,,,
C00156,,Jitude Moshigwa Ire,Jitude Moshigwa Ire,Jitude Moshigwa Ire,Jitude,Moshigwa Ire,Jitude,Moshigwa Ire,Jitude Moshigwa Ire,Jitude Moshigwa Ire,,,,,unknown,,1,,Karate,,,,,,,,,
C00157,,Jizen,Jizen,Jizen,Jizen,,Jizen,,Jizen,Jizen,,,,,unknown,,1,,Karate,,,,,,,,,
Q1691502,Q1691502,Joe Lewis,Joe Lewis,Joe Lewis,Joe,Lewis,Joe,Lewis,Joe Lewis,Joe Lewis,1895,1986,1920,1920,unknown,,0,https://en.wikipedia.org/wiki/Joe_Lewis,Karate,,,,,,,,,
C00158,,Joen Nakazato,Joen Nakazato,Joen Nakazato,Joen,Nakazato,Joen,Nakazato,Joen Nakazato,Joen Nakazato,,,,,unknown,,1,,Karate,,,,,,,,,
C00159,,John Sells,John Sells,John Sells,John,Sells,John,Sells,John Sells,John Sells,,,,,unknown,,1,,Karate,,,,,,,,,
C00160,,Joji Tokuhiga,Joji Tokuhiga,Joji Tokuhiga,Joji,Tokuhiga,Joji,Tokuhiga,Joji Tokuhiga,Joji Tokuhiga,,,,,unknown,,1,,Karate,,,,,,,,,
C00161,,Jokei Kushi,Jokei Kushi,Jokei Kushi,Jokei,Kushi,Jokei,Kushi,Jokei Kushi,Jokei Kushi,,,,,unknown,,1,,Karate,,,,,,,,,
Q562887,Q562887,Joko Ninomiya,Jōkō Ninomiya,Joko Ninomiya,Jōkō,Ninomiya,Joko,Ninomiya,Jōkō Ninomiya,Joko Ninomiya,1954,,1979,1979,unknown,Enshin Karate|Kyokushin|Ashihara Karate|Japanese Karate|Karate|Kyokushin-kai|Kyokushinkai|Te,0,https://en.wikipedia.org/wiki/J%C5%8Dk%C5%8D_Ninomiya,Enshin Karate,Kyokushin,Ashihara Karate,Japanese Karate,Karate,Kyokushin-kai,Kyokushinkai,Te,,
Q560761,Q560761,Jon Bluming,Jon Bluming,Jon Bluming,Jon,Bluming,Jon,Bluming,Jon Bluming,Jon Bluming,1933,2018,1958,1958,unknown,Kyokushin|Shotokan|Karate|Kudo|Kyokushin Budokai|Kyokushin Karate|Kyokushin-kai|Kyokushinkai|Te,0,https://en.wikipedia.org/wiki/Jon_Bluming,Kyokushin,Shotokan,Karate,Kudo,Kyokushin Budokai,Kyokushin Karate,Kyokushin-kai,Kyokushinkai,Te,
C00162,,Jubin Senaha,Jubin Senaha,Jubin Senaha,Jubin,Senaha,Jubin,Senaha,Jubin Senaha,Jubin Senaha,,,,,unknown,,1,,Karate,,,,,,,,,
C00163,,Juei Tamaki,Juei Tamaki,Juei Tamaki,Juei,Tamaki,Juei,Tamaki,Juei Tamaki,Juei Tamaki,,,,,unknown,,1,,Karate,,,,,,,,,
C00164,,Jumonji Kamae,Jumonji Kamae,Jumonji Kamae,Jumonji,Kamae,Jumonji,Kamae,Jumonji Kamae,Jumonji Kamae,,,,,unknown,,1,,Karate,,,,,,,,,
C00166,,Junjiro Nishime,Junjiro Nishime,Junjiro Nishime,Junjiro,Nishime,Junjiro,Nishime,Junjiro Nishime,Junjiro Nishime,,,,,unknown,,1,,Karate,,,,,,,,,
C00167,,Jushin Kohama,Jushin Kohama,Jushin Kohama,Jushin,Kohama,Jushin,Kohama,Jushin Kohama,Jushin Kohama,,,,,unknown,,1,,Karate,,,,,,,,,
C00168,,Jushin Toma,Jushin Toma,Jushin Toma,Jushin,Toma,Jushin,Toma,Jushin Toma,Jushin Toma,,,,,unknown,,1,,Karate,,,,,,,,,
C00169,,Kadena Air,Kadena Air,Kadena Air,Kadena,Air,Kadena,Air,Kadena Air,Kadena Air,,,,,unknown,,1,,Karate,,,,,,,,,
C00170,,Kadena Teachers,Kadena Teachers,Kadena Teachers,Kadena,Teachers,Kadena,Teachers,Kadena Teachers,Kadena Teachers,,,,,unknown,,1,,Karate,,,,,,,,,
C00171,,Kafu Kojo,Kafu Kojo,Kafu Kojo,Kafu,Kojo,Kafu,Kojo,Kafu Kojo,Kafu Kojo,,,,,unknown,,1,,Karate,,,,,,,,,
C00172,,Kaho Kojo,Kaho Kojo,Kaho Kojo,Kaho,Kojo,Kaho,Kojo,Kaho Kojo,Kaho Kojo,,,,,unknown,,1,,Karate,,,,,,,,,
C00173,,Kama Higa,Kama Higa,Kama Higa,Kama,Higa,Kama,Higa,Kama Higa,Kama Higa,,,,,unknown,,1,,Karate,,,,,,,,,
C00174,,Kamesuke Higaonna,Kamesuke Higaonna,Kamesuke Higaonna,Kamesuke,Higaonna,Kamesuke,Higaonna,Kamesuke Higaonna,Kamesuke Higaonna,,,,,unknown,,1,,Karate,,,,,,,,,
C00175,,Kanaa Kanagusuku,Kanaa Kanagusuku,Kanaa Kanagusuku,Kanaa,Kanagusuku,Kanaa,Kanagusuku,Kanaa Kanagusuku,Kanaa Kanagusuku,,,,,unknown,,1,,Karate,,,,,,,,,
C00176,,Kanbun Izumigawa,Kanbun Izumigawa,Kanbun Izumigawa,Kanbun,Izumigawa,Kanbun,Izumigawa,Kanbun Izumigawa,Kanbun Izumigawa,,,,,unknown,,1,,Karate,,,,,,,,,
Q2473562,Q2473562,Kanbun Uechi,Kanbun Uechi,Kanbun Uechi,Kanbun,Uechi,Kanbun,Uechi,Kanbun Uechi,Kanbun Uechi,1877,1948,1902,1902,Naha,Uechi-Ryu|Shito-Ryu|Chinese Martial Arts|Grandmaste|Karate|Kenpo|Kung Fu|Okinawan Karate|shitokai|Te|Udun Ryukyu|Uechi Kan|Uechi kan|Uechiryu|United States Military Government of the Ryukyu Islands|White Crane,0,https://en.wikipedia.org/wiki/Kanbun_Uechi,Uechi-Ryu,Shito-Ryu,Chinese Martial Arts,Grandmaste,Karate,Kenpo,Kung Fu,Okinawan Karate,shitokai,Te
C00177,,Kanbun Uechi Jnr,Kanbun Uechi (Jnr),Kanbun Uechi Jnr,Kanbun,Uechi (Jnr),Kanbun,Uechi Jnr,Kanbun Uechi (Jnr),Kanbun Uechi Jnr,,,,,unknown,,1,,Karate,,,,,,,,,
Q1728269,Q1728269,Kanei Uechi,Kanei Uechi,Kanei Uechi,Kanei,Uechi,Kanei,Uechi,Kanei Uechi,Kanei Uechi,1911,1991,1936,1936,unknown,Uechi-Ryu|Karate|Okinawan Karate|Te|Uechi Kan|uechiryu|Uechiryu,0,https://en.wikipedia.org/wiki/Kanei_Uechi,Uechi-Ryu,Karate,Okinawan Karate,Te,Uechi Kan,uechiryu,Uechiryu,,,
Q921673,Q921673,Kanga Sakukawa,Kanga Sakukawa,Kanga Sakukawa,Kanga,Sakukawa,Kanga,Sakukawa,Kanga Sakukawa,Kanga Sakukawa,1786,1867,1811,1811,Shuri,Shito-Ryu|Shorin-Ryu|Shotokan|Shuri-te|Ch'uan Fa|Chinese Martial Arts|Chuan Fa|Karate|Okinawan Karate|Shitoryu|Te|Tode,0,https://en.wikipedia.org/wiki/Sakugawa_Kanga,Shito-Ryu,Shorin-Ryu,Shotokan,Shuri-te,Ch'uan Fa,Chinese Martial Arts,Chuan Fa,Karate,Okinawan Karate,Shitoryu
C00184,,Kanichi Izumigawa,Kanichi Izumigawa,Kanichi Izumigawa,Kanichi,Izumigawa,Kanichi,Izumigawa,Kanichi Izumigawa,Kanichi Izumigawa,,,,,unknown,,1,,Karate,,,,,,,,,
C00185,,Kanken Oyadomari,Kanken Oyadomari,Kanken Oyadomari,Kanken,Oyadomari,Kanken,Oyadomari,Kanken Oyadomari,Kanken Oyadomari,,,,,unknown,,1,,Karate,,,,,,,,,
Q3772405,Q3772405,Kanken Toyama,Kanken Tōyama,Kanken Toyama,Kanken,Tōyama,Kanken,Toyama,Kanken Tōyama,Kanken Toyama,1888,1966,1913,1913,Shuri,Shudokan|Chinese Martial Arts|Shuri-te|Goju-Ryu|Shito-Ryu|Shorin-Ryu|Naha-te|Tomari-te|Ch'uan Fa|Karate|Karate Kobudo|Kempo|Korean Martial Arts|Okinawan Karate|Okinawan martial artsNaha-te|Okinawan martial artsShuri-te|Okinawan martial artsTomari-te|Quan Fa|Seidokan|Shorei-ryu|Shudokan Karate|Te,0,https://en.wikipedia.org/wiki/Kanken_T%C5%8Dyama,Shudokan,Chinese Martial Arts,Shuri-te,Goju-Ryu,Shito-Ryu,Shorin-Ryu,Naha-te,Tomari-te,Ch'uan Fa,Karate
C00186,,Kanmei Uechi,Kanmei Uechi,Kanmei Uechi,Kanmei,Uechi,Kanmei,Uechi,Kanmei Uechi,Kanmei Uechi,,,,,unknown,,1,,Karate,,,,,,,,,
Q190141,Q190141,Kano Jigoro,Kanō Jigorō,Kano Jigoro,Kanō,Jigorō,Kano,Jigoro,Kanō Jigorō,Kano Jigoro,1860,1938,1885,1885,unknown,Kodokan|Kito-ryu|MenkyoMenkyo Kaiden|Tenjin Shinyo-ryu|Goju-Ryu|Shito-Ryu|Shotokan|Daito-ryu Aiki-jujutsu|Karate|Menkyo kai|Te|Yagyu Shingan-ryu|Yoshin-ryu,0,https://en.wikipedia.org/wiki/Kan%C5%8D_Jigor%C5%8D,Kodokan,Kito-ryu,MenkyoMenkyo Kaiden,Tenjin Shinyo-ryu,Goju-Ryu,Shito-Ryu,Shotokan,Daito-ryu Aiki-jujutsu,Karate,Menkyo kai
Q699236,Q699236,Higaonna Kanryo,Higaonna Kanryō,Higaonna Kanryo,Higaonna,Kanryō,Higaonna,Kanryo,Higaonna Kanryō,Higaonna Kanryo,1853,1916,1878,1878,Shuri,Naha-te|Goju-Ryu|Shuri-te|Chinese Martial Arts|Fujian White Crane|Karate|Kung Fu|Okinawan Karate|Ryu Ryu Ko|Te|White Crane,0,https://en.wikipedia.org/wiki/Higaonna_Kanry%C5%8D,Naha-te,Goju-Ryu,Shuri-te,Chinese Martial Arts,Fujian White Crane,Karate,Kung Fu,Okinawan Karate,Ryu Ryu Ko,Te
C00197,,Kansei Uechi,Kansei Uechi,Kansei Uechi,Kansei,Uechi,Kansei,Uechi,Kansei Uechi,Kansei Uechi,,,,,unknown,,1,,Karate,,,,,,,,,
C00198,,Kantoku Uechi,Kantoku Uechi,Kantoku Uechi,Kantoku,Uechi,Kantoku,Uechi,Kantoku Uechi,Kantoku Uechi,,,,,unknown,,1,,Karate,,,,,,,,,
C00199,,Kanyei Uechi,Kanyei Uechi,Kanyei Uechi,Kanyei,Uechi,Kanyei,Uechi,Kanyei Uechi,Kanyei Uechi,,,,,unknown,,1,,Karate,,,,,,,,,
C00202,,Kanyo Higaonna,Kanyo Higaonna,Kanyo Higaonna,Kanyo,Higaonna,Kanyo,Higaonna,Kanyo Higaonna,Kanyo Higaonna,,,,,unknown,,1,,Karate,,,,,,,,,
C00203,,Kaoru Kinjo,Kaoru Kinjo,Kaoru Kinjo,Kaoru,Kinjo,Kaoru,Kinjo,Kaoru Kinjo,Kaoru Kinjo,,,,,unknown,,1,,Karate,,,,,,,,,
C00204,,Kaoru Kojo,Kaoru Kojo,Kaoru Kojo,Kaoru,Kojo,Kaoru,Kojo,Kaoru Kojo,Kaoru Kojo,,,,,unknown,,1,,Karate,,,,,,,,,
C00206,,Karyu Uku,Karyu Uku,Karyu Uku,Karyu,Uku,Karyu,Uku,Karyu Uku,Karyu Uku,,,,,unknown,,1,,Karate,,,,,,,,,
C00207,,Kasei Shimabuku,Kasei Shimabuku,Kasei Shimabuku,Kasei,Shimabuku,Kasei,Shimabuku,Kasei Shimabuku,Kasei Shimabuku,,,,,unknown,,1,,Karate,,,,,,,,,
C00208,,Kata Yamashiro,Kata Yamashiro,Kata Yamashiro,Kata,Yamashiro,Kata,Yamashiro,Kata Yamashiro,Kata Yamashiro,,,,,unknown,,1,,Karate,,,,,,,,,
C00209,,Katsuhide Kochi,Katsuhide Kochi,Katsuhide Kochi,Katsuhide,Kochi,Katsuhide,Kochi,Katsuhide Kochi,Katsuhide Kochi,,,,,unknown,,1,,Karate,,,,,,,,,
C00210,,Katsuhide Shimabuku,Katsuhide Shimabuku,Katsuhide Shimabuku,Katsuhide,Shimabuku,Katsuhide,Shimabuku,Katsuhide Shimabuku,Katsuhide Shimabuku,,,,,unknown,,1,,Karate,,,,,,,,,
C00211,,Katsuhiko Minowa,Katsuhiko Minowa,Katsuhiko Minowa,Katsuhiko,Minowa,Katsuhiko,Minowa,Katsuhiko Minowa,Katsuhiko Minowa,,,,,unknown,,1,,Karate,,,,,,,,,
C00212,,Katsumi Murakami,Katsumi Murakami,Katsumi Murakami,Katsumi,Murakami,Katsumi,Murakami,Katsumi Murakami,Katsumi Murakami,,,,,unknown,,1,,Karate,,,,,,,,,
C00213,,Katsumori Kochi,Katsumori Kochi,Katsumori Kochi,Katsumori,Kochi,Katsumori,Kochi,Katsumori Kochi,Katsumori Kochi,,,,,unknown,,1,,Karate,,,,,,,,,
Q3194253,Q3194253,Katsuya Miyahira,Katsuya Miyahira,Katsuya Miyahira,Katsuya,Miyahira,Katsuya,Miyahira,Katsuya Miyahira,Katsuya Miyahira,1918,2010,1943,1943,unknown,Shorin-ryu Shido-kan|Shorin-Ryu|Karate|Kobayashi Shorin-Ryu|Okinawan Karate|Te,0,https://en.wikipedia.org/wiki/Katsuya_Miyahira,Shorin-ryu Shido-kan,Shorin-Ryu,Karate,Kobayashi Shorin-Ryu,Okinawan Karate,Te,,,,
C00214,,Katsuyoshi Kanei,Katsuyoshi Kanei,Katsuyoshi Kanei,Katsuyoshi,Kanei,Katsuyoshi,Kanei,Katsuyoshi Kanei,Katsuyoshi Kanei,,,,,unknown,,1,,Karate,,,,,,,,,
C00215,,Kayei Akamine,Kayei Akamine,Kayei Akamine,Kayei,Akamine,Kayei,Akamine,Kayei Akamine,Kayei Akamine,,,,,unknown,,1,,Karate,,,,,,,,,
C00216,,Kazuhide Shingaki,Kazuhide Shingaki,Kazuhide Shingaki,Kazuhide,Shingaki,Kazuhide,Shingaki,Kazuhide Shingaki,Kazuhide Shingaki,,,,,unknown,,1,,Karate,,,,,,,,,
C00217,,Kazuo Kishimoto,Kazuo Kishimoto,Kazuo Kishimoto,Kazuo,Kishimoto,Kazuo,Kishimoto,Kazuo Kishimoto,Kazuo Kishimoto,,,,,unknown,,1,,Karate,,,,,,,,,
C00218,,Kazuo Miyazato,Kazuo Miyazato,Kazuo Miyazato,Kazuo,Miyazato,Kazuo,Miyazato,Kazuo Miyazato,Kazuo Miyazato,,,,,unknown,,1,,Karate,,,,,,,,,
C00219,,Kazuo Tabata,Kazuo Tabata,Kazuo Tabata,Kazuo,Tabata,Kazuo,Tabata,Kazuo Tabata,Kazuo Tabata,,,,,unknown,,1,,Karate,,,,,,,,,
Q1737900,Q1737900,Keigo Abe,Keigo Abe,Keigo Abe,Keigo,Abe,Keigo,Abe,Keigo Abe,Keigo Abe,1938,2019,1963,1963,unknown,Shotokan|Karate|Shito-Ryu|Japanese Karate|Te,0,https://en.wikipedia.org/wiki/Keigo_Abe,Shotokan,Karate,Shito-Ryu,Japanese Karate,Te,,,,,
C00220,,Keiichi Suji,Keiichi Suji,Keiichi Suji,Keiichi,Suji,Keiichi,Suji,Keiichi Suji,Keiichi Suji,,,,,unknown,,1,,Karate,,,,,,,,,
C00221,,Keikichi Nakamura,Keikichi Nakamura,Keikichi Nakamura,Keikichi,Nakamura,Keikichi,Nakamura,Keikichi Nakamura,Keikichi Nakamura,,,,,unknown,,1,,Karate,,,,,,,,,
C00222,,Keikichi Nakasone,Keikichi Nakasone,Keikichi Nakasone,Keikichi,Nakasone,Keikichi,Nakasone,Keikichi Nakasone,Keikichi Nakasone,,,,,unknown,,1,,Karate,,,,,,,,,
Q716133,Q716133,Keinosuke Enoeda,Keinosuke Enoeda,Keinosuke Enoeda,Keinosuke,Enoeda,Keinosuke,Enoeda,Keinosuke Enoeda,Keinosuke Enoeda,1935,2003,1960,1960,Shuri,Shotokan|Karate|Japanese Karate|Shotokan Ryu|Te,0,https://en.wikipedia.org/wiki/Keinosuke_Enoeda,Shotokan,Karate,Japanese Karate,Shotokan Ryu,Te,,,,,
C00223,,Keisei Okamoto,Keisei Okamoto,Keisei Okamoto,Keisei,Okamoto,Keisei,Okamoto,Keisei Okamoto,Keisei Okamoto,,,,,unknown,,1,,Karate,,,,,,,,,
C00224,,Kenchu Nakaima,Kenchu Nakaima,Kenchu Nakaima,Kenchu,Nakaima,Kenchu,Nakaima,Kenchu Nakaima,Kenchu Nakaima,,,,,unknown,,1,,Karate,,,,,,,,,
Q727360,Q727360,Mabuni Kenei,Mabuni Kenei,Mabuni Kenei,Mabuni,Kenei,Mabuni,Kenei,Mabuni Kenei,Mabuni Kenei,1918,2015,1943,1943,Shuri,Shito-Ryu|Uechi-Ryu|Okinawan Kobudo|Karate|Okinawan Karate|Shito-Kai|Shitokai|shitokai|Shitoryu|shitoryu|Te,0,https://en.wikipedia.org/wiki/Mabuni_Kenei,Shito-Ryu,Uechi-Ryu,Okinawan Kobudo,Karate,Okinawan Karate,Shito-Kai,Shitokai,shitokai,Shitoryu,shitoryu
C00225,,Kenichi Kanari,Kenichi Kanari,Kenichi Kanari,Kenichi,Kanari,Kenichi,Kanari,Kenichi Kanari,Kenichi Kanari,,,,,unknown,,1,,Karate,,,,,,,,,
C00226,,Kenichi Kinjo,Kenichi Kinjo,Kenichi Kinjo,Kenichi,Kinjo,Kenichi,Kinjo,Kenichi Kinjo,Kenichi Kinjo,,,,,unknown,,1,,Karate,,,,,,,,,
C00227,,Kenichi Kochi,Kenichi Kochi,Kenichi Kochi,Kenichi,Kochi,Kenichi,Kochi,Kenichi Kochi,Kenichi Kochi,,,,,unknown,,1,,Karate,,,,,,,,,
Q1738762,Q1738762,Kenji Kurosaki,Kenji Kurosaki,Kenji Kurosaki,Kenji,Kurosaki,Kenji,Kurosaki,Kenji Kurosaki,Kenji Kurosaki,1930,,1955,1955,unknown,Goju-Ryu|Kyokushin|Japanese Karate|Karate|Kyokushin Karate|Kyokushin-kai|kyokushinkai|Kyokushinkai|Shinkyokushin|Te,0,https://en.wikipedia.org/wiki/Kenji_Kurosaki,Goju-Ryu,Kyokushin,Japanese Karate,Karate,Kyokushin Karate,Kyokushin-kai,kyokushinkai,Kyokushinkai,Shinkyokushin,Te
Q3115887,Q3115887,Kenji Midori,Kenji Midori,Kenji Midori,Kenji,Midori,Kenji,Midori,Kenji Midori,Kenji Midori,1962,,1987,1987,unknown,Kyokushin|Japanese Karate|Karate|Knockdown karate|Kyokushin-kai|kyokushinkai|Shinkyokushin|Shinkyokushinkai Karate|Te,0,https://en.wikipedia.org/wiki/Kenji_Midori,Kyokushin,Japanese Karate,Karate,Knockdown karate,Kyokushin-kai,kyokushinkai,Shinkyokushin,Shinkyokushinkai Karate,Te,
C00229,,Kenji Nakaima,Kenji Nakaima,Kenji Nakaima,Kenji,Nakaima,Kenji,Nakaima,Kenji Nakaima,Kenji Nakaima,,,,,unknown,,1,,Karate,,,,,,,,,
C00230,,Kenjiro Chiba,Kenjiro Chiba,Kenjiro Chiba,Kenjiro,Chiba,Kenjiro,Chiba,Kenjiro Chiba,Kenjiro Chiba,,,,,unknown,,1,,Karate,,,,,,,,,
C00231,,Kenko Chibana,Kenko Chibana,Kenko Chibana,Kenko,Chibana,Kenko,Chibana,Kenko Chibana,Kenko Chibana,,,,,unknown,,1,,Karate,,,,,,,,,
C00232,,Kenko Nakaima,Kenko Nakaima,Kenko Nakaima,Kenko,Nakaima,Kenko,Nakaima,Kenko Nakaima,Kenko Nakaima,,,,,unknown,,1,,Karate,,,,,,,,,
C00233,,Kenko Taira,Kenko Taira,Kenko Taira,Kenko,Taira,Kenko,Taira,Kenko Taira,Kenko Taira,,,,,unknown,,1,,Karate,,,,,,,,,
C00234,,Kenkyu Sho,Kenkyu Sho,Kenkyu Sho,Kenkyu,Sho,Kenkyu,Sho,Kenkyu Sho,Kenkyu Sho,,,,,unknown,,1,,Karate,,,,,,,,,
C00235,,Kenpo Haku,Kenpo Haku,Kenpo Haku,Kenpo,Haku,Kenpo,Haku,Kenpo Haku,Kenpo Haku,,,,,unknown,,1,,Karate,,,,,,,,,
Q525270,Q525270,American Kenpo,American Kenpo,American Kenpo,American,Kenpo,American,Kenpo,American Kenpo,American Kenpo,2015,,2040,2040,unknown,Chinese Martial Arts|James MitoseKosho Shorei-Ryu Kenpo|Karate|Kempo|Kenpo|Kung Fu|Okinawa-te|Tae Kwon Do|Te,0,https://en.wikipedia.org/wiki/American_Kenpo,Chinese Martial Arts,James MitoseKosho Shorei-Ryu Kenpo,Karate,Kempo,Kenpo,Kung Fu,Okinawa-te,Tae Kwon Do,Te,
C00236,,Kensei Kinjo,Kensei Kinjo,Kensei Kinjo,Kensei,Kinjo,Kensei,Kinjo,Kensei Kinjo,Kensei Kinjo,,,,,unknown,,1,,Karate,,,,,,,,,
C00237,,Kentoku Kaneshiro,Kentoku Kaneshiro,Kentoku Kaneshiro,Kentoku,Kaneshiro,Kentoku,Kaneshiro,Kentoku Kaneshiro,Kentoku Kaneshiro,,,,,unknown,,1,,Karate,,,,,,,,,
Q722028,Q722028,Kentsu Yabu,Kentsū Yabu,Kentsu Yabu,Kentsū,Yabu,Kentsu,Yabu,Kentsū Yabu,Kentsu Yabu,1866,1937,1891,1891,Shuri,Shuri-te|Tomari-te|Karate|Kenpo|Motobu-Ryu|Okinawan Karate|Te,0,https://en.wikipedia.org/wiki/Kents%C5%AB_Yabu,Shuri-te,Tomari-te,Karate,Kenpo,Motobu-Ryu,Okinawan Karate,Te,,,
Q453505,Q453505,Kenwa Mabuni,Kenwa Mabuni,Kenwa Mabuni,Kenwa,Mabuni,Kenwa,Mabuni,Kenwa Mabuni,Kenwa Mabuni,1889,1952,1914,1914,Shuri,Shito-Ryu|Goju-Ryu|Shotokan|Wado-Ryu|Naha-te|Shuri-te|Karate|Okinawan Karate|Shindo jinen-ryu|shitokai|Shitoryu|shitoryu|Te,0,https://en.wikipedia.org/wiki/Kenwa_Mabuni,Shito-Ryu,Goju-Ryu,Shotokan,Wado-Ryu,Naha-te,Shuri-te,Karate,Okinawan Karate,Shindo jinen-ryu,shitokai
C00245,,Kenyu Chinen,Kenyu Chinen,Kenyu Chinen,Kenyu,Chinen,Kenyu,Chinen,Kenyu Chinen,Kenyu Chinen,,,,,unknown,,1,,Karate,,,,,,,,,
C00246,,Kenzo Mabuni,Kenzo Mabuni,Kenzo Mabuni,Kenzo,Mabuni,Kenzo,Mabuni,Kenzo Mabuni,Kenzo Mabuni,,,,,unknown,,1,,Karate,,,,,,,,,
C00247,,Kichiro Shimabuku,Kichiro Shimabuku,Kichiro Shimabuku,Kichiro,Shimabuku,Kichiro,Shimabuku,Kichiro Shimabuku,Kichiro Shimabuku,,,,,unknown,,1,,Karate,,,,,,,,,
C00248,,Kim Diginakis,Kim Diginakis,Kim Diginakis,Kim,Diginakis,Kim,Diginakis,Kim Diginakis,Kim Diginakis,,,,,unknown,,1,,Karate,,,,,,,,,
C00250,,Kisuke Higa,Kisuke Higa,Kisuke Higa,Kisuke,Higa,Kisuke,Higa,Kisuke Higa,Kisuke Higa,,,,,unknown,,1,,Karate,,,,,,,,,
C00251,,Ki Teruya,Ki Teruya,Ki Teruya,Ki,Teruya,Ki,Teruya,Ki Teruya,Ki Teruya,,,,,unknown,,1,,Karate,,,,,,,,,
C00252,,Kitoku Sakiyama,Kitoku Sakiyama,Kitoku Sakiyama,Kitoku,Sakiyama,Kitoku,Sakiyama,Kitoku Sakiyama,Kitoku Sakiyama,,,,,unknown,,1,,Karate,,,,,,,,,
Q6418995,Q6418995,Kiyohide Shinjo,Kiyohide Shinjō,Kiyohide Shinjo,Kiyohide,Shinjō,Kiyohide,Shinjo,Kiyohide Shinjō,Kiyohide Shinjo,1951,,1976,1976,unknown,Uechi-Ryu|Karate|Kenyukai Uechi-Ryu|Kung Fu|Meibukan|Okinawan Karate|Te,0,https://en.wikipedia.org/wiki/Kiyohide_Shinj%C5%8D,Uechi-Ryu,Karate,Kenyukai Uechi-Ryu,Kung Fu,Meibukan,Okinawan Karate,Te,,,
C00253,,Kiyohiko Higa,Kiyohiko Higa,Kiyohiko Higa,Kiyohiko,Higa,Kiyohiko,Higa,Kiyohiko Higa,Kiyohiko Higa,,,,,unknown,,1,,Karate,,,,,,,,,
C00254,,Kiyo Iha,Kiyo Iha,Kiyo Iha,Kiyo,Iha,Kiyo,Iha,Kiyo Iha,Kiyo Iha,,,,,unknown,,1,,Karate,,,,,,,,,
C00255,,Kiyoji Kinjo,Kiyoji Kinjo,Kiyoji Kinjo,Kiyoji,Kinjo,Kiyoji,Kinjo,Kiyoji Kinjo,Kiyoji Kinjo,,,,,unknown,,1,,Karate,,,,,,,,,
C00256,,Kiyoshi Komesu,Kiyoshi Komesu,Kiyoshi Komesu,Kiyoshi,Komesu,Kiyoshi,Komesu,Kiyoshi Komesu,Kiyoshi Komesu,,,,,unknown,,1,,Karate,,,,,,,,,
C00257,,Kiyuna PECHIN,Kiyuna PECHIN,Kiyuna PECHIN,Kiyuna,PECHIN,Kiyuna,PECHIN,Kiyuna PECHIN,Kiyuna PECHIN,,,,,unknown,,1,,Karate,,,,,,,,,
C00258,,Koan Nagado,Koan Nagado,Koan Nagado,Koan,Nagado,Koan,Nagado,Koan Nagado,Koan Nagado,,,,,unknown,,1,,Karate,,,,,,,,,
C00261,,Kodatsu Iha,Kodatsu Iha,Kodatsu Iha,Kodatsu,Iha,Kodatsu,Iha,Kodatsu Iha,Kodatsu Iha,,,,,unknown,,1,,Karate,,,,,,,,,
C00262,,Kodatsu Tha,Kodatsu Tha,Kodatsu Tha,Kodatsu,Tha,Kodatsu,Tha,Kodatsu Tha,Kodatsu Tha,,,,,unknown,,1,,Karate,,,,,,,,,
C00264,,Koei Iha,Koei Iha,Koei Iha,Koei,Iha,Koei,Iha,Koei Iha,Koei Iha,,,,,unknown,,1,,Karate,,,,,,,,,
C00265,,Koei Teruya,Koei Teruya,Koei Teruya,Koei,Teruya,Koei,Teruya,Koei Teruya,Koei Teruya,,,,,unknown,,1,,Karate,,,,,,,,,
C00266,,Koichi Mori,Koichi Mori,Koichi Mori,Koichi,Mori,Koichi,Mori,Koichi Mori,Koichi Mori,,,,,unknown,,1,,Karate,,,,,,,,,
C00267,,Koji Oshiro,Koji Oshiro,Koji Oshiro,Koji,Oshiro,Koji,Oshiro,Koji Oshiro,Koji Oshiro,,,,,unknown,,1,,Karate,,,,,,,,,
C00268,,Kojo PECHIN,Kojo PECHIN,Kojo PECHIN,Kojo,PECHIN,Kojo,PECHIN,Kojo PECHIN,Kojo PECHIN,,,,,unknown,,1,,Karate,,,,,,,,,
C00269,,Kojo UEKATA,Kojo UEKATA,Kojo UEKATA,Kojo,UEKATA,Kojo,UEKATA,Kojo UEKATA,Kojo UEKATA,,,,,unknown,,1,,Karate,,,,,,,,,
C00270,,Kojun Makishi,Kojun Makishi,Kojun Makishi,Kojun,Makishi,Kojun,Makishi,Kojun Makishi,Kojun Makishi,,,,,unknown,,1,,Karate,,,,,,,,,
Q6426547,Q6426547,Kokan Oyadomari,Kōkan Oyadomari,Kokan Oyadomari,Kōkan,Oyadomari,Kokan,Oyadomari,Kōkan Oyadomari,Kokan Oyadomari,1827,1905,1852,1852,Tomari,Karate|Tomari-te|Karyu Uku|Okinawan Karate|Te|tomarite|Tote,0,https://en.wikipedia.org/wiki/Kokan_Oyadomari,Karate,Tomari-te,Karyu Uku,Okinawan Karate,Te,tomarite,Tote,,,
C00281,,Kokichi Nakamura,Kokichi Nakamura,Kokichi Nakamura,Kokichi,Nakamura,Kokichi,Nakamura,Kokichi Nakamura,Kokichi Nakamura,,,,,unknown,,1,,Karate,,,,,,,,,
C00282,,Koki Miyagi,Koki Miyagi,Koki Miyagi,Koki,Miyagi,Koki,Miyagi,Koki Miyagi,Koki Miyagi,,,,,unknown,,1,,Karate,,,,,,,,,
C00283,,Koki Shiroma,Koki Shiroma,Koki Shiroma,Koki,Shiroma,Koki,Shiroma,Koki Shiroma,Koki Shiroma,,,,,unknown,,1,,Karate,,,,,,,,,
C00284,,Koki Sunabe,Koki Sunabe,Koki Sunabe,Koki,Sunabe,Koki,Sunabe,Koki Sunabe,Koki Sunabe,,,,,unknown,,1,,Karate,,,,,,,,,
C00285,,Kokuba,Kokuba,Kokuba,Kokuba,,Kokuba,,Kokuba,Kokuba,,,,,unknown,,1,,Karate,,,,,,,,,
C00286,,Komei Akamine,Komei Akamine,Komei Akamine,Komei,Akamine,Komei,Akamine,Komei Akamine,Komei Akamine,,,,,unknown,,1,,Karate,,,,,,,,,
C00287,,Komei Tsuha,Komei Tsuha,Komei Tsuha,Komei,Tsuha,Komei,Tsuha,Komei Tsuha,Komei Tsuha,,,,,unknown,,1,,Karate,,,,,,,,,
C00288,,Konin Oyadomari,Konin Oyadomari,Konin Oyadomari,Konin,Oyadomari,Konin,Oyadomari,Konin Oyadomari,Konin Oyadomari,,,,,unknown,,1,,Karate,,,,,,,,,
C00289,,Koragwa Tsuken,Koragwa Tsuken,Koragwa Tsuken,Koragwa,Tsuken,Koragwa,Tsuken,Koragwa Tsuken,Koragwa Tsuken,,,,,unknown,,1,,Karate,,,,,,,,,
Q3028499,Q3028499,Kosaku Matsumora,Kōsaku Matsumora,Kosaku Matsumora,Kōsaku,Matsumora,Kosaku,Matsumora,Kōsaku Matsumora,Kosaku Matsumora,1829,1898,1854,1854,Tomari,Shotokan|Tomari-te|Karate|Karyu Uku|Matsumora-type Tomari-te|Okinawan Karate|Te,0,https://en.wikipedia.org/wiki/K%C5%8Dsaku_Matsumora,Shotokan,Tomari-te,Karate,Karyu Uku,Matsumora-type Tomari-te,Okinawan Karate,Te,,,
C00296,,Koshin Iha,Koshin Iha,Koshin Iha,Koshin,Iha,Koshin,Iha,Koshin Iha,Koshin Iha,,,,,unknown,,1,,Karate,,,,,,,,,
C00297,,Koshin Shimabukuro,Koshin Shimabukuro,Koshin Shimabukuro,Koshin,Shimabukuro,Koshin,Shimabukuro,Koshin Shimabukuro,Koshin Shimabukuro,,,,,unknown,,1,,Karate,,,,,,,,,
C00298,,Koshin Shiroma,Koshin Shiroma,Koshin Shiroma,Koshin,Shiroma,Koshin,Shiroma,Koshin Shiroma,Koshin Shiroma,,,,,unknown,,1,,Karate,,,,,,,,,
C00299,,Kosuke Chinen,Kosuke Chinen,Kosuke Chinen,Kosuke,Chinen,Kosuke,Chinen,Kosuke Chinen,Kosuke Chinen,,,,,unknown,,1,,Karate,,,,,,,,,
C00300,,Kosuke Henna,Kosuke Henna,Kosuke Henna,Kosuke,Henna,Kosuke,Henna,Kosuke Henna,Kosuke Henna,,,,,unknown,,1,,Karate,,,,,,,,,
C00301,,Kosuke Yonamine,Kosuke Yonamine,Kosuke Yonamine,Kosuke,Yonamine,Kosuke,Yonamine,Kosuke Yonamine,Kosuke Yonamine,,,,,unknown,,1,,Karate,,,,,,,,,
C00302,,Kotsu Oyadomari,Kotsu Oyadomari,Kotsu Oyadomari,Kotsu,Oyadomari,Kotsu,Oyadomari,Kotsu Oyadomari,Kotsu Oyadomari,,,,,unknown,,1,,Karate,,,,,,,,,
Q199889,Q199889,Kumamoto,Kumamoto,Kumamoto,Kumamoto,,Kumamoto,,Kumamoto,Kumamoto,,1611,,,unknown,Kudo|Te,0,https://en.wikipedia.org/wiki/Kumamoto,Kudo,Te,,,,,,,,
C00303,,Kunihiro Kato,Kunihiro Kato,Kunihiro Kato,Kunihiro,Kato,Kunihiro,Kato,Kunihiro Kato,Kunihiro Kato,,,,,unknown,,1,,Karate,,,,,,,,,
C00304,,Kunimasa Kai,Kunimasa Kai,Kunimasa Kai,Kunimasa,Kai,Kunimasa,Kai,Kunimasa Kai,Kunimasa Kai,,,,,unknown,,1,,Karate,,,,,,,,,
C00305,,Kunio Furugen,Kunio Furugen,Kunio Furugen,Kunio,Furugen,Kunio,Furugen,Kunio Furugen,Kunio Furugen,,,,,unknown,,1,,Karate,,,,,,,,,
C00306,,Kunio Higa,Kunio Higa,Kunio Higa,Kunio,Higa,Kunio,Higa,Kunio Higa,Kunio Higa,,,,,unknown,,1,,Karate,,,,,,,,,
C00307,,Kunio Sunagawa,Kunio Sunagawa,Kunio Sunagawa,Kunio,Sunagawa,Kunio,Sunagawa,Kunio Sunagawa,Kunio Sunagawa,,,,,unknown,,1,,Karate,,,,,,,,,
C00308,,Kunyonto Order,Kunyonto Order,Kunyonto Order,Kunyonto,Order,Kunyonto,Order,Kunyonto Order,Kunyonto Order,,,,,unknown,,1,,Karate,,,,,,,,,
Q53842,Q53842,Kuroshio Current,Kuroshio Current,Kuroshio Current,Kuroshio,Current,Kuroshio,Current,Kuroshio Current,Kuroshio Current,1476,2007,1501,1501,unknown,Te,0,https://en.wikipedia.org/wiki/Kuroshio_Current,Te,,,,,,,,,
C00309,,Kusanku Dai,Kusanku Dai,Kusanku Dai,Kusanku,Dai,Kusanku,Dai,Kusanku Dai,Kusanku Dai,,,,,unknown,,1,,Karate,,,,,,,,,
C00310,,Kusanku Sho,Kusanku Sho,Kusanku Sho,Kusanku,Sho,Kusanku,Sho,Kusanku Sho,Kusanku Sho,,,,,unknown,,1,,Karate,,,,,,,,,
C00311,,Kyuyu Kinjo,Kyuyu Kinjo,Kyuyu Kinjo,Kyuyu,Kinjo,Kyuyu,Kinjo,Kyuyu Kinjo,Kyuyu Kinjo,,,,,unknown,,1,,Karate,,,,,,,,,
C00312,,Lee Bates,Lee Bates,Lee Bates,Lee,Bates,Lee,Bates,Lee Bates,Lee Bates,,,,,unknown,,1,,Karate,,,,,,,,,
Q3257815,Q3257815,Loek Hollander,Loek Hollander,Loek Hollander,Loek,Hollander,Loek,Hollander,Loek Hollander,Loek Hollander,1938,2020,1963,1963,unknown,Kyokushin|Karate|Kyokushin-kai|Kyokushinkai|Kyokushinkaikan|Te,0,https://en.wikipedia.org/wiki/Loek_Hollander,Kyokushin,Karate,Kyokushin-kai,Kyokushinkai,Kyokushinkaikan,Te,,,,
C00313,,Lohan Chuan,Lohan Chuan,Lohan Chuan,Lohan,Chuan,Lohan,Chuan,Lohan Chuan,Lohan Chuan,,,,,unknown,,1,,Karate,,,,,,,,,
Q65,Q65,Los Angeles,Los Angeles,Los Angeles,Los,Angeles,Los,Angeles,Los Angeles,Los Angeles,,,,,unknown,Long Beach Press-Telegram|Los Angeles Trade-Technical College|Te,0,https://en.wikipedia.org/wiki/Los_Angeles,Long Beach Press-Telegram,Los Angeles Trade-Technical College,Te,,,,,,,
C00314,,Lu Ta-ting,Lu Ta-ting,Lu Ta-ting,Lu,Ta-ting,Lu,Ta-ting,Lu Ta-ting,Lu Ta-ting,,,,,unknown,,1,,Karate,,,,,,,,,
C00315,,Machiya Buntoku,Machiya Buntoku,Machiya Buntoku,Machiya,Buntoku,Machiya,Buntoku,Machiya Buntoku,Machiya Buntoku,,,,,unknown,,1,,Karate,,,,,,,,,
C00316,,Maeda PECHIN,Maeda PECHIN,Maeda PECHIN,Maeda,PECHIN,Maeda,PECHIN,Maeda PECHIN,Maeda PECHIN,,,,,unknown,,1,,Karate,,,,,,,,,
Q21491914,Q21491914,Maekawa,Maekawa,Maekawa,Maekawa,,Maekawa,,Maekawa,Maekawa,1912,2010,1937,1937,unknown,Te,0,https://en.wikipedia.org/wiki/Maekawa,Te,,,,,,,,,
C00317,,Maiya Arakachi,Maiya Arakachi,Maiya Arakachi,Maiya,Arakachi,Maiya,Arakachi,Maiya Arakachi,Maiya Arakachi,,,,,unknown,,1,,Karate,,,,,,,,,
C00318,,Makabe UDUN,Makabe UDUN,Makabe UDUN,Makabe,UDUN,Makabe,UDUN,Makabe UDUN,Makabe UDUN,,,,,unknown,,1,,Karate,,,,,,,,,
C00319,,Makoto Gima,Makoto Gima,Makoto Gima,Makoto,Gima,Makoto,Gima,Makoto Gima,Makoto Gima,,,,,unknown,,1,,Karate,,,,,,,,,
Q6739958,Q6739958,Makoto Nakamura,Makoto Nakamura,Makoto Nakamura,Makoto,Nakamura,Makoto,Nakamura,Makoto Nakamura,Makoto Nakamura,1970,,1995,1995,unknown,Te,0,https://en.wikipedia.org/wiki/Makoto_Nakamura,Te,,,,,,,,,
C00320,,Makoto Tanizoe,Makoto Tanizoe,Makoto Tanizoe,Makoto,Tanizoe,Makoto,Tanizoe,Makoto Tanizoe,Makoto Tanizoe,,,,,unknown,,1,,Karate,,,,,,,,,
C00321,,Mamori Kama,Mamori Kama,Mamori Kama,Mamori,Kama,Mamori,Kama,Mamori Kama,Mamori Kama,,,,,unknown,,1,,Karate,,,,,,,,,
C00322,,Mamoru Oshiro,Mamoru Oshiro,Mamoru Oshiro,Mamoru,Oshiro,Mamoru,Oshiro,Mamoru Oshiro,Mamoru Oshiro,,,,,unknown,,1,,Karate,,,,,,,,,
Q6753487,Q6753487,Manzo Iwata,Manzo Iwata,Manzo Iwata,Manzo,Iwata,Manzo,Iwata,Manzo Iwata,Manzo Iwata,1924,1993,1949,1949,unknown,Shito-Ryu|in Kobudo|Japanese Karate|Karate|Shito-Kai|Shitoryu|shitoryu|Te,0,https://en.wikipedia.org/wiki/Manzo_Iwata,Shito-Ryu,in Kobudo,Japanese Karate,Karate,Shito-Kai,Shitoryu,shitoryu,Te,,
C00323,,Marine Base,Marine Base,Marine Base,Marine,Base,Marine,Base,Marine Base,Marine Base,,,,,unknown,,1,,Karate,,,,,,,,,
Q1898583,Q1898583,marine force,marine force,marine force,marine,force,marine,force,marine force,marine force,,,,,unknown,counter-terrorism|Te,0,https://en.wikipedia.org/wiki/Marines,counter-terrorism,Te,,,,,,,,
C00324,,Mario Topolsek,Mario Topolsek,Mario Topolsek,Mario,Topolsek,Mario,Topolsek,Mario Topolsek,Mario Topolsek,,,,,unknown,,1,,Karate,,,,,,,,,
Q6766745,Q6766745,Mark Bishop,Mark Bishop,Mark Bishop,Mark,Bishop,Mark,Bishop,Mark Bishop,Mark Bishop,1954,,1979,1979,unknown,Te,0,https://en.wikipedia.org/wiki/Mark_Bishop,Te,,,,,,,,,
Q922328,Q922328,Masahiko Tanaka,Masahiko Tanaka,Masahiko Tanaka,Masahiko,Tanaka,Masahiko,Tanaka,Masahiko Tanaka,Masahiko Tanaka,1954,,1979,1979,unknown,Ryu Shaman King|Te,0,https://en.wikipedia.org/wiki/Masahiko_Tanaka,Ryu Shaman King,Te,,,,,,,,
C00326,,Masahiro Nakamoto,Masahiro Nakamoto,Masahiro Nakamoto,Masahiro,Nakamoto,Masahiro,Nakamoto,Masahiro Nakamoto,Masahiro Nakamoto,,,,,unknown,,1,,Karate,,,,,,,,,
C00327,,Masakatsu Inezuka,Masakatsu Inezuka,Masakatsu Inezuka,Masakatsu,Inezuka,Masakatsu,Inezuka,Masakatsu Inezuka,Masakatsu Inezuka,,,,,unknown,,1,,Karate,,,,,,,,,
C00328,,Masakazu Inezuka,Masakazu Inezuka,Masakazu Inezuka,Masakazu,Inezuka,Masakazu,Inezuka,Masakazu Inezuka,Masakazu Inezuka,,,,,unknown,,1,,Karate,,,,,,,,,
C00329,,Masakazu Miyagi,Masakazu Miyagi,Masakazu Miyagi,Masakazu,Miyagi,Masakazu,Miyagi,Masakazu Miyagi,Masakazu Miyagi,,,,,unknown,,1,,Karate,,,,,,,,,
Q6782517,Q6782517,Masami Chinen,Masami Chinen,Masami Chinen,Masami,Chinen,Masami,Chinen,Masami Chinen,Masami Chinen,1898,1976,1923,1923,Shuri,Shorin-Ryu|Yamanni-Ryu|Okinawan Kobudo|Bugeikan|Karate|Motobu-Ryu|motoburyu|Motoburyu|Okinawan Karate|Te|University of the Ryukyus,0,https://en.wikipedia.org/wiki/Masami_Chinen,Shorin-Ryu,Yamanni-Ryu,Okinawan Kobudo,Bugeikan,Karate,Motobu-Ryu,motoburyu,Motoburyu,Okinawan Karate,Te
C00339,,Masami Nashiro,Masami Nashiro,Masami Nashiro,Masami,Nashiro,Masami,Nashiro,Masami Nashiro,Masami Nashiro,,,,,unknown,,1,,Karate,,,,,,,,,
C00340,,Masamitsu Kinjo,Masamitsu Kinjo,Masamitsu Kinjo,Masamitsu,Kinjo,Masamitsu,Kinjo,Masamitsu Kinjo,Masamitsu Kinjo,,,,,unknown,,1,,Karate,,,,,,,,,
C00341,,Masanao Miyazato,Masanao Miyazato,Masanao Miyazato,Masanao,Miyazato,Masanao,Miyazato,Masanao Miyazato,Masanao Miyazato,,,,,unknown,,1,,Karate,,,,,,,,,
Q845437,Q845437,Masanori Ishikawa,Masanori Ishikawa,Masanori Ishikawa,Masanori,Ishikawa,Masanori,Ishikawa,Masanori Ishikawa,Masanori Ishikawa,1980,,2005,2005,unknown,Te,0,https://en.wikipedia.org/wiki/Masanori_Ishikawa,Te,,,,,,,,,
C00342,,Masao Kawasoe,Masao Kawasoe,Masao Kawasoe,Masao,Kawasoe,Masao,Kawasoe,Masao Kawasoe,Masao Kawasoe,,,,,unknown,,1,,Karate,,,,,,,,,
C00343,,Masao Kinjo,Masao Kinjo,Masao Kinjo,Masao,Kinjo,Masao,Kinjo,Masao Kinjo,Masao Kinjo,,,,,unknown,,1,,Karate,,,,,,,,,
C00344,,Masao Mizutani,Masao Mizutani,Masao Mizutani,Masao,Mizutani,Masao,Mizutani,Masao Mizutani,Masao Mizutani,,,,,unknown,,1,,Karate,,,,,,,,,
C00345,,Masao Yonamine,Masao Yonamine,Masao Yonamine,Masao,Yonamine,Masao,Yonamine,Masao Yonamine,Masao Yonamine,,,,,unknown,,1,,Karate,,,,,,,,,
C00346,,Masaru Takamura,Masaru Takamura,Masaru Takamura,Masaru,Takamura,Masaru,Takamura,Masaru Takamura,Masaru Takamura,,,,,unknown,,1,,Karate,,,,,,,,,
C00347,,Masaru Yonamine,Masaru Yonamine,Masaru Yonamine,Masaru,Yonamine,Masaru,Yonamine,Masaru Yonamine,Masaru Yonamine,,,,,unknown,,1,,Karate,,,,,,,,,
Q384558,Q384558,Masatoshi Nakayama,Masatoshi Nakayama,Masatoshi Nakayama,Masatoshi,Nakayama,Masatoshi,Nakayama,Masatoshi Nakayama,Masatoshi Nakayama,1913,1987,1938,1938,unknown,Shotokan|Karate|and Kobudo|Japanese Karate|Karatenomichi World Federation|Shoto-ryu|Shotokai|Shotokan-ryu|Te,0,https://en.wikipedia.org/wiki/Masatoshi_Nakayama,Shotokan,Karate,and Kobudo,Japanese Karate,Karatenomichi World Federation,Shoto-ryu,Shotokai,Shotokan-ryu,Te,
Q1584213,Q1584213,Masayuki Hisataka,Masayuki Hisataka,Masayuki Hisataka,Masayuki,Hisataka,Masayuki,Hisataka,Masayuki Hisataka,Masayuki Hisataka,1940,,1965,1965,unknown,Shorinjiryu Kenkokan|Japanese Karate|Karate|Shorinji-Ryu|Shorinjiryu|Shorinjiryu Kenkokan Karate|Te,0,https://en.wikipedia.org/wiki/Masayuki_Hisataka,Shorinjiryu Kenkokan,Japanese Karate,Karate,Shorinji-Ryu,Shorinjiryu,Shorinjiryu Kenkokan Karate,Te,,,
Q294548,Q294548,Mas Oyama,Mas Oyama,Mas Oyama,Mas,Oyama,Mas,Oyama,Mas Oyama,Mas Oyama,1923,1994,1948,1948,unknown,Kyokushin|Goju-Ryu|Shotokan|Chinese Martial Arts|Karate|Kenpo|Kung Fu|Kyokugenryu|Kyokushin Karate|Kyokushin-kai|kyokushinkai|Kyokushinkai|kyokushinkaikan|Kyokushinkaikan|Ryu Street Fighter|Te,0,https://en.wikipedia.org/wiki/Mas_Oyama,Kyokushin,Goju-Ryu,Shotokan,Chinese Martial Arts,Karate,Kenpo,Kung Fu,Kyokugenryu,Kyokushin Karate,Kyokushin-kai
C00358,,Matsu Kanagusuku,Matsu Kanagusuku,Matsu Kanagusuku,Matsu,Kanagusuku,Matsu,Kanagusuku,Matsu Kanagusuku,Matsu Kanagusuku,,,,,unknown,,1,,Karate,,,,,,,,,
C00359,,Matsu Kinjo,Matsu Kinjo,Matsu Kinjo,Matsu,Kinjo,Matsu,Kinjo,Matsu Kinjo,Matsu Kinjo,,,,,unknown,,1,,Karate,,,,,,,,,
C00360,,Matsumura Orthodox,Matsumura Orthodox,Matsumura Orthodox,Matsumura,Orthodox,Matsumura,Orthodox,Matsumura Orthodox,Matsumura Orthodox,,,,,unknown,,1,,Karate,,,,,,,,,
C00362,,Matsuo Kawada,Matsuo Kawada,Matsuo Kawada,Matsuo,Kawada,Matsuo,Kawada,Matsuo Kawada,Matsuo Kawada,,,,,unknown,,1,,Karate,,,,,,,,,
C00363,,Matsutaro Ire,Matsutaro Ire,Matsutaro Ire,Matsutaro,Ire,Matsutaro,Ire,Matsutaro Ire,Matsutaro Ire,,,,,unknown,,1,,Karate,,,,,,,,,
Q16016038,Q16016038,Meitoku Yagi,Meitoku Yagi,Meitoku Yagi,Meitoku,Yagi,Meitoku,Yagi,Meitoku Yagi,Meitoku Yagi,1912,2003,1937,1937,Naha,Goju-Ryu|Karate|Meibukan|Okinawan Karate|Te,0,https://en.wikipedia.org/wiki/Meitoku_Yagi,Goju-Ryu,Karate,Meibukan,Okinawan Karate,Te,,,,,
C00364,,Meiyu Kinjo,Meiyu Kinjo,Meiyu Kinjo,Meiyu,Kinjo,Meiyu,Kinjo,Meiyu Kinjo,Meiyu Kinjo,,,,,unknown,,1,,Karate,,,,,,,,,
C00365,,Meiyu Takara,Meiyu Takara,Meiyu Takara,Meiyu,Takara,Meiyu,Takara,Meiyu Takara,Meiyu Takara,,,,,unknown,,1,,Karate,,,,,,,,,
C00366,,Miinshiin Higa,Miinshiin Higa,Miinshiin Higa,Miinshiin,Higa,Miinshiin,Higa,Miinshiin Higa,Miinshiin Higa,,,,,unknown,,1,,Karate,,,,,,,,,
Q665589,Q665589,Mikio Yahara,Mikio Yahara,Mikio Yahara,Mikio,Yahara,Mikio,Yahara,Mikio Yahara,Mikio Yahara,1947,,1972,1972,unknown,Shotokan|Japanese Karate|Karate|Karatenomichi World Federation|Te,0,https://en.wikipedia.org/wiki/Mikio_Yahara,Shotokan,Japanese Karate,Karate,Karatenomichi World Federation,Te,,,,,
C00367,,Minoru Kinjo,Minoru Kinjo,Minoru Kinjo,Minoru,Kinjo,Minoru,Kinjo,Minoru Kinjo,Minoru Kinjo,,,,,unknown,,1,,Karate,,,,,,,,,
C00368,,Minoru Nakazato,Minoru Nakazato,Minoru Nakazato,Minoru,Nakazato,Minoru,Nakazato,Minoru Nakazato,Minoru Nakazato,,,,,unknown,,1,,Karate,,,,,,,,,
C00369,,Mitsuhiko Kinjo,Mitsuhiko Kinjo,Mitsuhiko Kinjo,Mitsuhiko,Kinjo,Mitsuhiko,Kinjo,Mitsuhiko Kinjo,Mitsuhiko Kinjo,,,,,unknown,,1,,Karate,,,,,,,,,
C00370,,Mitsuo Inoue,Mitsuo Inoue,Mitsuo Inoue,Mitsuo,Inoue,Mitsuo,Inoue,Mitsuo Inoue,Mitsuo Inoue,,,,,unknown,,1,,Karate,,,,,,,,,
C00371,,Mitsuo Miyazato,Mitsuo Miyazato,Mitsuo Miyazato,Mitsuo,Miyazato,Mitsuo,Miyazato,Mitsuo Miyazato,Mitsuo Miyazato,,,,,unknown,,1,,Karate,,,,,,,,,
Q6884566,Q6884566,Miyuki Miura,Miyuki Miura,Miyuki Miura,Miyuki,Miura,Miyuki,Miura,Miyuki Miura,Miyuki Miura,1949,,1974,1974,unknown,Shotokan|Karate|Kyokushin kaikan|Kyokushin|Japanese Karate|Kyokushin-kai|kyokushinkai|KYOKUSHINKAI|KYOKUSHINKAIKAN|Te,0,https://en.wikipedia.org/wiki/Miyuki_Miura,Shotokan,Karate,Kyokushin kaikan,Kyokushin,Japanese Karate,Kyokushin-kai,kyokushinkai,KYOKUSHINKAI,KYOKUSHINKAIKAN,Te
C00373,,Moden Yabiku,Moden Yabiku,Moden Yabiku,Moden,Yabiku,Moden,Yabiku,Moden Yabiku,Moden Yabiku,,,,,unknown,,1,,Karate,,,,,,,,,
C00374,,Morimasa Arakaki,Morimasa Arakaki,Morimasa Arakaki,Morimasa,Arakaki,Morimasa,Arakaki,Morimasa Arakaki,Morimasa Arakaki,,,,,unknown,,1,,Karate,,,,,,,,,
C00375,,Morinobu Maeshiro,Morinobu Maeshiro,Morinobu Maeshiro,Morinobu,Maeshiro,Morinobu,Maeshiro,Morinobu Maeshiro,Morinobu Maeshiro,,,,,unknown,,1,,Karate,,,,,,,,,
Q2599967,Q2599967,Morio Higaonna,Morio Higaonna,Morio Higaonna,Morio,Higaonna,Morio,Higaonna,Morio Higaonna,Morio Higaonna,1938,,1963,1963,Shuri,Goju-Ryu|Karate|Shorin-Ryu|Naha-te|and Kobudo|Goju-ryu karate|International Okinawan Goju-Ryu Karate-do Federation|Japanese Karate|Japanese Kobudo|Jundokan|Nihon Kobudo|Okinawan Goju-ryu|Okinawan Karate|Te,0,https://en.wikipedia.org/wiki/Morio_Higaonna,Goju-Ryu,Karate,Shorin-Ryu,Naha-te,and Kobudo,Goju-ryu karate,International Okinawan Goju-Ryu Karate-do Federation,Japanese Karate,Japanese Kobudo,Jundokan
C00376,,Motobu Saru,Motobu Saru,Motobu Saru,Motobu,Saru,Motobu,Saru,Motobu Saru,Motobu Saru,,,,,unknown,,1,,Karate,,,,,,,,,
Q6956791,Q6956791,Nabe Matsumura,Nabe Matsumura,Nabe Matsumura,Nabe,Matsumura,Nabe,Matsumura,Nabe Matsumura,Nabe Matsumura,1860,1930,1885,1885,unknown,Shorin-Ryu|Isshin-Ryu|Isshinryu|isshinryu|Karate|Okinawan Karate|Te|White Crane,0,https://en.wikipedia.org/wiki/Nabe_Matsumura,Shorin-Ryu,Isshin-Ryu,Isshinryu,isshinryu,Karate,Okinawan Karate,Te,White Crane,,
C00377,,Nago High,Nago High,Nago High,Nago,High,Nago,High,Nago High,Nago High,,,,,unknown,,1,,Karate,,,,,,,,,
C00378,,Naha Area,Naha Area,Naha Area,Naha,Area,Naha,Area,Naha Area,Naha Area,,,,,unknown,,1,,Karate,,,,,,,,,
Q181966,Q181966,Naha,Naha,Naha,Naha,,Naha,,Naha,Naha,,,,,Shuri,Goju-Ryu|Uechi-Ryu|Ryuei-Ryu|Naha-te|Bank of the Ryukyus|Invasion of Ryukyu|Karate|Ryu ga Gotoku 3|Te|Toon-Ryu|University of the Ryukyus,0,https://en.wikipedia.org/wiki/Naha,Goju-Ryu,Uechi-Ryu,Ryuei-Ryu,Naha-te,Bank of the Ryukyus,Invasion of Ryukyu,Karate,Ryu ga Gotoku 3,Te,Toon-Ryu
C00379,,Naha Courthouse,Naha Courthouse,Naha Courthouse,Naha,Courthouse,Naha,Courthouse,Naha Courthouse,Naha Courthouse,,,,,unknown,,1,,Karate,,,,,,,,,
C00380,,Naha Municipal,Naha Municipal,Naha Municipal,Naha,Municipal,Naha,Municipal,Naha Municipal,Naha Municipal,,,,,unknown,,1,,Karate,,,,,,,,,
C00381,,Naihanchi Ichi,Naihanchi Ichi,Naihanchi Ichi,Naihanchi,Ichi,Naihanchi,Ichi,Naihanchi Ichi,Naihanchi Ichi,,,,,unknown,,1,,Karate,,,,,,,,,
C00382,,Naihanchi Nidan,Naihanchi Nidan,Naihanchi Nidan,Naihanchi,Nidan,Naihanchi,Nidan,Naihanchi Nidan,Naihanchi Nidan,,,,,unknown,,1,,Karate,,,,,,,,,
C00383,,Naihanchi Sandan,Naihanchi Sandan,Naihanchi Sandan,Naihanchi,Sandan,Naihanchi,Sandan,Naihanchi Sandan,Naihanchi Sandan,,,,,unknown,,1,,Karate,,,,,,,,,
C00384,,Naihanchi Shodan,Naihanchi Shodan,Naihanchi Shodan,Naihanchi,Shodan,Naihanchi,Shodan,Naihanchi Shodan,Naihanchi Shodan,,,,,unknown,,1,,Karate,,,,,,,,,
Q6960159,Q6960159,Nakahara,Nakahara,Nakahara,Nakahara,,Nakahara,,Nakahara,Nakahara,,,,,unknown,,0,https://en.wikipedia.org/wiki/Nakahara,Karate,,,,,,,,,
C00385,,Nanko Mine,Nanko Mine,Nanko Mine,Nanko,Mine,Nanko,Mine,Nanko Mine,Nanko Mine,,,,,unknown,,1,,Karate,,,,,,,,,
C00386,,Nansoye Shaolin,Nansoye Shaolin,Nansoye Shaolin,Nansoye,Shaolin,Nansoye,Shaolin,Nansoye Shaolin,Nansoye Shaolin,,,,,unknown,,1,,Karate,,,,,,,,,
C00387,,Narihiko Takamura,Narihiko Takamura,Narihiko Takamura,Narihiko,Takamura,Narihiko,Takamura,Narihiko Takamura,Narihiko Takamura,,,,,unknown,,1,,Karate,,,,,,,,,
C00388,,Natsukichi Shimabuku,Natsukichi Shimabuku,Natsukichi Shimabuku,Natsukichi,Shimabuku,Natsukichi,Shimabuku,Natsukichi Shimabuku,Natsukichi Shimabuku,,,,,unknown,,1,,Karate,,,,,,,,,
Q664,Q664,New Zealand,New Zealand,New Zealand,New,Zealand,New,Zealand,New Zealand,New Zealand,,5886,,,unknown,Te,0,https://en.wikipedia.org/wiki/New_Zealand,Te,,,,,,,,,
C00389,,Noboru Amakawa,Noboru Amakawa,Noboru Amakawa,Noboru,Amakawa,Noboru,Amakawa,Noboru Amakawa,Noboru Amakawa,,,,,unknown,,1,,Karate,,,,,,,,,
C00390,,Noboru Isakawa,Noboru Isakawa,Noboru Isakawa,Noboru,Isakawa,Noboru,Isakawa,Noboru Isakawa,Noboru Isakawa,,,,,unknown,,1,,Karate,,,,,,,,,
C00391,,Noboru Miyagi,Noboru Miyagi,Noboru Miyagi,Noboru,Miyagi,Noboru,Miyagi,Noboru Miyagi,Noboru Miyagi,,,,,unknown,,1,,Karate,,,,,,,,,
C00392,,Noboru Teruya,Noboru Teruya,Noboru Teruya,Noboru,Teruya,Noboru,Teruya,Noboru Teruya,Noboru Teruya,,,,,unknown,,1,,Karate,,,,,,,,,
C00393,,Noboru Uchima,Noboru Uchima,Noboru Uchima,Noboru,Uchima,Noboru,Uchima,Noboru Uchima,Noboru Uchima,,,,,unknown,,1,,Karate,,,,,,,,,
C00394,,Noboyuki Iguchi,Noboyuki Iguchi,Noboyuki Iguchi,Noboyuki,Iguchi,Noboyuki,Iguchi,Noboyuki Iguchi,Noboyuki Iguchi,,,,,unknown,,1,,Karate,,,,,,,,,
C00395,,Nobuo Miyazato,Nobuo Miyazato,Nobuo Miyazato,Nobuo,Miyazato,Nobuo,Miyazato,Nobuo Miyazato,Nobuo Miyazato,,,,,unknown,,1,,Karate,,,,,,,,,
Q16797282,Q16797282,Noel Smith,Noel Smith,Noel Smith,Noel,Smith,Noel,Smith,Noel Smith,Noel Smith,1895,1955,1920,1920,unknown,Te,0,https://en.wikipedia.org/wiki/Noel_Smith,Te,,,,,,,,,
C00396,,Norisato Nakaima,Norisato Nakaima,Norisato Nakaima,Norisato,Nakaima,Norisato,Nakaima,Norisato Nakaima,Norisato Nakaima,,,,,unknown,,1,,Karate,,,,,,,,,
C00397,,Noriyasu Kinjo,Noriyasu Kinjo,Noriyasu Kinjo,Noriyasu,Kinjo,Noriyasu,Kinjo,Noriyasu Kinjo,Noriyasu Kinjo,,,,,unknown,,1,,Karate,,,,,,,,,
Q49,Q49,North America,North America,North America,North,America,North,America,North America,North America,,2004,,,unknown,Basse-Terre|Te,0,https://en.wikipedia.org/wiki/North_America,Basse-Terre,Te,,,,,,,,
C00398,,Nowadays Higa,Nowadays Higa,Nowadays Higa,Nowadays,Higa,Nowadays,Higa,Nowadays Higa,Nowadays Higa,,,,,unknown,,1,,Karate,,,,,,,,,
Q403803,Q403803,Number One,Number One,Number One,Number,One,Number,One,Number One,Number One,,,,,unknown,Te,0,https://en.wikipedia.org/wiki/Number_One,Te,,,,,,,,,
Q328615,Q328615,Okinawa,Okinawa,Okinawa,Okinawa,,Okinawa,,Okinawa,Okinawa,,,,,Naha,Karate|Te|United States Civil Administration of the Ryukyu Islands|United States Military Government of the Ryukyu Islands,0,https://en.wikipedia.org/wiki/Okinawa_(city),Karate,Te,United States Civil Administration of the Ryukyu Islands,United States Military Government of the Ryukyu Islands,,,,,,
C00401,,Okinawa Kenpo,Okinawa Kenpo,Okinawa Kenpo,Okinawa,Kenpo,Okinawa,Kenpo,Okinawa Kenpo,Okinawa Kenpo,,,,,unknown,,1,,Karate,,,,,,,,,
C00402,,Okinawa Prefectural,Okinawa Prefectural,Okinawa Prefectural,Okinawa,Prefectural,Okinawa,Prefectural,Okinawa Prefectural,Okinawa Prefectural,,,,,unknown,,1,,Karate,,,,,,,,,
C00403,,Okinawa Shorin,Okinawa Shorin,Okinawa Shorin,Okinawa,Shorin,Okinawa,Shorin,Okinawa Shorin,Okinawa Shorin,,,,,unknown,,1,,Karate,,,,,,,,,
Q4539628,Q4539628,The Okinawa Times,The Okinawa Times,The Okinawa Times,The,Okinawa Times,The,Okinawa Times,The Okinawa Times,The Okinawa Times,,,,,Naha,Te,0,https://en.wikipedia.org/wiki/Okinawa_Times,Te,,,,,,,,,
C00404,,One-Eyed Toguchi,One-Eyed Toguchi,One-Eyed Toguchi,One-Eyed,Toguchi,One-Eyed,Toguchi,One-Eyed Toguchi,One-Eyed Toguchi,,,,,unknown,,1,,Karate,,,,,,,,,
C00405,,Oni Bucho,Oni Bucho,Oni Bucho,Oni,Bucho,Oni,Bucho,Oni Bucho,Oni Bucho,,,,,unknown,,1,,Karate,,,,,,,,,
C00406,,Onna Village,Onna Village,Onna Village,Onna,Village,Onna,Village,Onna Village,Onna Village,,,,,unknown,,1,,Karate,,,,,,,,,
C00407,,Open Freesparring,Open Freesparring,Open Freesparring,Open,Freesparring,Open,Freesparring,Open Freesparring,Open Freesparring,,,,,unknown,,1,,Karate,,,,,,,,,
C00408,,Orthodox Shorin,Orthodox Shorin,Orthodox Shorin,Orthodox,Shorin,Orthodox,Shorin,Orthodox Shorin,Orthodox Shorin,,,,,unknown,,1,,Karate,,,,,,,,,
C00409,,Osamu Ozawa,Osamu Ozawa,Osamu Ozawa,Osamu,Ozawa,Osamu,Ozawa,Osamu Ozawa,Osamu Ozawa,,,,,unknown,,1,,Karate,,,,,,,,,
C00410,,Passai Dai,Passai Dai,Passai Dai,Passai,Dai,Passai,Dai,Passai Dai,Passai Dai,,,,,unknown,,1,,Karate,,,,,,,,,
C00411,,Passai Sho,Passai Sho,Passai Sho,Passai,Sho,Passai,Sho,Passai Sho,Passai Sho,,,,,unknown,,1,,Karate,,,,,,,,,
Q7147128,Q7147128,Patrick McCarthy,Patrick McCarthy,Patrick McCarthy,Patrick,McCarthy,Patrick,McCarthy,Patrick McCarthy,Patrick McCarthy,1848,1921,1873,1873,unknown,Te,0,https://en.wikipedia.org/wiki/Patrick_McCarthy,Te,,,,,,,,,
Q115091,Q115091,Peter Urban,Peter Urban,Peter Urban,Peter,Urban,Peter,Urban,Peter Urban,Peter Urban,1934,2009,1959,1959,unknown,Karate|Te,0,https://en.wikipedia.org/wiki/Peter_Urban,Karate,Te,,,,,,,,
C00412,,Pinan Godan,Pinan Godan,Pinan Godan,Pinan,Godan,Pinan,Godan,Pinan Godan,Pinan Godan,,,,,unknown,,1,,Karate,,,,,,,,,
C00413,,Pinan Ichi,Pinan Ichi,Pinan Ichi,Pinan,Ichi,Pinan,Ichi,Pinan Ichi,Pinan Ichi,,,,,unknown,,1,,Karate,,,,,,,,,
C00414,,Pinan Nidan,Pinan Nidan,Pinan Nidan,Pinan,Nidan,Pinan,Nidan,Pinan Nidan,Pinan Nidan,,,,,unknown,,1,,Karate,,,,,,,,,
C00415,,Pinan San,Pinan San,Pinan San,Pinan,San,Pinan,San,Pinan San,Pinan San,,,,,unknown,,1,,Karate,,,,,,,,,
C00416,,Pinan Sandan,Pinan Sandan,Pinan Sandan,Pinan,Sandan,Pinan,Sandan,Pinan Sandan,Pinan Sandan,,,,,unknown,,1,,Karate,,,,,,,,,
Q1465287,Q1465287,Pinan,Pinan,Pinan,Pinan,,Pinan,,Pinan,Pinan,1870,,1895,1895,Shuri,Karate|Kyokushin|Shito-Ryu|Shorin-Ryu|Shotokan|Wado-Ryu|Matsubayashi-Ryu|Kempo|Kobayashi-ryu|Kushin-Ryu|Motobu-Ryu|Shindo Jinen Ryu|Shinki-Ryu|Shorei-ryu|Shukokai|Tang Soo Do|Te,0,https://en.wikipedia.org/wiki/Pinan,Karate,Kyokushin,Shito-Ryu,Shorin-Ryu,Shotokan,Wado-Ryu,Matsubayashi-Ryu,Kempo,Kobayashi-ryu,Kushin-Ryu
C00417,,Pinan Yon,Pinan Yon,Pinan Yon,Pinan,Yon,Pinan,Yon,Pinan Yon,Pinan Yon,,,,,unknown,,1,,Karate,,,,,,,,,
C00418,,Pinan Yondan,Pinan Yondan,Pinan Yondan,Pinan,Yondan,Pinan,Yondan,Pinan Yondan,Pinan Yondan,,,,,unknown,,1,,Karate,,,,,,,,,
Q157763,Q157763,Prunus mume,Prunus mume,Prunus mume,Prunus,mume,Prunus,mume,Prunus mume,Prunus mume,2012,,2037,2037,unknown,Kung Fu|Te,0,https://en.wikipedia.org/wiki/Prunus_mume,Kung Fu,Te,,,,,,,,
C00419,,Popularisation Society,Popularisation Society,Popularisation Society,Popularisation,Society,Popularisation,Society,Popularisation Society,Popularisation Society,,,,,unknown,,1,,Karate,,,,,,,,,
C00420,,Prefectural Agricultural,Prefectural Agricultural,Prefectural Agricultural,Prefectural,Agricultural,Prefectural,Agricultural,Prefectural Agricultural,Prefectural Agricultural,,,,,unknown,,1,,Karate,,,,,,,,,
C00421,,Prefectural Dai,Prefectural Dai,Prefectural Dai,Prefectural,Dai,Prefectural,Dai,Prefectural Dai,Prefectural Dai,,,,,unknown,,1,,Karate,,,,,,,,,
C00422,,Prefectural Education,Prefectural Education,Prefectural Education,Prefectural,Education,Prefectural,Education,Prefectural Education,Prefectural Education,,,,,unknown,,1,,Karate,,,,,,,,,
C00423,,Prefectural Office,Prefectural Office,Prefectural Office,Prefectural,Office,Prefectural,Office,Prefectural Office,Prefectural Office,,,,,unknown,,1,,Karate,,,,,,,,,
C00424,,Prefectural Teachers,Prefectural Teachers,Prefectural Teachers,Prefectural,Teachers,Prefectural,Teachers,Prefectural Teachers,Prefectural Teachers,,,,,unknown,,1,,Karate,,,,,,,,,
C00425,,Preservation Society,Preservation Society,Preservation Society,Preservation,Society,Preservation,Society,Preservation Society,Preservation Society,,,,,unknown,,1,,Karate,,,,,,,,,
C00427,,Ranho Maezato,Ranho Maezato,Ranho Maezato,Ranho,Maezato,Ranho,Maezato,Ranho Maezato,Ranho Maezato,,,,,unknown,,1,,Karate,,,,,,,,,
Q847709,Q847709,Red Beard,Red Beard,Red Beard,Red,Beard,Red,Beard,Red Beard,Red Beard,,,,,unknown,Chishu Ryu|Te,0,https://en.wikipedia.org/wiki/Red_Beard,Chishu Ryu,Te,,,,,,,,
C00428,,Research Club,Research Club,Research Club,Research,Club,Research,Club,Research Club,Research Club,,,,,unknown,,1,,Karate,,,,,,,,,
C00429,,Robert Donnely,Robert Donnely,Robert Donnely,Robert,Donnely,Robert,Donnely,Robert Donnely,Robert Donnely,,,,,unknown,,1,,Karate,,,,,,,,,
Q7350475,Q7350475,Robert Trias,Robert Trias,Robert Trias,Robert,Trias,Robert,Trias,Robert Trias,Robert Trias,1923,1989,1948,1948,Shuri,Shuri-ryu|Goju-Ryu|Shuri-te|Gojuryu|Karate|Kenpo|Okinawan Karate|Te,0,https://en.wikipedia.org/wiki/Robert_Trias,Shuri-ryu,Goju-Ryu,Shuri-te,Gojuryu,Karate,Kenpo,Okinawan Karate,Te,,
C00430,,Rod Lipka,Rod Lipka,Rod Lipka,Rod,Lipka,Rod,Lipka,Rod Lipka,Rod Lipka,,,,,unknown,,1,,Karate,,,,,,,,,
Q954330,Q954330,Ryu Ryu Ko,Ryū Ryū Ko,Ryu Ryu Ko,Ryū,Ryū Ko,Ryu,Ryu Ko,Ryū Ryū Ko,Ryu Ryu Ko,1852,1930,1877,1877,Naha,Ryuei-Ryu|Fujian White Crane|Goju-Ryu|Naha-te|Fujian White|gojuryu|Karate|Karate Kobudo|Kung Fu|Ryueiryu|ryueiryu|Te|White Crane,0,https://en.wikipedia.org/wiki/Ry%C5%AB_Ry%C5%AB_Ko,Ryuei-Ryu,Fujian White Crane,Goju-Ryu,Naha-te,Fujian White,gojuryu,Karate,Karate Kobudo,Kung Fu,Ryueiryu
C00432,,Ryoichi Onis,Ryoichi Onis,Ryoichi Onis,Ryoichi,Onis,Ryoichi,Onis,Ryoichi Onis,Ryoichi Onis,,,,,unknown,,1,,Karate,,,,,,,,,
C00433,,Ryokichi Tomoyose,Ryokichi Tomoyose,Ryokichi Tomoyose,Ryokichi,Tomoyose,Ryokichi,Tomoyose,Ryokichi Tomoyose,Ryokichi Tomoyose,,,,,unknown,,1,,Karate,,,,,,,,,
C00434,,Ryoko Chibana,Ryoko Chibana,Ryoko Chibana,Ryoko,Chibana,Ryoko,Chibana,Ryoko Chibana,Ryoko Chibana,,,,,unknown,,1,,Karate,,,,,,,,,
C00435,,Ryomei Tamaki,Ryomei Tamaki,Ryomei Tamaki,Ryomei,Tamaki,Ryomei,Tamaki,Ryomei Tamaki,Ryomei Tamaki,,,,,unknown,,1,,Karate,,,,,,,,,
C00436,,Ryosei Kuwae,Ryosei Kuwae,Ryosei Kuwae,Ryosei,Kuwae,Ryosei,Kuwae,Ryosei Kuwae,Ryosei Kuwae,,,,,unknown,,1,,Karate,,,,,,,,,
C00437,,Ryosho Goya,Ryosho Goya,Ryosho Goya,Ryosho,Goya,Ryosho,Goya,Ryosho Goya,Ryosho Goya,,,,,unknown,,1,,Karate,,,,,,,,,
C00438,,Ryuko Tomoyose,Ryuko Tomoyose,Ryuko Tomoyose,Ryuko,Tomoyose,Ryuko,Tomoyose,Ryuko Tomoyose,Ryuko Tomoyose,,,,,unknown,,1,,Karate,,,,,,,,,
C00439,,Ryukyu Shorin,Ryukyu Shorin,Ryukyu Shorin,Ryukyu,Shorin,Ryukyu,Shorin,Ryukyu Shorin,Ryukyu Shorin,,,,,unknown,,1,,Karate,,,,,,,,,
C00440,,Ryusho Sakagami,Ryusho Sakagami,Ryusho Sakagami,Ryusho,Sakagami,Ryusho,Sakagami,Ryusho Sakagami,Ryusho Sakagami,,,,,unknown,,1,,Karate,,,,,,,,,
C00441,,Ryuyu Tomoyose,Ryuyu Tomoyose,Ryuyu Tomoyose,Ryuyu,Tomoyose,Ryuyu,Tomoyose,Ryuyu Tomoyose,Ryuyu Tomoyose,,,,,unknown,,1,,Karate,,,,,,,,,
C00442,,Saburo Miyagi,Saburo Miyagi,Saburo Miyagi,Saburo,Miyagi,Saburo,Miyagi,Saburo Miyagi,Saburo Miyagi,,,,,unknown,,1,,Karate,,,,,,,,,
C00443,,Saburo Tokashiki,Saburo Tokashiki,Saburo Tokashiki,Saburo,Tokashiki,Saburo,Tokashiki,Saburo Tokashiki,Saburo Tokashiki,,,,,unknown,,1,,Karate,,,,,,,,,
C00444,,Saburo Uehara,Saburo Uehara,Saburo Uehara,Saburo,Uehara,Saburo,Uehara,Saburo Uehara,Saburo Uehara,,,,,unknown,,1,,Karate,,,,,,,,,
C00445,,Sacred Treasure,Sacred Treasure,Sacred Treasure,Sacred,Treasure,Sacred,Treasure,Sacred Treasure,Sacred Treasure,,,,,unknown,,1,,Karate,,,,,,,,,
C00446,,Sadao Miyazato,Sadao Miyazato,Sadao Miyazato,Sadao,Miyazato,Sadao,Miyazato,Sadao Miyazato,Sadao Miyazato,,,,,unknown,,1,,Karate,,,,,,,,,
C00447,,Saikyo Kojo,Saikyo Kojo,Saikyo Kojo,Saikyo,Kojo,Saikyo,Kojo,Saikyo Kojo,Saikyo Kojo,,,,,unknown,,1,,Karate,,,,,,,,,
Q193428,Q193428,Sakai,Sakai,Sakai,Sakai,,Sakai,,Sakai,Sakai,,,,,unknown,Karate|Te,0,https://en.wikipedia.org/wiki/Sakai,Karate,Te,,,,,,,,
C00448,,Sakihara PECHIN,Sakihara PECHIN,Sakihara PECHIN,Sakihara,PECHIN,Sakihara,PECHIN,Sakihara PECHIN,Sakihara PECHIN,,,,,unknown,,1,,Karate,,,,,,,,,
C00449,,Sanda Chinen,Sanda Chinen,Sanda Chinen,Sanda,Chinen,Sanda,Chinen,Sanda Chinen,Sanda Chinen,,,,,unknown,,1,,Karate,,,,,,,,,
C00450,,Sanda Kanagusuku,Sanda Kanagusuku,Sanda Kanagusuku,Sanda,Kanagusuku,Sanda,Kanagusuku,Sanda Kanagusuku,Sanda Kanagusuku,,,,,unknown,,1,,Karate,,,,,,,,,
Q16552,Q16552,San Diego,San Diego,San Diego,San,Diego,San,Diego,San Diego,San Diego,1985,2007,2010,2010,unknown,Te,0,https://en.wikipedia.org/wiki/San_Diego,Te,,,,,,,,,
Q7418861,Q7418861,Sannosuke Ueshima,Sannosuke Ueshima,Sannosuke Ueshima,Sannosuke,Ueshima,Sannosuke,Ueshima,Sannosuke Ueshima,Sannosuke Ueshima,1893,1987,1918,1918,Shuri,Kushin-Ryu|Kodokan Judo|Goju-Ryu|Shorin-Ryu|Shuri-te|Tomari-te|Japanese Karate|Karate|Kodokan|Okinawan Karate|Te,0,https://en.wikipedia.org/wiki/Sannosuke_Ueshima,Kushin-Ryu,Kodokan Judo,Goju-Ryu,Shorin-Ryu,Shuri-te,Tomari-te,Japanese Karate,Karate,Kodokan,Okinawan Karate
Q174,Q174,Sao Paulo,São Paulo,Sao Paulo,São,Paulo,Sao,Paulo,São Paulo,Sao Paulo,,,,,Naha,Te,0,https://en.wikipedia.org/wiki/S%C3%A3o_Paulo,Te,,,,,,,,,
C00451,,Satoru Araki,Satoru Araki,Satoru Araki,Satoru,Araki,Satoru,Araki,Satoru Araki,Satoru Araki,,,,,unknown,,1,,Karate,,,,,,,,,
C00452,,Sazan Kozan,Sazan Kozan,Sazan Kozan,Sazan,Kozan,Sazan,Kozan,Sazan Kozan,Sazan Kozan,,,,,unknown,,1,,Karate,,,,,,,,,
C00453,,Schilling Recreation,Schilling Recreation,Schilling Recreation,Schilling,Recreation,Schilling,Recreation,Schilling Recreation,Schilling Recreation,,,,,unknown,,1,,Karate,,,,,,,,,
C00454,,Seibu Tomigawa,Seibu Tomigawa,Seibu Tomigawa,Seibu,Tomigawa,Seibu,Tomigawa,Seibu Tomigawa,Seibu Tomigawa,,,,,unknown,,1,,Karate,,,,,,,,,
Q7446670,Q7446670,Seigi Nakamura,Seigi Nakamura,Seigi Nakamura,Seigi,Nakamura,Seigi,Nakamura,Seigi Nakamura,Seigi Nakamura,1924,1999,1949,1949,Naha,Shorin-Ryu|Goju-Ryu|Karate|Okinawan Karate|Shorin-ryu Kishaba Juku|Te,0,https://en.wikipedia.org/wiki/Seigi_Nakamura,Shorin-Ryu,Goju-Ryu,Karate,Okinawan Karate,Shorin-ryu Kishaba Juku,Te,,,,
C00465,,Seigi Shiroma,Seigi Shiroma,Seigi Shiroma,Seigi,Shiroma,Seigi,Shiroma,Seigi Shiroma,Seigi Shiroma,,,,,unknown,,1,,Karate,,,,,,,,,
C00466,,Seigoro Koizumi,Seigoro Koizumi,Seigoro Koizumi,Seigoro,Koizumi,Seigoro,Koizumi,Seigoro Koizumi,Seigoro Koizumi,,,,,unknown,,1,,Karate,,,,,,,,,
Q7446703,Q7446703,Seiichi Iju,Seiichi Iju,Seiichi Iju,Seiichi,Iju,Seiichi,Iju,Seiichi Iju,Seiichi Iju,2011,,2036,2036,unknown,Shito-Ryu|Shorin-Ryu|Shotokan|Karate|Kobayashi Shorin-Ryu|Okinawan Karate|Shorin-ryu Shorinkan|Shorinkan|shorinkan|shorinryushorinkan|Te,0,https://en.wikipedia.org/wiki/Seiichi_Iju,Shito-Ryu,Shorin-Ryu,Shotokan,Karate,Kobayashi Shorin-Ryu,Okinawan Karate,Shorin-ryu Shorinkan,Shorinkan,shorinkan,shorinryushorinkan
C00467,,Seiichiro Higa,Seiichiro Higa,Seiichiro Higa,Seiichiro,Higa,Seiichiro,Higa,Seiichiro Higa,Seiichiro Higa,,,,,unknown,,1,,Karate,,,,,,,,,
C00468,,Seiichi Shiroma,Seiichi Shiroma,Seiichi Shiroma,Seiichi,Shiroma,Seiichi,Shiroma,Seiichi Shiroma,Seiichi Shiroma,,,,,unknown,,1,,Karate,,,,,,,,,
C00469,,Seiichi Taba,Seiichi Taba,Seiichi Taba,Seiichi,Taba,Seiichi,Taba,Seiichi Taba,Seiichi Taba,,,,,unknown,,1,,Karate,,,,,,,,,
C00470,,Seiji Inamine,Seiji Inamine,Seiji Inamine,Seiji,Inamine,Seiji,Inamine,Seiji Inamine,Seiji Inamine,,,,,unknown,,1,,Karate,,,,,,,,,
C00471,,Seijin Inamine,Seijin Inamine,Seijin Inamine,Seijin,Inamine,Seijin,Inamine,Seijin Inamine,Seijin Inamine,,,,,unknown,,1,,Karate,,,,,,,,,
C00472,,Seijiro Maehara,Seijiro Maehara,Seijiro Maehara,Seijiro,Maehara,Seijiro,Maehara,Seijiro Maehara,Seijiro Maehara,,,,,unknown,,1,,Karate,,,,,,,,,
C00473,,Seiken Tamanaha,Seiken Tamanaha,Seiken Tamanaha,Seiken,Tamanaha,Seiken,Tamanaha,Seiken Tamanaha,Seiken Tamanaha,,,,,unknown,,1,,Karate,,,,,,,,,
C00474,,Seiki Arakaki,Seiki Arakaki,Seiki Arakaki,Seiki,Arakaki,Seiki,Arakaki,Seiki Arakaki,Seiki Arakaki,,,,,unknown,,1,,Karate,,,,,,,,,
C00475,,Seikichi Higa,Seikichi Higa,Seikichi Higa,Seikichi,Higa,Seikichi,Higa,Seikichi Higa,Seikichi Higa,,,,,unknown,,1,,Karate,,,,,,,,,
C00476,,Seikichi Hokama,Seikichi Hokama,Seikichi Hokama,Seikichi,Hokama,Seikichi,Hokama,Seikichi Hokama,Seikichi Hokama,,,,,unknown,,1,,Karate,,,,,,,,,
Q7446770,Q7446770,Seikichi Iha,Seikichi Iha,Seikichi Iha,Seikichi,Iha,Seikichi,Iha,Seikichi Iha,Seikichi Iha,1932,,1957,1957,unknown,Shorin-ryu Shido-kan,0,,Shorin-ryu Shido-kan,,,,,,,,,
C00477,,Seikichi Iha,Seikichi Iha,Seikichi Iha,Seikichi,Iha,Seikichi,Iha,Seikichi Iha,Seikichi Iha,,,,,unknown,,1,,Karate,,,,,,,,,
Q15987278,Q15987278,Seikichi Odo,Seikichi Odo,Seikichi Odo,Seikichi,Odo,Seikichi,Odo,Seikichi Odo,Seikichi Odo,1926,2002,1951,1951,Shuri,Kenpo|Okinawan Kobudo|Isshin-Ryu|Shorin-Ryu|Chito-Ryu|incorporated Kobudo|Karate|Karate Kobudo|Kempo|Okinawa-te|Okinawan Karate|Okinawan Kenpo Karate|Ryukyu Hon Kenpo Kobujutsu Federation|Shorinji-Ryu|Te,0,https://en.wikipedia.org/wiki/Seikichi_Odo,Kenpo,Okinawan Kobudo,Isshin-Ryu,Shorin-Ryu,Chito-Ryu,incorporated Kobudo,Karate,Karate Kobudo,Kempo,Okinawa-te
Q3954660,Q3954660,Seikichi Toguchi,Seikichi Toguchi,Seikichi Toguchi,Seikichi,Toguchi,Seikichi,Toguchi,Seikichi Toguchi,Seikichi Toguchi,1917,1998,1942,1942,Naha,Goju-Ryu|Karate|Okinawan Karate|Shoreikan|Te,0,https://en.wikipedia.org/wiki/Seikichi_Toguchi,Goju-Ryu,Karate,Okinawan Karate,Shoreikan,Te,,,,,
C00478,,Seikichi Uehara,Seikichi Uehara,Seikichi Uehara,Seikichi,Uehara,Seikichi,Uehara,Seikichi Uehara,Seikichi Uehara,,,,,unknown,,1,,Karate,,,,,,,,,
C00479,,Seiki Ire,Seiki Ire,Seiki Ire,Seiki,Ire,Seiki,Ire,Seiki Ire,Seiki Ire,,,,,unknown,,1,,Karate,,,,,,,,,
C00480,,Seiki Itokazu,Seiki Itokazu,Seiki Itokazu,Seiki,Itokazu,Seiki,Itokazu,Seiki Itokazu,Seiki Itokazu,,,,,unknown,,1,,Karate,,,,,,,,,
C00481,,Seiko Goya,Seiko Goya,Seiko Goya,Seiko,Goya,Seiko,Goya,Seiko Goya,Seiko Goya,,,,,unknown,,1,,Karate,,,,,,,,,
Q7447367,Q7447367,Seko Higa,Sekō Higa,Seko Higa,Sekō,Higa,Seko,Higa,Sekō Higa,Seko Higa,1898,1966,1923,1923,Naha,Goju-Ryu|FileSeko Higa - Shodokan Goju-Ryujpg|Karate|Karate Kobudo|Meibukan|Okinawan Karate|Shodokan Goju-Ryu|Shoreikan|Te,0,https://en.wikipedia.org/wiki/Sek%C5%8D_Higa,Goju-Ryu,FileSeko Higa - Shodokan Goju-Ryujpg,Karate,Karate Kobudo,Meibukan,Okinawan Karate,Shodokan Goju-Ryu,Shoreikan,Te,
C00483,,Seiko Itokazu,Seiko Itokazu,Seiko Itokazu,Seiko,Itokazu,Seiko,Itokazu,Seiko Itokazu,Seiko Itokazu,,,,,unknown,,1,,Karate,,,,,,,,,
C00484,,Seiko Nakamoto,Seiko Nakamoto,Seiko Nakamoto,Seiko,Nakamoto,Seiko,Nakamoto,Seiko Nakamoto,Seiko Nakamoto,,,,,unknown,,1,,Karate,,,,,,,,,
C00485,,Seiro Tonaki,Seiro Tonaki,Seiro Tonaki,Seiro,Tonaki,Seiro,Tonaki,Seiro Tonaki,Seiro Tonaki,,,,,unknown,,1,,Karate,,,,,,,,,
C00486,,Seisaburo Miyagi,Seisaburo Miyagi,Seisaburo Miyagi,Seisaburo,Miyagi,Seisaburo,Miyagi,Seisaburo Miyagi,Seisaburo Miyagi,,,,,unknown,,1,,Karate,,,,,,,,,
C00487,,Seishin Arashiro,Seishin Arashiro,Seishin Arashiro,Seishin,Arashiro,Seishin,Arashiro,Seishin Arashiro,Seishin Arashiro,,,,,unknown,,1,,Karate,,,,,,,,,
C00488,,Seishin Shirado,Seishin Shirado,Seishin Shirado,Seishin,Shirado,Seishin,Shirado,Seishin Shirado,Seishin Shirado,,,,,unknown,,1,,Karate,,,,,,,,,
Q584466,Q584466,Arakaki Seisho,Arakaki Seishō,Arakaki Seisho,Arakaki,Seishō,Arakaki,Seisho,Arakaki Seishō,Arakaki Seisho,1840,1918,1865,1865,Shuri,Goju-Ryu|Tode|Shito-Ryu|Shotokan|Uechi-Ryu|Chito-Ryu|Okinawan Kobudo|Naha-te|Karate|Kudo|Okinawan martial artsNaha-te|Shito-Kai|shitokai|ShitoKai|Te|Uechi Kan,0,https://en.wikipedia.org/wiki/Arakaki_Seish%C5%8D,Goju-Ryu,Tode,Shito-Ryu,Shotokan,Uechi-Ryu,Chito-Ryu,Okinawan Kobudo,Naha-te,Karate,Kudo
C00489,,Seisho Hanashiro,Seisho Hanashiro,Seisho Hanashiro,Seisho,Hanashiro,Seisho,Hanashiro,Seisho Hanashiro,Seisho Hanashiro,,,,,unknown,,1,,Karate,,,,,,,,,
C00490,,Seisho Kuniyoshi,Seisho Kuniyoshi,Seisho Kuniyoshi,Seisho,Kuniyoshi,Seisho,Kuniyoshi,Seisho Kuniyoshi,Seisho Kuniyoshi,,,,,unknown,,1,,Karate,,,,,,,,,
C00491,,Seisho Yonaha,Seisho Yonaha,Seisho Yonaha,Seisho,Yonaha,Seisho,Yonaha,Seisho Yonaha,Seisho Yonaha,,,,,unknown,,1,,Karate,,,,,,,,,
C00492,,Seisuke Adaniya,Seisuke Adaniya,Seisuke Adaniya,Seisuke,Adaniya,Seisuke,Adaniya,Seisuke Adaniya,Seisuke Adaniya,,,,,unknown,,1,,Karate,,,,,,,,,
C00493,,Seisun Yamauchi,Seisun Yamauchi,Seisun Yamauchi,Seisun,Yamauchi,Seisun,Yamauchi,Seisun Yamauchi,Seisun Yamauchi,,,,,unknown,,1,,Karate,,,,,,,,,
C00494,,Seitoku Higa,Seitoku Higa,Seitoku Higa,Seitoku,Higa,Seitoku,Higa,Seitoku Higa,Seitoku Higa,,,,,unknown,,1,,Karate,,,,,,,,,
C00495,,Seiyei Akamine,Seiyei Akamine,Seiyei Akamine,Seiyei,Akamine,Seiyei,Akamine,Seiyei Akamine,Seiyei Akamine,,,,,unknown,,1,,Karate,,,,,,,,,
C00496,,Seiyei Miyagi,Seiyei Miyagi,Seiyei Miyagi,Seiyei,Miyagi,Seiyei,Miyagi,Seiyei Miyagi,Seiyei Miyagi,,,,,unknown,,1,,Karate,,,,,,,,,
C00497,,Seiyei Miyahira,Seiyei Miyahira,Seiyei Miyahira,Seiyei,Miyahira,Seiyei,Miyahira,Seiyei Miyahira,Seiyei Miyahira,,,,,unknown,,1,,Karate,,,,,,,,,
C00498,,Seiyu Arashiro,Seiyu Arashiro,Seiyu Arashiro,Seiyu,Arashiro,Seiyu,Arashiro,Seiyu Arashiro,Seiyu Arashiro,,,,,unknown,,1,,Karate,,,,,,,,,
C00499,,Seiyu Nakamura,Seiyu Nakamura,Seiyu Nakamura,Seiyu,Nakamura,Seiyu,Nakamura,Seiyu Nakamura,Seiyu Nakamura,,,,,unknown,,1,,Karate,,,,,,,,,
C00500,,Seiyu Nakasone,Seiyu Nakasone,Seiyu Nakasone,Seiyu,Nakasone,Seiyu,Nakasone,Seiyu Nakasone,Seiyu Nakasone,,,,,unknown,,1,,Karate,,,,,,,,,
Q7385615,Q7385615,Ryu-te,Ryū-te,Ryu-te,Ryū-te,,Ryu-te,,Ryū-te,Ryu-te,1928,2012,1953,1953,Shuri,Okinawan Kobudo|Naha-te|Shuri-te|Tomari-te|Karate|Karate Kobudo|Kempo|Kenpo|Okinawan Karate|Okinawan kobudoNunti Bo|Ryukyu Kempo|Te|Tode|und Kobudo,0,https://en.wikipedia.org/wiki/Ry%C5%AB-te,Okinawan Kobudo,Naha-te,Shuri-te,Tomari-te,Karate,Karate Kobudo,Kempo,Kenpo,Okinawan Karate,Okinawan kobudoNunti Bo
C00501,,Seiyu Yonaha,Seiyu Yonaha,Seiyu Yonaha,Seiyu,Yonaha,Seiyu,Yonaha,Seiyu Yonaha,Seiyu Yonaha,,,,,unknown,,1,,Karate,,,,,,,,,
C00502,,Seken Akamine,Seken Akamine,Seken Akamine,Seken,Akamine,Seken,Akamine,Seken Akamine,Seken Akamine,,,,,unknown,,1,,Karate,,,,,,,,,
C00503,,Senmatsu Unten,Senmatsu Unten,Senmatsu Unten,Senmatsu,Unten,Senmatsu,Unten,Senmatsu Unten,Senmatsu Unten,,,,,unknown,,1,,Karate,,,,,,,,,
C00504,,Senyu Unten,Senyu Unten,Senyu Unten,Senyu,Unten,Senyu,Unten,Senyu Unten,Senyu Unten,,,,,unknown,,1,,Karate,,,,,,,,,
C00505,,Shigemitsu Morine,Shigemitsu Morine,Shigemitsu Morine,Shigemitsu,Morine,Shigemitsu,Morine,Shigemitsu Morine,Shigemitsu Morine,,,,,unknown,,1,,Karate,,,,,,,,,
C00506,,Shigeru Kojo,Shigeru Kojo,Shigeru Kojo,Shigeru,Kojo,Shigeru,Kojo,Shigeru Kojo,Shigeru Kojo,,,,,unknown,,1,,Karate,,,,,,,,,
Q38585428,Q38585428,Shigeru Nakamura,Shigeru Nakamura,Shigeru Nakamura,Shigeru,Nakamura,Shigeru,Nakamura,Shigeru Nakamura,Shigeru Nakamura,1894,1969,1919,1919,unknown,Japanese Karate|Karate|Te,0,https://en.wikipedia.org/wiki/Shigeru_Nakamura,Japanese Karate,Karate,Te,,,,,,,
Q320773,Q320773,Shigeru Oyama,Shigeru Ōyama,Shigeru Oyama,Shigeru,Ōyama,Shigeru,Oyama,Shigeru Ōyama,Shigeru Oyama,1936,2016,1961,1961,unknown,Kyokushin|Japanese Karate|Karate|Kyokushin-kai|Te|World Oyama Karate,0,https://en.wikipedia.org/wiki/Shigeru_Oyama,Kyokushin,Japanese Karate,Karate,Kyokushin-kai,Te,World Oyama Karate,,,,
C00507,,Shigeru Takamiyagi,Shigeru Takamiyagi,Shigeru Takamiyagi,Shigeru,Takamiyagi,Shigeru,Takamiyagi,Shigeru Takamiyagi,Shigeru Takamiyagi,,,,,unknown,,1,,Karate,,,,,,,,,
C00508,,Shinbi Kaneshima,Shinbi Kaneshima,Shinbi Kaneshima,Shinbi,Kaneshima,Shinbi,Kaneshima,Shinbi Kaneshima,Shinbi Kaneshima,,,,,unknown,,1,,Karate,,,,,,,,,
Q2632773,Q2632773,Shingo Araki,Shingo Araki,Shingo Araki,Shingo,Araki,Shingo,Araki,Shingo Araki,Shingo Araki,1939,2011,1964,1964,unknown,Te,0,https://en.wikipedia.org/wiki/Shingo_Araki,Te,,,,,,,,,
Q48762989,Q48762989,Shingo Hayashi,Shingo Hayashi,Shingo Hayashi,Shingo,Hayashi,Shingo,Hayashi,Shingo Hayashi,Shingo Hayashi,1985,,2010,2010,unknown,Te,0,https://en.wikipedia.org/wiki/Shingo_Hayashi,Te,,,,,,,,,
Q723832,Q723832,Taira Shinken,Taira Shinken,Taira Shinken,Taira,Shinken,Taira,Shinken,Taira Shinken,Taira Shinken,1898,1970,1923,1923,Naha,Okinawan Kobudo|Ryukyu Kobudo|in kobudo|Japan Kobudo|Karate|Karate Kobudo|Nihon Kobudo|Okinawan Karate|Te,0,https://en.wikipedia.org/wiki/Taira_Shinken,Okinawan Kobudo,Ryukyu Kobudo,in kobudo,Japan Kobudo,Karate,Karate Kobudo,Nihon Kobudo,Okinawan Karate,Te,
C00509,,Shinkichi Ishimine,Shinkichi Ishimine,Shinkichi Ishimine,Shinkichi,Ishimine,Shinkichi,Ishimine,Shinkichi Ishimine,Shinkichi Ishimine,,,,,unknown,,1,,Karate,,,,,,,,,
C00510,,Shinkichi Kuniyoshi,Shinkichi Kuniyoshi,Shinkichi Kuniyoshi,Shinkichi,Kuniyoshi,Shinkichi,Kuniyoshi,Shinkichi Kuniyoshi,Shinkichi Kuniyoshi,,,,,unknown,,1,,Karate,,,,,,,,,
C00511,,Shinkichi Nakamura,Shinkichi Nakamura,Shinkichi Nakamura,Shinkichi,Nakamura,Shinkichi,Nakamura,Shinkichi Nakamura,Shinkichi Nakamura,,,,,unknown,,1,,Karate,,,,,,,,,
Q1908088,Q1908088,Shinko Matayoshi,Shinko Matayoshi,Shinko Matayoshi,Shinko,Matayoshi,Shinko,Matayoshi,Shinko Matayoshi,Shinko Matayoshi,1888,1947,1913,1913,Naha,Matayoshi Kobudo|Okinawan Kobudo|Chinese Martial Arts|Karate|Okinawan Karate|Te,0,https://en.wikipedia.org/wiki/Shinko_Matayoshi,Matayoshi Kobudo,Okinawan Kobudo,Chinese Martial Arts,Karate,Okinawan Karate,Te,,,,
Q3482287,Q3482287,Shinpan Gusukuma,Shinpan Gusukuma,Shinpan Gusukuma,Shinpan,Gusukuma,Shinpan,Gusukuma,Shinpan Gusukuma,Shinpan Gusukuma,1890,1954,1915,1915,Shuri,Shorin-Ryu|Isshin-Ryu|Shito-Ryu|Shotokan|Naha-te|and Kobudo|ISSHINRYU|isshinryu|Karate|Okinawan Karate|Shorinkan|shorinryushorinkan|Te|United States Civil Administration of the Ryukyu Islands,0,https://en.wikipedia.org/wiki/Shinpan_Gusukuma,Shorin-Ryu,Isshin-Ryu,Shito-Ryu,Shotokan,Naha-te,and Kobudo,ISSHINRYU,isshinryu,Karate,Okinawan Karate
Q1908090,Q1908090,Matayoshi Shinpo,Matayoshi Shinpō,Matayoshi Shinpo,Matayoshi,Shinpō,Matayoshi,Shinpo,Matayoshi Shinpō,Matayoshi Shinpo,1921,1997,1946,1946,Naha,Matayoshi Kobudo|Okinawan Kobudo|Naha-te|Karate|Kung Fu|Okinawan Karate|Te,0,https://en.wikipedia.org/wiki/Shinpo_Matayoshi,Matayoshi Kobudo,Okinawan Kobudo,Naha-te,Karate,Kung Fu,Okinawan Karate,Te,,,
C00512,,Shinsaku Minami,Shinsaku Minami,Shinsaku Minami,Shinsaku,Minami,Shinsaku,Minami,Shinsaku Minami,Shinsaku Minami,,,,,unknown,,1,,Karate,,,,,,,,,
C00513,,Shinsei Omine,Shinsei Omine,Shinsei Omine,Shinsei,Omine,Shinsei,Omine,Shinsei Omine,Shinsei Omine,,,,,unknown,,1,,Karate,,,,,,,,,
C00514,,Shinsuke Kaneshima,Shinsuke Kaneshima,Shinsuke Kaneshima,Shinsuke,Kaneshima,Shinsuke,Kaneshima,Shinsuke Kaneshima,Shinsuke Kaneshima,,,,,unknown,,1,,Karate,,,,,,,,,
C00515,,Shintaro Yoshizato,Shintaro Yoshizato,Shintaro Yoshizato,Shintaro,Yoshizato,Shintaro,Yoshizato,Shintaro Yoshizato,Shintaro Yoshizato,,,,,unknown,,1,,Karate,,,,,,,,,
C00516,,Shinto Shizen,Shinto Shizen,Shinto Shizen,Shinto,Shizen,Shinto,Shizen,Shinto Shizen,Shinto Shizen,,,,,unknown,,1,,Karate,,,,,,,,,
C00517,,Shinyei Kaneshima,Shinyei Kaneshima,Shinyei Kaneshima,Shinyei,Kaneshima,Shinyei,Kaneshima,Shinyei Kaneshima,Shinyei Kaneshima,,,,,unknown,,1,,Karate,,,,,,,,,
C00518,,Shinyei Kyan,Shinyei Kyan,Shinyei Kyan,Shinyei,Kyan,Shinyei,Kyan,Shinyei Kyan,Shinyei Kyan,,,,,unknown,,1,,Karate,,,,,,,,,
C00519,,Shinyei Maeda,Shinyei Maeda,Shinyei Maeda,Shinyei,Maeda,Shinyei,Maeda,Shinyei Maeda,Shinyei Maeda,,,,,unknown,,1,,Karate,,,,,,,,,
C00520,,Shiyu Toma,Shiyū Toma,Shiyu Toma,Shiyū,Toma,Shiyu,Toma,Shiyū Toma,Shiyu Toma,,,,,unknown,,1,,Karate,,,,,,,,,
C00521,,Shoei Miyazato,Shoei Miyazato,Shoei Miyazato,Shoei,Miyazato,Shoei,Miyazato,Shoei Miyazato,Shoei Miyazato,,,,,unknown,,1,,Karate,,,,,,,,,
Q3959901,Q3959901,Shogo Kuniba,Shōgō Kuniba,Shogo Kuniba,Shōgō,Kuniba,Shogo,Kuniba,Shōgō Kuniba,Shogo Kuniba,1935,1992,1960,1960,unknown,Shito-Ryu|Shorin-Ryu|Okinawan Kobudo|Japanese Karate|Karate|Kuniba-Kai|Motobu-Ha Shito-Ryu|Mugai-ryu|Shitoryu|Te,0,https://en.wikipedia.org/wiki/Sh%C5%8Dg%C5%8D_Kuniba,Shito-Ryu,Shorin-Ryu,Okinawan Kobudo,Japanese Karate,Karate,Kuniba-Kai,Motobu-Ha Shito-Ryu,Mugai-ryu,Shitoryu,Te
Q1372130,Q1372130,Sho Hashi,Shō Hashi,Sho Hashi,Shō,Hashi,Sho,Hashi,Shō Hashi,Sho Hashi,1371,1439,1396,1396,Shuri,Aji Ryukyu|King of Ryukyu|Te|University of the Ryukyus,0,https://en.wikipedia.org/wiki/Sh%C5%8D_Hashi,Aji Ryukyu,King of Ryukyu,Te,University of the Ryukyus,,,,,,
C00522,,Shoi Sai,Shoi Sai,Shoi Sai,Shoi,Sai,Shoi,Sai,Shoi Sai,Shoi Sai,,,,,unknown,,1,,Karate,,,,,,,,,
C00523,,Shoji Arasaki,Shoji Arasaki,Shoji Arasaki,Shoji,Arasaki,Shoji,Arasaki,Shoji Arasaki,Shoji Arasaki,,,,,unknown,,1,,Karate,,,,,,,,,
Q2664662,Q2664662,Shokei Matsui,Shokei Matsui,Shokei Matsui,Shokei,Matsui,Shokei,Matsui,Shokei Matsui,Shokei Matsui,1963,1994,1988,1988,unknown,Kyokushin kaikan|Kyokushin|Karate|Kyokushin Karate|Kyokushin-kai|kyokushinkai|Kyokushinkai|Kyokushinkaikan|kyokushinkaikan|Te,0,https://en.wikipedia.org/wiki/Shokei_Matsui,Kyokushin kaikan,Kyokushin,Karate,Kyokushin Karate,Kyokushin-kai,kyokushinkai,Kyokushinkai,Kyokushinkaikan,kyokushinkaikan,Te
C00525,,Shoko Itokazu,Shoko Itokazu,Shoko Itokazu,Shoko,Itokazu,Shoko,Itokazu,Shoko Itokazu,Shoko Itokazu,,,,,unknown,,1,,Karate,,,,,,,,,
C00526,,Shorin Kan,Shorin Kan,Shorin Kan,Shorin,Kan,Shorin,Kan,Shorin Kan,Shorin Kan,,,,,unknown,,1,,Karate,,,,,,,,,
C00527,,Shosei Kina,Shosei Kina,Shosei Kina,Shosei,Kina,Shosei,Kina,Shosei Kina,Shosei Kina,,,,,unknown,,1,,Karate,,,,,,,,,
Q1963468,Q1963468,Shoshin Nagamine,Shōshin Nagamine,Shoshin Nagamine,Shōshin,Nagamine,Shoshin,Nagamine,Shōshin Nagamine,Shoshin Nagamine,1907,1997,1932,1932,Shuri,Matsubayashi-Ryu|Isshin-Ryu|Shorin-Ryu|isshinryu|Karate|Okinawan Karate|Te,0,https://en.wikipedia.org/wiki/Sh%C5%8Dshin_Nagamine,Matsubayashi-Ryu,Isshin-Ryu,Shorin-Ryu,isshinryu,Karate,Okinawan Karate,Te,,,
C00530,,Shosin Nagamine,Shosin Nagamine,Shosin Nagamine,Shosin,Nagamine,Shosin,Nagamine,Shosin Nagamine,Shosin Nagamine,,,,,unknown,,1,,Karate,,,,,,,,,
C00531,,Shuei Sakiyama,Shuei Sakiyama,Shuei Sakiyama,Shuei,Sakiyama,Shuei,Sakiyama,Shuei Sakiyama,Shuei Sakiyama,,,,,unknown,,1,,Karate,,,,,,,,,
Q3482635,Q3482635,Shugoro Nakazato,Shūgorō Nakazato,Shugoro Nakazato,Shūgorō,Nakazato,Shugoro,Nakazato,Shūgorō Nakazato,Shugoro Nakazato,1919,2016,1944,1944,Shuri,Shorin-Ryu|First member dojo of Shorin-ryu Shorinkan|Karate|List of Shorin-ryu Shorinkan|Okinawan Karate|Shorinkan|shorinkan|Te|the kobudo,0,https://en.wikipedia.org/wiki/Sh%C5%ABgor%C5%8D_Nakazato,Shorin-Ryu,First member dojo of Shorin-ryu Shorinkan,Karate,List of Shorin-ryu Shorinkan,Okinawan Karate,Shorinkan,shorinkan,Te,the kobudo,
C00542,,Shuren Kojo,Shuren Kojo,Shuren Kojo,Shuren,Kojo,Shuren,Kojo,Shuren Kojo,Shuren Kojo,,,,,unknown,,1,,Karate,,,,,,,,,
C00543,,Shuri Dai,Shuri Dai,Shuri Dai,Shuri,Dai,Shuri,Dai,Shuri Dai,Shuri Dai,,,,,unknown,,1,,Karate,,,,,,,,,
C00544,,Shuri High,Shuri High,Shuri High,Shuri,High,Shuri,High,Shuri High,Shuri High,,,,,unknown,,1,,Karate,,,,,,,,,
C00545,,Shuri Jinjo,Shuri Jinjo,Shuri Jinjo,Shuri,Jinjo,Shuri,Jinjo,Shuri Jinjo,Shuri Jinjo,,,,,unknown,,1,,Karate,,,,,,,,,
C00546,,Shusei Maeshiro,Shusei Maeshiro,Shusei Maeshiro,Shusei,Maeshiro,Shusei,Maeshiro,Shusei Maeshiro,Shusei Maeshiro,,,,,unknown,,1,,Karate,,,,,,,,,
C00547,,Shu Shi Wa,Shu Shi Wa,Shu Shi Wa,Shu,Shi Wa,Shu,Shi Wa,Shu Shi Wa,Shu Shi Wa,,,,,unknown,,1,,Karate,,,,,,,,,
C00548,,Siamese Highlands,Siamese Highlands,Siamese Highlands,Siamese,Highlands,Siamese,Highlands,Siamese Highlands,Siamese Highlands,,,,,unknown,,1,,Karate,,,,,,,,,
C00549,,Sogen Sakiyama,Sogen Sakiyama,Sogen Sakiyama,Sogen,Sakiyama,Sogen,Sakiyama,Sogen Sakiyama,Sogen Sakiyama,,,,,unknown,,1,,Karate,,,,,,,,,
C00550,,Soko Kishimoto,Soko Kishimoto,Soko Kishimoto,Soko,Kishimoto,Soko,Kishimoto,Soko Kishimoto,Soko Kishimoto,,,,,unknown,,1,,Karate,,,,,,,,,
Q715769,Q715769,Matsumura Sokon,Matsumura Sōkon,Matsumura Sokon,Matsumura,Sōkon,Matsumura,Sokon,Matsumura Sōkon,Matsumura Sokon,1809,1899,1834,1834,Shuri,Chito-Ryu|Shuri-te|Isshin-Ryu|Shito-Ryu|Shotokan|Okinawan Kobudo|Tomari-te|Chuan Fa|isshinryu|Jigen-ryu|Karate|Kudo|Okinawan Karate|Te|Tode|White Crane,0,https://en.wikipedia.org/wiki/S%C5%8Dkon_Matsumura,Chito-Ryu,Shuri-te,Isshin-Ryu,Shito-Ryu,Shotokan,Okinawan Kobudo,Tomari-te,Chuan Fa,isshinryu,Jigen-ryu
C00551,,Soko Toguchi,Soko Toguchi,Soko Toguchi,Soko,Toguchi,Soko,Toguchi,Soko Toguchi,Soko Toguchi,,,,,unknown,,1,,Karate,,,,,,,,,
C00552,,Sonko Tamaki,Sonko Tamaki,Sonko Tamaki,Sonko,Tamaki,Sonko,Tamaki,Sonko Tamaki,Sonko Tamaki,,,,,unknown,,1,,Karate,,,,,,,,,
C00553,,Soryu Furugen,Soryu Furugen,Soryu Furugen,Soryu,Furugen,Soryu,Furugen,Soryu Furugen,Soryu Furugen,,,,,unknown,,1,,Karate,,,,,,,,,
Q2304626,Q2304626,Southeast,Southeast,Southeast,Southeast,,Southeast,,Southeast,Southeast,1920,1924,1945,1945,unknown,Te,0,https://en.wikipedia.org/wiki/Southeast_(disambiguation),Te,,,,,,,,,
Q6119718,Q6119718,Steve Armstrong,Steve Armstrong,Steve Armstrong,Steve,Armstrong,Steve,Armstrong,Steve Armstrong,Steve Armstrong,1965,1987,1990,1990,unknown,Te,0,https://en.wikipedia.org/wiki/Steve_Armstrong,Te,,,,,,,,,
Q562024,Q562024,Steve Arneil,Steve Arneil,Steve Arneil,Steve,Arneil,Steve,Arneil,Steve Arneil,Steve Arneil,1934,2021,1959,1959,Shuri,Kyokushin kaikan|Karate|Goju-Ryu|Kyokushin|Shotokan|Wado-Ryu|Kenpo|Kung Fu|Kyokushin-kai|Kyokushinkai|Te,0,https://en.wikipedia.org/wiki/Steve_Arneil,Kyokushin kaikan,Karate,Goju-Ryu,Kyokushin,Shotokan,Wado-Ryu,Kenpo,Kung Fu,Kyokushin-kai,Kyokushinkai
Q7614246,Q7614246,Steve Waters,Steve Waters,Steve Waters,Steve,Waters,Steve,Waters,Steve Waters,Steve Waters,1965,,1990,1990,unknown,Te,0,https://en.wikipedia.org/wiki/Steve_Waters,Te,,,,,,,,,
C00554,,Susumu Tamamura,Susumu Tamamura,Susumu Tamamura,Susumu,Tamamura,Susumu,Tamamura,Susumu Tamamura,Susumu Tamamura,,,,,unknown,,1,,Karate,,,,,,,,,
C00555,,Tadahiko Otsuka,Tadahiko Otsuka,Tadahiko Otsuka,Tadahiko,Otsuka,Tadahiko,Otsuka,Tadahiko Otsuka,Tadahiko Otsuka,,,,,unknown,,1,,Karate,,,,,,,,,
C00556,,Tadashi Nakagawa,Tadashi Nakagawa,Tadashi Nakagawa,Tadashi,Nakagawa,Tadashi,Nakagawa,Tadashi Nakagawa,Tadashi Nakagawa,,,,,unknown,,1,,Karate,,,,,,,,,
Q1040902,Q1040902,Tadashi Nakamura,Tadashi Nakamura,Tadashi Nakamura,Tadashi,Nakamura,Tadashi,Nakamura,Tadashi Nakamura,Tadashi Nakamura,1929,2019,1954,1954,unknown,Te,0,https://en.wikipedia.org/wiki/Tadashi_Nakamura,Te,,,,,,,,,
Q2025214,Q2025214,Tadashi Yamashita,Tadashi Yamashita,Tadashi Yamashita,Tadashi,Yamashita,Tadashi,Yamashita,Tadashi Yamashita,Tadashi Yamashita,1942,,1967,1967,unknown,Shorin-ryu Kobayashi|Matayoshi Kobudo|Shorin-Ryu|Okinawan Kobudo|and kobudo|and Kobudo|Karate|Kobayashi Shorin-ryu Karate|Kobudo|Kung Fu|Okinawan Karate|Shorin Kan|Te,0,https://en.wikipedia.org/wiki/Tadashi_Yamashita,Shorin-ryu Kobayashi,Matayoshi Kobudo,Shorin-Ryu,Okinawan Kobudo,and kobudo,and Kobudo,Karate,Kobayashi Shorin-ryu Karate,Kobudo,Kung Fu
Q1360025,Q1360025,Taiji Kase,Taiji Kase,Taiji Kase,Taiji,Kase,Taiji,Kase,Taiji Kase,Taiji Kase,1929,2004,1954,1954,unknown,Shotokan|Karate|Japanese Karate|Shotokan Ryu|shotokanryu|Te,0,https://en.wikipedia.org/wiki/Taiji_Kase,Shotokan,Karate,Japanese Karate,Shotokan Ryu,shotokanryu,Te,,,,
C00564,,Taitei Kojo,Taitei Kojo,Taitei Kojo,Taitei,Kojo,Taitei,Kojo,Taitei Kojo,Taitei Kojo,,,,,unknown,,1,,Karate,,,,,,,,,
C00565,,Takao Nohara,Takao Nohara,Takao Nohara,Takao,Nohara,Takao,Nohara,Takao Nohara,Takao Nohara,,,,,unknown,,1,,Karate,,,,,,,,,
C00566,,Takashi Kinjo,Takashi Kinjo,Takashi Kinjo,Takashi,Kinjo,Takashi,Kinjo,Takashi Kinjo,Takashi Kinjo,,,,,unknown,,1,,Karate,,,,,,,,,
C00567,,Takashi Kiokawa,Takashi Kiokawa,Takashi Kiokawa,Takashi,Kiokawa,Takashi,Kiokawa,Takashi Kiokawa,Takashi Kiokawa,,,,,unknown,,1,,Karate,,,,,,,,,
C00568,,Takasuga Kitamura,Takasuga Kitamura,Takasuga Kitamura,Takasuga,Kitamura,Takasuga,Kitamura,Takasuga Kitamura,Takasuga Kitamura,,,,,unknown,,1,,Karate,,,,,,,,,
Q7677484,Q7677484,Takayoshi Nagamine,Takayoshi Nagamine,Takayoshi Nagamine,Takayoshi,Nagamine,Takayoshi,Nagamine,Takayoshi Nagamine,Takayoshi Nagamine,1945,2012,1970,1970,Naha,Matsubayashi-Ryu|Karate|Shorin-Ryu|Okinawan Karate|Te|World Matsubayashi-ryu,0,https://en.wikipedia.org/wiki/Takayoshi_Nagamine,Matsubayashi-Ryu,Karate,Shorin-Ryu,Okinawan Karate,Te,World Matsubayashi-ryu,,,,
Q598665,Q598665,Takayuki Kubota,Takayuki Kubota,Takayuki Kubota,Takayuki,Kubota,Takayuki,Kubota,Takayuki Kubota,Takayuki Kubota,1934,2024,1959,1959,Shuri,Gosoku-ryu|Karate|Gosoku RyuBackground|Te|Toshin-ryu,0,https://en.wikipedia.org/wiki/Takayuki_Kubota,Gosoku-ryu,Karate,Gosoku RyuBackground,Te,Toshin-ryu,,,,,
Q2911640,Q2911640,Takayuki Mikami,Takayuki Mikami,Takayuki Mikami,Takayuki,Mikami,Takayuki,Mikami,Takayuki Mikami,Takayuki Mikami,1933,,1958,1958,unknown,Shotokan|Karate|Japanese Karate|Te,0,https://en.wikipedia.org/wiki/Takayuki_Mikami,Shotokan,Karate,Japanese Karate,Te,,,,,,
Q7678008,Q7678008,Takemasa Okuyama,Takemasa Okuyama,Takemasa Okuyama,Takemasa,Okuyama,Takemasa,Okuyama,Takemasa Okuyama,Takemasa Okuyama,1944,,1969,1969,unknown,Shotokan|Gosoku-ryu|Karate|Te,0,https://en.wikipedia.org/wiki/Takemasa_Okuyama,Shotokan,Gosoku-ryu,Karate,Te,,,,,,
C00571,,Takenobu Uehara,Takenobu Uehara,Takenobu Uehara,Takenobu,Uehara,Takenobu,Uehara,Takenobu Uehara,Takenobu Uehara,,,,,unknown,,1,,Karate,,,,,,,,,
C00572,,Takeo Hiyagon,Takeo Hiyagon,Takeo Hiyagon,Takeo,Hiyagon,Takeo,Hiyagon,Takeo Hiyagon,Takeo Hiyagon,,,,,unknown,,1,,Karate,,,,,,,,,
C00573,,Takeshi Naito,Takeshi Naito,Takeshi Naito,Takeshi,Naito,Takeshi,Naito,Takeshi Naito,Takeshi Naito,,,,,unknown,,1,,Karate,,,,,,,,,
C00574,,Taketo Nakamura,Taketo Nakamura,Taketo Nakamura,Taketo,Nakamura,Taketo,Nakamura,Taketo Nakamura,Taketo Nakamura,,,,,unknown,,1,,Karate,,,,,,,,,
C00575,,Takeyuki Kinjo,Takeyuki Kinjo,Takeyuki Kinjo,Takeyuki,Kinjo,Takeyuki,Kinjo,Takeyuki Kinjo,Takeyuki Kinjo,,,,,unknown,,1,,Karate,,,,,,,,,
Q3210517,Q3210517,Shaolin Mantis,Shaolin Mantis,Shaolin Mantis,Shaolin,Mantis,Shaolin,Mantis,Shaolin Mantis,Shaolin Mantis,,,,,unknown,Kung Fu|Te,0,https://en.wikipedia.org/wiki/The_Deadly_Mantis_(1978_film),Kung Fu,Te,,,,,,,,
C00576,,Tankichi Nagamine,Tankichi Nagamine,Tankichi Nagamine,Tankichi,Nagamine,Tankichi,Nagamine,Tankichi Nagamine,Tankichi Nagamine,,,,,unknown,,1,,Karate,,,,,,,,,
C00577,,Taro Shimabuku,Taro Shimabuku,Taro Shimabuku,Taro,Shimabuku,Taro,Shimabuku,Taro Shimabuku,Taro Shimabuku,,,,,unknown,,1,,Karate,,,,,,,,,
C00578,,Taruu Kanagusuku,Taruu Kanagusuku,Taruu Kanagusuku,Taruu,Kanagusuku,Taruu,Kanagusuku,Taruu Kanagusuku,Taruu Kanagusuku,,,,,unknown,,1,,Karate,,,,,,,,,
C00579,,Tatsumi Kojo,Tatsumi Kojo,Tatsumi Kojo,Tatsumi,Kojo,Tatsumi,Kojo,Tatsumi Kojo,Tatsumi Kojo,,,,,unknown,,1,,Karate,,,,,,,,,
C00580,,Tatsunori Matsuda,Tatsunori Matsuda,Tatsunori Matsuda,Tatsunori,Matsuda,Tatsunori,Matsuda,Tatsunori Matsuda,Tatsunori Matsuda,,,,,unknown,,1,,Karate,,,,,,,,,
Q27363,Q27363,Tatsuo Shimabuku,Tatsuo Shimabuku,Tatsuo Shimabuku,Tatsuo,Shimabuku,Tatsuo,Shimabuku,Tatsuo Shimabuku,Tatsuo Shimabuku,1908,1975,1933,1933,Shuri,Isshin-Ryu|Goju-Ryu|Karate|Shorin-Ryu|Uechi-Ryu|Okinawan Kobudo|Naha-te|Shuri-te|Tomari-te|and Kobudo|as Kobudo|Grandmaste|isshinkai|Isshinkai|Isshinryu|isshinryu|Kenpo|Maste|Okinawan Karate|Shorin-ryu Shobayashi|Te,0,https://en.wikipedia.org/wiki/Tatsuo_Shimabuku,Isshin-Ryu,Goju-Ryu,Karate,Shorin-Ryu,Uechi-Ryu,Okinawan Kobudo,Naha-te,Shuri-te,Tomari-te,and Kobudo
Q97666381,Q97666381,Tatsuo Suzuki,Tatsuo Suzuki,Tatsuo Suzuki,Tatsuo,Suzuki,Tatsuo,Suzuki,Tatsuo Suzuki,Tatsuo Suzuki,1928,2011,1953,1953,unknown,Japanese Karate|Karate|Te,0,https://en.wikipedia.org/wiki/Tatsuo_Suzuki,Japanese Karate,Karate,Te,,,,,,,
C00581,,Tawata PECHIN,Tawata PECHIN,Tawata PECHIN,Tawata,PECHIN,Tawata,PECHIN,Tawata PECHIN,Tawata PECHIN,,,,,unknown,,1,,Karate,,,,,,,,,
C00582,,Teamaai Uehara,Teamaai Uehara,Teamaai Uehara,Teamaai,Uehara,Teamaai,Uehara,Teamaai Uehara,Teamaai Uehara,,,,,unknown,,1,,Karate,,,,,,,,,
C00583,,Teiichi Nakamura,Teiichi Nakamura,Teiichi Nakamura,Teiichi,Nakamura,Teiichi,Nakamura,Teiichi Nakamura,Teiichi Nakamura,,,,,unknown,,1,,Karate,,,,,,,,,
C00584,,Teikichi China,Teikichi China,Teikichi China,Teikichi,China,Teikichi,China,Teikichi China,Teikichi China,,,,,unknown,,1,,Karate,,,,,,,,,
C00585,,Ten Senshi,Ten Senshi,Ten Senshi,Ten,Senshi,Ten,Senshi,Ten Senshi,Ten Senshi,,,,,unknown,,1,,Karate,,,,,,,,,
Q3518915,Q3518915,Terry ONeill,Terry O'Neill,Terry ONeill,Terry,O'Neill,Terry,ONeill,Terry O'Neill,Terry ONeill,1938,2019,1963,1963,unknown,Te,0,https://en.wikipedia.org/wiki/Terry_O%27Neill,Te,,,,,,,,,
Q3984846,Q3984846,Teruo Chinen,Teruo Chinen,Teruo Chinen,Teruo,Chinen,Teruo,Chinen,Teruo Chinen,Teruo Chinen,1941,2015,1966,1966,Shuri,Jundokan|Goju-Ryu|Karate|Okinawan Kobudo|Shuri-te|gojukan|gojuryu|International Okinawan Goju-Ryu Karate-do Federation|Japanese Karate|Okinawan Karate|Te|Yamanni-Ryu,0,https://en.wikipedia.org/wiki/Teruo_Chinen,Jundokan,Goju-Ryu,Karate,Okinawan Kobudo,Shuri-te,gojukan,gojuryu,International Okinawan Goju-Ryu Karate-do Federation,Japanese Karate,Okinawan Karate
C00586,,Teruo Hayashi,Teruo Hayashi,Teruo Hayashi,Teruo,Hayashi,Teruo,Hayashi,Teruo Hayashi,Teruo Hayashi,,,,,unknown,,1,,Karate,,,,,,,,,
C00587,,Teruyuki Higa,Teruyuki Higa,Teruyuki Higa,Teruyuki,Higa,Teruyuki,Higa,Teruyuki Higa,Teruyuki Higa,,,,,unknown,,1,,Karate,,,,,,,,,
Q2915906,Q2915906,Teruyuki Okazaki,Teruyuki Okazaki,Teruyuki Okazaki,Teruyuki,Okazaki,Teruyuki,Okazaki,Teruyuki Okazaki,Teruyuki Okazaki,1931,2020,1956,1956,unknown,Shotokan|Karate|Te,0,https://en.wikipedia.org/wiki/Teruyuki_Okazaki,Shotokan,Karate,Te,,,,,,,
Q709520,Q709520,Tetsuhiko Asai,Tetsuhiko Asai,Tetsuhiko Asai,Tetsuhiko,Asai,Tetsuhiko,Asai,Tetsuhiko Asai,Tetsuhiko Asai,1935,2006,1960,1960,unknown,Shotokan|Karate|Japanese Karate|Karatenomichi World Federation|Te|Yamanni-Ryu,0,https://en.wikipedia.org/wiki/Tetsuhiko_Asai,Shotokan,Karate,Japanese Karate,Karatenomichi World Federation,Te,Yamanni-Ryu,,,,
C00590,,Tetsunosuke Yasuda,Tetsunosuke Yasuda,Tetsunosuke Yasuda,Tetsunosuke,Yasuda,Tetsunosuke,Yasuda,Tetsunosuke Yasuda,Tetsunosuke Yasuda,,,,,unknown,,1,,Karate,,,,,,,,,
Q363025,Q363025,The American,The American,The American,The,American,The,American,The American,The American,,,,,unknown,Te,0,https://en.wikipedia.org/wiki/The_American,Te,,,,,,,,,
C00591,,The Chibana,The Chibana,The Chibana,The,Chibana,The,Chibana,The Chibana,The Chibana,,,,,unknown,,1,,Karate,,,,,,,,,
C00592,,The Eighteen,The Eighteen,The Eighteen,The,Eighteen,The,Eighteen,The Eighteen,The Eighteen,,,,,unknown,,1,,Karate,,,,,,,,,
Q42530280,Q42530280,Wamp 2 Dem,Wamp 2 Dem,Wamp 2 Dem,Wamp,2 Dem,Wamp,2 Dem,Wamp 2 Dem,Wamp 2 Dem,2016,,2041,2041,unknown,Te,0,https://en.wikipedia.org/wiki/Wamp_2_Dem,Te,,,,,,,,,
C00593,,The Greater,The Greater,The Greater,The,Greater,The,Greater,The Greater,The Greater,,,,,unknown,,1,,Karate,,,,,,,,,
C00594,,The Kodokan,The Kodokan,The Kodokan,The,Kodokan,The,Kodokan,The Kodokan,The Kodokan,,,,,unknown,,1,,Karate,,,,,,,,,
C00595,,The Kushin,The Kushin,The Kushin,The,Kushin,The,Kushin,The Kushin,The Kushin,,,,,unknown,,1,,Karate,,,,,,,,,
C00596,,The Matsumura,The Matsumura,The Matsumura,The,Matsumura,The,Matsumura,The Matsumura,The Matsumura,,,,,unknown,,1,,Karate,,,,,,,,,
C00597,,The Oyadomaris,The Oyadomaris,The Oyadomaris,The,Oyadomaris,The,Oyadomaris,The Oyadomaris,The Oyadomaris,,,,,unknown,,1,,Karate,,,,,,,,,
C00598,,The Ryukyuan,The Ryukyuan,The Ryukyuan,The,Ryukyuan,The,Ryukyuan,The Ryukyuan,The Ryukyuan,,,,,unknown,,1,,Karate,,,,,,,,,
C00600,,The Shorin,The Shorin,The Shorin,The,Shorin,The,Shorin,The Shorin,The Shorin,,,,,unknown,,1,,Karate,,,,,,,,,
Q124378342,Q124378342,The Three,The Three,The Three,The,Three,The,Three,The Three,The Three,,,,,unknown,Te,0,https://en.wikipedia.org/wiki/The_Three,Te,,,,,,,,,
Q7800728,Q7800728,Ticky Donovan,Ticky Donovan,Ticky Donovan,Ticky,Donovan,Ticky,Donovan,Ticky Donovan,Ticky Donovan,1947,,1972,1972,unknown,Karate|Isshin-Ryu|Kyokushin|Shotokan|Wado-Ryu|Kung Fu|Kyokushin-kai|Kyokushinkai|Shukokai|Te,0,https://en.wikipedia.org/wiki/Ticky_Donovan,Karate,Isshin-Ryu,Kyokushin,Shotokan,Wado-Ryu,Kung Fu,Kyokushin-kai,Kyokushinkai,Shukokai,Te
C00602,,Tode Research,Tode Research,Tode Research,Tode,Research,Tode,Research,Tode Research,Tode Research,,,,,unknown,,1,,Karate,,,,,,,,,
C00603,,Tode Sakugawa,Tode Sakugawa,Tode Sakugawa,Tode,Sakugawa,Tode,Sakugawa,Tode Sakugawa,Tode Sakugawa,,,,,unknown,,1,,Karate,,,,,,,,,
C00604,,Tokumine PECHIN,Tokumine PECHIN,Tokumine PECHIN,Tokumine,PECHIN,Tokumine,PECHIN,Tokumine PECHIN,Tokumine PECHIN,,,,,unknown,,1,,Karate,,,,,,,,,
C00605,,Tokusaburo Matsuda,Tokusaburo Matsuda,Tokusaburo Matsuda,Tokusaburo,Matsuda,Tokusaburo,Matsuda,Tokusaburo Matsuda,Tokusaburo Matsuda,,,,,unknown,,1,,Karate,,,,,,,,,
C00606,,Tomei Tsuha,Tomei Tsuha,Tomei Tsuha,Tomei,Tsuha,Tomei,Tsuha,Tomei Tsuha,Tomei Tsuha,,,,,unknown,,1,,Karate,,,,,,,,,
C00607,,Tomohiro Arashiro,Tomohiro Arashiro,Tomohiro Arashiro,Tomohiro,Arashiro,Tomohiro,Arashiro,Tomohiro Arashiro,Tomohiro Arashiro,,,,,unknown,,1,,Karate,,,,,,,,,
Q21503589,Q21503589,Toru Arakawa,Tōru Arakawa,Toru Arakawa,Tōru,Arakawa,Toru,Arakawa,Tōru Arakawa,Toru Arakawa,1932,2015,1957,1957,unknown,Wado-Ryu|Karate|Japanese Karate|Te|Wado-Kai|wadokai|Wadokai,0,https://en.wikipedia.org/wiki/T%C5%8Dru_Arakawa,Wado-Ryu,Karate,Japanese Karate,Te,Wado-Kai,wadokai,Wadokai,,,
C00610,,Toru Urasoko,Toru Urasoko,Toru Urasoko,Toru,Urasoko,Toru,Urasoko,Toru Urasoko,Toru Urasoko,,,,,unknown,,1,,Karate,,,,,,,,,
Q7827674,Q7827674,Toshihiro Oshiro,Toshihiro Oshiro,Toshihiro Oshiro,Toshihiro,Oshiro,Toshihiro,Oshiro,Toshihiro Oshiro,Toshihiro Oshiro,1949,,1974,1974,unknown,Shorin-Ryu|Yamanni-Ryu|Okinawan Kobudo|Karate|Okinawan Karate|Ryukyu Bujutsu Kenkyu Doyukai|Te,0,https://en.wikipedia.org/wiki/Toshihiro_Oshiro,Shorin-Ryu,Yamanni-Ryu,Okinawan Kobudo,Karate,Okinawan Karate,Ryukyu Bujutsu Kenkyu Doyukai,Te,,,
C00618,,Toshimasa Matsumoto,Toshimasa Matsumoto,Toshimasa Matsumoto,Toshimasa,Matsumoto,Toshimasa,Matsumoto,Toshimasa Matsumoto,Toshimasa Matsumoto,,,,,unknown,,1,,Karate,,,,,,,,,
C00619,,Toshimitsu Kina,Toshimitsu Kina,Toshimitsu Kina,Toshimitsu,Kina,Toshimitsu,Kina,Toshimitsu Kina,Toshimitsu Kina,,,,,unknown,,1,,Karate,,,,,,,,,
C00620,,Toshizo Egawa,Toshizo Egawa,Toshizo Egawa,Toshizo,Egawa,Toshizo,Egawa,Toshizo Egawa,Toshizo Egawa,,,,,unknown,,1,,Karate,,,,,,,,,
C00621,,Totori Budokan,Totori Budokan,Totori Budokan,Totori,Budokan,Totori,Budokan,Totori Budokan,Totori Budokan,,,,,unknown,,1,,Karate,,,,,,,,,
C00622,,Totori City,Totori City,Totori City,Totori,City,Totori,City,Totori City,Totori City,,,,,unknown,,1,,Karate,,,,,,,,,
Q295085,Q295085,Toyama,Toyama,Toyama,Toyama,,Toyama,,Toyama,Toyama,,,,,unknown,Te|Toyama-ryu,0,https://en.wikipedia.org/wiki/Toyama,Te,Toyama-ryu,,,,,,,,
C00623,,Tsugio Yonezawa,Tsugio Yonezawa,Tsugio Yonezawa,Tsugio,Yonezawa,Tsugio,Yonezawa,Tsugio Yonezawa,Tsugio Yonezawa,,,,,unknown,,1,,Karate,,,,,,,,,
C00624,,Tsugo Sakumoto,Tsugo Sakumoto,Tsugo Sakumoto,Tsugo,Sakumoto,Tsugo,Sakumoto,Tsugo Sakumoto,Tsugo Sakumoto,,,,,unknown,,1,,Karate,,,,,,,,,
C00625,,Tsuguo Sakumoto,Tsuguo Sakumoto,Tsuguo Sakumoto,Tsuguo,Sakumoto,Tsuguo,Sakumoto,Tsuguo Sakumoto,Tsuguo Sakumoto,,,,,unknown,,1,,Karate,,,,,,,,,
C00626,,Tsuken Akachu,Tsuken Akachu,Tsuken Akachu,Tsuken,Akachu,Tsuken,Akachu,Tsuken Akachu,Tsuken Akachu,,,,,unknown,,1,,Karate,,,,,,,,,
C00627,,Tsuken Hantaka,Tsuken Hantaka,Tsuken Hantaka,Tsuken,Hantaka,Tsuken,Hantaka,Tsuken Hantaka,Tsuken Hantaka,,,,,unknown,,1,,Karate,,,,,,,,,
C00628,,Tsutomu Nakahodo,Tsutomu Nakahodo,Tsutomu Nakahodo,Tsutomu,Nakahodo,Tsutomu,Nakahodo,Tsutomu Nakahodo,Tsutomu Nakahodo,,,,,unknown,,1,,Karate,,,,,,,,,
Q2619054,Q2619054,Tsutomu Ohshima,Tsutomu Ohshima,Tsutomu Ohshima,Tsutomu,Ohshima,Tsutomu,Ohshima,Tsutomu Ohshima,Tsutomu Ohshima,1930,,1955,1955,unknown,Shotokan|Karate|Japanese Karate|Shotokai|Shotokan Karate of America|Te,0,https://en.wikipedia.org/wiki/Tsutomu_Ohshima,Shotokan,Karate,Japanese Karate,Shotokai,Shotokan Karate of America,Te,,,,
Q135222893,Q135222893,Tsuyoshi Chitose,Tsuyoshi Chitose,Tsuyoshi Chitose,Tsuyoshi,Chitose,Tsuyoshi,Chitose,Tsuyoshi Chitose,Tsuyoshi Chitose,1898,1984,1923,1923,Shuri,Chito-Ryu|Karate|Naha-te|Shuri-te|Tomari-te|Goju-Ryu|Shito-Ryu|Shotokan|Matsubayashi-Ryu|Okinawan Kobudo|and Kobudo|and kobudo|Chitokai|chitokai|Chitoryu|chitoryu|Goju-ryuKaishugata|Karate Kobudo|Kempo|Kung Fu|Okinawan Karate|shitoryu|Te|Toon-Ryu|Yamanni-Ryu|Zen Okinawa Karate Kobudo Rengokai,0,https://en.wikipedia.org/wiki/Tsuyoshi_Chitose,Chito-Ryu,Karate,Naha-te,Shuri-te,Tomari-te,Goju-Ryu,Shito-Ryu,Shotokan,Matsubayashi-Ryu,Okinawan Kobudo
C00634,,Tung Chin,Tung Chin,Tung Chin,Tung,Chin,Tung,Chin,Tung Chin,Tung Chin,,,,,unknown,,1,,Karate,,,,,,,,,
Q30,Q30,United States,United States,United States,United,States,United,States,United States,United States,2009,8418,2034,2034,Naha,Te,0,https://en.wikipedia.org/wiki/United_States,Te,,,,,,,,,
C00636,,Unta Kanagusuku,Unta Kanagusuku,Unta Kanagusuku,Unta,Kanagusuku,Unta,Kanagusuku,Unta Kanagusuku,Unta Kanagusuku,,,,,unknown,,1,,Karate,,,,,,,,,
C00637,,Ushi Komesu,Ushi Komesu,Ushi Komesu,Ushi,Komesu,Ushi,Komesu,Ushi Komesu,Ushi Komesu,,,,,unknown,,1,,Karate,,,,,,,,,
C00639,,Wai Shin Zan,Wai Shin Zan,Wai Shin Zan,Wai,Shin Zan,Wai,Shin Zan,Wai Shin Zan,Wai Shin Zan,,,,,unknown,,1,,Karate,,,,,,,,,
C00640,,Wan Shin Zan,Wan Shin Zan,Wan Shin Zan,Wan,Shin Zan,Wan,Shin Zan,Wan Shin Zan,Wan Shin Zan,,,,,unknown,,1,,Karate,,,,,,,,,
C00641,,Wan Shu,Wan Shu,Wan Shu,Wan,Shu,Wan,Shu,Wan Shu,Wan Shu,,,,,unknown,,1,,Karate,,,,,,,,,
Q7972225,Q7972225,Washington State,Washington State,Washington State,Washington,State,Washington,State,Washington State,Washington State,,,,,unknown,Te,0,https://en.wikipedia.org/wiki/Washington_State,Te,,,,,,,,,
C00642,,Whereas Chokki,Whereas Chokki,Whereas Chokki,Whereas,Chokki,Whereas,Chokki,Whereas Chokki,Whereas Chokki,,,,,unknown,,1,,Karate,,,,,,,,,
C00643,,Whilst Asato,Whilst Asato,Whilst Asato,Whilst,Asato,Whilst,Asato,Whilst Asato,Whilst Asato,,,,,unknown,,1,,Karate,,,,,,,,,
Q348957,Q348957,White tiger,White tiger,White tiger,White,tiger,White,tiger,White tiger,White tiger,,,,,unknown,Te,0,https://en.wikipedia.org/wiki/White_tiger_(disambiguation),Te,,,,,,,,,
C00644,,William Bill Wallace,"William ""Bill"" Wallace",William Bill Wallace,William,"""Bill"" Wallace",William,Bill Wallace,"William ""Bill"" Wallace",William Bill Wallace,,,,,unknown,,1,,Karate,,,,,,,,,
C00646,,Yashichiro Ijuin,Yashichiro Ijuin,Yashichiro Ijuin,Yashichiro,Ijuin,Yashichiro,Ijuin,Yashichiro Ijuin,Yashichiro Ijuin,,,,,unknown,,1,,Karate,,,,,,,,,
Q4340863,Q4340863,Yasuhiko Oyama,Yasuhiko Ōyama,Yasuhiko Oyama,Yasuhiko,Ōyama,Yasuhiko,Oyama,Yasuhiko Ōyama,Yasuhiko Oyama,1942,,1967,1967,unknown,Kyokushin|Karate|Te|World Oyama Karate,0,https://ja.wikipedia.org/wiki/%E5%A4%A7%E5%B1%B1%E6%B3%B0%E5%BD%A6,Kyokushin,Karate,Te,World Oyama Karate,,,,,,
C00647,,Yasuhiko Oyama,Yasuhiko Oyama,Yasuhiko Oyama,Yasuhiko,Oyama,Yasuhiko,Oyama,Yasuhiko Oyama,Yasuhiko Oyama,,,,,unknown,,1,,Karate,,,,,,,,,
Q4351940,Q4351940,Yasuhiro Konishi,Yasuhiro Konishi,Yasuhiro Konishi,Yasuhiro,Konishi,Yasuhiro,Konishi,Yasuhiro Konishi,Yasuhiro Konishi,1893,1983,1918,1918,unknown,Shindo Jinen Ryu|Shindo jinen-ryu|Shito-Ryu|Shotokan|Japanese Karate|Karate|Takenouchi-ryu|Te,0,https://en.wikipedia.org/wiki/Yasuhiro_Konishi,Shindo Jinen Ryu,Shindo jinen-ryu,Shito-Ryu,Shotokan,Japanese Karate,Karate,Takenouchi-ryu,Te,,
C00648,,Yasuo Shimoji,Yasuo Shimoji,Yasuo Shimoji,Yasuo,Shimoji,Yasuo,Shimoji,Yasuo Shimoji,Yasuo Shimoji,,,,,unknown,,1,,Karate,,,,,,,,,
C00649,,Yasutaka Taira,Yasutaka Taira,Yasutaka Taira,Yasutaka,Taira,Yasutaka,Taira,Yasutaka Taira,Yasutaka Taira,,,,,unknown,,1,,Karate,,,,,,,,,
C00650,,Yeiko Nakahara,Yeiko Nakahara,Yeiko Nakahara,Yeiko,Nakahara,Yeiko,Nakahara,Yeiko Nakahara,Yeiko Nakahara,,,,,unknown,,1,,Karate,,,,,,,,,
C00651,,Yeishun Henna,Yeishun Henna,Yeishun Henna,Yeishun,Henna,Yeishun,Henna,Yeishun Henna,Yeishun Henna,,,,,unknown,,1,,Karate,,,,,,,,,
C00652,,Yoneo Yoshizato,Yoneo Yoshizato,Yoneo Yoshizato,Yoneo,Yoshizato,Yoneo,Yoshizato,Yoneo Yoshizato,Yoneo Yoshizato,,,,,unknown,,1,,Karate,,,,,,,,,
C00653,,Yoshiaki Gakiya,Yoshiaki Gakiya,Yoshiaki Gakiya,Yoshiaki,Gakiya,Yoshiaki,Gakiya,Yoshiaki Gakiya,Yoshiaki Gakiya,,,,,unknown,,1,,Karate,,,,,,,,,
C00654,,Yoshiaki Iwanishi,Yoshiaki Iwanishi,Yoshiaki Iwanishi,Yoshiaki,Iwanishi,Yoshiaki,Iwanishi,Yoshiaki Iwanishi,Yoshiaki Iwanishi,,,,,unknown,,1,,Karate,,,,,,,,,
C00655,,Yoshiaki Unno,Yoshiaki Unno,Yoshiaki Unno,Yoshiaki,Unno,Yoshiaki,Unno,Yoshiaki Unno,Yoshiaki Unno,,,,,unknown,,1,,Karate,,,,,,,,,
Q15845053,Q15845053,Yoshiharu Osaka,Yoshiharu Osaka,Yoshiharu Osaka,Yoshiharu,Osaka,Yoshiharu,Osaka,Yoshiharu Osaka,Yoshiharu Osaka,1947,,1972,1972,unknown,Shotokan|Karate|Dan karate|Japanese Karate|Te,0,https://en.wikipedia.org/wiki/Yoshiharu_Osaka,Shotokan,Karate,Dan karate,Japanese Karate,Te,,,,,
Q6130268,Q6130268,Yoshiji Soeno,Yoshiji Soeno,Yoshiji Soeno,Yoshiji,Soeno,Yoshiji,Soeno,Yoshiji Soeno,Yoshiji Soeno,1947,,1972,1972,unknown,Shidokan Karate|Goju-Ryu|Kyokushin|Shotokan|Wado-Ryu|Japanese Karate|Karate|Kyokushin-kai|KYOKUSHINKAI|KYOKUSHINKAIKAN|Te,0,https://en.wikipedia.org/wiki/Yoshiji_Soeno,Shidokan Karate,Goju-Ryu,Kyokushin,Shotokan,Wado-Ryu,Japanese Karate,Karate,Kyokushin-kai,KYOKUSHINKAI,KYOKUSHINKAIKAN
C00656,,Yoshiji Tengan,Yoshiji Tengan,Yoshiji Tengan,Yoshiji,Tengan,Yoshiji,Tengan,Yoshiji Tengan,Yoshiji Tengan,,,,,unknown,,1,,Karate,,,,,,,,,
C00657,,Yoshimura UDUN,Yoshimura UDUN,Yoshimura UDUN,Yoshimura,UDUN,Yoshimura,UDUN,Yoshimura UDUN,Yoshimura UDUN,,,,,unknown,,1,,Karate,,,,,,,,,
C00658,,Yoshinobu Sugai,Yoshinobu Sugai,Yoshinobu Sugai,Yoshinobu,Sugai,Yoshinobu,Sugai,Yoshinobu Sugai,Yoshinobu Sugai,,,,,unknown,,1,,Karate,,,,,,,,,
C00659,,Yoshio Hichiya,Yoshio Hichiya,Yoshio Hichiya,Yoshio,Hichiya,Yoshio,Hichiya,Yoshio Hichiya,Yoshio Hichiya,,,,,unknown,,1,,Karate,,,,,,,,,
C00660,,Yoshio Itokazu,Yoshio Itokazu,Yoshio Itokazu,Yoshio,Itokazu,Yoshio,Itokazu,Yoshio Itokazu,Yoshio Itokazu,,,,,unknown,,1,,Karate,,,,,,,,,
C00661,,Yoshio Okawa,Yoshio Okawa,Yoshio Okawa,Yoshio,Okawa,Yoshio,Okawa,Yoshio Okawa,Yoshio Okawa,,,,,unknown,,1,,Karate,,,,,,,,,
C00662,,Yoshio Uehara,Yoshio Uehara,Yoshio Uehara,Yoshio,Uehara,Yoshio,Uehara,Yoshio Uehara,Yoshio Uehara,,,,,unknown,,1,,Karate,,,,,,,,,
C00663,,Yoshio Zaha,Yoshio Zaha,Yoshio Zaha,Yoshio,Zaha,Yoshio,Zaha,Yoshio Zaha,Yoshio Zaha,,,,,unknown,,1,,Karate,,,,,,,,,
C00664,,Yuken Tokashiki,Yuken Tokashiki,Yuken Tokashiki,Yuken,Tokashiki,Yuken,Tokashiki,Yuken Tokashiki,Yuken Tokashiki,,,,,unknown,,1,,Karate,,,,,,,,,
C00665,,Yuki Morobashi,Yuki Morobashi,Yuki Morobashi,Yuki,Morobashi,Yuki,Morobashi,Yuki Morobashi,Yuki Morobashi,,,,,unknown,,1,,Karate,,,,,,,,,
C00666,,Yukio Adachi,Yukio Adachi,Yukio Adachi,Yukio,Adachi,Yukio,Adachi,Yukio Adachi,Yukio Adachi,,,,,unknown,,1,,Karate,,,,,,,,,
C00667,,Yushin Tomei,Yushin Tomei,Yushin Tomei,Yushin,Tomei,Yushin,Tomei,Yushin Tomei,Yushin Tomei,,,,,unknown,,1,,Karate,,,,,,,,,
C00668,,Yusho Higa,Yusho Higa,Yusho Higa,Yusho,Higa,Yusho,Higa,Yusho Higa,Yusho Higa,,,,,unknown,,1,,Karate,,,,,,,,,
C00669,,Yusuke Horiyama,Yusuke Horiyama,Yusuke Horiyama,Yusuke,Horiyama,Yusuke,Horiyama,Yusuke Horiyama,Yusuke Horiyama,,,,,unknown,,1,,Karate,,,,,,,,,
Q8062088,Q8062088,Yutaka Yaguchi,Yutaka Yaguchi,Yutaka Yaguchi,Yutaka,Yaguchi,Yutaka,Yaguchi,Yutaka Yaguchi,Yutaka Yaguchi,1932,2023,1957,1957,unknown,Shotokan|Karate|Japanese Karate|Te,0,https://en.wikipedia.org/wiki/Yutaka_Yaguchi,Shotokan,Karate,Japanese Karate,Te,,,,,,
Q7953,Q7953,Zen,Zen,Zen,Zen,,Zen,,Zen,Zen,,,,,unknown,Chinese Martial Arts|Chuan Fa|Kung Fu|Shunryu Suzuki|Te,0,https://en.wikipedia.org/wiki/Zen,Chinese Martial Arts,Chuan Fa,Kung Fu,Shunryu Suzuki,Te,,,,,
C00672,,Zenpo Shimabukuro,Zenpo Shimabukuro,Zenpo Shimabukuro,Zenpo,Shimabukuro,Zenpo,Shimabukuro,Zenpo Shimabukuro,Zenpo Shimabukuro,,,,,unknown,,1,,Karate,,,,,,,,,
Q189805,Q189805,Zenryo Shimabukuro,Zenryō Shimabukuro,Zenryo Shimabukuro,Zenryō,Shimabukuro,Zenryo,Shimabukuro,Zenryō Shimabukuro,Zenryo Shimabukuro,1909,1969,1934,1934,Shuri,Shorin-Ryu|Karate|Kobayashi Shorin-Ryu|Okinawan Karate|Seibukan Shorin-Ryu|Shorin-ryu Seibukan|Te,0,https://en.wikipedia.org/wiki/Zenry%C5%8D_Shimabukuro,Shorin-Ryu,Karate,Kobayashi Shorin-Ryu,Okinawan Karate,Seibukan Shorin-Ryu,Shorin-ryu Seibukan,Te,,,
C00673,,Zenyei OshiroAkio Kinjo,Zenyei OshiroAkio Kinjo,Zenyei OshiroAkio Kinjo,Zenyei,OshiroAkio Kinjo,Zenyei,OshiroAkio Kinjo,Zenyei OshiroAkio Kinjo,Zenyei OshiroAkio Kinjo,,,,,unknown,,1,,Karate,,,,,,,,,
Q15845035,Q15845035,Katsutoshi Shiina,Katsutoshi Shiina,Katsutoshi Shiina,Katsutoshi,Shiina,Katsutoshi,Shiina,Katsutoshi Shiina,Katsutoshi Shiina,1961,,1986,1986,unknown,Shotokan|Karate|Japanese Karate|Te,0,https://en.wikipedia.org/wiki/Katsutoshi_Shiina,Shotokan,Karate,Japanese Karate,Te,,,,,,
Q2672426,Q2672426,Tomita Tsunejiro,Tomita Tsunejirō,Tomita Tsunejiro,Tomita,Tsunejirō,Tomita,Tsunejiro,Tomita Tsunejirō,Tomita Tsunejiro,1865,1937,1890,1890,unknown,Shito-Ryu|Ryoi-shito-ryu|Te|Tenjin Shinyo-ryu,0,https://en.wikipedia.org/wiki/Tomita_Tsunejir%C5%8D,Shito-Ryu,Ryoi-shito-ryu,Te,Tenjin Shinyo-ryu,,,,,,
Q6782405,Q6782405,Masaji Taira,Masaji Taira,Masaji Taira,Masaji,Taira,Masaji,Taira,Masaji Taira,Masaji Taira,1952,,1977,1977,Naha,Goju-Ryu|Karate|Okinawan Kobudo|Gojuryu|gojuryukenkyukai|Jundokan|Okinawan Karate|Ryukyu Bujutsu Kenkyu Doyukai|Seidokan|Te,0,https://en.wikipedia.org/wiki/Masaji_Taira,Goju-Ryu,Karate,Okinawan Kobudo,Gojuryu,gojuryukenkyukai,Jundokan,Okinawan Karate,Ryukyu Bujutsu Kenkyu Doyukai,Seidokan,Te
Q9096235,Q9096235,Won Kuk Lee,Won Kuk Lee,Won Kuk Lee,Won,Kuk Lee,Won,Kuk Lee,Won Kuk Lee,Won Kuk Lee,1907,2003,1932,1932,unknown,Shotokan|Karate|Taekwondo|Tang Soo Do|Chuan Fa|Korean Martial Arts|Korean Tang Soo Do|Tae Kwon Do|Taekwon-do|Te,0,https://en.wikipedia.org/wiki/Won-kuk_Lee,Shotokan,Karate,Taekwondo,Tang Soo Do,Chuan Fa,Korean Martial Arts,Korean Tang Soo Do,Tae Kwon Do,Taekwon-do,Te
Q15845030,Q15845030,Satoshi Takahashi,Satoshi Takahashi,Satoshi Takahashi,Satoshi,Takahashi,Satoshi,Takahashi,Satoshi Takahashi,Satoshi Takahashi,1968,,1993,1993,unknown,Shotokan|Karate|Dan karate|Japanese Karate|Te,0,https://en.wikipedia.org/wiki/Satoshi_Takahashi,Shotokan,Karate,Dan karate,Japanese Karate,Te,,,,,
Q5490474,Q5490474,Frank Woon-a-tai,Frank Woon-a-tai,Frank Woon-a-tai,Frank,Woon-a-tai,Frank,Woon-a-tai,Frank Woon-a-tai,Frank Woon-a-tai,1950,,1975,1975,unknown,Shotokan|Japanese Karate|Karate|Te,0,https://en.wikipedia.org/wiki/Frank_Woon-A-Tai,Shotokan,Japanese Karate,Karate,Te,,,,,,
Q4340844,Q4340844,Vasili Oshchepkov,Vasili Oshchepkov,Vasili Oshchepkov,Vasili,Oshchepkov,Vasili,Oshchepkov,Vasili Oshchepkov,Vasili Oshchepkov,1892,1937,1917,1917,unknown,Chinese Martial Arts|Cite|Merited Maste|Te,0,https://en.wikipedia.org/wiki/Vasili_Oshchepkov,Chinese Martial Arts,Cite,Merited Maste,Te,,,,,,
Q345012,Q345012,Huineng,Huineng,Huineng,Huineng,,Huineng,,Huineng,Huineng,0638,0713,663,663,unknown,Te,0,https://en.wikipedia.org/wiki/Huineng,Te,,,,,,,,,
Q15845041,Q15845041,Takenori Imura,Takenori Imura,Takenori Imura,Takenori,Imura,Takenori,Imura,Takenori Imura,Takenori Imura,1952,,1977,1977,unknown,Shotokan|Karate|Dan karate|Japanese Karate|Te,0,https://en.wikipedia.org/wiki/Takenori_Imura,Shotokan,Karate,Dan karate,Japanese Karate,Te,,,,,
Q1490,Q1490,Tokyo,Tokyo,Tokyo,Tokyo,,Tokyo,,Tokyo,Tokyo,1868,1943,1893,1893,unknown,Karate|Kudo|Kyu-Iwasaki-tei Garden|Te|Tode,0,https://en.wikipedia.org/wiki/Tokyo,Karate,Kudo,Kyu-Iwasaki-tei Garden,Te,Tode,,,,,
Q40795,Q40795,kata,kata,kata,kata,,kata,,kata,kata,,,,,unknown,Okinawan Kobudo|Chinese Martial Arts|Karate|Kenpo|Korean Martial Arts|Taekwon-do|Taekwondo|Tang Soo Do|Te,0,https://en.wikipedia.org/wiki/Kata,Okinawan Kobudo,Chinese Martial Arts,Karate,Kenpo,Korean Martial Arts,Taekwon-do,Taekwondo,Tang Soo Do,Te,
Q182130,Q182130,Morihei Ueshiba,Morihei Ueshiba,Morihei Ueshiba,Morihei,Ueshiba,Morihei,Ueshiba,Morihei Ueshiba,Morihei Ueshiba,1883,1969,1908,1908,unknown,Daito-ryu|Daito-ryu Aiki-jujutsu|Karate|Kito-ryu|Shinkage-ryu|Te|Tenjin Shinyo-ryu|Tenryu Saburo|Yagyu Shingan-ryu|Yagyu Shinkage-ryu,0,https://en.wikipedia.org/wiki/Morihei_Ueshiba,Daito-ryu,Daito-ryu Aiki-jujutsu,Karate,Kito-ryu,Shinkage-ryu,Te,Tenjin Shinyo-ryu,Tenryu Saburo,Yagyu Shingan-ryu,Yagyu Shinkage-ryu
Q6378060,Q6378060,Katsuaki Sato,Katsuaki Satō,Katsuaki Sato,Katsuaki,Satō,Katsuaki,Sato,Katsuaki Satō,Katsuaki Sato,1946,,1971,1971,unknown,Kyokushin kaikan|Karate|Kyokushin|Kyokushin-kai|Kyokushinkai|KYOKUSHINKAI|KYOKUSHINKAIKAN|Satojuku Karate|Te,0,https://en.wikipedia.org/wiki/Katsuaki_Sat%C5%8D,Kyokushin kaikan,Karate,Kyokushin,Kyokushin-kai,Kyokushinkai,KYOKUSHINKAI,KYOKUSHINKAIKAN,Satojuku Karate,Te,
Q15845026,Q15845026,Koichiro Okuma,Koichiro Okuma,Koichiro Okuma,Koichiro,Okuma,Koichiro,Okuma,Koichiro Okuma,Koichiro Okuma,1970,,1995,1995,unknown,Shotokan,0,,Shotokan,,,,,,,,,
Q131359,Q131359,professional wrestling,professional wrestling,professional wrestling,professional,wrestling,professional,wrestling,professional wrestling,professional wrestling,,,,,unknown,all-terrain vehicle|Te,0,https://en.wikipedia.org/wiki/Professional_wrestling,all-terrain vehicle,Te,,,,,,,,
Q3182349,Q3182349,John Reeberg,John Reeberg,John Reeberg,John,Reeberg,John,Reeberg,John Reeberg,John Reeberg,1947,,1972,1972,unknown,Karate|Te,0,https://en.wikipedia.org/wiki/John_Reeberg,Karate,Te,,,,,,,,
Q356335,Q356335,Choi Hong-hi,Choi Hong-hi,Choi Hong-hi,Choi,Hong-hi,Choi,Hong-hi,Choi Hong-hi,Choi Hong-hi,1918,2002,1943,1943,unknown,Karate|Taekwondo|Shotokan|Grand Maste|Korean Martial Arts|Korean Taekwondo|Ryu Mi-yong|Tae Kwon Do|Taekwon-do|Tang Soo Do|Te,0,https://en.wikipedia.org/wiki/Choi_Hong-hi,Karate,Taekwondo,Shotokan,Grand Maste,Korean Martial Arts,Korean Taekwondo,Ryu Mi-yong,Tae Kwon Do,Taekwon-do,Tang Soo Do
Q8056246,Q8056246,Yoshio Nakamura,Yoshio Nakamura,Yoshio Nakamura,Yoshio,Nakamura,Yoshio,Nakamura,Yoshio Nakamura,Yoshio Nakamura,1970,,1995,1995,unknown,Te,0,https://en.wikipedia.org/wiki/Yoshio_Nakamura,Te,,,,,,,,,
Q4023282,Q4023282,Yutaka Toyama,Yutaka Toyama,Yutaka Toyama,Yutaka,Toyama,Yutaka,Toyama,Yutaka Toyama,Yutaka Toyama,1938,2011,1963,1963,unknown,Wado-Ryu|CategorieWado-ryu|Karate|Te|Wado-Kai|wadoryu,0,https://fr.wikipedia.org/wiki/Yutaka_Toyama,Wado-Ryu,CategorieWado-ryu,Karate,Te,Wado-Kai,wadoryu,,,,
Q5618841,Q5618841,Gunji Koizumi,Gunji Koizumi,Gunji Koizumi,Gunji,Koizumi,Gunji,Koizumi,Gunji Koizumi,Gunji Koizumi,1885,1965,1910,1910,unknown,Kodokan|Te|Tenjin Shinyo-ryu,0,https://en.wikipedia.org/wiki/Gunji_Koizumi,Kodokan,Te,Tenjin Shinyo-ryu,,,,,,,
Q15845033,Q15845033,Yasuo Hanzaki,Yasuo Hanzaki,Yasuo Hanzaki,Yasuo,Hanzaki,Yasuo,Hanzaki,Yasuo Hanzaki,Yasuo Hanzaki,1962,,1987,1987,unknown,Shotokan|Karate|Dan karate|Japanese Karate|Te,0,https://en.wikipedia.org/wiki/Yasuo_Hanzaki,Shotokan,Karate,Dan karate,Japanese Karate,Te,,,,,
Q6183244,Q6183244,Jerry Bell,Jerry Bell,Jerry Bell,Jerry,Bell,Jerry,Bell,Jerry Bell,Jerry Bell,1959,,1984,1984,unknown,Shotokan,0,https://en.wikipedia.org/wiki/Jerry_Bell,Shotokan,,,,,,,,,
Q128059,Q128059,Kata guruma,Kata guruma,Kata guruma,Kata,guruma,Kata,guruma,Kata guruma,Kata guruma,2022,,2047,2047,unknown,Kudo|Te,0,https://en.wikipedia.org/wiki/Kata_guruma,Kudo,Te,,,,,,,,
Q72716,Q72716,Pino Presti,Pino Presti,Pino Presti,Pino,Presti,Pino,Presti,Pino Presti,Pino Presti,1943,,1968,1968,unknown,Shotokan|Karate|Te,0,https://en.wikipedia.org/wiki/Pino_Presti,Shotokan,Karate,Te,,,,,,,
Q29043333,Q29043333,Stan Schmidt,Stan Schmidt,Stan Schmidt,Stan,Schmidt,Stan,Schmidt,Stan Schmidt,Stan Schmidt,1936,2019,1961,1961,unknown,Shotokan|Karate|Australasia official site|Japanese Karate|Te,0,https://en.wikipedia.org/wiki/Stan_Schmidt,Shotokan,Karate,Australasia official site,Japanese Karate,Te,,,,,
Q2453372,Q2453372,Kyuzo Mifune,Kyuzo Mifune,Kyuzo Mifune,Kyuzo,Mifune,Kyuzo,Mifune,Kyuzo Mifune,Kyuzo Mifune,1883,1965,1908,1908,unknown,Taekwon-do|Taekwondo|Te,0,https://en.wikipedia.org/wiki/Kyuzo_Mifune,Taekwon-do,Taekwondo,Te,,,,,,,
Q6742556,Q6742556,Malcolm Phipps,Malcolm Phipps,Malcolm Phipps,Malcolm,Phipps,Malcolm,Phipps,Malcolm Phipps,Malcolm Phipps,1942,,1967,1967,unknown,Shotokan Karate|Shotokan|Karate|Shotokan-Ryu|Te,0,https://en.wikipedia.org/wiki/Malcolm_Phipps,Shotokan Karate,Shotokan,Karate,Shotokan-Ryu,Te,,,,,
Q16006586,Q16006586,Kanki Izumigawa,Kanki Izumigawa,Kanki Izumigawa,Kanki,Izumigawa,Kanki,Izumigawa,Kanki Izumigawa,Kanki Izumigawa,1908,1969,1933,1933,Naha,Goju-Ryu|Senbukan Dojo|Ryukyu Kobudo|Naha-te|Dai Nippon Butokukai|Karate|Okinawan Karate|Ryukyo Kobudo|Senbukan|Te,0,https://en.wikipedia.org/wiki/Kanki_Izumigawa,Goju-Ryu,Senbukan Dojo,Ryukyu Kobudo,Naha-te,Dai Nippon Butokukai,Karate,Okinawan Karate,Ryukyo Kobudo,Senbukan,Te
Q60,Q60,New York City,New York City,New York City,New,York City,New,York City,New York City,New York City,,,,,unknown,FilePort-authority-terminaljpg|Te,0,https://en.wikipedia.org/wiki/New_York_City,FilePort-authority-terminaljpg,Te,,,,,,,,
Q1206086,Q1206086,Kumejima,Kumejima,Kumejima,Kumejima,,Kumejima,,Kumejima,Kumejima,,,,,Shuri,Te,0,"https://en.wikipedia.org/wiki/Kumejima,_Okinawa",Te,,,,,,,,,
Q381799,Q381799,Cary-Hiroyuki Tagawa,Cary-Hiroyuki Tagawa,Cary-Hiroyuki Tagawa,Cary-Hiroyuki,Tagawa,Cary-Hiroyuki,Tagawa,Cary-Hiroyuki Tagawa,Cary-Hiroyuki Tagawa,1950,2025,1975,1975,unknown,Shotokan|Karate|Te,0,https://en.wikipedia.org/wiki/Cary-Hiroyuki_Tagawa,Shotokan,Karate,Te,,,,,,,
Q15845047,Q15845047,Toshihiro Mori,Toshihiro Mori,Toshihiro Mori,Toshihiro,Mori,Toshihiro,Mori,Toshihiro Mori,Toshihiro Mori,,,,,unknown,Shotokan|Karate|Dan karate|Japanese Karate|Te,0,https://en.wikipedia.org/wiki/Toshihiro_Mori,Shotokan,Karate,Dan karate,Japanese Karate,Te,,,,,
Q95043,Q95043,James Caan,James Caan,James Caan,James,Caan,James,Caan,James Caan,James Caan,1940,2022,1965,1965,unknown,Gosoku-ryu|Gosoku-ryuBackground|Karate|Te,0,https://en.wikipedia.org/wiki/James_Caan,Gosoku-ryu,Gosoku-ryuBackground,Karate,Te,,,,,,
Q605735,Q605735,Hideo Yamamoto,Hideo Yamamoto,Hideo Yamamoto,Hideo,Yamamoto,Hideo,Yamamoto,Hideo Yamamoto,Hideo Yamamoto,1968,,1993,1993,unknown,Karate|Te,0,https://en.wikipedia.org/wiki/Hideo_Yamamoto,Karate,Te,,,,,,,,
Q182634,Q182634,rickshaw,rickshaw,rickshaw,rickshaw,,rickshaw,,rickshaw,rickshaw,2019,,2044,2044,unknown,Te,0,https://en.wikipedia.org/wiki/Rickshaw,Te,,,,,,,,,
Q130739281,Q130739281,Ahagon Naonobu,Ahagon Naonobu,Ahagon Naonobu,Ahagon,Naonobu,Ahagon,Naonobu,Ahagon Naonobu,Ahagon Naonobu,1940,,1965,1965,Naha,Shorin-Ryu|Uechi-Ryu|and Kobudo|Karate|Kobudo|Te|uechiryu,0,https://en.wikipedia.org/wiki/Ahagon_Naonobu,Shorin-Ryu,Uechi-Ryu,and Kobudo,Karate,Kobudo,Te,uechiryu,,,
Q907052,Q907052,Shuri Castle,Shuri Castle,Shuri Castle,Shuri,Castle,Shuri,Castle,Shuri Castle,Shuri Castle,1958,,1983,1983,Shuri,Invasion of Ryukyu|Te,0,https://en.wikipedia.org/wiki/Shuri_Castle,Invasion of Ryukyu,Te,,,,,,,,
Q460890,Q460890,Keiko Fukuda,Keiko Fukuda,Keiko Fukuda,Keiko,Fukuda,Keiko,Fukuda,Keiko Fukuda,Keiko Fukuda,1913,2013,1938,1938,unknown,Kodokan|Te|Tenjin Shinyo-ryu,0,https://en.wikipedia.org/wiki/Keiko_Fukuda,Kodokan,Te,Tenjin Shinyo-ryu,,,,,,,
Q11258528,Q11258528,Kenji Yamaki,Kenji Yamaki,Kenji Yamaki,Kenji,Yamaki,Kenji,Yamaki,Kenji Yamaki,Kenji Yamaki,1964,,1989,1989,unknown,Kyokushin|inta-netsutoa-kaibu|Karate|Kyokushin-kai|kyokushinkai|kyokushinkaikan|Te,0,https://ja.wikipedia.org/wiki/%E5%85%AB%E5%B7%BB%E5%BB%BA%E5%BC%90,Kyokushin,inta-netsutoa-kaibu,Karate,Kyokushin-kai,kyokushinkai,kyokushinkaikan,Te,,,
Q1336547,Q1336547,Peichin Takahara,Peichin Takahara,Peichin Takahara,Peichin,Takahara,Peichin,Takahara,Peichin Takahara,Peichin Takahara,1684,1760,1709,1709,Shuri,Chuan Fa|Ch'uan Fa|Japanese Karate|Karate|Te,0,https://en.wikipedia.org/wiki/Peichin_Takahara,Chuan Fa,Ch'uan Fa,Japanese Karate,Karate,Te,,,,,
Q1493305,Q1493305,firefighters carry,firefighter's carry,firefighters carry,firefighter's,carry,firefighters,carry,firefighter's carry,firefighters carry,0112,,137,137,unknown,Te,0,https://en.wikipedia.org/wiki/Fireman%27s_carry,Te,,,,,,,,,
Q11474560,Q11474560,Tatsuya Iwasaki,Tatsuya Iwasaki,Tatsuya Iwasaki,Tatsuya,Iwasaki,Tatsuya,Iwasaki,Tatsuya Iwasaki,Tatsuya Iwasaki,1969,,1994,1994,unknown,Te,0,https://ja.wikipedia.org/wiki/%E5%B2%A9%E5%B4%8E%E9%81%94%E4%B9%9F,Te,,,,,,,,,
Q192660,Q192660,Battle of Okinawa,Battle of Okinawa,Battle of Okinawa,Battle,of Okinawa,Battle,of Okinawa,Battle of Okinawa,Battle of Okinawa,,,,,Shuri,Shorin-Ryu|History of the Ryukyus|Karate|shorinryu|Te|United States Civil Administration of the Ryukyu Islands|Volcano and Ryukyu Islands campaign,0,https://en.wikipedia.org/wiki/Battle_of_Okinawa,Shorin-Ryu,History of the Ryukyus,Karate,shorinryu,Te,United States Civil Administration of the Ryukyu Islands,Volcano and Ryukyu Islands campaign,,,
Q2408025,Q2408025,catch wrestling,catch wrestling,catch wrestling,catch,wrestling,catch,wrestling,catch wrestling,catch wrestling,2011,,2036,2036,unknown,Te,0,https://en.wikipedia.org/wiki/Catch_wrestling,Te,,,,,,,,,
Q136799394,Q136799394,Robert Heisner,Robert Heisner,Robert Heisner,Robert,Heisner,Robert,Heisner,Robert Heisner,Robert Heisner,1946,2024,1971,1971,unknown,Bushido Kai Karate|Itosu Ryu|Kyokushin|Shotokan|Wado-Ryu|Karate|Kyokushin-kai|Tae Kwon Do|Taekwon-do|Taekwondo|Te,0,https://en.wikipedia.org/wiki/Robert_Heisner,Bushido Kai Karate,Itosu Ryu,Kyokushin,Shotokan,Wado-Ryu,Karate,Kyokushin-kai,Tae Kwon Do,Taekwon-do,Taekwondo
Q5661611,Q5661611,Harold M Mitchum,Harold M. Mitchum,Harold M Mitchum,Harold,M. Mitchum,Harold,M Mitchum,Harold M. Mitchum,Harold M Mitchum,1933,,1958,1958,unknown,Isshin-Ryu,0,,Isshin-Ryu,,,,,,,,,
Q7129609,Q7129609,Caucasian race,Caucasian race,Caucasian race,Caucasian,race,Caucasian,race,Caucasian race,Caucasian race,3589,,3614,3614,unknown,Te,0,https://en.wikipedia.org/wiki/Caucasian_race,Te,,,,,,,,,
Q845354,Q845354,sai,sai,sai,sai,,sai,,sai,sai,1944,1884,1969,1969,unknown,Self-test of Intelligence|Te,0,https://en.wikipedia.org/wiki/Sai,Self-test of Intelligence,Te,,,,,,,,
Q3532632,Q3532632,Toshio Fujiwara,Toshio Fujiwara,Toshio Fujiwara,Toshio,Fujiwara,Toshio,Fujiwara,Toshio Fujiwara,Toshio Fujiwara,1948,,1973,1973,unknown,Te,0,https://en.wikipedia.org/wiki/Toshio_Fujiwara,Te,,,,,,,,,
Q2079584,Q2079584,Robert Wall,Robert Wall,Robert Wall,Robert,Wall,Robert,Wall,Robert Wall,Robert Wall,1939,2022,1964,1964,unknown,Karate|Kyokushin Budokai|Tang Soo Do|Kyokushin|Shorin-Ryu|International Kyokushin Budokai|Kung Fu|Te,0,https://en.wikipedia.org/wiki/Robert_Wall,Karate,Kyokushin Budokai,Tang Soo Do,Kyokushin,Shorin-Ryu,International Kyokushin Budokai,Kung Fu,Te,,
Q352678,Q352678,Bjorn Bregy,Björn Bregy,Bjorn Bregy,Björn,Bregy,Bjorn,Bregy,Björn Bregy,Bjorn Bregy,1974,2010,1999,1999,unknown,Yoseikan Budo|Te|Yoseikan,0,https://en.wikipedia.org/wiki/Bj%C3%B6rn_Bregy,Yoseikan Budo,Te,Yoseikan,,,,,,,
Q3274794,Q3274794,Camp Zama,Camp Zama,Camp Zama,Camp,Zama,Camp,Zama,Camp Zama,Camp Zama,,,,,unknown,Te,0,https://en.wikipedia.org/wiki/Camp_Zama,Te,,,,,,,,,
Q11486455,Q11486455,Tsuyoshi Hiroshige,Tsuyoshi Hiroshige,Tsuyoshi Hiroshige,Tsuyoshi,Hiroshige,Tsuyoshi,Hiroshige,Tsuyoshi Hiroshige,Tsuyoshi Hiroshige,1947,2018,1972,1972,unknown,Kyokushin|Karate|Kyokushin-kai|Kyokushin-kan|kyokushinkai|Shinkyokushin|Te,0,https://en.wikipedia.org/wiki/Tsuyoshi_Hiroshige,Kyokushin,Karate,Kyokushin-kai,Kyokushin-kan,kyokushinkai,Shinkyokushin,Te,,,
Q1493578,Q1493578,Chinto,Chintō,Chinto,Chintō,,Chinto,,Chintō,Chinto,,,,,Shuri,Karate|Isshin-Ryu|Shito-Ryu|Shorin-Ryu|Shotokan|Wado-Ryu|Chito-Ryu|Matsubayashi-Ryu|Shuri-te|Tomari-te|Fujian White Crane|Gensei-Ryu|isshinryu|Kempo|Kenpo|Shukokai|Tang Soo Do|Te|Tode|White Crane,0,https://en.wikipedia.org/wiki/Chint%C5%8D,Karate,Isshin-Ryu,Shito-Ryu,Shorin-Ryu,Shotokan,Wado-Ryu,Chito-Ryu,Matsubayashi-Ryu,Shuri-te,Tomari-te
Q3025412,Q3025412,Toshiaki Kawada,Toshiaki Kawada,Toshiaki Kawada,Toshiaki,Kawada,Toshiaki,Kawada,Toshiaki Kawada,Toshiaki Kawada,1963,,1988,1988,Naha,Te,0,https://en.wikipedia.org/wiki/Toshiaki_Kawada,Te,,,,,,,,,
Q7151260,Q7151260,Paul Herbert,Paul Herbert,Paul Herbert,Paul,Herbert,Paul,Herbert,Paul Herbert,Paul Herbert,1974,1983,1999,1999,unknown,Te,0,https://en.wikipedia.org/wiki/Paul_Herbert,Te,,,,,,,,,
Q1494112,Q1494112,Kenichi Sawai,Ken'ichi Sawai,Kenichi Sawai,Ken'ichi,Sawai,Kenichi,Sawai,Ken'ichi Sawai,Kenichi Sawai,1903,1988,1928,1928,unknown,Kyokushin|Karate|Kenpo|Kung Fu|Kyokushin-kai|Kyokushinkai|Te,0,https://en.wikipedia.org/wiki/Kenichi_Sawai,Kyokushin,Karate,Kenpo,Kung Fu,Kyokushin-kai,Kyokushinkai,Te,,,
Q15987564,Q15987564,Masaaki Ueki,Masaaki Ueki,Masaaki Ueki,Masaaki,Ueki,Masaaki,Ueki,Masaaki Ueki,Masaaki Ueki,1939,2024,1964,1964,unknown,Shotokan|Karate|Karatenomichi World Federation|Shotokai|Shotokan Karate of America|Te,0,https://en.wikipedia.org/wiki/Japan_Karate_Association,Shotokan,Karate,Karatenomichi World Federation,Shotokai,Shotokan Karate of America,Te,,,,
Q4057557,Q4057557,Takashi Azuma,Takashi Azuma,Takashi Azuma,Takashi,Azuma,Takashi,Azuma,Takashi Azuma,Takashi Azuma,1949,2021,1974,1974,unknown,Kyokushin|Daido Juku|Japanese Karate|Karate|Kempo|Kudo|Kyokushin-kai|Seidokaikan|Taekwon-do|Taekwondo|Te,0,https://en.wikipedia.org/wiki/K%C5%ABd%C5%8D,Kyokushin,Daido Juku,Japanese Karate,Karate,Kempo,Kudo,Kyokushin-kai,Seidokaikan,Taekwon-do,Taekwondo
Q23688927,Q23688927,Masaru Shintani,Masaru Shintani,Masaru Shintani,Masaru,Shintani,Masaru,Shintani,Masaru Shintani,Masaru Shintani,1927,2000,1952,1952,unknown,Wado-Ryu|Karate|Shorin-Ryu|Te|Wado-Kai,0,https://en.wikipedia.org/wiki/Masaru_Shintani,Wado-Ryu,Karate,Shorin-Ryu,Te,Wado-Kai,,,,,
Q11436963,Q11436963,Noboru Osawa,Noboru Ōsawa,Noboru Osawa,Noboru,Ōsawa,Noboru,Osawa,Noboru Ōsawa,Noboru Osawa,1942,,1967,1967,unknown,Karate|Te,0,https://ja.wikipedia.org/wiki/%E5%A4%A7%E6%B2%A2%E6%98%87,Karate,Te,,,,,,,,
Q3898157,Q3898157,Paul Starling,Paul Starling,Paul Starling,Paul,Starling,Paul,Starling,Paul Starling,Paul Starling,1948,,1973,1973,unknown,Goju-Kai|Goju-Ryu|Shito-Ryu|Shotokan|Wado-Ryu|Goju Kan|Gojukai|gojukai|Karate|Kyu Kobudo|Te,0,https://en.wikipedia.org/wiki/Paul_Starling,Goju-Kai,Goju-Ryu,Shito-Ryu,Shotokan,Wado-Ryu,Goju Kan,Gojukai,gojukai,Karate,Kyu Kobudo
Q1335481,Q1335481,Henry Plee,Henry Plée,Henry Plee,Henry,Plée,Henry,Plee,Henry Plée,Henry Plee,1923,2014,1948,1948,unknown,Karate|Goju-Ryu|Kyokushin|Shotokan|Okinawan Kobudo|Chinese Martial Arts|Kyokushin-kai|Kyokushinkai|Nanbudo|Shotokai|Shukokai|Te,0,https://en.wikipedia.org/wiki/Henry_Pl%C3%A9e,Karate,Goju-Ryu,Kyokushin,Shotokan,Okinawan Kobudo,Chinese Martial Arts,Kyokushin-kai,Kyokushinkai,Nanbudo,Shotokai
Q15845027,Q15845027,Yuko Hirayama,Yuko Hirayama,Yuko Hirayama,Yuko,Hirayama,Yuko,Hirayama,Yuko Hirayama,Yuko Hirayama,1969,,1994,1994,unknown,Shotokan,0,,Shotokan,,,,,,,,,
Q7446702,Q7446702,Seiichi Akamine,Seiichi Akamine,Seiichi Akamine,Seiichi,Akamine,Seiichi,Akamine,Seiichi Akamine,Seiichi Akamine,1920,1995,1945,1945,unknown,Goju-Ryu|Brazilian Association of Karate|gojuryu|Karate|Quan Fa|Te,0,https://ja.wikipedia.org/wiki/%E8%B5%A4%E5%B6%BA%E8%AA%A0%E4%B8%80,Goju-Ryu,Brazilian Association of Karate,gojuryu,Karate,Quan Fa,Te,,,,
Q6869269,Q6869269,Minoru Higa,Minoru Higa,Minoru Higa,Minoru,Higa,Minoru,Higa,Minoru Higa,Minoru Higa,1941,,1966,1966,Naha,Shorin-Ryu|Ryukyu Kobudo|and Kobudo|Japanese Karate|Kaicho of Kyudokan|Karate|Okinawan Karate|Ryu school|Shorin Ryu Kyudokan|Te|United States Civil Administration of the Ryukyu Islands,0,https://en.wikipedia.org/wiki/Minoru_Higa,Shorin-Ryu,Ryukyu Kobudo,and Kobudo,Japanese Karate,Kaicho of Kyudokan,Karate,Okinawan Karate,Ryu school,Shorin Ryu Kyudokan,Te
Q22124384,Q22124384,Fukuda Hachinosuke,Fukuda Hachinosuke,Fukuda Hachinosuke,Fukuda,Hachinosuke,Fukuda,Hachinosuke,Fukuda Hachinosuke,Fukuda Hachinosuke,1828,1879,1853,1853,unknown,Te,0,https://ja.wikipedia.org/wiki/%E7%A6%8F%E7%94%B0%E5%85%AB%E4%B9%8B%E5%8A%A9,Te,,,,,,,,,
Q1929108,Q1929108,Kusanku,Kūsankū,Kusanku,Kūsankū,,Kusanku,,Kūsankū,Kusanku,1670,1762,1695,1695,unknown,Isshin-Ryu|Shito-Ryu|Matsubayashi-Ryu|Chinese Martial Arts|Karate|Kempo|Te,0,https://en.wikipedia.org/wiki/K%C5%ABsank%C5%AB,Isshin-Ryu,Shito-Ryu,Matsubayashi-Ryu,Chinese Martial Arts,Karate,Kempo,Te,,,
Q7561025,Q7561025,Song Moo Kwan,Song Moo Kwan,Song Moo Kwan,Song,Moo Kwan,Song,Moo Kwan,Song Moo Kwan,Song Moo Kwan,1919,2015,1944,1944,unknown,Taekwondo|Shotokan|Karate|Korean Martial Arts|Korean Taekwondo|Kung Fu|Taekwon-do|Tang Soo Do|Te,0,https://en.wikipedia.org/wiki/Song_Moo_Kwan,Taekwondo,Shotokan,Karate,Korean Martial Arts,Korean Taekwondo,Kung Fu,Taekwon-do,Tang Soo Do,Te,
Q127513,Q127513,Kanagawa Prefecture,Kanagawa Prefecture,Kanagawa Prefecture,Kanagawa,Prefecture,Kanagawa,Prefecture,Kanagawa Prefecture,Kanagawa Prefecture,2024,,2049,2049,unknown,Te,0,https://en.wikipedia.org/wiki/Kanagawa_Prefecture,Te,,,,,,,,,
Q17225688,Q17225688,Kenji Kano,Kenji Kanō,Kenji Kano,Kenji,Kanō,Kenji,Kano,Kenji Kanō,Kenji Kano,1881,1947,1906,1906,unknown,Te,0,https://en.wikipedia.org/wiki/Kenji_Kan%C5%8D,Te,,,,,,,,,
Q5042308,Q5042308,Carlos Machado,Carlos Machado,Carlos Machado,Carlos,Machado,Carlos,Machado,Carlos Machado,Carlos Machado,1963,,1988,1988,unknown,Te,0,https://en.wikipedia.org/wiki/Carlos_Machado,Te,,,,,,,,,
Q1620643,Q1620643,Kori Hisataka,Kōri Hisataka,Kori Hisataka,Kōri,Hisataka,Kori,Hisataka,Kōri Hisataka,Kori Hisataka,1907,1988,1932,1932,Shuri,Shorinjiryu Kenkokan|Shorinjiryu Kenkokan Karate|Goju-Ryu|Okinawan Kobudo|Chinese Martial Arts|do Kobudo|from kobudo|Gojuryu|Karate|Kempo|Okinawa-te|Okinawan Karate|Shorinji-Ryu|shorinjiryu|Shorinjiryu|Te,0,https://en.wikipedia.org/wiki/K%C5%8Dri_Hisataka,Shorinjiryu Kenkokan,Shorinjiryu Kenkokan Karate,Goju-Ryu,Okinawan Kobudo,Chinese Martial Arts,do Kobudo,from kobudo,Gojuryu,Karate,Kempo
Q703827,Q703827,Mitsuharu Misawa,Mitsuharu Misawa,Mitsuharu Misawa,Mitsuharu,Misawa,Mitsuharu,Misawa,Mitsuharu Misawa,Mitsuharu Misawa,1962,2009,1987,1987,Naha,Te,0,https://en.wikipedia.org/wiki/Mitsuharu_Misawa,Te,,,,,,,,,
Q6782529,Q6782529,Masami Tsuruoka,Masami Tsuruoka,Masami Tsuruoka,Masami,Tsuruoka,Masami,Tsuruoka,Masami Tsuruoka,Masami Tsuruoka,1929,2014,1954,1954,unknown,Chito-Ryu|Karate|Shito-Ryu|Shotokan|Chito-kai|Shitoryu|shitoryu|Te,0,https://en.wikipedia.org/wiki/Masami_Tsuruoka,Chito-Ryu,Karate,Shito-Ryu,Shotokan,Chito-kai,Shitoryu,shitoryu,Te,,
Q527659,Q527659,Andy Sherry,Andy Sherry,Andy Sherry,Andy,Sherry,Andy,Sherry,Andy Sherry,Andy Sherry,1943,,1968,1968,Shuri,Shotokan|Karate|Shotokan Karate|Te,0,https://en.wikipedia.org/wiki/Andy_Sherry,Shotokan,Karate,Shotokan Karate,Te,,,,,,
Q8021897,Q8021897,Willie Williams,Willie Williams,Willie Williams,Willie,Williams,Willie,Williams,Willie Williams,Willie Williams,1951,2019,1976,1976,unknown,Karate|Te,0,https://en.wikipedia.org/wiki/Willie_Williams,Karate,Te,,,,,,,,
Q4992635,Q4992635,Toshiro Daigo,Toshirō Daigo,Toshiro Daigo,Toshirō,Daigo,Toshiro,Daigo,Toshirō Daigo,Toshiro Daigo,1926,2021,1951,1951,unknown,Te,0,https://en.wikipedia.org/wiki/Toshir%C5%8D_Daigo,Te,,,,,,,,,
Q7143413,Q7143413,Pat E Johnson,Pat E. Johnson,Pat E Johnson,Pat,E. Johnson,Pat,E Johnson,Pat E. Johnson,Pat E Johnson,1939,2023,1964,1964,unknown,Karate|Kung Fu|Taekwon-do|Taekwondo|Tang Soo Do|Te,0,https://en.wikipedia.org/wiki/Pat_E._Johnson,Karate,Kung Fu,Taekwon-do,Taekwondo,Tang Soo Do,Te,,,,
Q1060301,Q1060301,Sho Chu,Shō Chū,Sho Chu,Shō,Chū,Sho,Chu,Shō Chū,Sho Chu,1391,1444,1416,1416,unknown,Te,0,https://en.wikipedia.org/wiki/Sh%C5%8D_Ch%C5%AB,Te,,,,,,,,,
Q6832665,Q6832665,Michael McDonald,Michael McDonald,Michael McDonald,Michael,McDonald,Michael,McDonald,Michael McDonald,Michael McDonald,1965,2024,1990,1990,unknown,Te,0,https://en.wikipedia.org/wiki/Michael_McDonald,Te,,,,,,,,,
Q7373534,Q7373534,Roy Y Suenaka,Roy Y. Suenaka,Roy Y Suenaka,Roy,Y. Suenaka,Roy,Y Suenaka,Roy Y. Suenaka,Roy Y Suenaka,1940,2020,1965,1965,Naha,Shorin-Ryu|Karate|Te|Wado-Kai|wadokai|Wadokai,0,https://en.wikipedia.org/wiki/Roy_Y._Suenaka,Shorin-Ryu,Karate,Te,Wado-Kai,wadokai,Wadokai,,,,
Q11428483,Q11428483,Norichika Tsukamoto,Norichika Tsukamoto,Norichika Tsukamoto,Norichika,Tsukamoto,Norichika,Tsukamoto,Norichika Tsukamoto,Norichika Tsukamoto,1974,,1999,1999,unknown,Kyokushin|Kyokushin-kai|kyokushinkai|Shinkyokushin|Te,0,https://ja.wikipedia.org/wiki/%E5%A1%9A%E6%9C%AC%E5%BE%B3%E8%87%A3,Kyokushin,Kyokushin-kai,kyokushinkai,Shinkyokushin,Te,,,,,
Q15987280,Q15987280,James Yabe,James Yabe,James Yabe,James,Yabe,James,Yabe,James Yabe,James Yabe,1941,,1966,1966,unknown,Shotokan|Karate|Shotokan Karate|Te,0,https://en.wikipedia.org/wiki/James_Yabe,Shotokan,Karate,Shotokan Karate,Te,,,,,,
Q117604,Q117604,Nago,Nago,Nago,Nago,,Nago,,Nago,Nago,,,,,Shuri,Aji Ryukyu|Te,0,https://en.wikipedia.org/wiki/Nago,Aji Ryukyu,Te,,,,,,,,
Q179743,Q179743,Bringing Up Baby,Bringing Up Baby,Bringing Up Baby,Bringing,Up Baby,Bringing,Up Baby,Bringing Up Baby,Bringing Up Baby,,,,,unknown,Te,0,https://en.wikipedia.org/wiki/Bringing_Up_Baby,Te,,,,,,,,,
Q128133,Q128133,Niagara Falls,Niagara Falls,Niagara Falls,Niagara,Falls,Niagara,Falls,Niagara Falls,Niagara Falls,4384,,4409,4409,unknown,Te,0,https://en.wikipedia.org/wiki/Niagara_Falls,Te,,,,,,,,,
Q16648173,Q16648173,Kazuo Sakai,Kazuo Sakai,Kazuo Sakai,Kazuo,Sakai,Kazuo,Sakai,Kazuo Sakai,Kazuo Sakai,,,,,unknown,Wado-Ryu|CategorieWado-ryu|Karate|Te,0,https://fr.wikipedia.org/wiki/Kazuo_Sakai,Wado-Ryu,CategorieWado-ryu,Karate,Te,,,,,,
Q1192158,Q1192158,Yasunori Matsumoto,Yasunori Matsumoto,Yasunori Matsumoto,Yasunori,Matsumoto,Yasunori,Matsumoto,Yasunori Matsumoto,Yasunori Matsumoto,1960,,1985,1985,unknown,Hao Taikei Ryu Knight|Kudo|Kyoryu Boukenki Jura Tripper|Te,0,https://en.wikipedia.org/wiki/Yasunori_Matsumoto,Hao Taikei Ryu Knight,Kudo,Kyoryu Boukenki Jura Tripper,Te,,,,,,
Q29043185,Q29043185,Norman Robinson,Norman Robinson,Norman Robinson,Norman,Robinson,Norman,Robinson,Norman Robinson,Norman Robinson,1936,2025,1961,1961,unknown,Karate|Te,0,https://en.wikipedia.org/wiki/Norman_Robinson,Karate,Te,,,,,,,,
Q1317686,Q1317686,Pechin,Pechin,Pechin,Pechin,,Pechin,,Pechin,Pechin,,,,,unknown,Te,0,https://en.wikipedia.org/wiki/Pechin,Te,,,,,,,,,
Q7614483,Q7614483,Steven Bellamy,Steven Bellamy,Steven Bellamy,Steven,Bellamy,Steven,Bellamy,Steven Bellamy,Steven Bellamy,1950,,1975,1975,unknown,Karate|Goju-Ryu|Wado-Ryu|jiku Kobudo|Kasumi Shinto-ryu Kenjutsu|Muso Shinden Ryu|Shindo Muso-ryu|Shinto Muso-ryu|Te,0,https://en.wikipedia.org/wiki/Steven_Bellamy,Karate,Goju-Ryu,Wado-Ryu,jiku Kobudo,Kasumi Shinto-ryu Kenjutsu,Muso Shinden Ryu,Shindo Muso-ryu,Shinto Muso-ryu,Te,
Q713750,Q713750,West Germany,West Germany,West Germany,West,Germany,West,Germany,West Germany,West Germany,1912,1959,1937,1937,unknown,Te,0,https://en.wikipedia.org/wiki/West_Germany,Te,,,,,,,,,
Q15845034,Q15845034,Seizo Izumiya,Seizo Izumiya,Seizo Izumiya,Seizo,Izumiya,Seizo,Izumiya,Seizo Izumiya,Seizo Izumiya,1961,,1986,1986,unknown,Shotokan|Karate|Dan karate|Japanese Karate|Te,0,https://en.wikipedia.org/wiki/Seizo_Izumiya,Shotokan,Karate,Dan karate,Japanese Karate,Te,,,,,
Q961126,Q961126,Bojutsu,Bōjutsu,Bojutsu,Bōjutsu,,Bojutsu,,Bōjutsu,Bojutsu,,,,,unknown,Shotokan|Okinawan Kobudo|Karate|Te|Yamanni-Ryu,0,https://en.wikipedia.org/wiki/B%C5%8Djutsu,Shotokan,Okinawan Kobudo,Karate,Te,Yamanni-Ryu,,,,,
Q4701154,Q4701154,Akira Masuda,Akira Masuda,Akira Masuda,Akira,Masuda,Akira,Masuda,Akira Masuda,Akira Masuda,1962,,1987,1987,unknown,Kyokushin kaikan|Kyokushin|Japanese Karate|Karate|Kyokushin Karate|Kyokushin-kai|Te,0,https://en.wikipedia.org/wiki/Akira_Masuda,Kyokushin kaikan,Kyokushin,Japanese Karate,Karate,Kyokushin Karate,Kyokushin-kai,Te,,,
Q7535789,Q7535789,Skipper Mullins,Skipper Mullins,Skipper Mullins,Skipper,Mullins,Skipper,Mullins,Skipper Mullins,Skipper Mullins,1945,2020,1970,1970,unknown,Tae Kwon Do|Taekwondo|Karate|Taekwon-do|Te,0,https://en.wikipedia.org/wiki/Skipper_Mullins,Tae Kwon Do,Taekwondo,Karate,Taekwon-do,Te,,,,,
Q276730,Q276730,Nishihira Kosei,Nishihira Kosei,Nishihira Kosei,Nishihira,Kosei,Nishihira,Kosei,Nishihira Kosei,Nishihira Kosei,1942,2007,1967,1967,unknown,Isshin-Ryu|Shorin-Ryu|Okinawan Kobudo|isshinryu|Karate|Karate Kobudo|Okinawan Karate|Shorin Ryu Matsumura Seito Karate|Te,0,https://en.wikipedia.org/wiki/Kosei_Nishihira,Isshin-Ryu,Shorin-Ryu,Okinawan Kobudo,isshinryu,Karate,Karate Kobudo,Okinawan Karate,Shorin Ryu Matsumura Seito Karate,Te,
Q539362,Q539362,Xhavit Bajrami,Xhavit Bajrami,Xhavit Bajrami,Xhavit,Bajrami,Xhavit,Bajrami,Xhavit Bajrami,Xhavit Bajrami,1975,,2000,2000,unknown,Seidokaikan|Karate|Seidokaikan Karate|Te,0,https://en.wikipedia.org/wiki/Xhavit_Bajrami,Seidokaikan,Karate,Seidokaikan Karate,Te,,,,,,
Q5728406,Q5728406,Henry Slomanski,Henry Slomanski,Henry Slomanski,Henry,Slomanski,Henry,Slomanski,Henry Slomanski,Henry Slomanski,1928,2000,1953,1953,unknown,Chito-Ryu|chitoryu|Karate|Te,0,https://en.wikipedia.org/wiki/Henry_Slomanski,Chito-Ryu,chitoryu,Karate,Te,,,,,,
Q11365653,Q11365653,Hideo Nakamura,Hideo Nakamura,Hideo Nakamura,Hideo,Nakamura,Hideo,Nakamura,Hideo Nakamura,Hideo Nakamura,1913,2013,1938,1938,unknown,Kyokushin|Japanese Karate|Karate|Kyokushin-kai|Te,0,https://en.wikipedia.org/wiki/Hideo_Nakamura,Kyokushin,Japanese Karate,Karate,Kyokushin-kai,Te,,,,,
Q7446788,Q7446788,Seiko Fujita,Seiko Fujita,Seiko Fujita,Seiko,Fujita,Seiko,Fujita,Seiko Fujita,Seiko Fujita,1898,1966,1923,1923,Shuri,Koga-ryu|Kenpo|Kobudo|Nanban Satto-ryu|Shingetsu-ryu|Shinto Muso-ryu|Te,0,https://en.wikipedia.org/wiki/Seiko_Fujita,Koga-ryu,Kenpo,Kobudo,Nanban Satto-ryu,Shingetsu-ryu,Shinto Muso-ryu,Te,,,
Q3161686,Q3161686,Jan Kallenbach,Jan Kallenbach,Jan Kallenbach,Jan,Kallenbach,Jan,Kallenbach,Jan Kallenbach,Jan Kallenbach,1943,2021,1968,1968,unknown,Kyokushin|Karate|Kyokushin-kai|Te,0,https://en.wikipedia.org/wiki/Jan_Kallenbach,Kyokushin,Karate,Kyokushin-kai,Te,,,,,,
Q148,Q148,Peoples Republic of China,People's Republic of China,Peoples Republic of China,People's,Republic of China,Peoples,Republic of China,People's Republic of China,Peoples Republic of China,2016,5886,2041,2041,unknown,Chinese Martial Arts|Te,0,https://en.wikipedia.org/wiki/China,Chinese Martial Arts,Te,,,,,,,,
Q4992628,Q4992628,Yoshimi Osawa,Yoshimi Ōsawa,Yoshimi Osawa,Yoshimi,Ōsawa,Yoshimi,Osawa,Yoshimi Ōsawa,Yoshimi Osawa,1926,2022,1951,1951,unknown,Te,0,https://en.wikipedia.org/wiki/Yoshimi_Osawa,Te,,,,,,,,,
Q15987806,Q15987806,Tomio Imamura,Tomio Imamura,Tomio Imamura,Tomio,Imamura,Tomio,Imamura,Tomio Imamura,Tomio Imamura,1958,,1983,1983,unknown,Shotokan|Karate|Dan karate|Japanese Karate|Te,0,https://en.wikipedia.org/wiki/Tomio_Imamura,Shotokan,Karate,Dan karate,Japanese Karate,Te,,,,,
Q3048317,Q3048317,Muqi,Muqi,Muqi,Muqi,,Muqi,,Muqi,Muqi,1210,1280,1235,1235,unknown,Te,0,https://en.wikipedia.org/wiki/Muqi,Te,,,,,,,,,
Q11470681,Q11470681,Tatsuo Yamada,Tatsuo Yamada,Tatsuo Yamada,Tatsuo,Yamada,Tatsuo,Yamada,Tatsuo Yamada,Tatsuo Yamada,1905,1967,1930,1930,unknown,Karate|Te,0,https://en.wikipedia.org/wiki/Tatsuo_Yamada,Karate,Te,,,,,,,,
Q3840266,Q3840266,Luigi Zoia,Luigi Zoia,Luigi Zoia,Luigi,Zoia,Luigi,Zoia,Luigi Zoia,Luigi Zoia,1948,,1973,1973,unknown,Shotokan|Karate|Te,0,https://en.wikipedia.org/wiki/Luigi_Zoia,Shotokan,Karate,Te,,,,,,,
Q470591,Q470591,John Saxon,John Saxon,John Saxon,John,Saxon,John,Saxon,John Saxon,John Saxon,1936,2020,1961,1961,unknown,Shotokan|Karate|Kung Fu|Te|The A-Team,0,https://en.wikipedia.org/wiki/John_Saxon,Shotokan,Karate,Kung Fu,Te,The A-Team,,,,,
Q6830460,Q6830460,Michael G Foster,Michael G. Foster,Michael G Foster,Michael,G. Foster,Michael,G Foster,Michael G. Foster,Michael G Foster,1940,2021,1965,1965,unknown,Yoshukai Karate|Goju-Ryu|Chito-Ryu|Okinawan Kobudo|Chito-kai|Chitoryu|chitoryu|Japanese Karate|Karate|Te|und Kobudo,0,https://en.wikipedia.org/wiki/Michael_G._Foster,Yoshukai Karate,Goju-Ryu,Chito-Ryu,Okinawan Kobudo,Chito-kai,Chitoryu,chitoryu,Japanese Karate,Karate,Te
Q3118758,Q3118758,Guan Xiu,Guan Xiu,Guan Xiu,Guan,Xiu,Guan,Xiu,Guan Xiu,Guan Xiu,0832,0912,857,857,unknown,Te,0,https://en.wikipedia.org/wiki/Guanxiu,Te,,,,,,,,,
Q7808402,Q7808402,Tino Ceberano,Tino Ceberano,Tino Ceberano,Tino,Ceberano,Tino,Ceberano,Tino Ceberano,Tino Ceberano,1942,1989,1967,1967,unknown,Goju-Ryu|Karate|Goju-Kai|gojukai|Kempo|Te,0,https://en.wikipedia.org/wiki/Tino_Ceberano,Goju-Ryu,Karate,Goju-Kai,gojukai,Kempo,Te,,,,
Q1207591,Q1207591,dharma transmission,dharma transmission,dharma transmission,dharma,transmission,dharma,transmission,dharma transmission,dharma transmission,2012,,2037,2037,unknown,FileHuineng-tearing-sutrassvg|Te,0,https://en.wikipedia.org/wiki/Dharma_transmission,FileHuineng-tearing-sutrassvg,Te,,,,,,,,
Q5176649,Q5176649,Count Dante,Count Dante,Count Dante,Count,Dante,Count,Dante,Count Dante,Count Dante,1939,1975,1964,1964,unknown,Karate|Kung Fu|Te,0,https://en.wikipedia.org/wiki/Count_Dante,Karate,Kung Fu,Te,,,,,,,
Q5485463,Q5485463,Frank Brennan,Frank Brennan,Frank Brennan,Frank,Brennan,Frank,Brennan,Frank Brennan,Frank Brennan,1960,1949,1985,1985,unknown,Karate|Te,0,https://en.wikipedia.org/wiki/Frank_Brennan,Karate,Te,,,,,,,,
Q849649,Q849649,wisdom in Buddhism,wisdom in Buddhism,wisdom in Buddhism,wisdom,in Buddhism,wisdom,in Buddhism,wisdom in Buddhism,wisdom in Buddhism,2012,,2037,2037,unknown,Te,0,https://en.wikipedia.org/wiki/Praj%C3%B1%C4%81_(Buddhism),Te,,,,,,,,,
Q957513,Q957513,Teruo Kono,Teruo Kono,Teruo Kono,Teruo,Kono,Teruo,Kono,Teruo Kono,Teruo Kono,1934,2000,1959,1959,unknown,Wado-Ryu|Karate|Kempo|Te|Wado-Kai|WadoKai|Wadokai,0,https://de.wikipedia.org/wiki/Teruo_Kono,Wado-Ryu,Karate,Kempo,Te,Wado-Kai,WadoKai,Wadokai,,,
Q6389379,Q6389379,Kenji Tomiki,Kenji Tomiki,Kenji Tomiki,Kenji,Tomiki,Kenji,Tomiki,Kenji Tomiki,Kenji Tomiki,1900,1979,1925,1925,unknown,Shodokan Aikido|Karate|Shodokan|Te,0,https://en.wikipedia.org/wiki/Kenji_Tomiki,Shodokan Aikido,Karate,Shodokan,Te,,,,,,
Q15845038,Q15845038,Yasunori Ogura,Yasunori Ogura,Yasunori Ogura,Yasunori,Ogura,Yasunori,Ogura,Yasunori Ogura,Yasunori Ogura,1958,,1983,1983,unknown,Shotokan|Karate|Dan karate|Japanese Karate|Te,0,https://en.wikipedia.org/wiki/Yasunori_Ogura,Shotokan,Karate,Dan karate,Japanese Karate,Te,,,,,
Q18414412,Q18414412,Kazuo Sakura,Kazuo Sakura,Kazuo Sakura,Kazuo,Sakura,Kazuo,Sakura,Kazuo Sakura,Kazuo Sakura,1929,2002,1954,1954,unknown,Wado-Ryu|CategorieWado-ryu|Te,0,https://fr.wikipedia.org/wiki/Kazuo_Sakura,Wado-Ryu,CategorieWado-ryu,Te,,,,,,,
Q7173266,Q7173266,Peter Chong,Peter Chong,Peter Chong,Peter,Chong,Peter,Chong,Peter Chong,Peter Chong,1941,1985,1966,1966,unknown,Karate|Te,0,https://en.wikipedia.org/wiki/Peter_Chong,Karate,Te,,,,,,,,
Q2456537,Q2456537,Mitsuyo Maeda,Mitsuyo Maeda,Mitsuyo Maeda,Mitsuyo,Maeda,Mitsuyo,Maeda,Mitsuyo Maeda,Mitsuyo Maeda,1878,1941,1903,1903,unknown,Te,0,https://en.wikipedia.org/wiki/Mitsuyo_Maeda,Te,,,,,,,,,
Q1937662,Q1937662,Minoru Mochizuki,Minoru Mochizuki,Minoru Mochizuki,Minoru,Mochizuki,Minoru,Mochizuki,Minoru Mochizuki,Minoru Mochizuki,1907,2003,1932,1932,unknown,Shotokan|Okinawan Kobudo|Karate|Katori Shinto-ryu|Te|the Kobudo,0,https://en.wikipedia.org/wiki/Minoru_Mochizuki,Shotokan,Okinawan Kobudo,Karate,Katori Shinto-ryu,Te,the Kobudo,,,,
Q2637587,Q2637587,Shiro Saigo,Shiro Saigo,Shiro Saigo,Shiro,Saigo,Shiro,Saigo,Shiro Saigo,Shiro Saigo,1866,1922,1891,1891,unknown,Daito-ryu Aiki-jujutsu|Daito-ryu|Te|Yoshin-ryu,0,https://en.wikipedia.org/wiki/Shiro_Saigo,Daito-ryu Aiki-jujutsu,Daito-ryu,Te,Yoshin-ryu,,,,,,
Q7366021,Q7366021,Ronnie Watt,Ronnie Watt,Ronnie Watt,Ronnie,Watt,Ronnie,Watt,Ronnie Watt,Ronnie Watt,1947,,1972,1972,unknown,Shotokan|Karate|Shito-Ryu|Wado-Ryu|Shotokan-ryu|Shotokan-Ryu|Te,0,https://en.wikipedia.org/wiki/Ronnie_Watt,Shotokan,Karate,Shito-Ryu,Wado-Ryu,Shotokan-ryu,Shotokan-Ryu,Te,,,
Q5228927,Q5228927,Dave Hazard,Dave Hazard,Dave Hazard,Dave,Hazard,Dave,Hazard,Dave Hazard,Dave Hazard,1952,,1977,1977,unknown,Karate|Shotokan|Te,0,https://en.wikipedia.org/wiki/Dave_Hazard,Karate,Shotokan,Te,,,,,,,
Q3236604,Q3236604,Yoshitsugu Yamashita,Yoshitsugu Yamashita,Yoshitsugu Yamashita,Yoshitsugu,Yamashita,Yoshitsugu,Yamashita,Yoshitsugu Yamashita,Yoshitsugu Yamashita,1865,1935,1890,1890,unknown,Tenjin Shinyo-ryu|Menkyo kaiden|Complete|Menkyo kai|Te|Yoshin-ryu,0,https://en.wikipedia.org/wiki/Yamashita_Yoshitsugu,Tenjin Shinyo-ryu,Menkyo kaiden,Complete,Menkyo kai,Te,Yoshin-ryu,,,,
Q1937515,Q1937515,Minoru Kawawada,Minoru Kawawada,Minoru Kawawada,Minoru,Kawawada,Minoru,Kawawada,Minoru Kawawada,Minoru Kawawada,1952,,1977,1977,unknown,Shotokan|Karate|Dan karate|Japanese Karate|Te,0,https://en.wikipedia.org/wiki/Minoru_Kawawada,Shotokan,Karate,Dan karate,Japanese Karate,Te,,,,,
Q3136331,Q3136331,Hironori Otsuka II,Hironori Ōtsuka II,Hironori Otsuka II,Hironori,Ōtsuka II,Hironori,Otsuka II,Hironori Ōtsuka II,Hironori Otsuka II,1934,2015,1959,1959,unknown,Wado-Ryu|Karate|Shinto-Yoshin-ryu|Te,0,https://de.wikipedia.org/wiki/Jir%C5%8D_%C5%8Ctsuka,Wado-Ryu,Karate,Shinto-Yoshin-ryu,Te,,,,,,
Q7040172,Q7040172,Nisar Smiler,Nisar Smiler,Nisar Smiler,Nisar,Smiler,Nisar,Smiler,Nisar Smiler,Nisar Smiler,1953,,1978,1978,unknown,Karate|Te,0,https://en.wikipedia.org/wiki/Nisar_Smiler,Karate,Te,,,,,,,,
Q11399569,Q11399569,Shigeo Kato,Shigeo Katō,Shigeo Kato,Shigeo,Katō,Shigeo,Kato,Shigeo Katō,Shigeo Kato,1942,2022,1967,1967,unknown,Kyokushin|Te,0,https://ja.wikipedia.org/wiki/%E5%8A%A0%E8%97%A4%E9%87%8D%E5%A4%AB,Kyokushin,Te,,,,,,,,
Q3276775,Q3276775,Sakujiro Yokoyama,Sakujiro Yokoyama,Sakujiro Yokoyama,Sakujiro,Yokoyama,Sakujiro,Yokoyama,Sakujiro Yokoyama,Sakujiro Yokoyama,1864,1912,1889,1889,unknown,Tenjin Shinyo ryu|Shito-Ryu|Daito-ryu Aiki-jujutsu|Karate|Kito-ryu|Ryoi-shito-ryu|Sekiguchi-ryu|Takenouchi-ryu|Te|Tenjin Shinyo-ryu|Yoshin-ryu,0,https://en.wikipedia.org/wiki/Yokoyama_Sakujiro,Tenjin Shinyo ryu,Shito-Ryu,Daito-ryu Aiki-jujutsu,Karate,Kito-ryu,Ryoi-shito-ryu,Sekiguchi-ryu,Takenouchi-ryu,Te,Tenjin Shinyo-ryu
Q766445,Q766445,Okinawa Prefecture,Okinawa Prefecture,Okinawa Prefecture,Okinawa,Prefecture,Okinawa,Prefecture,Okinawa Prefecture,Okinawa Prefecture,,,,,Shuri,Goju-Ryu|Isshin-Ryu|Shito-Ryu|Shorin-Ryu|Shotokan|Uechi-Ryu|Wado-Ryu|Matsubayashi-Ryu|Okinawan Kobudo|Aji Ryukyu|Chinese Martial Arts|FC Ryukyu|Invasion of Ryukyu|Karate|Kung Fu|Okinawan Karate|Shorinji-Ryu|Shorinjiryu|Shorinjiryu Kenkokan Karate|Te|United States Civil Administration of the Ryukyu Islands|United States Military Government of the Ryukyu Islands|University of the Ryukyus,0,https://en.wikipedia.org/wiki/Okinawa_Prefecture,Goju-Ryu,Isshin-Ryu,Shito-Ryu,Shorin-Ryu,Shotokan,Uechi-Ryu,Wado-Ryu,Matsubayashi-Ryu,Okinawan Kobudo,Aji Ryukyu
Q982540,Q982540,Kotani Sumiyuki,Kotani Sumiyuki,Kotani Sumiyuki,Kotani,Sumiyuki,Kotani,Sumiyuki,Kotani Sumiyuki,Kotani Sumiyuki,1903,1991,1928,1928,unknown,Te,0,https://en.wikipedia.org/wiki/Sumiyuki_Kotani,Te,,,,,,,,,
Q1678211,Q1678211,Shin Jae Chul,Shin Jae Chul,Shin Jae Chul,Shin,Jae Chul,Shin,Jae Chul,Shin Jae Chul,Shin Jae Chul,1936,2012,1961,1961,unknown,Tang Soo Do|Karate|Korean Martial Arts|Korean Tang Soo Do|Tae Kwon Do|Taekwon-do|Taekwondo|Te,0,https://en.wikipedia.org/wiki/Shin_Jae-chul,Tang Soo Do,Karate,Korean Martial Arts,Korean Tang Soo Do,Tae Kwon Do,Taekwon-do,Taekwondo,Te,,
Q6078918,Q6078918,Isao Obata,Isao Obata,Isao Obata,Isao,Obata,Isao,Obata,Isao Obata,Isao Obata,1904,1976,1929,1929,unknown,Shotokan|Karate|Japanese Karate|Shotokai|Te,0,https://en.wikipedia.org/wiki/Isao_Obata,Shotokan,Karate,Japanese Karate,Shotokai,Te,,,,,
Q478958,Q478958,Western culture,Western culture,Western culture,Western,culture,Western,culture,Western culture,Western culture,0743,1900,768,768,unknown,Te|Tode,0,https://en.wikipedia.org/wiki/Western_culture,Te,Tode,,,,,,,,
Q11064618,Q11064618,bo,bō,bo,bō,,bo,,bō,bo,2015,,2040,2040,unknown,Okinawan Kobudo|Invasion of Ryukyu|Karate|kobudo|Te|Tenshin Shoden Katori Shinto-ryu|Yamanni-Ryu,0,https://en.wikipedia.org/wiki/B%C5%8D,Okinawan Kobudo,Invasion of Ryukyu,Karate,kobudo,Te,Tenshin Shoden Katori Shinto-ryu,Yamanni-Ryu,,,
Q7397534,Q7397534,Sadamu Uriu,Sadamu Uriu,Sadamu Uriu,Sadamu,Uriu,Sadamu,Uriu,Sadamu Uriu,Sadamu Uriu,1929,2020,1954,1954,unknown,Shotokan|Karate|Te,0,https://en.wikipedia.org/wiki/Sadamu_Uriu,Shotokan,Karate,Te,,,,,,,
Q340,Q340,Montreal,Montreal,Montreal,Montreal,,Montreal,,Montreal,Montreal,1960,,1985,1985,unknown,Te,0,https://en.wikipedia.org/wiki/Montreal,Te,,,,,,,,,
Q8031976,Q8031976,Wong Chung-Yoh,Wong Chung-Yoh,Wong Chung-Yoh,Wong,Chung-Yoh,Wong,Chung-Yoh,Wong Chung-Yoh,Wong Chung-Yoh,,,,,unknown,,0,,Karate,,,,,,,,,
Q68481,Q68481,Fuzhou,Fuzhou,Fuzhou,Fuzhou,,Fuzhou,,Fuzhou,Fuzhou,2262,,2287,2287,unknown,Uechi-Ryu|Te|Uechi Kan,0,https://en.wikipedia.org/wiki/Fuzhou,Uechi-Ryu,Te,Uechi Kan,,,,,,,
Q2636225,Q2636225,Kazuyoshi Ishii,Kazuyoshi Ishii,Kazuyoshi Ishii,Kazuyoshi,Ishii,Kazuyoshi,Ishii,Kazuyoshi Ishii,Kazuyoshi Ishii,1953,,1978,1978,unknown,Seidokaikan|Karate|Kyokushin|Japanese Karate|Kyokushin-kai|Seidokan|Te,0,https://en.wikipedia.org/wiki/Kazuyoshi_Ishii,Seidokaikan,Karate,Kyokushin,Japanese Karate,Kyokushin-kai,Seidokan,Te,,,
Q11263313,Q11263313,Makoto Uehara,Makoto Uehara,Makoto Uehara,Makoto,Uehara,Makoto,Uehara,Makoto Uehara,Makoto Uehara,1982,,2007,2007,unknown,Shidokan Karate|Karate|Te,0,https://en.wikipedia.org/wiki/Makoto_Uehara,Shidokan Karate,Karate,Te,,,,,,,
Q608415,Q608415,Shuri,Shuri,Shuri,Shuri,,Shuri,,Shuri,Shuri,1989,,2014,2014,Shuri,Shuri-te|Karate|Shuri-ryu|Te,0,https://en.wikipedia.org/wiki/Shuri,Shuri-te,Karate,Shuri-ryu,Te,,,,,,
Q1046410,Q1046410,Jhoon Rhee,Jhoon Rhee,Jhoon Rhee,Jhoon,Rhee,Jhoon,Rhee,Jhoon Rhee,Jhoon Rhee,1932,2018,1957,1957,unknown,Taekwondo|Tang Soo Do|Inte|Karate|Korean Tang Soo Do|Kung Fu|Tae Kwon Do|Taekwon-do|Te,0,https://en.wikipedia.org/wiki/Jhoon_Rhee,Taekwondo,Tang Soo Do,Inte,Karate,Korean Tang Soo Do,Kung Fu,Tae Kwon Do,Taekwon-do,Te,
Q131295,Q131295,brothel,brothel,brothel,brothel,,brothel,,brothel,brothel,2020,,2045,2045,unknown,Te,0,https://en.wikipedia.org/wiki/Brothel,Te,,,,,,,,,
Q132720,Q132720,Yamanashi Prefecture,Yamanashi Prefecture,Yamanashi Prefecture,Yamanashi,Prefecture,Yamanashi,Prefecture,Yamanashi Prefecture,Yamanashi Prefecture,2023,,2048,2048,unknown,Te,0,https://en.wikipedia.org/wiki/Yamanashi_Prefecture,Te,,,,,,,,,
Q47146337,Q47146337,alcohol,alcohol,alcohol,alcohol,,alcohol,,alcohol,alcohol,,,,,unknown,Te,0,https://en.wikipedia.org/wiki/Alcohol,Te,,,,,,,,,
Q7328577,Q7328577,Richard Rabago,Richard Rabago,Richard Rabago,Richard,Rabago,Richard,Rabago,Richard Rabago,Richard Rabago,1943,2012,1968,1968,unknown,Shorin-ryu Kobayashi,0,,Shorin-ryu Kobayashi,,,,,,,,,
Q1344988,Q1344988,Expo 67,Expo 67,Expo 67,Expo,67,Expo,67,Expo 67,Expo 67,,,,,unknown,Te,0,https://en.wikipedia.org/wiki/Expo_67,Te,,,,,,,,,
Q3984847,Q3984847,Terutomo Yamazaki,Terutomo Yamazaki,Terutomo Yamazaki,Terutomo,Yamazaki,Terutomo,Yamazaki,Terutomo Yamazaki,Terutomo Yamazaki,1947,2025,1972,1972,unknown,Kyokushin|Full contact karate|Japanese Karate|Karate|Kyokushin Karate|Kyokushin-kai|KYOKUSHINKAI|KYOKUSHINKAIKAN|Te,0,https://en.wikipedia.org/wiki/Terutomo_Yamazaki,Kyokushin,Full contact karate,Japanese Karate,Karate,Kyokushin Karate,Kyokushin-kai,KYOKUSHINKAI,KYOKUSHINKAIKAN,Te,
Q1082144,Q1082144,Christian Tissier,Christian Tissier,Christian Tissier,Christian,Tissier,Christian,Tissier,Christian Tissier,Christian Tissier,1951,,1976,1976,unknown,Aikikai|Te,0,https://en.wikipedia.org/wiki/Christian_Tissier,Aikikai,Te,,,,,,,,
Q932795,Q932795,kumite,kumite,kumite,kumite,,kumite,,kumite,kumite,,,,,unknown,Goju-Ryu|Kyokushin|Shotokan|Uechi-Ryu|Karate|Kyokushin-kai|kyokushinkai|Kyokushinkai|Taekwon-do|Taekwondo|Te|Uechi Kan,0,https://en.wikipedia.org/wiki/Kumite,Goju-Ryu,Kyokushin,Shotokan,Uechi-Ryu,Karate,Kyokushin-kai,kyokushinkai,Kyokushinkai,Taekwon-do,Taekwondo
Q15987736,Q15987736,Shigeru Takashina,Shigeru Takashina,Shigeru Takashina,Shigeru,Takashina,Shigeru,Takashina,Shigeru Takashina,Shigeru Takashina,1943,2013,1968,1968,unknown,Shotokan|Karate|Te,0,https://en.wikipedia.org/wiki/Shigeru_Takashina,Shotokan,Karate,Te,,,,,,,
Q6149743,Q6149743,Jan Plas,Jan Plas,Jan Plas,Jan,Plas,Jan,Plas,Jan Plas,Jan Plas,1945,2010,1970,1970,unknown,Kyokushin|Karate|Kyokushin Budokai|International Kyokushin Budokai|Kyokushin-kai|Te,0,https://en.wikipedia.org/wiki/Jan_Plas,Kyokushin,Karate,Kyokushin Budokai,International Kyokushin Budokai,Kyokushin-kai,Te,,,,
Q1206796,Q1206796,Nishihara,Nishihara,Nishihara,Nishihara,,Nishihara,,Nishihara,Nishihara,,,,,unknown,Shorin-Ryu,0,https://en.wikipedia.org/wiki/Nishihara,Shorin-Ryu,,,,,,,,,
Q16907056,Q16907056,Xie Zongxiang,Xie Zongxiang,Xie Zongxiang,Xie,Zongxiang,Xie,Zongxiang,Xie Zongxiang,Xie Zongxiang,1852,1930,1877,1877,unknown,Goju-Ryu|Karate|Te,0,https://de.wikipedia.org/wiki/Xie_Zongxiang,Goju-Ryu,Karate,Te,,,,,,,
Q4785266,Q4785266,Arcenio James Advincula,Arcenio James Advincula,Arcenio James Advincula,Arcenio,James Advincula,Arcenio,James Advincula,Arcenio James Advincula,Arcenio James Advincula,1938,,1963,1963,Naha,Isshin-Ryu|Goju-Ryu|Shorin-Ryu|Uechi-Ryu|Ryukyu Kobudo|and Kobudo|Gojuryu|Isshinkai|isshinkai|Isshinryu|isshinryu|Kai kobudo|Karate|Okinawan Karate|Ryukonkai Kobudo|Shorinryu|Te,0,https://en.wikipedia.org/wiki/Arcenio_James_Advincula,Isshin-Ryu,Goju-Ryu,Shorin-Ryu,Uechi-Ryu,Ryukyu Kobudo,and Kobudo,Gojuryu,Isshinkai,isshinkai,Isshinryu
Q17,Q17,Japan,Japan,Japan,Japan,,Japan,,Japan,Japan,,,,,unknown,counter-terrorism|Karate|Okinawan Karate|Te,0,https://en.wikipedia.org/wiki/Japan,counter-terrorism,Karate,Okinawan Karate,Te,,,,,,
Q11557545,Q11557545,Noriyasu Hamai,Noriyasu Hamai,Noriyasu Hamai,Noriyasu,Hamai,Noriyasu,Hamai,Noriyasu Hamai,Noriyasu Hamai,1954,2023,1979,1979,unknown,Kyokushin|Kyokushin-kai|kyokushinkai|kyokushinkaikan|Te,0,https://ja.wikipedia.org/wiki/%E6%B5%9C%E4%BA%95%E8%AD%98%E5%AE%89,Kyokushin,Kyokushin-kai,kyokushinkai,kyokushinkaikan,Te,,,,,
Q7373041,Q7373041,Roy Kurban,Roy Kurban,Roy Kurban,Roy,Kurban,Roy,Kurban,Roy Kurban,Roy Kurban,,,,,unknown,Karate|Taekwondo|Isshin-Ryu|American Karate|Taekwon-do|Te,0,https://en.wikipedia.org/wiki/Roy_Kurban,Karate,Taekwondo,Isshin-Ryu,American Karate,Taekwon-do,Te,,,,
Q7924865,Q7924865,Vic Moore,Vic Moore,Vic Moore,Vic,Moore,Vic,Moore,Vic Moore,Vic Moore,1943,,1968,1968,Shuri,Shuri-ryu|Chito-Ryu|Kempo|Shotokan|Shotokan Karate|Goju-Ryu|Chitoryu|chitoryu|Karate|Kempo Karate|Kenpo|Shuri-ryu Karate|Te,0,https://en.wikipedia.org/wiki/Vic_Moore,Shuri-ryu,Chito-Ryu,Kempo,Shotokan,Shotokan Karate,Goju-Ryu,Chitoryu,chitoryu,Karate,Kempo Karate
Q3519204,Q3519204,Tetsuji Murakami,Tetsuji Murakami,Tetsuji Murakami,Tetsuji,Murakami,Tetsuji,Murakami,Tetsuji Murakami,Tetsuji Murakami,1927,1987,1952,1952,unknown,Karate|Shotokan Karate|Shotokan|Japanese Karate|Shotokai|Te,0,https://en.wikipedia.org/wiki/Tetsuji_Murakami,Karate,Shotokan Karate,Shotokan,Japanese Karate,Shotokai,Te,,,,
Q716152,Q716152,Shoji Nishio,Shoji Nishio,Shoji Nishio,Shoji,Nishio,Shoji,Nishio,Shoji Nishio,Shoji Nishio,1927,2005,1952,1952,unknown,Dan Aikikai|Dan Karate|Hozoin-ryu|Karate|Muso Jikiden Eishin-ryu|Shindo jinen-ryu|Shinto Muso-ryu|Te,0,https://en.wikipedia.org/wiki/Shoji_Nishio,Dan Aikikai,Dan Karate,Hozoin-ryu,Karate,Muso Jikiden Eishin-ryu,Shindo jinen-ryu,Shinto Muso-ryu,Te,,
Q1246030,Q1246030,Shigeru Egami,Shigeru Egami,Shigeru Egami,Shigeru,Egami,Shigeru,Egami,Shigeru Egami,Shigeru Egami,1912,1981,1937,1937,unknown,Shotokai|Karate|Shotokan|Japanese Karate|Te,0,https://en.wikipedia.org/wiki/Shigeru_Egami,Shotokai,Karate,Shotokan,Japanese Karate,Te,,,,,
Q200333,Q200333,hapkido,hapkido,hapkido,hapkido,,hapkido,,hapkido,hapkido,2015,,2040,2040,unknown,Shotokan|Chinese Martial Arts|Daito-ryu Aiki-jujutsu|Japanese Karate|Karate|Korean Martial Arts|Tae Kwon Do|Taekwon-do|Taekwondo|Tang Soo Do|Te,0,https://en.wikipedia.org/wiki/Hapkido,Shotokan,Chinese Martial Arts,Daito-ryu Aiki-jujutsu,Japanese Karate,Karate,Korean Martial Arts,Tae Kwon Do,Taekwon-do,Taekwondo,Tang Soo Do
Q6266828,Q6266828,Johnny Gyro,Johnny Gyro,Johnny Gyro,Johnny,Gyro,Johnny,Gyro,Johnny Gyro,Johnny Gyro,1955,,1980,1980,unknown,Tang Soo Do,0,,Tang Soo Do,,,,,,,,,
Q6378081,Q6378081,Katsuhiko Shinzato,Katsuhiko Shinzato,Katsuhiko Shinzato,Katsuhiko,Shinzato,Katsuhiko,Shinzato,Katsuhiko Shinzato,Katsuhiko Shinzato,1939,,1964,1964,unknown,Shorin-Ryu|Yamanni-Ryu|Okinawan Kobudo|and Kobudo|Karate|Okinawan Karate|Shorin-ryu Kishaba Juku|Te|University of the Ryukyus,0,https://en.wikipedia.org/wiki/Katsuhiko_Shinzato,Shorin-Ryu,Yamanni-Ryu,Okinawan Kobudo,and Kobudo,Karate,Okinawan Karate,Shorin-ryu Kishaba Juku,Te,University of the Ryukyus,
Q7171725,Q7171725,Petar Majstorovic,Petar Majstorović,Petar Majstorovic,Petar,Majstorović,Petar,Majstorovic,Petar Majstorović,Petar Majstorovic,1975,,2000,2000,unknown,Seidokaikan|Karate|Kyokushin|Te,0,https://en.wikipedia.org/wiki/Petar_Majstorovi%C4%87,Seidokaikan,Karate,Kyokushin,Te,,,,,,
Q5104212,Q5104212,Chokei Kishaba,Chokei Kishaba,Chokei Kishaba,Chokei,Kishaba,Chokei,Kishaba,Chokei Kishaba,Chokei Kishaba,1929,2000,1954,1954,unknown,Shorin-Ryu|Yamanni-Ryu|Karate|Okinawan Karate|Shorin-ryu Kishaba Juku|Te,0,https://en.wikipedia.org/wiki/Chokei_Kishaba,Shorin-Ryu,Yamanni-Ryu,Karate,Okinawan Karate,Shorin-ryu Kishaba Juku,Te,,,,
Q30928815,Q30928815,Tatsusaburo Nakayama,Tatsusaburo Nakayama,Tatsusaburo Nakayama,Tatsusaburo,Nakayama,Tatsusaburo,Nakayama,Tatsusaburo Nakayama,Tatsusaburo Nakayama,1870,1933,1895,1895,unknown,Te,0,https://ja.wikipedia.org/wiki/%E4%B8%AD%E5%B1%B1%E8%BE%B0%E4%B8%89%E9%83%8E,Te,,,,,,,,,
Q3317210,Q3317210,Mitsusuke Harada,Mitsusuke Harada,Mitsusuke Harada,Mitsusuke,Harada,Mitsusuke,Harada,Mitsusuke Harada,Mitsusuke Harada,1928,2021,1953,1953,Shuri,Shotokai|Karate|Shotokan|Japanese Karate|Te|und Kobudo,0,https://en.wikipedia.org/wiki/Mitsusuke_Harada,Shotokai,Karate,Shotokan,Japanese Karate,Te,und Kobudo,,,,
Q16266721,Q16266721,Shingo Ohgami,Shingo Ohgami,Shingo Ohgami,Shingo,Ohgami,Shingo,Ohgami,Shingo Ohgami,Shingo Ohgami,1941,,1966,1966,unknown,Wado-Ryu|CategorieWado-ryu|Karate|kobudo|Te|Wado-Kai|wadokai|WADOKAI,0,https://fr.wikipedia.org/wiki/Shingo_Ohgami,Wado-Ryu,CategorieWado-ryu,Karate,kobudo,Te,Wado-Kai,wadokai,WADOKAI,,
Q11449231,Q11449231,Kenji Ushiro,Kenji Ushiro,Kenji Ushiro,Kenji,Ushiro,Kenji,Ushiro,Kenji Ushiro,Kenji Ushiro,1949,,1974,1974,unknown,Karate|Te,0,https://ja.wikipedia.org/wiki/%E5%AE%87%E5%9F%8E%E6%86%B2%E6%B2%BB,Karate,Te,,,,,,,,
Q11472844,Q11472844,Hiroto Okazaki,Hiroto Okazaki,Hiroto Okazaki,Hiroto,Okazaki,Hiroto,Okazaki,Hiroto Okazaki,Hiroto Okazaki,1961,1994,1986,1986,unknown,Kyokushin|Karate|Kyokushin-kai|Kyokushin-kan|Kyokushin-kan Inte|Kyokushin-kan Karate|kyokushinkan|Te,0,https://en.wikipedia.org/wiki/Hiroto_Okazaki,Kyokushin,Karate,Kyokushin-kai,Kyokushin-kan,Kyokushin-kan Inte,Kyokushin-kan Karate,kyokushinkan,Te,,
Q4770567,Q4770567,Ansei Ueshiro,Ansei Ueshiro,Ansei Ueshiro,Ansei,Ueshiro,Ansei,Ueshiro,Ansei Ueshiro,Ansei Ueshiro,1933,2002,1958,1958,Shuri,Matsubayashi-Ryu|Karate|Okinawan Kobudo|Shorin-Ryu|Shuri-te|Tomari-te|and kobudo|and Kobudo|Karate Kobudo|Kobayashi Shorin-Ryu|Okinawan Karate|Shobayashi Shorin-ryu|shorinryu|shurite|Te,0,https://en.wikipedia.org/wiki/Matsubayashi-ry%C5%AB,Matsubayashi-Ryu,Karate,Okinawan Kobudo,Shorin-Ryu,Shuri-te,Tomari-te,and kobudo,and Kobudo,Karate Kobudo,Kobayashi Shorin-Ryu
Q15987180,Q15987180,Nakama Chozo,Nakama Chozo,Nakama Chozo,Nakama,Chozo,Nakama,Chozo,Nakama Chozo,Nakama Chozo,1899,1982,1924,1924,Shuri,Kobayashi Shorin-Ryu|Shorin-Ryu|Karate|Okinawan Karate|Te,0,https://en.wikipedia.org/wiki/Chozo_Nakama,Kobayashi Shorin-Ryu,Shorin-Ryu,Karate,Okinawan Karate,Te,,,,,
Q18413638,Q18413638,Atsuo Yamashita,Atsuo Yamashita,Atsuo Yamashita,Atsuo,Yamashita,Atsuo,Yamashita,Atsuo Yamashita,Atsuo Yamashita,1892,1982,1917,1917,unknown,Wado-Ryu|CategorieWado-ryu|Karate|Te|wadoryu,0,https://fr.wikipedia.org/wiki/Atsuo_Yamashita,Wado-Ryu,CategorieWado-ryu,Karate,Te,wadoryu,,,,,
Q110022261,Q110022261,Paolo Biotti Natoli,Paolo Biotti Natoli,Paolo Biotti Natoli,Paolo,Biotti Natoli,Paolo,Biotti Natoli,Paolo Biotti Natoli,Paolo Biotti Natoli,,,,,unknown,Shotokan,0,,Shotokan,,,,,,,,,
Q2074666,Q2074666,Machado family,Machado family,Machado family,Machado,family,Machado,family,Machado family,Machado family,,,,,unknown,Te,0,https://en.wikipedia.org/wiki/Machado_family,Te,,,,,,,,,
Q1351759,Q1351759,Chatan,Chatan,Chatan,Chatan,,Chatan,,Chatan,Chatan,,,,,unknown,Shito-Ryu,0,https://en.wikipedia.org/wiki/Chatan,Shito-Ryu,,,,,,,,,
Q373498,Q373498,dan,dan,dan,dan,,dan,,dan,dan,,,,,unknown,Korean Martial Arts|Te,0,https://en.wikipedia.org/wiki/Dan,Korean Martial Arts,Te,,,,,,,,
Q5668035,Q5668035,Harry Cook,Harry Cook,Harry Cook,Harry,Cook,Harry,Cook,Harry Cook,Harry Cook,1949,1939,1974,1974,unknown,Te,0,https://en.wikipedia.org/wiki/Henry_Cook,Te,,,,,,,,,
Q38283,Q38283,Yokohama,Yokohama,Yokohama,Yokohama,,Yokohama,,Yokohama,Yokohama,2024,,2049,2049,unknown,Te,0,https://en.wikipedia.org/wiki/Yokohama,Te,,,,,,,,,
Q7446692,Q7446692,Seigo Tada,Seigo Tada,Seigo Tada,Seigo,Tada,Seigo,Tada,Seigo Tada,Seigo Tada,1922,1997,1947,1947,unknown,Goju-Ryu|Seigokan|Chinese Martial Arts|Japanese Karate|Karate|Kempo|Te,0,https://en.wikipedia.org/wiki/Seigo_Tada,Goju-Ryu,Seigokan,Chinese Martial Arts,Japanese Karate,Karate,Kempo,Te,,,
Q15845032,Q15845032,Takuya Taniyama,Takuya Taniyama,Takuya Taniyama,Takuya,Taniyama,Takuya,Taniyama,Takuya Taniyama,Takuya Taniyama,1965,,1990,1990,unknown,Shotokan|Karate|Dan karate|Japanese Karate|Te,0,https://en.wikipedia.org/wiki/Takuya_Taniyama,Shotokan,Karate,Dan karate,Japanese Karate,Te,,,,,
Q3357770,Q3357770,Otti Roethof,Otti Roethof,Otti Roethof,Otti,Roethof,Otti,Roethof,Otti Roethof,Otti Roethof,1950,,1975,1975,unknown,Karate|Te,0,https://en.wikipedia.org/wiki/Otti_Roethof,Karate,Te,,,,,,,,
Q2149940,Q2149940,Richard Kim,Richard Kim,Richard Kim,Richard,Kim,Richard,Kim,Richard Kim,Richard Kim,1917,2001,1942,1942,unknown,Karate|Te,0,https://en.wikipedia.org/wiki/Richard_Kim,Karate,Te,,,,,,,,
Q535906,Q535906,Sho Kosugi,Sho Kosugi,Sho Kosugi,Sho,Kosugi,Sho,Kosugi,Sho Kosugi,Sho Kosugi,1948,,1973,1973,unknown,Shito-Ryu|Shotokan|Okinawan Kobudo|Karate|Shindo jinen-ryu|Shotokan-ryu|Taekwon-do|Taekwondo|Te,0,https://en.wikipedia.org/wiki/Sho_Kosugi,Shito-Ryu,Shotokan,Okinawan Kobudo,Karate,Shindo jinen-ryu,Shotokan-ryu,Taekwon-do,Taekwondo,Te,
