teacher_id,teacher,student_id,student,confidence,evidence,direction_flipped
A0001,Hwang Kee,A0153,Hwang Hyun-chul (H.C. Hwang),high,research:https://en.wikipedia.org/wiki/Hwang_Hyun-chul | research:https://soobahkdo.com/resolution-affirming-the-appointment-of-h-c-hwang-as-hwang-kee-successor/,
A0001,Hwang Kee,J0168,Hong Chong-soo,high,research:https://en.wikipedia.org/wiki/Moo_Duk_Kwan_Taekwondo,
A0001,Hwang Kee,J0169,Kim Young-taek,high,research:https://en.wikipedia.org/wiki/Moo_Duk_Kwan_Taekwondo,
A0001,Hwang Kee,J0170,Lee Kang-ik,high,research:https://en.wikipedia.org/wiki/Moo_Duk_Kwan_Taekwondo,
A0001,Hwang Kee,J0172,Kim Un-chang,high,research:https://mookas.com/news/17586,
A0001,Hwang Kee,Q1678211,Jae Chul Shin,high,research:https://en.wikipedia.org/wiki/Shin_Jae-chul | research:https://www.worldkigong.com/post/the-founder-of-the-wtsda,
A0002,Werner Schenker,Q123398,Andy Hug,high,research:https://en.wikipedia.org/wiki/Andy_Hug,
A0003,Nam Tae-hi,A0178,Han Cha-kyo,high,research:https://en.wikipedia.org/wiki/Han_Cha-kyo | research:https://en.wikipedia.org/wiki/Original_masters_of_taekwondo | research:https://en.wikipedia.org/wiki/Nam_Tae-hi,
A0003,Nam Tae-hi,A0183,Kong Young-il,medium,research:https://en.wikipedia.org/wiki/Kong_Young-il,
A0003,Nam Tae-hi,Q1046410,Jhoon Rhee,high,research:https://en.wikipedia.org/wiki/Jhoon_Rhee | research:https://en.wikipedia.org/wiki/Nam_Tae-hi,
A0004,T'ung Gee Hsing,Q7350475,Robert Trias,low,research:https://en.wikipedia.org/wiki/Robert_Trias | research:https://en.wikipedia.org/wiki/Shuri-ryu | research:https://www.usadojo.com/the-origins-and-development-of-shuri-ryu/,
A0005,William J. Dometrich,Q7924865,Vic Moore,medium,research:https://en.wikipedia.org/wiki/Vic_Moore | research:https://legendsofcarolinamartialarts.com/class-of-2018/victor-moore-nc/,
A0006,Frank Ruiz,Q7364578,Ron van Clief,high,research:https://en.wikipedia.org/wiki/Ron_van_Clief | research:https://gojujitsu.com/about-us/frank-ruiz-3/,
A0007,Shu Shiwa (Zhou Zihe),Q2473562,Kanbun Uechi,high,research:https://en.wikipedia.org/wiki/Kanbun_Uechi | research:https://en.wikipedia.org/wiki/Uechi-Ry%C5%AB | research:https://www.uechiryu-europe.org/en/chronologie/,
A0008,Seiyu Shinjo,A0010,Shinyu Gushi,medium,research:https://www.dragon-tsunami.org/Dtimes/Pages/articleg.htm,
A0008,Seiyu Shinjo,C00628,Tsutomu Nakahodo,medium,research:https://shogunmartialarts.org.uk/karate/okikukai-on-okinawa-mainland-japan-masters/ | research:https://uechi-ryu.com/forums/viewtopic.php?t=21914,
A0008,Seiyu Shinjo,J0039,Yoshitsune Senaga,medium,research:http://karate-k.ru/yoshitsune-senaga-1,
A0008,Seiyu Shinjo,J0041,Minoru Miyagi,high,research:http://web.archive.org/web/20221128154023/http://okinawakaratenews.com/eng/hanshi.php,
A0008,Seiyu Shinjo,Q6418995,Kiyohide Shinjo,high,research:https://en.wikipedia.org/wiki/Kiyohide_Shinjo | research:https://www.kenyukaiinternational.com/history,
A0009,Seiko Toyama,C00628,Tsutomu Nakahodo,medium,research:https://uechi-ryu.com/forums/viewtopic.php?t=21914,
A0011,An'ichi Miyagi,J0001,Shuichi Aragaki,medium,research:https://iogkf.com/2021/09/in-memory-of-aragaki-shuichi-sensei/,
A0011,An'ichi Miyagi,Q2599967,Morio Higaonna,high,research:https://en.wikipedia.org/wiki/Morio_Higaonna | research:https://iogkf.com/sensei-higaonna-morio/,
A0012,Juhatsu Kyoda,A0168,Eizo Onishi,high,research:https://it.wikipedia.org/wiki/Koei-Kan | research:https://en-academic.com/dic.nsf/enwiki/3706481,
A0012,Juhatsu Kyoda,C00212,Katsumi Murakami,medium,book:Bishop p.27,
A0012,Juhatsu Kyoda,J0081,Kazuya Kanzaki,high,research:https://ja.wikipedia.org/wiki/%E7%A5%9E%E5%B4%8E%E5%92%8C%E4%B9%9F,
A0012,Juhatsu Kyoda,J0082,Shigemitsu Kyoda,high,research:https://ja.wikipedia.org/wiki/%E6%9D%B1%E6%81%A9%E6%B5%81,
A0012,Juhatsu Kyoda,Q16006586,Kanki Izumigawa,high,research:https://en.wikipedia.org/wiki/Kanki_Izumigawa | research:https://shuriway.com/izumigawa.html,
A0018,Tachimura no Peichin,C00550,Soko Kishimoto,high,research:https://ilpracticalkarate.com/kishimotodi | research:https://www.karateobsession.com/2020/12/kishimotodi-revisited.html | research:https://blackbeltwiki.com/kishimotodi,
A0020,Shian Toma,A0104,Roy J. Hobbs,high,research:https://en.wikipedia.org/wiki/Okinawa_Seidokan | research:https://www.dentokan.org.uk/ARTS | research:https://lelandkarate.com/about/,
A0020,Shian Toma,A0105,Ron Nix,high,research:https://seidokankarate.org/ron-nix-biography | research:https://en.wikipedia.org/wiki/Okinawa_Seidokan,
A0020,Shian Toma,A0106,Stephen Chan,low,research:http://www.stephen-chan.com/martial-arts/ | research:https://chilembowarriormoves.com/2017/06/19/zambian-karate-history-profile-professor-stephen-chan-obe-9th-dan/,
A0020,Shian Toma,A0107,Shigemitsu Tamae,high,research:https://seidokankarate.org/shigemitsu-tamae-biography | research:https://en.wikipedia.org/wiki/Okinawa_Seidokan,
A0020,Shian Toma,A0108,John E. Kennedy,high,research:https://en.wikipedia.org/wiki/Okinawa_Seidokan,
A0020,Shian Toma,A0109,Allen Tackett,medium,research:https://en.wikipedia.org/wiki/Okinawa_Seidokan,
A0020,Shian Toma,A0110,Glenn Capistrant,medium,research:https://en.wikipedia.org/wiki/Okinawa_Seidokan,
A0020,Shian Toma,A0111,C. Michial Jones,low,research:https://en.wikipedia.org/wiki/Okinawa_Seidokan | research:http://yushikan.blogspot.com/2017/09/seidokan-karate-kobudo.html,
A0020,Shian Toma,J0029,Tetsuo Takamiyagi,low,research:https://www.okinawakaratekobudo.com/about.html,
A0021,Seiki Toma,A0020,Shian Toma,medium,research:https://seidokankarate.org/shian-toma-biography | research:https://shuriway.com/toma.html,
A0021,Seiki Toma,A0104,Roy J. Hobbs,low,research:https://www.dentokan.org.uk/ARTS | research:https://www.dentokan.com/,
A0021,Seiki Toma,A0106,Stephen Chan,low,research:http://www.stephen-chan.com/martial-arts/,
A0021,Seiki Toma,A0113,Seifuku Nitta,medium,research:https://shuriway.com/toma.html,
A0021,Seiki Toma,Q15987278,Seikichi Odo,high,research:https://en.wikipedia.org/wiki/Seikichi_Odo | research:https://shuriway.com/toma.html | research:https://pelletierskarate.com/about-karate/brief-history-of-okinawa-kenpo/,
A0021,Seiki Toma,Q6782576,Masanobu Kikukawa,high,research:https://en.wikipedia.org/wiki/Masanobu_Kikukawa | research:https://shuriway.com/toma.html,
A0022,Katsunori Tsuyama,C00342,Masao Kawasoe,medium,research:https://brothockkarateclub.wordpress.com/sensei-masao-kawasoe/ | research:http://findingkarate.com/wordpress/katsunori-tsuyama/,
A0022,Katsunori Tsuyama,Q4353136,Tatsuya Naka,medium,research:http://findingkarate.com/wordpress/tatsuya-naka/ | research:https://the-dojo.org/2019/07/06/master-of-the-masters-katsunori-tsuyama/,
A0022,Katsunori Tsuyama,Q7678008,Takemasa Okuyama,low,research:https://en.wikipedia.org/wiki/Takemasa_Okuyama,
A0022,Katsunori Tsuyama,Q896129,Hideo Ochi,high,research:https://www.karate-gasshuku.de/team/katsunori-tsuyama/ | research:http://findingkarate.com/wordpress/katsunori-tsuyama/,
A0023,Hiroyasu Fujishima,Q16875962,Shinobu Ichiyanagi,low,research:https://en.wikipedia.org/wiki/Shinobu_Ichiyanagi,
A0024,Sokuichi Gibu,Q6782576,Masanobu Kikukawa,high,research:https://en.wikipedia.org/wiki/Masanobu_Kikukawa,
A0025,Tsuken Shosoku Oyakata,C00626,Tsuken Akachu,low,research:http://aiki-jitsu.hu/aiki-jitsu/okinawa-kobudo/ | research:https://www.dragonacademy.it/kobudo-di-okinawa/,
A0026,Yoshimi Inoue,A0197,Antonio Diaz,high,research:https://en.wikipedia.org/wiki/Antonio_D%C3%ADaz_(karateka),
A0026,Yoshimi Inoue,A0226,Mie Nakayama,high,research:http://findingkarate.com/wordpress/___profile-mie-nakayama/ | research:http://findingkarate.com/wordpress/spotlight-yoshimi-inoue-trainer-of-champions/ | research:https://www.karatebyjesse.com/the-wisdom-of-inoue-yoshimi-legendary-japanese-national-team-kata-coach-seminar-recap/,
A0026,Yoshimi Inoue,Q11449100,Rika Usami,high,research:http://findingkarate.com/wordpress/rika-usami/ | research:https://www.facebook.com/wkfofficial/photos/538096786330101/ | research:https://www.karatebyjesse.com/the-wisdom-of-inoue-yoshimi-legendary-japanese-national-team-kata-coach-seminar-recap/,
A0026,Yoshimi Inoue,Q2869852,Atsuko Wakai,medium,research:https://inoue-ha-kenshinsya.wixsite.com/home/1stsoke,
A0027,Katsuoh Yamamoto,Q6830460,Michael G Foster,high,research:https://en.wikipedia.org/wiki/Michael_G._Foster | research:https://yoshukaialliance.com/about/history-of-yoshukai-karate/,
A0028,Chosei Motobu,A0220,Naoki Motobu,high,research:https://medium.com/@motobu715/self-introduction-9c4fb4e44e5a,
A0029,Choshin Motobu,Q706389,Choyu Motobu,high,research:https://en.wikipedia.org/wiki/Motobu_Ch%C5%8Dy%C5%AB | research:https://en.wikipedia.org/wiki/House_of_Motobu,
A0030,Sakuma Pechin,Q1147708,Choki Motobu,medium,research:https://en.wikipedia.org/wiki/Motobu_Ch%C5%8Dki,
A0031,Joki Uema,A0032,Yasuhiro Uema,high,research:https://www.shubukan.jp/ | research:https://www.shubukanindia.org/shubukan-okinawa,
A0031,Joki Uema,A0033,Takeshi Uema,low,research:https://www.shubukan.jp/,
A0032,Yasuhiro Uema,A0033,Takeshi Uema,high,research:https://www.shubukan.jp/ | research:https://okinawachikaradojo.blogspot.com/2024/12/takeshi-uema-sensei-de-la-escuela.html,
A0046,Isamu Tamotsu,A0047,Iwao Tamotsu,high,research:https://www.renshinkankarate-england.org.uk/about-us,
A0046,Isamu Tamotsu,A0048,Yuzo Tamotsu,medium,research:https://www.renshinkankarate-england.org.uk/about-us,
A0053,Chotoku Omine,A0061,Joseph Carbonara,medium,research:https://ominekarate.com/?p=240,
A0054,Kensei Taba,J0049,Kiyomasa Maeda,high,"research:shogenryu.com/lineage/: long-time senior student of Kensei Taba (1933-2012, founder of Shogen-ryu, himself a student of Nagamine Shoshin from 1948, Chibana Choshin from 1951 and Soken Hohan from 1952), who awarded Maeda 10th dan in 2012 and chose him as successor",
A0057,James Wax,A0058,Frank Grant,high,research:https://www.matsunokikarate.com/hanshi-frank-grant | research:https://shorin-ryu.net/nagamine_bios.html,
A0060,Terry Maccarrone,A0059,Robert Scaglione,high,research:https://www.shorinryu.com/about-hanshi-scaglione,
A0061,Joseph Carbonara,A0062,Jerry Figgiani,high,research:https://srkdi.org/shorin-ryu-history-1 | research:https://ecbbacademy.com/about-owner.html,
A0063,Masao Shima,A0064,Eihachi Ota,high,research:https://okinawanshorinryuindia.com/Ota%20Eihachi.html | research:https://www.shorin-ryu.com/,
A0063,Masao Shima,A0118,Hidemi Tamayose,low,research:https://www.okinawatimes.co.jp/articles/-/344876,
A0066,Yuichi Kuda,A0067,Tomosada Kuda,high,research:https://matsumurakenpobischofsheim.wordpress.com/uber-uns/ | research:https://okinawa-karate-moerfelden.org/en/lineage-of-the-masters/,
A0069,Seizan Kinjo,A0070,Ronald Lindsey,high,research:https://www.ikigaiway.com/interview-ronald-lindsey-matsumura-seito-9th-dan-part-1/ | research:https://www.bastropprovidencefuneralhome.com/obituaries/ronald-lindsey,
A0072,Nobutake Shingake,C00066,Fusei Kise,medium,research:https://shuriway.com/kise.html,
A0078,Chojiro Tani,A0079,Shigeru Kimura,high,research:https://en.wikipedia.org/wiki/Sh%C5%ABk%C5%8Dkai | research:https://shuriway.com/kimura.html,
A0078,Chojiro Tani,A0080,Haruyoshi Yamada,medium,research:https://en.wikipedia.org/wiki/Sh%C5%ABk%C5%8Dkai,
A0078,Chojiro Tani,A0089,Chuzo Kotaka,low,research:https://www.ikfhawaii.com/history,
A0079,Shigeru Kimura,A0081,Eddie Daniels,medium,research:https://en.wikipedia.org/wiki/Sh%C5%ABk%C5%8Dkai | research:http://findingkarate.com/wordpress/shigeru-kimura/,
A0079,Shigeru Kimura,A0082,Bill Bressaw,medium,research:https://en.wikipedia.org/wiki/Sh%C5%ABk%C5%8Dkai | research:http://findingkarate.com/wordpress/shigeru-kimura/,
A0079,Shigeru Kimura,A0083,Chris Thompson,medium,research:https://en.wikipedia.org/wiki/Sh%C5%ABk%C5%8Dkai | research:http://findingkarate.com/wordpress/shigeru-kimura/,
A0079,Shigeru Kimura,A0084,Lionel Marinus,medium,research:https://en.wikipedia.org/wiki/Sh%C5%ABk%C5%8Dkai | research:http://findingkarate.com/wordpress/shigeru-kimura/,
A0089,Chuzo Kotaka,A0088,Akio Minakami,high,research:http://findingkarate.com/wordpress/akio-minakami/ | research:https://en.wikipedia.org/wiki/Akio_Minakami,
A0089,Chuzo Kotaka,C00159,John Sells,low,research:https://shuriway.com/sells.html,
A0103,Akira Kitagawa,Q23688927,Masaru Shintani,high,research:https://en.wikipedia.org/wiki/Masaru_Shintani,
A0104,Roy J. Hobbs,A0106,Stephen Chan,low,research:http://www.stephen-chan.com/martial-arts/ | research:https://davehague.wixsite.com/karate,
A0104,Roy J. Hobbs,A0111,C. Michial Jones,low,research:https://en.wikipedia.org/wiki/Okinawa_Seidokan,
A0113,Seifuku Nitta,A0112,Larry Isaac,low,research:https://limacjacksonville.wixsite.com/isaacsmartialarts/instructors,
A0114,Ulf Karlsson,A0115,Noah Legel,low,research:https://ilpracticalkarate.com/author-biography | research:https://ilpracticalkarate.com/kishimotodi | research:https://azpracticalkarate.com/2020/12/kishimotodi-revisited.html,
A0116,Kijun Kishimoto,C00494,Seitoku Higa,medium,research:https://www.motobu-ryu.org/%E8%B3%87%E6%96%99%E5%AE%A4/%E6%88%A6%E5%BE%8C/%E9%81%93%E6%B7%B1%E3%81%97-%E7%A9%BA%E6%89%8B%E6%AD%A6%E9%81%93-1966/,
A0125,Umikana Chinen,C00449,Sanda Chinen,medium,research:https://www.koryu-uchinadi.com/yamane-ryu/ | research:https://en.wikipedia.org/wiki/Yamanni_ryu,
A0128,Kiichi Nakamoto,J0047,Eishō Nakamoto,medium,"research:OKIC official Okinawa dojo register lists 仲本英征 (furigana ヒデユキ, Hideyuki) as head of the Ginowan branch dojo of the Goju-ryu Okinawakan Karate-do Association, Nakamoto Kiichi's organisation; Yushikan blog names Hideyuki Nakamoto among Kiichi Nakamoto's senior kobudo students",
A0129,Kantoku Izumikawa,J0036,Kōtarō Iha,medium,research:https://sites.google.com/tsuzukete.com/home/knowledge/history/kotaro-iha,
A0129,Kantoku Izumikawa,Q16006586,Kanki Izumigawa,medium,research:https://historyandstoriesofgojuryu.blogspot.com/2020/10/kanki-izumikawa-pioneer-of-goju-ryu-in.html | research:https://shuriway.com/izumigawa.html,
A0132,Seiko Fukuchi,A0123,Tetsuhiro Hokama,high,research:https://www.jissenkarate.com/tetsuhiro-hokama/ | research:https://www.kenshikai.org/hokama-tetsuhiro-hanshi.html,
A0132,Seiko Fukuchi,A0212,Iken Tokashiki,high,research:https://historyandstoriesofgojuryu.blogspot.com/2021/07/iken-tokashiki-okinawa-times-july-4th.html | research:https://sites.google.com/site/worldmartialartsstyles/karate/gohaku-kai,
A0138,Masanobu Shinjo,A0139,Masashi Shinjo,high,research:https://shobukanmaa.com/history | research:https://budojapan.com/karate/dm05e/,
A0138,Masanobu Shinjo,A0140,Takashi Shinjo,low,research:https://shobukanmaa.com/history,
A0138,Masanobu Shinjo,J0009,Seiki Takushi,medium,research:https://budojapan.com/karate/dm05e/,
A0138,Masanobu Shinjo,J0016,Nakazone Kinei (Nakasone Kinei),medium,research:https://www.sakuratakekan.org/escuelas/okinawa-karate-do-goju-ryu-seibukan/ (affiliated with Shinjo Masanobu's Shobukan from 1980; became its president in 1994 after Shinjo's death),
A0138,Masanobu Shinjo,J0037,Yoshio Taira,medium,research:https://okinawa-karate-navi.com/en/dojo/detail/24/,
A0138,Masanobu Shinjo,J0050,Shintoku Gushiken,high,"research:sakuratakekan.org: trained under Masanobu Shinjo (1938-1993, founder of the Goju-ryu Shobukan, student of Yagi Meitoku) from 1963",
A0148,Genshin Hironishi,J0117,Jotaro Takagi,high,research:https://www.shotokai.jp/about/teacher/takagi/,
A0148,Genshin Hironishi,Q3317210,Mitsusuke Harada,high,research:https://en.wikipedia.org/wiki/Mitsusuke_Harada,
A0149,Tadao Okuyama,Q3317210,Mitsusuke Harada,medium,research:https://en.wikipedia.org/wiki/Mitsusuke_Harada,
A0150,Son Duk-sung (Duk Sung Son),A0178,Han Cha-kyo,high,research:https://en.wikipedia.org/wiki/Han_Cha-kyo | research:https://en.wikipedia.org/wiki/Original_masters_of_taekwondo,
A0152,Yun Kwae-byung,A0176,Lee Chong-woo,medium,research:https://mookas.com/news/17833 | research:https://en.wikipedia.org/wiki/Jidokwan | research:http://www.worldtaekwondojidokwan.com/www/wt_6_5/832,
A0152,Yun Kwae-byung,J0074,Norio Nakamura,medium,research:https://ja.wikipedia.org/wiki/韓武舘,
A0152,Yun Kwae-byung,J0164,Bae Young-ki,medium,research:https://mookas.com/news/17833,
A0154,Yoon Byung-in,A0174,Park Chul-hee,high,research:https://en.wikipedia.org/wiki/Kang_Duk_Won | research:https://en.wikipedia.org/wiki/Kwan_(martial_arts),
A0154,Yoon Byung-in,A0175,Hong Jong-pyo,high,research:https://en.wikipedia.org/wiki/Kang_Duk_Won | research:https://en.wikipedia.org/wiki/Kwan_(martial_arts),
A0154,Yoon Byung-in,A0177,Lee Nam-suk,high,research:https://en.wikipedia.org/wiki/Chang_Moo_Kwan | research:https://ko.wikipedia.org/wiki/%EC%9D%B4%EB%82%A8%EC%84%9D,
A0155,Chun Sang-sup,A0172,Lee Kyo-yoon,low,research:https://mookas.com/news/17833 | research:https://mookas.com/news/15642 | research:https://ko.wikipedia.org/wiki/%ED%95%9C%EB%AC%B4%EA%B4%80,
A0155,Chun Sang-sup,A0176,Lee Chong-woo,high,research:http://www.sportsseoul.com/news/read/273586 | research:https://mookas.com/news/13897 | research:https://mookas.com/news/17833,
A0155,Chun Sang-sup,J0164,Bae Young-ki,high,research:https://mookas.com/news/17833,
A0155,Chun Sang-sup,J0167,Jeon Il-seop,high,research:https://mookas.com/news/17833,
A0156,Uhm Woon-kyu,A0178,Han Cha-kyo,high,research:https://en.wikipedia.org/wiki/Han_Cha-kyo | research:https://en.wikipedia.org/wiki/Original_masters_of_taekwondo,
A0159,Takaji Shimizu,Q2576986,Donn F Draeger,high,research:https://en.wikipedia.org/wiki/History_of_Shint%C5%8D_Mus%C5%8D-ry%C5%AB | research:https://www.seidoshop.com/blogs/the-seido-blog/70-the-life-legacy-of-donn-f-draeger,
A0159,Takaji Shimizu,Q716152,Shoji Nishio,high,research:https://en.wikipedia.org/wiki/Shoji_Nishio,
A0160,Michael Gneck,Q862634,Bill Wallace,medium,research:https://en.wikipedia.org/wiki/Bill_Wallace_(martial_artist) | research:https://www.whistlekickmartialartsradio.com/blog/014-superfoot-bill-wallace,
A0161,Herbert Peters,Q3857461,Mike Stone,medium,research:https://en.wikipedia.org/wiki/Mike_Stone_(karate) | research:https://www.usadojo.com/mike-stone/,
A0165,Choei Motobu,A0166,Chotoku Inohama,low,research:https://ja.wikipedia.org/wiki/%E6%9C%AC%E9%83%A8%E5%BE%A1%E6%AE%BF | research:https://www.motobu-ryu.org/%E6%9C%AC%E9%83%A8%E6%B5%81%E3%81%A8%E3%81%AF/%E6%B5%81%E6%B4%BE%E7%B3%BB%E8%AD%9C/,
A0166,Chotoku Inohama,C00042,Chosho Motobu,low,research:https://ja.wikipedia.org/wiki/%E6%9C%AC%E9%83%A8%E5%BE%A1%E6%AE%BF | research:https://www.motobu-ryu.org/%E6%9C%AC%E9%83%A8%E6%B5%81%E3%81%A8%E3%81%AF/%E6%B5%81%E6%B4%BE%E7%B3%BB%E8%AD%9C/,
A0167,Motokuni Sugiura,Q15987564,Masaaki Ueki,high,research:https://ja.wikipedia.org/wiki/%E6%A4%8D%E6%9C%A8%E6%94%BF%E6%98%8E | research:https://www.jka.or.jp/about/person04/,
A0169,Yasuhiro Chitose,A0170,Naoyuki Chitose,medium,research:https://usa-ickf.com/history | research:https://www.ickf.ca/history,
A0176,Lee Chong-woo,J0165,Lee Seung-wan,medium,research:https://mookas.com/news/17833,
A0184,Fang Zhong,A0185,Fang Qiniang,medium,research:https://zh.wikipedia.org/wiki/方七娘 | research:https://zh.wikipedia.org/wiki/永春白鶴拳,
A0185,Fang Qiniang,A0186,Zeng Si,medium,research:https://zh.wikipedia.org/wiki/方七娘 | research:https://zh.wikipedia.org/wiki/永春白鶴拳,
A0185,Fang Qiniang,A0187,Zheng Li,low,research:https://zh.wikipedia.org/wiki/永春白鶴拳,
A0186,Zeng Si,A0187,Zheng Li,medium,research:https://zh.wikipedia.org/wiki/永春白鶴拳,
A0187,Zheng Li,A0188,Lin Shixian,low,research:https://zh.wikipedia.org/zh-hant/鳴鶴拳,
A0188,Lin Shixian,A0189,Pan Yuba (Lin Dachong),medium,research:https://zh.wikipedia.org/zh-hant/鳴鶴拳,
A0189,Pan Yuba (Lin Dachong),Q16907056,Xie Zongxiang,medium,research:https://zh.wikipedia.org/wiki/謝崇祥 | research:https://zh.wikipedia.org/zh-hant/鳴鶴拳,
A0190,Zheng Bugong,Q2473562,Kanbun Uechi,low,research:https://zh.wikipedia.org/zh-hans/虎尊拳,
A0198,Akira Shiomi,Q2869852,Atsuko Wakai,medium,research:https://en.wikipedia.org/wiki/Atsuko_Wakai,
A0200,Fizuli Musayev,A0201,Rafael Aghayev,high,research:https://en.wikipedia.org/wiki/Rafael_Aghayev,
A0202,Jesus del Moral,A0203,Sandra Sanchez,high,research:https://en.wikipedia.org/wiki/Sandra_S%C3%A1nchez,
A0204,Yasunari Ishimi,A0202,Jesus del Moral,medium,research:https://sandra-san.com/en/jesus-del-moral-the-perfect-balance/,
A0205,Azad Kazimov,A0200,Fizuli Musayev,high,research:https://az.wikipedia.org/wiki/Füzuli_Musayev | research:https://www.olympic.az/athlete/fuzuli-musayev,
A0206,Mir-Ali Seyidov,A0200,Fizuli Musayev,medium,"research:https://ru.wikipedia.org/wiki/Сейидов,_Мирали_Мирджалал_оглы",
A0207,Chohei Motobu,A0208,Chokan Motobu,low,research:https://ja.wikipedia.org/wiki/本部御殿 | research:https://www.motobu-ryu.org/本部御殿について/,
A0208,Chokan Motobu,A0209,Chochi Motobu,low,research:https://ja.wikipedia.org/wiki/本部御殿 | research:https://www.motobu-ryu.org/本部御殿について/,
A0209,Chochi Motobu,A0210,Choryu Motobu,low,research:https://ja.wikipedia.org/wiki/本部御殿 | research:https://www.motobu-ryu.org/本部御殿について/,
A0210,Choryu Motobu,C00028,Choko Motobu,low,research:https://ja.wikipedia.org/wiki/本部御殿 | research:https://www.motobu-ryu.org/本部御殿について/,
A0211,Seiken Shukumine,J0126,Sadao Ayase,high,research:https://ja.wikipedia.org/wiki/玄制流,
A0211,Seiken Shukumine,J0127,Kunihiko Tosa,medium,research:https://ja.wikipedia.org/wiki/玄制流,
A0211,Seiken Shukumine,J0130,Koichi Taniguchi,high,research:https://ja.wikipedia.org/wiki/祝嶺正献,
A0212,Iken Tokashiki,J0020,Kinjō Yoshitaka,medium,research:http://takakarate.com/index/?page_id=5 (became a student of Sensei Iken Tokashiki in Okinawa in 1968; teaches Gohakukai karate),
A0213,Sokishi Shinzato,A0020,Shian Toma,medium,research:https://seidokankarate.org/shian-toma-biography | research:https://en.wikipedia.org/wiki/Okinawa_Seidokan,
A0217,So Nei Chu,Q294548,Mas Oyama,high,research:https://en.wikipedia.org/wiki/Mas_Oyama | research:http://the-martial-way.com/the-early-martial-arts-training-of-mas-oyama/,
A0218,Takeo Maruta,Q268880,Gogen Yamaguchi,medium,research:https://en.wikipedia.org/wiki/G%C5%8Dgen_Yamaguchi | research:https://ja.wikipedia.org/wiki/%E5%B1%B1%E5%8F%A3%E5%89%9B%E7%8E%84 | research:http://seinenkai.com/articles/noble/noble-yamaguchi.html,
A0221,Uhugushiku,A0019,Seiyu Oyata,low,research:https://en.wikipedia.org/wiki/Ry%C5%AB-te,
A0222,Wakinaguri,A0019,Seiyu Oyata,low,research:https://en.wikipedia.org/wiki/Ry%C5%AB-te,
A0228,So Nei-chu,Q294548,Mas Oyama,high,research:https://en.wikipedia.org/wiki/Mas_Oyama | research:http://the-martial-way.com/the-early-martial-arts-training-of-mas-oyama/,
A0229,Yang Kuk-jin,A0001,Hwang Kee,medium,research:https://en.wikipedia.org/wiki/Hwang_Kee,
A0231,Larry Tatum,Q1052982,Jeff Speakman,high,research:https://en.wikipedia.org/wiki/Jeff_Speakman,
A0232,Al Tracy,Q6167244,Jay T Will,high,research:https://en.wikipedia.org/wiki/Jay_T._Will,
A0233,Sokaku Takeda,J0178,Choi Yong-sool,medium,research:https://ko.wikipedia.org/wiki/최용술,
A0233,Sokaku Takeda,Q182130,Morihei Ueshiba,high,research:https://en.wikipedia.org/wiki/Morihei_Ueshiba | research:https://en.wikipedia.org/wiki/Sokaku_Takeda | research:https://aikidojournal.com/2015/09/25/sokaku-takeda/,
A0234,Tsunetoshi Iikubo,Q190141,Jigoro Kano,high,research:https://en.wikipedia.org/wiki/Kan%C5%8D_Jigor%C5%8D | research:https://kodokanjudoinstitute.org/en/doctrine/founder/,
A0235,Kisshomaru Ueshiba,Q1082144,Christian Tissier,high,research:https://en.wikipedia.org/wiki/Christian_Tissier,
A0236,Ishimine Pechin,C00508,Shinbi Kaneshima,high,research:https://okic.okinawa/en/archives/newstopics/p3475 | research:https://medium.com/@motobu715/ishimine-ry%C5%AB-a-forgotten-karate-school-811e54797adc,
B0004,Ch'en Yu-an,C00634,Tung Chin,medium,book:Bishop p.20,
B0012,Shiroma (Gusukuma) of Tomari,Q527422,Anko Itosu,high,book:Bishop p.106,
B0015,Heisaburo Nakamura,C00329,Masakazu Miyagi,high,book:Bishop p.152,
B0022,One-Eyed Toguchi,C00476,Seikichi Hokama,high,book:Bishop p.84,
B0023,Ho Feng,C00634,Tung Chin,medium,book:Bishop p.17,
B0025,Ten Senshi,C00476,Seikichi Hokama,high,book:Bishop p.84,
B0028,Kanzo Nakandakari,C00494,Seitoku Higa,high,book:Bishop p.174,
B0030,Soeishi,KN006,Chinen Shikiyanaka,medium,research:https://www.nihonkobudokyoukai.org/martialarts/062/,
B0031,Shingo Araki,C00494,Seitoku Higa,medium,book:Bishop p.171,
C00003,Anbun Tokuda,A0041,Yoshihide Shinzato,medium,research:https://es.wikipedia.org/wiki/Yoshihide_Shinzato | research:https://shinshukan.com.br/historia-da-shinshukan,
C00003,Anbun Tokuda,C00129,Horoku Ishikawa,high,book:Bishop p.127,
C00003,Anbun Tokuda,Q3194253,Katsuya Miyahira,high,research:https://en.wikipedia.org/wiki/Katsuya_Miyahira,
C00003,Anbun Tokuda,W0002,Hiroshi Kinjo,high,research:https://ja.wikipedia.org/wiki/%E9%87%91%E5%9F%8E%E8%A3%95,
C00016,Chinsaku Kinjo,Q1691502,Joe Lewis,medium,research:https://en.wikipedia.org/wiki/Joe_Lewis_(martial_artist),
C00020,Chokyu Motobu,A0165,Choei Motobu,low,research:https://ja.wikipedia.org/wiki/%E6%9C%AC%E9%83%A8%E5%BE%A1%E6%AE%BF | research:https://www.motobu-ryu.org/%E6%9C%AC%E9%83%A8%E6%B5%81%E3%81%A8%E3%81%AF/%E6%B5%81%E6%B4%BE%E7%B3%BB%E8%AD%9C/,
C00021,Chomei Motobu,A0028,Chosei Motobu,medium,research:https://medium.com/@motobu715/motobu-ch%C5%8Dsei-headmaster-of-motobu-kenp%C5%8D-and-motobu-udund%C4%AB-4b0c9d817d1c,
C00024,Chojin Kuba,J0014,Yara Choi,high,"research:https://hakushinkan.sakura.ne.jp/history.html (from 26 June 1934 studied under 久場長仁 in Naha, receiving the orthodox Matsumora-ryu Tomari-te)",
C00024,Chojin Kuba,Q1963468,Shoshin Nagamine,high,research:https://en.wikipedia.org/wiki/Sh%C5%8Dshin_Nagamine,
C00025,Chojo Oshiro,C00232,Kenko Nakaima,high,book:Bishop p.20,
C00025,Chojo Oshiro,Q1908088,Shinko Matayoshi,medium,book:Nagamine/Cramer/Guarelli guarelli02 line 39,
C00025,Chojo Oshiro,Q6782517,Masami Chinen,high,research:https://ryukyu-bugei.com/?p=3954,
C00025,Chojo Oshiro,W0001,Miki Jisaburo,high,research:https://ryukyu-bugei.com/?p=9879,
C00025,Chojo Oshiro,W0002,Hiroshi Kinjo,high,research:https://ja.wikipedia.org/wiki/%E9%87%91%E5%9F%8E%E8%A3%95,
C00025,Chojo Oshiro,W0025,Chotoku Maeshiro,high,research:https://ryukyu-bugei.com/?p=3954,
C00028,Choko Motobu,C00020,Chokyu Motobu,low,research:https://ja.wikipedia.org/wiki/%E6%9C%AC%E9%83%A8%E5%BE%A1%E6%AE%BF | research:https://www.motobu-ryu.org/%E6%9C%AC%E9%83%A8%E6%B5%81%E3%81%A8%E3%81%AF/%E6%B5%81%E6%B4%BE%E7%B3%BB%E8%AD%9C/,
C00034,Eizo Shimabukuro,A0050,Eiko Shimabukuro,medium,research:https://www.ikigaiway.com/in-memoriam-shimabukuro-eizo/ | research:https://www.usadojo.com/eizo-shimabukuro/,
C00034,Eizo Shimabukuro,A0051,Bill Hayes,high,research:https://westernkarate.com/bill-hayes/ | research:https://www.ikigaiway.com/in-memoriam-shimabukuro-eizo/ | research:https://www.dragonsociety.com/team_member/hanshi-bill-hayes/,
C00034,Eizo Shimabukuro,A0052,Matt Larsen,low,research:https://en-academic.com/dic.nsf/enwiki/9336902,
C00034,Eizo Shimabukuro,A0112,Larry Isaac,low,research:https://limacjacksonville.wixsite.com/isaacsmartialarts/instructors,
C00034,Eizo Shimabukuro,C00077,Hiroshi Shinya,high,book:Bishop p.104,
C00034,Eizo Shimabukuro,C00270,Kojun Makishi,high,book:Bishop p.104,
C00034,Eizo Shimabukuro,C00330,Soko Toguchi,high,book:Bishop p.104,
C00034,Eizo Shimabukuro,C00437,Ryosho Goya,high,book:Bishop p.104,
C00034,Eizo Shimabukuro,C00471,Seijin Inamine,high,book:Bishop p.104,
C00034,Eizo Shimabukuro,J0029,Tetsuo Takamiyagi,high,research:https://www.okinawakaratekobudo.com/about.html,
C00034,Eizo Shimabukuro,Q1691502,Joe Lewis,high,research:https://en.wikipedia.org/wiki/Joe_Lewis_(martial_artist) | research:https://joelewisassociation.com/joe-lewis-story/,
C00035,Eisuke Akamine,A0117,Hiroshi Akamine,high,research:https://www.karatekobudo.com/kobudo/grand-masters/akamine/akamine.htm | research:https://ageshiojapan.com/dojo_info/hiroshi-akamine-sensei-hanshi-9th-dan%EF%BD%9C-ryukyu-kobudo-shimbukan | research:https://www.servantsheartkarate.com/ryukyu-kobudo-shimbukan,
C00035,Eisuke Akamine,A0118,Hidemi Tamayose,high,research:https://kobudo-tesshinkan.eu/index.php/en/about-ryukyu-kobudo-tesshinkan/style-founder/ | research:https://en.wikipedia.org/wiki/Ryukyu_Kobudo | research:https://www.shuriway.co.uk/tamayose.html,
C00035,Eisuke Akamine,A0119,Yukio Kuniyoshi,high,research:https://ryukyu-kobudo.net/overview/ | research:https://en.wikipedia.org/wiki/Ryukyu_Kobudo,
C00035,Eisuke Akamine,C00005,Ankichi Miyazato,medium,book:Bishop p.159,
C00035,Eisuke Akamine,C00006,Ankichi Nakamura,medium,book:Bishop p.159,
C00035,Eisuke Akamine,C00040,Fumio Nagaishi,medium,book:Bishop p.159,
C00035,Eisuke Akamine,C00201,Masahiro Nakamoto,medium,book:Bishop p.159,
C00035,Eisuke Akamine,C00211,Katsuhiko Minowa,medium,book:Bishop p.159,
C00035,Eisuke Akamine,C00294,Seiyu Nakamura,medium,book:Bishop p.159,
C00035,Eisuke Akamine,C00301,Kosuke Yonamine,high,research:https://ryusyu-kai.qwc.jp/,
C00035,Eisuke Akamine,J0042,Kōsuke Miyazato,high,research:https://www.seiryukan.fr/,
C00042,Chosho Motobu,A0029,Choshin Motobu,low,research:https://ja.wikipedia.org/wiki/%E6%9C%AC%E9%83%A8%E5%BE%A1%E6%AE%BF | research:https://www.motobu-ryu.org/%E6%9C%AC%E9%83%A8%E6%B5%81%E3%81%A8%E3%81%AF/%E6%B5%81%E6%B4%BE%E7%B3%BB%E8%AD%9C/,
C00064,Seiryo Shinjo,A0008,Seiyu Shinjo,high,research:https://www.alandollar.com/uechi/hist_seiyu.htm,
C00066,Fusei Kise,A0068,Isao Kise,high,research:https://www.kenshin-kan.com/kaicho-isao-kise/ | research:https://ismskf.com/isao-kaicho-kise/,
C00066,Fusei Kise,A0069,Seizan Kinjo,medium,research:https://www.bastropprovidencefuneralhome.com/obituaries/ronald-lindsey | research:https://www.ikigaiway.com/interview-ronald-lindsey-matsumura-seito-9th-dan-part-1/,
C00066,Fusei Kise,A0070,Ronald Lindsey,medium,research:https://www.ikigaiway.com/interview-ronald-lindsey-matsumura-seito-9th-dan-part-1/ | research:https://www.bastropprovidencefuneralhome.com/obituaries/ronald-lindsey,
C00066,Fusei Kise,A0071,James Coffman,medium,research:https://westernkarate.com/james-coffman-matsumura-seito/ | research:https://www.smoka-usa.com/sensei-coffmans-published-book/,
C00066,Fusei Kise,A0112,Larry Isaac,low,research:https://limacjacksonville.wixsite.com/isaacsmartialarts/instructors,
C00066,Fusei Kise,A0113,Seifuku Nitta,low,research:https://shuriway.com/nitta.html | research:https://usadojo.com/seifuku-nitta/,
C00075,Kenchu Nakaima,C00232,Kenko Nakaima,high,research:https://en.wikipedia.org/wiki/Ry%C5%ABei-ry%C5%AB | research:http://findingkarate.com/wordpress/spotlight-kenko-noritaka-nakaima-the-last-keeper-of-secrets/,
C00076,Sugaya Ueshima,Q7418861,Sannosuke Ueshima,medium,research:https://en.wikipedia.org/wiki/Kushin-ryu | research:https://ja.wikipedia.org/wiki/%E4%B8%8A%E5%B3%B6%E4%B8%89%E4%B9%8B%E5%8A%A9,
C00084,Gokenki,A0012,Juhatsu Kyoda,medium,book:Nagamine/Cramer/Guarelli SECTION 22 SECTION 23,
C00084,Gokenki,Q1908088,Shinko Matayoshi,medium,"book:Guarelli, Okinawan Kobudo guarelli02 line 23",
C00084,Gokenki,Q1908090,Shinpo Matayoshi,medium,research:https://milos.io/matayoshi-kobudo-tradition/ | research:https://sites.google.com/tsuzukete.com/home/knowledge/history/shinpo-matayoshi,
C00084,Gokenki,Q221121,Chojun Miyagi,medium,book:Bishop p.29,
C00084,Gokenki,Q41105,Gichin Funakoshi,medium,"book:Cramer, The History of Karate and the Masters Who Made It SECTION 31",
C00084,Gokenki,Q453505,Kenwa Mabuni,medium,research:https://www.karatebyjesse.com/go-kenki-the-undercover-kung-fu-pioneer-of-okinawan-karate/ | research:https://kodokanboston.org/2018/10/31/some-thoughts-on-gokenki-and-the-transmission-of-his-crane-on-okinawa/,
C00086,Goshi Yamaguchi,A0137,Ingo de Jong,low,research:https://www.gojukaikaratedo.com/IKGA-Management.php?sectionid=ingodejong,
C00086,Goshi Yamaguchi,Q3898157,Paul Starling,medium,research:https://en.wikipedia.org/wiki/Paul_Starling | research:http://www.gojukai.com.au/Paul_Starling_Shihan.html,
C00087,Gushikawa no Tiragwa,C00363,Matsutaro Ire,high,book:Bishop p.104-105,
C00087,Gushikawa no Tiragwa,Q1908088,Shinko Matayoshi,high,research:https://www.tobukanmartialarts.com/about-us/matayoshi-kobudo-weapons/ | research:https://milos.io/matayoshi-kobudo-tradition/,
C00094,Jiro Shiroma,Q15987228,Yuchoku Higa,high,research:https://en.wikipedia.org/wiki/Yuchoku_Higa,
C00098,Joen Nakazato,A0046,Isamu Tamotsu,medium,research:https://sites.google.com/view/traditionalkarate/karate-articles/shorinji-shimabukuro,
C00098,Joen Nakazato,A0049,Hitoshi Oyakawa,high,research:https://okinawa-karate-navi.com/en/dojo/detail/28/ | research:http://www.okinawakarateshorinjiryu.com/lineage.html,
C00098,Joen Nakazato,C00151,Jinshi Oyakawa,medium,book:Bishop p.93,
C00098,Joen Nakazato,C00504,Senyu Unten,medium,book:Bishop p.93,
C00098,Joen Nakazato,C00565,Takao Nohara,medium,book:Bishop p.93,
C00098,Joen Nakazato,J0011,Seiei Nakaza,medium,research:https://www.kiyobukan.com/about-us/hanshi-judan-nakaza-seiei,
C00098,Joen Nakazato,J0143,Takeshi Nakazato,low,research:https://okic.odks.jp/pdf/okinawadojolist.pdf,
C00101,Juei Tamaki,C00176,Kanbun Izumigawa,low,research:https://historyandstoriesofgojuryu.blogspot.com/2020/12/dojo-of-seiko-higa-lineage.html,
C00101,Juei Tamaki,J0002,Seitoku Matayoshi,medium,research:https://historyandstoriesofgojuryu.blogspot.com/2020/12/dojo-of-seiko-higa-lineage.html,
C00107,Kafu Kojo,B0017,Shingo Hayashi,high,book:Bishop p.49,
C00107,Kafu Kojo,C00352,Tatsumi Kojo,low,research:https://koshinkan.org/478-2/ | research:https://ja.wikipedia.org/wiki/%E6%B9%96%E5%9F%8E%E6%B5%81,
C00107,Kafu Kojo,C00506,Shigeru Kojo,high,research:https://ja.wikipedia.org/wiki/%E6%B9%96%E5%9F%8E%E6%B5%81 | research:https://koshinkan.org/history/ | research:https://koshinkan.org/478-2/,
C00107,Kafu Kojo,J0094,Michio Yamada,high,research:https://ja.wikipedia.org/wiki/%E6%B9%96%E5%9F%8E%E6%B5%81,
C00108,Kaho Kojo,C00107,Kafu Kojo,high,book:Bishop p.48,
C00108,Kaho Kojo,C00263,Saikyo Kojo,high,research:https://ja.wikipedia.org/wiki/%E6%B9%96%E5%9F%8E%E6%B5%81 | research:https://simonechierchini.com/2020/04/29/kojo-ryu-karate-lo-stile-fantasma-di-okinawa/ | research:https://koshinkan.org/478-2/,
C00108,Kaho Kojo,C00542,Shuren Kojo,medium,book:Bishop p.49,
C00108,Kaho Kojo,C00605,Tokusaburo Matsuda,low,research:https://medium.com/@motobu715/matsuda-tokusabur%C5%8D-e2bed486d39a | research:https://medium.com/@motobu715/koj%C5%8D-kah%C5%8D-and-uechi-kanbun-dd6efc3e42fd,
C00108,Kaho Kojo,Q2473562,Kanbun Uechi,high,research:https://en.wikipedia.org/wiki/Kanbun_Uechi | research:https://medium.com/@motobu715/koj%C5%8D-kah%C5%8D-and-uechi-kanbun-dd6efc3e42fd | research:https://koshinkan.org/history/,
C00112,Hiroshi Ishihara,C00232,Kenko Nakaima,high,book:Bishop p.20,
C00117,Kanmei Uechi,J0142,Sadanao Uechi,high,research:https://www.d3b.jp/npcolumn/19450,
C00129,Horoku Ishikawa,J0036,Kōtarō Iha,medium,research:https://sites.google.com/tsuzukete.com/home/knowledge/history/kotaro-iha,
C00131,Hsiao Yao,C00634,Tung Chin,medium,book:Bishop p.20,
C00141,Isei Kojo,C00108,Kaho Kojo,low,research:https://koshinkan.org/478-2/ | research:https://koshinkan.org/history/ | research:https://ja.wikipedia.org/wiki/%E6%B9%96%E5%9F%8E%E6%B5%81,
C00145,Iwah,C00108,Kaho Kojo,high,book:Bishop p.48,
C00145,Iwah,C00141,Isei Kojo,high,research:https://ja.wikipedia.org/wiki/%E6%B9%96%E5%9F%8E%E6%B5%81 | research:https://koshinkan.org/history/ | research:https://forums.uechi-ryu.com/viewtopic.php?t=22939,
C00145,Iwah,C00427,Ranho Maezato,medium,research:https://okinawankarate.org/shorin-ryu-shuri-te.html,
C00145,Iwah,C00564,Taitei Kojo,medium,research:https://koshinkan.org/history/ | research:https://shorinjiryublog.wordpress.com/2019/09/01/the-kenpo-of-kume-village/ | research:https://simonechierchini.com/2020/04/29/kojo-ryu-karate-lo-stile-fantasma-di-okinawa/,
C00145,Iwah,Q699236,Kanryo Higaonna,low,research:https://en.wikipedia.org/wiki/Higaonna_Kanry%C5%8D,
C00145,Iwah,Q715769,Sokon Matsumura,medium,research:https://en.wikipedia.org/wiki/Matsumura_S%C5%8Dkon | research:https://worldbudokan.com/worlbudokanhome/articles-2/sokon-matsumura/,
C00148,Jinan Shinzato,Q15987228,Yuchoku Higa,high,research:https://en.wikipedia.org/wiki/Yuchoku_Higa | research:https://ja.wikipedia.org/wiki/%E6%AF%94%E5%98%89%E4%BD%91%E7%9B%B4,
C00150,Jinsei Kamiya,Q723832,Shinken Taira,low,research:https://ryukyu-bugei.com/?p=1783,
C00152,Jintatsu Higa,A0034,Oscar Higa,high,research:https://www.teido.net/karate-kyudokan/ | research:https://it.wikipedia.org/wiki/Oscar_Higa,
C00152,Jintatsu Higa,A0035,Benito Higa,high,research:https://www.teido.net/karate-kyudokan/ | research:https://en.wikipedia.org/wiki/Sh%C5%8Drin-ry%C5%AB_Kyud%C5%8Dkan,
C00156,Moshigwa Ire,Q1908088,Shinko Matayoshi,high,research:https://shinryukan.com/about/shinko-matayoshi/ | research:https://milos.io/matayoshi-kobudo-tradition/,
C00173,Kama Higa,C00476,Seikichi Hokama,high,book:Bishop p.84,
C00178,Konin Oyadomari,C00476,Seikichi Hokama,high,research:https://wseku-karate.org/en/istoria-okinawa-karate/tomari-te/,
C00187,Kotsu Oyadomari,C00476,Seikichi Hokama,high,research:https://wseku-karate.org/en/istoria-okinawa-karate/tomari-te/,
C00194,Lu Ta-ting,C00634,Tung Chin,medium,book:Bishop p.20,
C00195,Maeda Pechin,C00083,Gisei Maeda,medium,book:Bishop p.85,
C00195,Maeda Pechin,Q2393877,Chotoku Kyan,high,research:https://en.wikipedia.org/wiki/Ch%C5%8Dtoku_Kyan,
C00196,Makabe UDUN,Q2473562,Kanbun Uechi,low,research:https://en.wikipedia.org/wiki/Kanbun_Uechi | research:https://medium.com/@motobu715/matsuda-tokusabur%C5%8D-e2bed486d39a,
C00198,Kantoku Uechi,Q2473562,Kanbun Uechi,low,research:https://www.alandollar.com/uechi/hist_kanbun.htm | research:https://northshorekarate.com/history-of-uechi-ryu/,
C00201,Masahiro Nakamoto,A0130,Mamoru Nakamoto,medium,research:https://bunbukan.eu/en/ryukyu-kobudo/ | research:https://www.bunbukan.be/newkarate/en/ryukyu-kobudo,
C00202,Kanyu Higaonna,A0012,Juhatsu Kyoda,medium,research:https://kodokanboston.org/2024/01/14/how-many-seisans/ | research:https://en.wikipedia.org/wiki/Higaonna_Kanryu,
C00206,Karyu Uku,Q3028499,Kosaku Matsumora,high,research:https://en.wikipedia.org/wiki/Kosaku_Matsumora,
C00206,Karyu Uku,Q6426547,Kokan Oyadomari,medium,research:https://katastepbystep.com/karate-styles-traditional-okinwan-tode/,
C00211,Katsuhiko Minowa,J0107,Masakazu Kinjo,high,research:https://www.d3b.jp/npcolumn/8912,
C00213,Katsumori Kochi,C00209,Katsuhide Kochi,high,book:Bishop p.100,
C00221,Keikichi Nakamura,Q38585428,Shigeru Nakamura,medium,book:Bishop p.147,
C00223,Keisei Okamoto,Q1963468,Shoshin Nagamine,medium,book:Bishop p.96,
C00232,Kenko Nakaima,C00229,Kenji Nakaima,high,research:http://findingkarate.com/wordpress/spotlight-kenko-noritaka-nakaima-the-last-keeper-of-secrets/ | research:https://ryueiryu-karate-wa.com/ryuei-ryu-instructors,
C00232,Kenko Nakaima,C00575,Takeyuki Kinjo,medium,book:Bishop p.19,
C00232,Kenko Nakaima,C00586,Teruo Hayashi,high,research:https://shuriway.com/hayashi.html | research:http://findingkarate.com/wordpress/teruo-hayashi/,
C00232,Kenko Nakaima,C00607,Tomohiro Arashiro,medium,book:Bishop p.25,
C00232,Kenko Nakaima,C00625,Tsuguo Sakumoto,high,research:http://findingkarate.com/wordpress/spotlight-tsuguo-sakumoto-a-legend-in-his-own-time/ | research:https://www.ryueiryu.com/history,
C00236,Kensei Kinjo,C00515,Shintaro Yoshizato,high,book:Bishop p.121,
C00244,Norisato Nakaima,C00075,Kenchu Nakaima,high,research:https://en.wikipedia.org/wiki/Ry%C5%ABei-ry%C5%AB,
C00246,Kenzo Mabuni,A0091,Tsukasa Mabuni,medium,research:https://www.seitoshitoryu.com/soke.php | research:https://www.usaseitoshitoryu.org/ | research:https://seitoshitoryu.webs.com/tsukasamabuni.htm,
C00250,Kisuke Higa,C00035,Eisuke Akamine,high,book:Bishop p.159,
C00251,Kishin Teruya,Q3028499,Kosaku Matsumora,high,research:https://ja.wikipedia.org/wiki/%E6%9D%BE%E8%8C%82%E8%89%AF%E8%88%88%E4%BD%9C | research:https://ja.wikipedia.org/wiki/%E6%B3%8A%E6%89%8B,
C00251,Kishin Teruya,Q6426547,Kokan Oyadomari,high,research:https://ryukyu-bugei.com/?p=7351,
C00252,Kitoku Sakiyama,C00510,Shinkichi Kuniyoshi,high,research:https://okinawa-kenpo.com/en.php,
C00253,Kiyohiko Higa,A0114,Ulf Karlsson,medium,research:https://ilpracticalkarate.com/kishimotodi | research:https://ilpracticalkarate.com/2024/07/legitimacy-vs-popularity-in-martial-arts.html | research:https://www.yliopistontaido.fi/camp2024,
C00257,Kiyuna Pechin,C00291,Seiyei Miyahira,high,book:Bishop p.113,
C00257,Kiyuna Pechin,N0096,Shoshu Nagamine,medium,"book:Nagamine, Tales of Okinawa's Great Masters PDF PAGE 69",
C00260,Saburo Tokashiki,A0127,Kaishu Isa,medium,research:https://en.wikipedia.org/wiki/Ufuchiku_Kobudo,
C00261,Kodatsu Iha,C00024,Chojin Kuba,low,research:https://www.karatekangaroo.com/maestros-tomari-te | research:https://wseku-karate.org/en/istoria-okinawa-karate/tomari-te/,
C00261,Kodatsu Iha,C00293,Seiyu Nakasone,high,research:https://karateyalgomas.com/2016/01/02/notas-sobre-tomari-te-y-el-maestro-nakasone/,
C00261,Kodatsu Iha,C00350,Taro Shimabuku,high,research:https://ryukyu-bugei.com/?p=6630,
C00261,Kodatsu Iha,C00476,Seikichi Hokama,high,book:Bishop p.84,
C00261,Kodatsu Iha,Q1963468,Shoshin Nagamine,medium,research:https://en.wikipedia.org/wiki/Sh%C5%8Dshin_Nagamine,
C00263,Saikyo Kojo,C00107,Kafu Kojo,high,research:https://simonechierchini.com/2020/04/29/kojo-ryu-karate-lo-stile-fantasma-di-okinawa/ | research:https://koshinkan.org/478-2/ | research:https://ja.wikipedia.org/wiki/%E6%B9%96%E5%9F%8E%E6%B5%81,
C00268,Kojo PECHIN,C00522,Shoi Sai,low,research:https://koshinkan.org/478-2/ | research:https://ja.wikipedia.org/wiki/%E6%B9%96%E5%9F%8E%E6%B5%81 | research:https://simonechierchini.com/2020/04/29/kojo-ryu-karate-lo-stile-fantasma-di-okinawa/,
C00269,Kojo UEKATA,C00268,Kojo PECHIN,low,research:https://koshinkan.org/478-2/ | research:https://koshinkan.org/history/ | research:https://ja.wikipedia.org/wiki/%E6%B9%96%E5%9F%8E%E6%B5%81,
C00275,Seiichiro Higa,C00035,Eisuke Akamine,high,research:https://ryukyu-kobudo.net/eisuke-akamine/ | research:https://www.usadojo.com/eisuke-akamine/,
C00279,Seiki Arakaki,C00374,Morimasa Arakaki,high,book:Bishop p.60,
C00279,Seiki Arakaki,C00495,Seiyei Akamine,high,book:Bishop p.60,
C00285,Kosei Kokuba,C00586,Teruo Hayashi,medium,research:https://www.internationalshitoryu.com/aboutus/organization-chart/hayashi-teruo/ | research:https://shuriway.com/hayashi.html,
C00285,Kosei Kokuba,Q3959901,Shogo Kuniba,high,research:http://itkka.com/en/master-kokuba-kosei-1900-1959/ | research:http://www.mideasternkarateassociation.org/history-of-our-style.html,
C00291,Seiyei Miyahira,Q15987228,Yuchoku Higa,high,research:https://en.wikipedia.org/wiki/Yuchoku_Higa,
C00293,Seiyu Nakasone,A0212,Iken Tokashiki,high,research:https://historyandstoriesofgojuryu.blogspot.com/2021/07/iken-tokashiki-okinawa-times-july-4th.html | research:https://iogkfmadrid.wordpress.com/2010/02/09/donde-goju-ryu-y-tomari-te-se-encuentran-tokashiki-iken-y-el-gohakukai/,
C00296,Koshin Iha,C00659,Yoshio Hichiya,low,research:https://ogkk.okinawa/archives/about/history,
C00296,Koshin Iha,J0022,Kōsei Wakugawa,medium,research:https://okic.okinawa/en/archives/news/p5602 (studied under Iha Koshin before being entrusted with the Shodokan school),
C00301,Kosuke Yonamine,J0048,Tsuneo Shimabukuro,medium,"research:Budo Japan 'Exploring the spirit of the Ryukyu' series 13 (Hiden 05/2024): joined Yonamine Kosuke's Uechi-ryu dojo at age 21; roster node C00301 is a generic 'Kosuke Yonamine' entry, assumed to be the same Uechi-ryu master (register no. 87)",
C00301,Kosuke Yonamine,J0104,Akiyoshi Arakaki,medium,research:http://www.kobudo-arakaki.com/about/,
C00329,Masakazu Miyagi,B0029,Hiroshi Shima,medium,book:Bishop p.153,
C00329,Masakazu Miyagi,C00015,Chiko Yohena,medium,book:Bishop p.153,
C00329,Masakazu Miyagi,C00188,Kunio Furugen,medium,book:Bishop p.153,
C00350,Taro Shimabuku,J0006,Seitoku Ishikawa,medium,research:https://kyudomugen.com/karateka/,
C00350,Taro Shimabuku,Q1963468,Shoshin Nagamine,high,research:https://en.wikipedia.org/wiki/Sh%C5%8Dshin_Nagamine,
C00354,Tawata Pechin,C00373,Moden Yabiku,high,research:https://www.ryukyukobudousa.com/lineage/yabiku-moden,
C00355,Teiichi Nakamura,Q38585428,Shigeru Nakamura,medium,research:https://www.usadojo.com/shigeru-nakamura/,
C00363,Matsutaro Ire,C00077,Hiroshi Shinya,high,book:Bishop p.104-105,
C00363,Matsutaro Ire,C00270,Kojun Makishi,high,book:Bishop p.104-105,
C00363,Matsutaro Ire,C00330,Soko Toguchi,high,book:Bishop p.104-105,
C00363,Matsutaro Ire,C00437,Ryosho Goya,high,book:Bishop p.104-105,
C00363,Matsutaro Ire,C00471,Seijin Inamine,high,book:Bishop p.104-105,
C00366,Miinshiin Higa,C00494,Seitoku Higa,high,book:Bishop p.170,
C00373,Moden Yabiku,C00440,Ryusho Sakagami,high,research:https://www.itosu-ryu.net/soke,
C00373,Moden Yabiku,Q723832,Shinken Taira,high,research:https://en.wikipedia.org/wiki/Taira_Shinken | research:https://www.ryukyukobudousa.com/lineage/yabiku-moden,
C00427,Ranho Maezato,C00542,Shuren Kojo,low,research:https://koshinkan.org/478-2/,
C00438,Ryuko Tomoyose,Q18230165,George E. Mattson,high,research:https://en.wikipedia.org/wiki/George_Mattson_(martial_artist) | research:https://en.wikipedia.org/wiki/Uechi-Ry%C5%AB | research:https://uechi-ryu.com/ryuko-tomoyose/,
C00440,Ryusho Sakagami,A0085,Sadaaki Sakagami,high,research:https://www.itosu-ryu.net/soke | research:https://www.usadojo.com/ryusho-sakagami/,
C00440,Ryusho Sakagami,A0086,Seiko Suzuki,medium,research:https://www.usadojo.com/ryusho-sakagami/,
C00440,Ryusho Sakagami,A0087,Kei Tsumura,medium,research:https://www.usadojo.com/ryusho-sakagami/,
C00440,Ryusho Sakagami,Q1473967,Fumio Demura,high,research:https://shuriway.com/sakagami.html | research:https://www.usadojo.com/ryusho-sakagami/,
C00444,Saburo Uehara,A0010,Shinyu Gushi,high,research:https://uechi-ryu.com/saburo-uehara/ | research:https://www.dragon-tsunami.org/Dtimes/Pages/articleg.htm,
C00444,Saburo Uehara,C00139,Isamu Uehara,low,research:https://uechi-ryu.com/saburo-uehara/ | research:https://www.sinonome-japan.com/en/dvd-karate-uechi-ryu/255-dvd-karate-uechi-ryu1.html,
C00444,Saburo Uehara,C00348,Takenobu Uehara,low,research:https://uechi-ryu.com/saburo-uehara/,
C00444,Saburo Uehara,J0039,Yoshitsune Senaga,medium,research:http://karate-k.ru/yoshitsune-senaga-1,
C00449,Sanda Chinen,C00025,Chojo Oshiro,high,research:https://www.koryu-uchinadi.com/yamane-ryu/,
C00449,Sanda Chinen,C00250,Kisuke Higa,high,book:Bishop p.159,
C00449,Sanda Chinen,C00275,Seiichiro Higa,high,research:https://www.koryu-uchinadi.com/yamane-ryu/ | research:https://www.usadojo.com/eisuke-akamine/,
C00449,Sanda Chinen,C00373,Moden Yabiku,high,research:https://www.ryukyukobudousa.com/lineage/yabiku-moden | research:https://www.koryu-uchinadi.com/yamane-ryu/,
C00449,Sanda Chinen,C00485,Seiro Tonaki,high,book:Bishop p.119,
C00449,Sanda Chinen,J0095,Chotoku Zukeran,high,research:https://www.okinawatimes.co.jp/articles/-/844605,
C00449,Sanda Chinen,J0096,Masaushi Yonaha,high,research:https://www.okinawatimes.co.jp/articles/-/844605,
C00449,Sanda Chinen,J0110,Raisuke Higa,high,research:https://kobudo-shinbukan.jp/,
C00449,Sanda Chinen,J0111,Yohei Akamine,high,research:https://kobudo-shinbukan.jp/,
C00449,Sanda Chinen,J0112,Jinsaburo Higa,high,research:https://kobudo-shinbukan.jp/,
C00449,Sanda Chinen,Q1908088,Shinko Matayoshi,medium,"book:Guarelli, Okinawan Kobudo chunk guarelli04, line 103",
C00449,Sanda Chinen,Q6782517,Masami Chinen,high,research:https://en.wikipedia.org/wiki/Yamanni_ryu | research:https://www.koryu-uchinadi.com/yamane-ryu/,
C00450,Sanda Kanagusuku,C00260,Saburo Tokashiki,high,research:https://en.wikipedia.org/wiki/Ufuchiku_Kobudo,
C00450,Sanda Kanagusuku,C00373,Moden Yabiku,high,research:https://www.motobu-ryu.org/%E6%9C%AC%E9%83%A8%E5%BE%A1%E6%AE%BF%E6%89%8B/%E6%9C%AC%E9%83%A8%E5%BE%A1%E6%AE%BF%E6%89%8B%E3%81%AE%E6%AD%A9%E3%81%BF/%E6%98%AD%E5%92%8C30%E5%B9%B4%E4%BB%A3-5-%E4%B8%AD%E7%B7%A8/ | research:https://www.ryukyukobudousa.com/lineage/yabiku-moden,
C00450,Sanda Kanagusuku,C00527,Shosei Kina,high,research:https://en.wikipedia.org/wiki/Ufuchiku_Kobudo | research:https://www.motobu-ryu.org/%E6%9C%AC%E9%83%A8%E5%BE%A1%E6%AE%BF%E6%89%8B/%E6%9C%AC%E9%83%A8%E5%BE%A1%E6%AE%BF%E6%89%8B%E3%81%AE%E6%AD%A9%E3%81%BF/%E6%98%AD%E5%92%8C30%E5%B9%B4%E4%BB%A3-5-%E4%B8%AD%E7%B7%A8/,
C00454,Seibu Tomigawa,C00232,Kenko Nakaima,high,book:Bishop p.20,
C00478,Seikichi Uehara,A0019,Seiyu Oyata,medium,research:https://note.com/motoburyu/n/nefb13f93d3ee | research:http://www.jukokai.com/the-legacy-of-shian-toma-seidokan-karate.html,
C00478,Seikichi Uehara,A0020,Shian Toma,high,research:https://en.wikipedia.org/wiki/Okinawa_Seidokan | research:https://seidokankarate.org/shian-toma-biography | research:https://note.com/motoburyu/n/nefb13f93d3ee,
C00478,Seikichi Uehara,A0021,Seiki Toma,low,research:https://shuriway.com/toma.html,
C00478,Seikichi Uehara,A0028,Chosei Motobu,high,research:https://en.wikipedia.org/wiki/Motobu-ry%C5%AB | research:https://www.motobu-ryu.org/motobu-udundi/uehara-seikichi/,
C00478,Seikichi Uehara,A0127,Kaishu Isa,medium,research:https://note.com/motoburyu/n/nd4392f610625,
C00478,Seikichi Uehara,A0219,Chomo Motobu,medium,research:https://ja.wikipedia.org/wiki/本部朝勇 | research:https://en.wikipedia.org/wiki/House_of_Motobu,
C00478,Seikichi Uehara,B0020,Takao Miyagi,high,book:Bishop p.166,
C00478,Seikichi Uehara,C00037,Chomo Motobu,low,research:https://www.motobu-ryu.org/motobu-udundi/uehara-seikichi/ | research:https://www.motobu-ryu.org/motobu-udundi/about-motobu-udundi/,
C00478,Seikichi Uehara,C00066,Fusei Kise,medium,research:https://note.com/motoburyu/n/nefb13f93d3ee,
C00478,Seikichi Uehara,C00147,Kentoku Kaneshiro,medium,book:Bishop p.166,
C00478,Seikichi Uehara,C00274,Seiichi Taba,medium,book:Bishop p.166,
C00478,Seikichi Uehara,C00400,Yoshio Uehara,medium,book:Bishop p.166,
C00478,Seikichi Uehara,C00434,Ryoko Chibana,medium,book:Bishop p.166,
C00478,Seikichi Uehara,C00494,Seitoku Higa,high,research:https://www.motobu-ryu.org/motobu-udundi/uehara-seikichi/,
C00478,Seikichi Uehara,C00663,Yoshio Zaha,medium,book:Bishop p.166,
C00478,Seikichi Uehara,J0028,Shiroma Kiyonori (Seihan),high,research:https://asatodojo.com/introducing-shiroma-ha-moidi-motoburyu/,
C00478,Seikichi Uehara,J0029,Tetsuo Takamiyagi,high,research:https://www.okinawakaratekobudo.com/about.html,
C00478,Seikichi Uehara,J0086,Shinsuke Moromizato,medium,research:https://mutubu-udundi.okinawa/about,
C00478,Seikichi Uehara,J0087,Takeshi Uehara,high,research:https://mokkeikan.jimdofree.com/,
C00478,Seikichi Uehara,J0088,Masanobu Ishikawa,medium,research:https://mutubu-udundi.okinawa/about,
C00478,Seikichi Uehara,J0090,Harumitsu Kinjo,medium,research:https://mokkeikan.jimdofree.com/,
C00480,Seiki Itokazu,A0010,Shinyu Gushi,low,research:https://www.dragon-tsunami.org/Dtimes/Pages/articleg.htm,
C00485,Seiro Tonaki,Q3482635,Shugoro Nakazato,high,research:https://en.wikipedia.org/wiki/Shugoro_Nakazato,
C00494,Seitoku Higa,C00113,Hiroshi Miyagi,medium,book:Bishop p.171,
C00494,Seitoku Higa,C00253,Kiyohiko Higa,high,research:https://ilpracticalkarate.com/kishimotodi | research:https://www.karateobsession.com/2020/12/kishimotodi-revisited.html,
C00494,Seitoku Higa,C00258,Koan Nagado,medium,book:Bishop p.171,
C00494,Seitoku Higa,Q6766745,Mark Bishop,high,book:Bishop p.176,
C00508,Shinbi Kaneshima,C00517,Shinyei Kaneshima,high,research:https://okic.okinawa/en/archives/newstopics/p3475 | research:https://medium.com/@motobu715/ishimine-ry%C5%AB-a-forgotten-karate-school-811e54797adc,
C00510,Shinkichi Kuniyoshi,B0015,Heisaburo Nakamura,high,book:Bishop p.152,
C00510,Shinkichi Kuniyoshi,Q38585428,Shigeru Nakamura,high,research:https://okinawa-kenpo.com/en.php,
C00514,Shinsuke Kaneshima,A0021,Seiki Toma,low,research:https://shuriway.com/toma.html,
C00514,Shinsuke Kaneshima,C00192,Kyuyu Kinjo,high,book:Bishop p.130,
C00514,Shinsuke Kaneshima,C00287,Komei Tsuha,medium,book:Bishop p.128,
C00514,Shinsuke Kaneshima,C00606,Tomei Tsuha,high,book:Bishop p.104,
C00515,Shintaro Yoshizato,C00100,Joji Tokuhiga,medium,book:Bishop p.122,
C00515,Shintaro Yoshizato,C00189,Kunio Higa,medium,book:Bishop p.122,
C00515,Shintaro Yoshizato,C00218,Kazuo Miyazato,medium,book:Bishop p.122,
C00515,Shintaro Yoshizato,C00243,Nobuo Miyazato,medium,book:Bishop p.122,
C00515,Shintaro Yoshizato,C00295,Seken Akamine,medium,book:Bishop p.122,
C00515,Shintaro Yoshizato,C00371,Mitsuo Miyazato,medium,book:Bishop p.122,
C00515,Shintaro Yoshizato,C00446,Sadao Miyazato,medium,book:Bishop p.122,
C00515,Shintaro Yoshizato,C00618,Toshimasa Matsumoto,medium,book:Bishop p.122,
C00518,Shinyei Kyan,A0128,Kiichi Nakamoto,high,research:https://en.wikipedia.org/wiki/Ufuchiku_Kobudo,
C00518,Shinyei Kyan,C00329,Masakazu Miyagi,high,book:Bishop p.152,
C00518,Shinyei Kyan,Q7827674,Toshihiro Oshiro,low,research:https://karate-schwerte.de/yamanni-chinen-ryu-kobujutsu/,
C00522,Shoi Sai,C00141,Isei Kojo,low,research:https://koshinkan.org/478-2/ | research:https://ja.wikipedia.org/wiki/%E6%B9%96%E5%9F%8E%E6%B5%81,
C00522,Shoi Sai,C00564,Taitei Kojo,low,research:https://simonechierchini.com/2020/04/29/kojo-ryu-karate-lo-stile-fantasma-di-okinawa/ | research:https://koshinkan.org/478-2/,
C00525,Shoko Itokazu,Q5349190,Eiichi Miyazato,high,book:Bishop p.32,
C00527,Shosei Kina,A0127,Kaishu Isa,high,research:https://en.wikipedia.org/wiki/Ufuchiku_Kobudo | research:https://www.tmai-honbu.com/kokusai-ryukyu-kobujutsu-kenkyokai/,
C00527,Shosei Kina,A0128,Kiichi Nakamoto,high,research:https://en.wikipedia.org/wiki/Ufuchiku_Kobudo | research:https://travel67.com/2019/09/03/kiichi-nakamoto-10th-dan-goju-ryu-karate-10th-dan-ryukyu-dento-kobujutsu/,
C00527,Shosei Kina,A0129,Kantoku Izumikawa,low,research:https://en.wikipedia.org/wiki/Ufuchiku_Kobudo,
C00527,Shosei Kina,C00201,Masahiro Nakamoto,high,research:https://www.patreon.com/posts/nakamoto-106131775 | research:https://www.karatebyjesse.com/gendai-no-bushi-nakamoto-masahiro-pt-1/,
C00527,Shosei Kina,C00518,Shinyei Kyan,high,research:https://en.wikipedia.org/wiki/Ufuchiku_Kobudo,
C00542,Shuren Kojo,C00107,Kafu Kojo,high,research:https://koshinkan.org/478-2/ | research:https://ja.wikipedia.org/wiki/%E6%B9%96%E5%9F%8E%E6%B5%81,
C00546,Shusei Maeshiro,J0048,Tsuneo Shimabukuro,high,"research:Budo Japan dm13e: long-term teacher at the Uechi-ryu Aja Shubukan dojo, who certified his karate 10th dan",
C00549,Sogen Sakiyama,Q1963468,Shoshin Nagamine,medium,book:Bishop p.96,
C00550,Soko Kishimoto,A0211,Seiken Shukumine,medium,research:https://genseiryu.eu/ | research:https://en.wikipedia.org/wiki/Genseiry%C5%AB | research:https://japankaratedo.biz/history/,
C00550,Soko Kishimoto,C00494,Seitoku Higa,high,research:https://ilpracticalkarate.com/kishimotodi | research:https://www.karateobsession.com/2020/12/kishimotodi-revisited.html | research:https://okinawa-kenpo.com/en.php,
C00564,Taitei Kojo,C00001,Homei Kojo (Akahige),low,research:https://koshinkan.org/478-2/ | research:https://ja.wikipedia.org/wiki/%E6%B9%96%E5%9F%8E%E6%B5%81,
C00564,Taitei Kojo,Q41105,Gichin Funakoshi,low,research:https://koshinkan.org/history/ | research:https://shorinjiryublog.wordpress.com/2019/09/01/the-kenpo-of-kume-village/,
C00564,Taitei Kojo,Q699236,Kanryo Higaonna,medium,research:https://en.wikipedia.org/wiki/G%C5%8Dj%C5%AB-ry%C5%AB | research:https://en.wikipedia.org/wiki/Higaonna_Kanry%C5%8D | research:https://shorinjiryublog.wordpress.com/2019/09/01/the-kenpo-of-kume-village/,
C00566,Takashi Kinjo,J0036,Kōtarō Iha,medium,research:https://sites.google.com/tsuzukete.com/home/knowledge/history/kotaro-iha,
C00586,Teruo Hayashi,A0026,Yoshimi Inoue,high,research:http://findingkarate.com/wordpress/spotlight-yoshimi-inoue-trainer-of-champions/ | research:https://www.facebook.com/wkfofficial/photos/538096786330101/,
C00586,Teruo Hayashi,A0088,Akio Minakami,high,research:https://en.wikipedia.org/wiki/Akio_Minakami | research:http://findingkarate.com/wordpress/akio-minakami/,
C00586,Teruo Hayashi,Q3959901,Shogo Kuniba,low,research:https://shuriway.com/hayashi.html | research:https://es.wikipedia.org/wiki/Teruo_Hayashi,
C00604,Tokumine Pechin,Q1147708,Choki Motobu,medium,book:Bishop p.86,
C00604,Tokumine Pechin,Q2393877,Chotoku Kyan,high,research:https://en.wikipedia.org/wiki/Ch%C5%8Dtoku_Kyan,
C00606,Tomei Tsuha,C00471,Seijin Inamine,high,book:Bishop p.104,
C00625,Tsuguo Sakumoto,A0191,Arata Kinjo,high,research:https://ja.wikipedia.org/wiki/%E9%87%91%E5%9F%8E%E6%96%B0 | research:https://ja.wikipedia.org/wiki/%E4%BD%90%E4%B9%85%E6%9C%AC%E5%97%A3%E7%94%B7 | research:https://www.jkf.ne.jp/info/other/20230320/25397,
C00625,Tsuguo Sakumoto,A0192,Takuya Uemura,high,research:https://ja.wikipedia.org/wiki/%E4%B8%8A%E6%9D%91%E6%8B%93%E4%B9%9F | research:https://ja.wikipedia.org/wiki/%E4%BD%90%E4%B9%85%E6%9C%AC%E5%97%A3%E7%94%B7 | research:https://www.jkf.ne.jp/info/other/20230320/25397,
C00625,Tsuguo Sakumoto,J0106,Yuka Shimizu,high,research:https://ja.wikipedia.org/wiki/%E4%BD%90%E4%B9%85%E6%9C%AC%E5%97%A3%E7%94%B7,
C00625,Tsuguo Sakumoto,Q64574038,Ryo Kiyuna,high,research:http://findingkarate.com/wordpress/ryo-kiyuna/ | research:https://www.wkf.net/news-center/article/!/1736/karateworldchamps-ryo-kiyuna-i-only-focus-on-my-sensei | research:https://www.nippon.com/en/japan-topics/c07605/,
C00627,Tsuken Hantaka,C00637,Ushi Komesu,medium,book:Bishop p.61,
C00634,Tung Chin,C00002,Akio Kinjo,medium,book:Bishop p.195,
C00637,Ushi Komesu,Q3139173,Hohan Soken,high,book:Bishop p.59-60,
C00639,Wai Shin Zan,C00108,Kaho Kojo,low,research:https://koshinkan.org/478-2/,
C00639,Wai Shin Zan,C00244,Norisato Nakaima,medium,book:Bishop p.193,
C00639,Wai Shin Zan,C00436,Ryosei Kuwae,medium,book:Bishop p.45,
C00639,Wai Shin Zan,C00564,Taitei Kojo,high,research:https://ja.wikipedia.org/wiki/%E6%B9%96%E5%9F%8E%E6%B5%81 | research:https://shorinjiryublog.wordpress.com/2019/09/01/the-kenpo-of-kume-village/ | research:https://simonechierchini.com/2020/04/29/kojo-ryu-karate-lo-stile-fantasma-di-okinawa/,
C00639,Wai Shin Zan,Q584466,Seisho Arakaki,high,research:https://en.wikipedia.org/wiki/Arakaki_Seish%C5%8D | research:https://koshinkan.org/index.php/history/,
C00639,Wai Shin Zan,Q699236,Kanryo Higaonna,high,research:https://en.wikipedia.org/wiki/Higaonna_Kanry%C5%8D | research:https://okinawankarate.org/shorin-ryu-shuri-te.html,
C00639,Wai Shin Zan,W0015,Bushi Nagahama,medium,book:Nagamine/Cramer/Guarelli SECTION 17,
C00646,Yashichiro Ijuin,Q715769,Sokon Matsumura,medium,book:Bishop p.55,
C00653,Yoshiaki Gakiya,C00057,Franco Sanguinetti,low,research:https://dev.bushikan.com/sensei/,
C00653,Yoshiaki Gakiya,N0169,Andrea Guarelli,high,"book:Guarelli, Okinawan Kobudo SECTION 8",
C00659,Yoshio Hichiya,C00265,Koei Teruya,low,research:https://ogkk.okinawa/archives/about/history,
C00660,Yoshio Itokazu,C00031,Shiji Mizokami,high,book:Bishop p.39,
C00660,Yoshio Itokazu,C00047,Minoru Yamada,high,book:Bishop p.39,
C00672,Zenpo Shimabukuro,A0042,Zenshun Shimabukuro,high,research:https://budojapan.com/karate/20240514sbk/,
C00672,Zenpo Shimabukuro,A0044,Dan Smith,high,research:https://www.reservoirkarate.com/history,
C00672,Zenpo Shimabukuro,A0045,Walter Dailey,high,book:Bishop p.101,
C00672,Zenpo Shimabukuro,C00146,Jack Mark,high,book:Bishop p.101,
C00672,Zenpo Shimabukuro,C00248,Kim Diginakis,high,book:Bishop p.101,
C00672,Zenpo Shimabukuro,C00390,Noboru Isakawa,high,book:Bishop p.101,
J0051,Tesshin Hamada,J0066,Keith Seal,high,research:https://www.outerbanks.com/bushin-kan-karate.html,
J0051,Tesshin Hamada,J0067,William Stockey,medium,research:https://www.e-budo.com/archive/index.php/t-14491.html,
J0051,Tesshin Hamada,J0068,Kim Baylor,low,"research:https://www.princeton.edu/~kendo/about.htm — association only, teaching relationship NOT stated",
J0051,Tesshin Hamada,J0069,Soichiro Higashi,medium,research:https://www.kiu.ac.jp/2025/01/08/post-39003/,
J0051,Tesshin Hamada,J0070,Larry King,low,research:https://victorybushinkan.com/instructors/,
J0060,Toshikazu Sakamoto,J0066,Keith Seal,medium,research:https://bushinkankarate.wordpress.com/training-manual/,
J0072,Masafumi Suzuki,J0079,Yasuo Kawano,medium,research:https://ja.wikipedia.org/wiki/日本正武館,
J0072,Masafumi Suzuki,Q1584213,Masayuki Hisataka,low,research:https://ja.wikipedia.org/wiki/全日本硬式空手道連盟,
J0073,Hiroyasu Tamae,J0074,Norio Nakamura,medium,research:https://ja.wikipedia.org/wiki/錬武舘,
J0074,Norio Nakamura,C00230,Kenjiro Chiba,low,research:https://ja.wikipedia.org/wiki/全日本硬式空手道連盟,
J0074,Norio Nakamura,J0078,Katsumi Uesugi,medium,research:https://ja.wikipedia.org/wiki/全日本硬式空手道連盟,
J0077,Kensuke Ohama,J0073,Hiroyasu Tamae,high,research:https://www.weblio.jp/content/玉得博康,
J0081,Kazuya Kanzaki,J0083,Shigehide Ikeda,medium,research:https://ja.wikipedia.org/wiki/%E6%9D%B1%E6%81%A9%E6%B5%81,
J0082,Shigemitsu Kyoda,J0081,Kazuya Kanzaki,high,research:https://ja.wikipedia.org/wiki/%E7%A5%9E%E5%B4%8E%E5%92%8C%E4%B9%9F,
J0103,Sanra Kinjo,Q1620643,Kori Hisataka,high,research:https://ja.wikipedia.org/wiki/%E5%B0%91%E6%9E%97%E5%AF%BA%E6%B5%81%E6%8B%B3%E8%A1%8C%E9%A4%A8%E7%A9%BA%E6%89%8B%E9%81%93,
J0108,Shinchin Matayoshi,Q1908088,Shinko Matayoshi,high,research:https://www.nihonkobudokyoukai.org/martialarts/066/,
J0109,Shintoku Matayoshi,J0108,Shinchin Matayoshi,high,research:https://www.nihonkobudokyoukai.org/martialarts/066/,
J0109,Shintoku Matayoshi,Q1908088,Shinko Matayoshi,medium,"book:Guarelli, Okinawan Kobudo guarelli02 line 11",
J0110,Raisuke Higa,C00035,Eisuke Akamine,high,research:https://kobudo-shinbukan.jp/,
J0111,Yohei Akamine,C00035,Eisuke Akamine,high,research:https://kobudo-shinbukan.jp/,
J0112,Jinsaburo Higa,C00035,Eisuke Akamine,high,research:https://kobudo-shinbukan.jp/,
J0113,Aburaya Yamagusuku,C00449,Sanda Chinen,medium,research:https://www.nihonkobudokyoukai.org/martialarts/062/,
J0115,Masatomo Nakamura,A0118,Hidemi Tamayose,medium,research:https://www.okinawatimes.co.jp/articles/-/344876,
J0117,Jotaro Takagi,J0119,Yoshinori Takita,medium,research:https://ja.wikipedia.org/wiki/日本空手道松濤會,
J0118,Giei Funakoshi,J0121,Tomosaburo Okano,medium,research:https://karate-do.main.jp/kenkojuku1/,
J0121,Tomosaburo Okano,J0122,Tomokatsu Okano,high,research:https://webhiden.jp/guide/dojyo336/,
J0126,Sadao Ayase,J0125,Tetsuo Narikawa,high,research:https://ja.wikipedia.org/wiki/玄制流,
J0154,Yoo Eung-jun,A0150,Son Duk-sung (Duk Sung Son),medium,research:https://en.wikipedia.org/wiki/Chung_Do_Kwan,
J0154,Yoo Eung-jun,A0156,Uhm Woon-kyu,medium,research:https://en.wikipedia.org/wiki/Chung_Do_Kwan,
J0165,Lee Seung-wan,J0166,Ahn Hak-seon,low,research:https://mookas.com/news/17833,
J0168,Hong Chong-soo,J0171,Oh Se-jun,medium,research:http://www.ourtoday.co.kr/news/article.html?no=23340,
J0173,Lee Haeng-ung,J0174,Lee Soon-ho,medium,research:https://ko.wikipedia.org/wiki/이순호_(무술가),
J0178,Choi Yong-sool,J0179,Ji Han-jae,high,research:https://ko.wikipedia.org/wiki/최용술,
J0183,Ademir da Costa,Q3081845,Francisco Filho,medium,research:https://ja.wikipedia.org/wiki/%E3%82%A2%E3%83%87%E3%83%9F%E3%83%BC%E3%83%AB%E3%83%BB%E3%83%80%E3%83%BB%E3%82%B3%E3%82%B9%E3%82%BF,
J0189,Hiroo Mochizuki,Q352678,Bjorn Bregy,low,research:https://www.yoseikan.com/,
KN006,Chinen Shikiyanaka,J0113,Aburaya Yamagusuku,medium,research:https://www.nihonkobudokyoukai.org/martialarts/062/,
N0008,Aji Tanmei Iha,Q1963468,Shoshin Nagamine,high,"book:Nagamine, Tales of Okinawa's Great Masters PDF 85",
N0027,Shinjō Gima,N0061,Sokan Noguni,medium,book:Nagamine/Cramer/Guarelli SECTION 8,
N0028,Ying Jin,Q1908088,Shinko Matayoshi,medium,book:Nagamine/Cramer/Guarelli guarelli02 line 31,
N0107,Seikun Ishikawa,N0033,Seijin Ishikawa,medium,book:Nagamine/Cramer/Guarelli PDF PAGE 169,
N0140,Chokuho Agena,Q1908088,Shinko Matayoshi,medium,book:Nagamine/Cramer/Guarelli guarelli02 lines 11-13,
N0153,Musashi Miyamoto,N0108,Magonojo Terao,medium,"book:Nagamine, Tales of Okinawa's Great Masters PDF PAGE 182",
N0155,Ansei Misato,Q1963468,Shoshin Nagamine,high,"book:Nagamine, Tales of Okinawa's Great Masters PDF 132",
N0155,Ansei Misato,Q557301,Ankichi Arakaki,medium,"book:Nagamine, Tales of Okinawa's Great Masters PDF 132",
N0158,Tanouye Rotaishi,Q1963468,Shoshin Nagamine,high,"book:Nagamine, Tales of Okinawa's Great Masters PDF PAGE 179",
N0170,Shin'ushi Irei,Q1908088,Shinko Matayoshi,medium,"book:Guarelli, Okinawan Kobudo guarelli02 line 13",
N0172,Su Yinghan,N0169,Andrea Guarelli,high,"book:Guarelli, Okinawan Kobudo SECTION 9",
N0202,Gifuku Funakoshi,Q41105,Gichin Funakoshi,high,book:Nagamine/Cramer/Guarelli SECTION 20,
N0222,Miao Xing,Q221121,Chojun Miyagi,medium,"book:Cramer, The History of Karate and the Masters Who Made It SECTION 22",
N0223,Jiao Gui Wu,Q1908088,Shinko Matayoshi,medium,book:Nagamine/Cramer/Guarelli guarelli02 line 29,
N0224,Ryuko Shiishi,Q1908088,Shinko Matayoshi,medium,"book:Guarelli, Okinawan Kobudo chunk guarelli04, line 109",
Q1046410,Jhoon Rhee,Q4731883,Allen Steen,high,infobox:teacher | wikidata:P1066,
Q106695378,Sosui Ichikawa,C00334,Tadahiko Otsuka,high,research:https://jamessumarac.com/an-interview-with-sensei-tadahiko-ohtsuka-part-1/ | research:https://jamessumarac.com/traditional-goju-ryu-karate/,
Q1071733,Choshin Chibana,A0031,Joki Uema,high,research:https://en.wikipedia.org/wiki/Ch%C5%8Dshin_Chibana | research:https://www.shubukan.jp/,
Q1071733,Choshin Chibana,A0040,Pat Nakata,high,research:https://liuchiuan.com/wp-content/uploads/2013/08/cfachibana.pdf | research:https://appliedkarate.com/2013/02/16/the-passing-of-pat-nakata-sensei/ | research:https://bujutsublogger.blogspot.com/2013/04/chibana-chosin-sensei-interview-with.html,
Q1071733,Choshin Chibana,A0041,Yoshihide Shinzato,high,research:https://en.wikipedia.org/wiki/Ch%C5%8Dshin_Chibana,
Q1071733,Choshin Chibana,A0054,Kensei Taba,low,research:https://moeweb.wixsite.com/shorin-ryu/taba-kensei | research:https://karatedr.com/about-us,
Q1071733,Choshin Chibana,C00034,Eizo Shimabukuro,medium,research:https://en.wikipedia.org/wiki/Ch%C5%8Dshin_Chibana,
Q1071733,Choshin Chibana,C00201,Masahiro Nakamoto,high,research:https://www.karatebyjesse.com/gendai-no-bushi-nakamoto-masahiro-pt-1/ | research:https://budojapan.com/guide/post_251/,
Q1071733,Choshin Chibana,C00212,Katsumi Murakami,medium,research:https://ryubukandojo.wordpress.com/2015/08/17/katsumi-murakami/,
Q1071733,Choshin Chibana,C00236,Kensei Kinjo,medium,research:https://www.thedojo.us/history/chibana | research:https://www.kiyobukan.com/about-us/our-lineage,
Q1071733,Choshin Chibana,C00494,Seitoku Higa,low,research:http://www.kcdw.de/kobudo.htm | research:https://www.e-budo.com/archive/index.php/t-41484.html,
Q1071733,Choshin Chibana,C00623,Tsugio Yonezawa,medium,research:https://ja.wikipedia.org/wiki/%E7%9F%A5%E8%8A%B1%E6%9C%9D%E4%BF%A1 | research:https://zh.wikipedia.org/wiki/%E7%9F%A5%E8%8A%B1%E6%9C%9D%E4%BF%A1,
Q1071733,Choshin Chibana,J0005,Seigi Ishikawa,high,research:https://beisho.org/historical_12.html,
Q1071733,Choshin Chibana,J0006,Seitoku Ishikawa,medium,research:https://kyudomugen.com/karateka/,
Q1071733,Choshin Chibana,J0023,Katsuyuki Shimabukuro,medium,"research:https://www.facebook.com/groups/709248329841056/posts/1742438559855356/ (described as a student of Chibana Chosin, later Higa Yuchoku)",
Q1071733,Choshin Chibana,J0036,Kōtarō Iha,medium,research:https://sites.google.com/tsuzukete.com/home/knowledge/history/kotaro-iha,
Q1071733,Choshin Chibana,Q130739281,Naonobu Ahagon,high,infobox:students | research:https://en.wikipedia.org/wiki/Ch%C5%8Dshin_Chibana,
Q1071733,Choshin Chibana,Q15987180,Chozo Nakama,high,infobox:students | research:https://en.wikipedia.org/wiki/Ch%C5%8Dshin_Chibana | research:https://en.wikipedia.org/wiki/Chozo_Nakama | research:https://www.thedojo.us/history/chibana | wikidata:P802,
Q1071733,Choshin Chibana,Q15987228,Yuchoku Higa,high,infobox:students | infobox:teacher | research:https://en.wikipedia.org/wiki/Ch%C5%8Dshin_Chibana | research:https://en.wikipedia.org/wiki/Sh%C5%8Drin-ry%C5%AB_Kyud%C5%8Dkan | research:https://www.thedojo.us/history/chibana | wikidata:P1066 | wikidata:P802,
Q1071733,Choshin Chibana,Q3194253,Katsuya Miyahira,high,infobox:students | infobox:teacher | research:https://en.wikipedia.org/wiki/Beikoku_Shidokan | research:https://en.wikipedia.org/wiki/Katsuya_Miyahira | research:https://www.shorinryu.de/eng/sensei-miyahira-katsuya-eng.html | text_context:teacher_keyword | wikidata:P1066 | wikidata:P802,
Q1071733,Choshin Chibana,Q3482635,Shugoro Nakazato,high,infobox:students | infobox:teacher | research:https://en.wikipedia.org/wiki/Ch%C5%8Dshin_Chibana | research:https://en.wikipedia.org/wiki/Shugoro_Nakazato | research:https://www.thedojo.us/history/chibana | wikidata:P1066 | wikidata:P802,
Q1071733,Choshin Chibana,Q4351940,Yasuhiro Konishi,low,infobox:teacher,
Q1071733,Choshin Chibana,Q557301,Ankichi Arakaki,high,infobox:students | infobox:teacher | text_context:teacher_keyword | text_pattern:learned_from | wikidata:P1066 | wikidata:P802,
Q11365653,Hideo Nakamura,Q920672,Hatsuo Royama,high,research:https://en.wikipedia.org/wiki/Hatsuo_Royama | wikidata:P1066,
Q11399569,Shigeo Kato,Q2664662,Shokei Matsui,high,wikidata:P1066,
Q11449231,Kenji Ushiro,Q5361556,Hajime Kazumi,high,wikidata:P1066,
Q11470681,Tatsuo Yamada,Q294548,Mas Oyama,medium,research:https://ja.wikipedia.org/wiki/山田辰雄_(空手家),
Q1147708,Choki Motobu,A0028,Chosei Motobu,high,research:https://medium.com/@motobu715/motobu-ch%C5%8Dsei-headmaster-of-motobu-kenp%C5%8D-and-motobu-udund%C4%AB-4b0c9d817d1c | research:https://en.wikipedia.org/wiki/Motobu_Ch%C5%8Dki,
Q1147708,Choki Motobu,A0219,Chomo Motobu,high,research:https://medium.com/motobu-ryu-blog/why-i-was-taught-motobu-udund%C4%AB-b927598a3453,
Q1147708,Choki Motobu,C00034,Eizo Shimabukuro,medium,research:https://www.tranquilcloudtemple.com/training/about-the-style-shobayashi-ryu | research:https://www.usadojo.com/eizo-shimabukuro/ | research:https://www.usadojo.com/shobayashi-shorin-ryu/ | research:https://www.whistlekickmartialartsradio.com/blog/955-eizo-shimabukuro-legacy,
Q1147708,Choki Motobu,C00174,Kamesuke Higaonna,high,research:https://en.wikipedia.org/wiki/Motobu_Ch%C5%8Dki | research:https://www.amazon.com/Higaonna-Kamesuke-Karate-Okinawa-Hawaii/dp/1542340942,
Q1147708,Choki Motobu,C00285,Kosei Kokuba,high,research:https://ikku.org/education/masters/kosei-kokuba/ | research:http://itkka.com/en/master-kokuba-kosei-1900-1959/,
Q1147708,Choki Motobu,C00514,Shinsuke Kaneshima,high,research:http://okkb.org/onko-chishin/3765 | research:https://www.budowarrior.com/posts/16858156,
Q1147708,Choki Motobu,C00517,Shinyei Kaneshima,high,book:Bishop p.63,
Q1147708,Choki Motobu,J0080,Nisaburo Miki,low,research:https://note.com/motoburyu/n/n2bd1170c4835,
Q1147708,Choki Motobu,Q11470681,Tatsuo Yamada,medium,infobox:students,
Q1147708,Choki Motobu,Q15987180,Chozo Nakama,high,research:https://note.com/motoburyu/n/nedf39279e0be,
Q1147708,Choki Motobu,Q1963468,Shoshin Nagamine,high,infobox:students | infobox:teacher | research:https://en.wikipedia.org/wiki/Motobu_Ch%C5%8Dki | wikidata:P1066,
Q1147708,Choki Motobu,Q27363,Tatsuo Shimabuku,medium,infobox:students | infobox:teacher | research:https://en.wikipedia.org/wiki/Motobu_Ch%C5%8Dki | text_context:teacher_keyword,
Q1147708,Choki Motobu,Q3194253,Katsuya Miyahira,high,infobox:students | infobox:teacher | research:https://en.wikipedia.org/wiki/Katsuya_Miyahira | research:https://en.wikipedia.org/wiki/Motobu_Ch%C5%8Dki,
Q1147708,Choki Motobu,Q38585428,Shigeru Nakamura,low,research:https://www.usadojo.com/shigeru-nakamura/,
Q1147708,Choki Motobu,Q386415,Hironori Otsuka,high,infobox:students | infobox:teacher | research:https://en.wikipedia.org/wiki/Motobu_Ch%C5%8Dki | text_pattern:learned_from | wikidata:P1066 | wikidata:P802,
Q1147708,Choki Motobu,Q4351940,Yasuhiro Konishi,high,infobox:teacher | research:https://en.wikipedia.org/wiki/Motobu_Ch%C5%8Dki,
Q1147708,Choki Motobu,Q7418861,Sannosuke Ueshima,high,infobox:students | research:https://en.wikipedia.org/wiki/Motobu_Ch%C5%8Dki | wikidata:P1066 | wikidata:P802,
Q1147708,Choki Motobu,W0004,Takano Genjuro,high,research:https://medium.com/@motobu715/motobu-ch%C5%8Dkis-kata-0d96d24afd6e,
Q1147708,Choki Motobu,W0019,Marukawa Kenji,high,research:https://medium.com/@motobu715/the-secretiveness-of-motobu-ch%C5%8Dki-95db4441cd04,
Q11486455,Tsuyoshi Hiroshige,Q11258528,Kenji Yamaki,high,research:http://findingkarate.com/wordpress/kenji-yamaki/ | research:http://findingkarate.com/wordpress/tsuyoshi-hiroshige/,
Q11486455,Tsuyoshi Hiroshige,Q11428483,Norichika Tsukamoto,high,research:https://efight.jp/news-20180418_284873 | research:https://ja.wikipedia.org/wiki/廣重毅,
Q11486455,Tsuyoshi Hiroshige,Q11474560,Tatsuya Iwasaki,high,research:https://efight.jp/news-20180418_284873 | research:https://ja.wikipedia.org/wiki/廣重毅,
Q11486455,Tsuyoshi Hiroshige,Q3115887,Kenji Midori,high,infobox:teacher | research:https://en.wikipedia.org/wiki/Kenji_Midori | wikidata:P1066,
Q11486455,Tsuyoshi Hiroshige,Q5361556,Hajime Kazumi,high,infobox:teacher | research:https://en.wikipedia.org/wiki/Hajime_Kazumi | wikidata:P1066,
Q115091,Peter Urban,A0006,Frank Ruiz,high,research:https://gojujitsu.com/about-us/frank-ruiz-3/ | research:https://africangoju.com/a-brief-history-of-goju-3,
Q115091,Peter Urban,Q106668612,Aaron Banks,low,research:https://www.usadojo.com/aaron-banks/,
Q115091,Peter Urban,Q7364578,Ron van Clief,high,research:https://en.wikipedia.org/wiki/Ron_van_Clief | research:https://ronvanclief.com/chinesegoju.html,
Q11557545,Noriyasu Hamai,Q4701154,Akira Masuda,high,wikidata:P1066,
Q123398,Andy Hug,Q352678,Bjorn Bregy,low,infobox:students,
Q123398,Andy Hug,Q539362,Xhavit Bajrami,high,infobox:students | wikidata:P802,
Q123398,Andy Hug,Q6832665,Michael McDonald,medium,infobox:students,
Q123398,Andy Hug,Q7171725,Petar Majstorovic,medium,infobox:students,
Q1246030,Shigeru Egami,J0117,Jotaro Takagi,high,research:https://www.shotokai.jp/about/teacher/takagi/,
Q1246030,Shigeru Egami,Q2619054,Tsutomu Ohshima,medium,infobox:teacher,
Q1246030,Shigeru Egami,Q3317210,Mitsusuke Harada,high,infobox:students | infobox:teacher | research:https://en.wikipedia.org/wiki/Mitsusuke_Harada | wikidata:P1066 | wikidata:P802,
Q1246030,Shigeru Egami,Q3519204,Tetsuji Murakami,high,infobox:students | research:https://en.wikipedia.org/wiki/Tetsuji_Murakami,
Q124766,Hidetaka Nishiyama,Q15987280,James Yabe,medium,infobox:students,
Q124766,Hidetaka Nishiyama,Q348074,Hiroshi Shirai,high,infobox:students | infobox:teacher | research:https://en.wikipedia.org/wiki/Hiroshi_Shirai | wikidata:P1066 | wikidata:P802,
Q124766,Hidetaka Nishiyama,Q470591,John Saxon,medium,infobox:students,
Q1335481,Henry Plee,Q19325706,Vernon Bell,high,infobox:teacher | wikidata:P1066,
Q1335481,Henry Plee,Q3035513,Dominique Valera,high,wikidata:P1066,
Q1336547,Takahara Peichin,Q921673,Kanga Sakukawa,high,research:https://en.wikipedia.org/wiki/Peichin_Takahara | research:https://en.wikipedia.org/wiki/Sakugawa_Kanga | wikidata:P802,
Q135222893,Tsuyoshi Chitose,A0005,William J. Dometrich,high,research:http://findingkarate.com/wordpress/william-dometrich/ | research:https://westernkarate.com/william-dometrich/ | research:https://en.wikipedia.org/wiki/William_J._Dometrich,
Q135222893,Tsuyoshi Chitose,A0027,Katsuoh Yamamoto,high,research:https://www.usadojo.com/katsuoh-yamamoto/ | research:https://en.wikipedia.org/wiki/Yoshukai_Karate,
Q135222893,Tsuyoshi Chitose,A0169,Yasuhiro Chitose,high,research:https://en.wikipedia.org/wiki/Tsuyoshi_Chitose | research:https://www.chito-ryu.com/information/diversity/diversity.html | research:https://www.ickf.ca/history,
Q135222893,Tsuyoshi Chitose,C00494,Seitoku Higa,high,book:Bishop p.174,
Q135222893,Tsuyoshi Chitose,Q5728406,Henry Slomanski,high,infobox:students,
Q135222893,Tsuyoshi Chitose,Q6782529,Masami Tsuruoka,high,infobox:students,
Q1360025,Taiji Kase,C00200,Mario Topolsek,low,research:https://cs.wikipedia.org/wiki/Mario_Topol%C5%A1ek | research:https://zivotjepokret.rs/mario-topolsek/,
Q1360025,Taiji Kase,Q348074,Hiroshi Shirai,medium,infobox:students | infobox:teacher | research:https://en.wikipedia.org/wiki/Hiroshi_Shirai,
Q1360025,Taiji Kase,Q716133,Keinosuke Enoeda,high,infobox:students | infobox:teacher | research:https://en.wikipedia.org/wiki/Keinosuke_Enoeda | text_pattern:taught | wikidata:P1066 | wikidata:P802,
Q1360025,Taiji Kase,Q896129,Hideo Ochi,medium,text_context:student_keyword,
Q1473967,Fumio Demura,C00159,John Sells,low,research:https://shuriway.com/sells.html,
Q1494112,Kenichi Sawai,Q920672,Hatsuo Royama,high,infobox:teacher | research:https://en.wikipedia.org/wiki/Hatsuo_Royama,
Q1584213,Masayuki Hisataka,J0102,Masamitsu Hisataka,high,research:https://ja.wikipedia.org/wiki/%E4%B9%85%E9%AB%98%E6%AD%A3%E5%85%89,
Q15987180,Chozo Nakama,A0043,Zenji Shimabukuro,medium,research:https://en.wikipedia.org/wiki/Sh%C5%8Drin-ry%C5%AB_Seibukan,
Q15987180,Chozo Nakama,C00006,Ankichi Nakamura,medium,book:Bishop p.117,
Q15987180,Chozo Nakama,C00294,Seiyu Nakamura,medium,book:Bishop p.117,
Q15987180,Chozo Nakama,C00356,Teikichi China,high,book:Bishop p.117,
Q15987180,Chozo Nakama,C00494,Seitoku Higa,high,book:Bishop p.174,
Q15987180,Chozo Nakama,C00672,Zenpo Shimabukuro,high,research:https://ageshiojapan.com/dojo_info/zenpo-shimabukuro-sensei-hanshi-10th-dan%EF%BD%9C-seibukan,
Q15987228,Yuchoku Higa,A0034,Oscar Higa,low,research:https://it.wikipedia.org/wiki/Oscar_Higa | research:https://en.wikipedia.org/wiki/Sh%C5%8Drin-ry%C5%AB_Kyud%C5%8Dkan | research:https://www.elbudoka.es/blocks/entrevista-a-oscar-higa-10-dan-shorin-ryu-kyudokan/,
Q15987228,Yuchoku Higa,C00041,Fumio Nakama,medium,book:Bishop p.114,
Q15987228,Yuchoku Higa,C00104,Jushin Toma,medium,book:Bishop p.114,
Q15987228,Yuchoku Higa,C00136,Iko Oshiro,medium,book:Bishop p.114,
Q15987228,Yuchoku Higa,C00152,Jintatsu Higa,medium,book:Bishop p.114,
Q15987228,Yuchoku Higa,C00210,Katsuhide Shimabuku,medium,book:Bishop p.114,
Q15987228,Yuchoku Higa,C00334,Tadahiko Otsuka,medium,book:Bishop p.114,
Q15987228,Yuchoku Higa,C00339,Masami Nashiro,medium,book:Bishop p.114,
Q15987228,Yuchoku Higa,C00349,Tankichi Nagamine,medium,book:Bishop p.114,
Q15987228,Yuchoku Higa,J0023,Katsuyuki Shimabukuro,medium,research:https://chibanaproject.blogspot.com/2012/01/chibana-stories.html (student of Higa Yuchoku; relayed Chibana stories told to him by Higa),
Q15987228,Yuchoku Higa,J0027,Isamu Arakaki,high,research:https://okinawate.com.ar/nuestraescuela/,
Q15987228,Yuchoku Higa,J0036,Kōtarō Iha,medium,research:https://sites.google.com/tsuzukete.com/home/knowledge/history/kotaro-iha,
Q15987228,Yuchoku Higa,Q471629,Hirokazu Kanazawa,high,book:Bishop p.116,
Q15987228,Yuchoku Higa,Q6869269,Minoru Higa,high,research:https://en.wikipedia.org/wiki/Minoru_Higa | research:https://en.wikipedia.org/wiki/Sh%C5%8Drin-ry%C5%AB_Kyud%C5%8Dkan | wikidata:P802,
Q15987228,Yuchoku Higa,Q8056246,Yoshio Nakamura,high,research:http://okkb.org/category/recent-news,
Q15987278,Seikichi Odo,A0112,Larry Isaac,low,research:https://limacjacksonville.wixsite.com/isaacsmartialarts/instructors,
Q15987564,Masaaki Ueki,Q15845014,Mai Shiina,high,wikidata:P1066,
Q15987564,Masaaki Ueki,Q15845016,Koji Chubachi,high,wikidata:P1066,
Q15987564,Masaaki Ueki,Q15845020,Ryosuke Shimizu,high,wikidata:P1066,
Q15987564,Masaaki Ueki,Q15845021,Kazuaki Kurihara,high,wikidata:P1066,
Q15987564,Masaaki Ueki,Q15845023,Satomi Okuie,high,wikidata:P1066,
Q15987564,Masaaki Ueki,Q15845024,Keisuke Nemoto,high,wikidata:P1066,
Q15987564,Masaaki Ueki,Q15845028,Koji Ogata,high,wikidata:P1066,
Q15987727,Moses Powell,Q7364578,Ron van Clief,high,infobox:teacher | wikidata:P1066,
Q16006586,Kanki Izumigawa,A0145,Katsuya Izumikawa,high,research:https://historyandstoriesofgojuryu.blogspot.com/2021/01/dojo-from-izumikawa-lineage.html,
Q16006586,Kanki Izumigawa,C00176,Kanbun Izumigawa,high,research:https://en.wikipedia.org/wiki/Kanki_Izumigawa | research:https://shuriway.com/izumigawa.html,
Q16006586,Kanki Izumigawa,J0097,Busen Arakawa,high,research:https://ja.wikipedia.org/wiki/%E6%B3%89%E5%B7%9D%E5%AF%9B%E5%96%9C,
Q16006586,Kanki Izumigawa,J0098,Tsutomu Takato,high,research:https://ja.wikipedia.org/wiki/%E6%B3%89%E5%B7%9D%E5%AF%9B%E5%96%9C,
Q16006586,Kanki Izumigawa,J0099,Hyotaro Harada,high,research:https://ja.wikipedia.org/wiki/%E6%B3%89%E5%B7%9D%E5%AF%9B%E5%96%9C,
Q16006586,Kanki Izumigawa,J0100,Kenneth Murakami,high,research:https://ja.wikipedia.org/wiki/%E6%B3%89%E5%B7%9D%E5%AF%9B%E5%96%9C,
Q16006586,Kanki Izumigawa,J0101,Satoru Suzuki,medium,research:https://ja.wikipedia.org/wiki/%E6%B3%89%E5%B7%9D%E5%AF%9B%E5%96%9C,
Q16006586,Kanki Izumigawa,Q106695378,Sosui Ichikawa,high,infobox:students | research:https://en.wikipedia.org/wiki/Kanki_Izumigawa,
Q16006586,Kanki Izumigawa,Q7446702,Seiichi Akamine,high,research:https://en.wikipedia.org/wiki/Kanki_Izumigawa | research:https://shuriway.com/izumigawa.html,
Q16016038,Meitoku Yagi,A0134,Meitetsu Yagi,high,research:https://en.wikipedia.org/wiki/Meitoku_Yagi | research:https://en.wikipedia.org/wiki/Meitatsu_Yagi,
Q16016038,Meitoku Yagi,A0212,Iken Tokashiki,medium,book:Bishop p.36,
Q16016038,Meitoku Yagi,C00137,Iko Yonamine,medium,book:Bishop p.36,
Q16016038,Meitoku Yagi,C00162,Jubin Senaha,medium,book:Bishop p.36,
Q16016038,Meitoku Yagi,C00214,Katsuyoshi Kanei,medium,book:Bishop p.36,
Q16016038,Meitoku Yagi,C00282,Koki Miyagi,medium,book:Bishop p.36,
Q16016038,Meitoku Yagi,C00341,Masanao Miyazato,medium,book:Bishop p.36,
Q16016038,Meitoku Yagi,C00484,Seiko Nakamoto,medium,book:Bishop p.36,
Q16016038,Meitoku Yagi,C00487,Seishin Arashiro,medium,book:Bishop p.36,
Q16016038,Meitoku Yagi,C00490,Seisho Kuniyoshi,medium,book:Bishop p.36,
Q16016038,Meitoku Yagi,J0046,Ikuo Yonamine,high,"research:https://karatedeokinawa.com/sensei-mauricio-3/ (direct student of Dai Sensei Meitoku Yagi); Bishop, Okinawan Karate (1989), Yagi Meitoku lineage chart lists 'Iko Yonamine (Sao Paulo)'",
Q16016038,Meitoku Yagi,J0137,Masaaki Ikemiyagi,high,research:https://okinawa-karate-navi.com/dojo/detail/26/,
Q16016038,Meitoku Yagi,Q11391351,Akihito Yagi,medium,research:https://en.wikipedia.org/wiki/Akihito_Yagi | research:https://meibukanyagidojo.com/about-2/,
Q16016038,Meitoku Yagi,Q3954660,Seikichi Toguchi,medium,book:Bishop p.36,
Q16016038,Meitoku Yagi,Q6810356,Meitatsu Yagi,high,research:https://en.wikipedia.org/wiki/Meitoku_Yagi | research:https://budojapan.com/karate/meitatsu-yagi-and-goju-ryu/,
Q1620643,Kori Hisataka,A0215,Shigeru Ishino,medium,research:https://en.wikipedia.org/wiki/K%C5%8Dri_Hisataka | research:https://en.wikipedia.org/wiki/Shunji_Watanabe,
Q1620643,Kori Hisataka,J0102,Masamitsu Hisataka,high,research:https://ja.wikipedia.org/wiki/%E4%B9%85%E9%AB%98%E6%AD%A3%E5%85%89,
Q1620643,Kori Hisataka,Q1584213,Masayuki Hisataka,high,wikidata:P1066,
Q1620643,Kori Hisataka,Q6519507,Shunji Watanabe,high,infobox:students | wikidata:P802,
Q1678211,Jae Chul Shin,Q2673,Chuck Norris,high,infobox:teacher | wikidata:P1066,
Q16907056,Xie Zongxiang,Q699236,Kanryo Higaonna,low,research:https://en.wikipedia.org/wiki/Ry%C5%AB_Ry%C5%AB_Ko | research:https://zh.wikipedia.org/wiki/謝崇祥 | research:https://zh.wikipedia.org/zh-hant/鳴鶴拳 | wikidata:P1066,
Q1728269,Kanei Uechi,A0008,Seiyu Shinjo,medium,research:https://en.wikipedia.org/wiki/Kanei_Uechi | research:https://kenyukai-md.com/kenyukai,
Q1728269,Kanei Uechi,A0009,Seiko Toyama,high,research:https://en.wikipedia.org/wiki/Kanei_Uechi | research:https://www.alandollar.com/uechi/hist_kanei.htm | research:https://breyette.wixsite.com/urzk-nghm-dojo,
Q1728269,Kanei Uechi,A0010,Shinyu Gushi,medium,research:https://en.wikipedia.org/wiki/Kanei_Uechi | research:https://sites.google.com/site/worldmartialartsstyles/kung-fu/pangai-noon,
Q1728269,Kanei Uechi,B0024,David Scot,high,book:Bishop p.43,
Q1728269,Kanei Uechi,C00078,Hiroshi Sugihara,high,book:Bishop p.43,
Q1728269,Kanei Uechi,C00095,Jiro Uehara,high,book:Bishop p.43,
Q1728269,Kanei Uechi,C00117,Kanmei Uechi,high,research:https://en.wikipedia.org/wiki/Kanei_Uechi | research:https://www.uechiryu-europe.org/en/chronologie/,
Q1728269,Kanei Uechi,C00133,Kayei Akamine,high,book:Bishop p.43,
Q1728269,Kanei Uechi,C00183,Kosuke Henna,high,book:Bishop p.43,
Q1728269,Kanei Uechi,C00197,Kansei Uechi,high,research:https://www.alandollar.com/uechi/hist_kanei.htm | research:https://www.uechiryu-europe.org/en/chronologie/,
Q1728269,Kanei Uechi,C00200,Mario Topolsek,high,research:https://cs.wikipedia.org/wiki/Mario_Topol%C5%A1ek | research:https://uechiryu.eu/index.php/events-news/159-sad-news-for-the-american-and-european-uechi-ryu,
Q1728269,Kanei Uechi,C00208,Kata Yamashiro,high,book:Bishop p.43,
Q1728269,Kanei Uechi,C00211,Katsuhiko Minowa,high,book:Bishop p.43,
Q1728269,Kanei Uechi,C00216,Kazuhide Shingaki,medium,book:Bishop p.153,
Q1728269,Kanei Uechi,C00217,Kazuo Kishimoto,high,book:Bishop p.43,
Q1728269,Kanei Uechi,C00239,Noboru Miyagi,high,book:Bishop p.43,
Q1728269,Kanei Uechi,C00241,Noboru Uchima,high,book:Bishop p.43,
Q1728269,Kanei Uechi,C00249,Robert Donnely,high,book:Bishop p.43,
Q1728269,Kanei Uechi,C00256,Kiyoshi Komesu,high,book:Bishop p.43,
Q1728269,Kanei Uechi,C00266,Koichi Mori,high,book:Bishop p.43,
Q1728269,Kanei Uechi,C00280,Seiki Ire,high,book:Bishop p.43,
Q1728269,Kanei Uechi,C00292,Seiyu Arashiro,high,book:Bishop p.43,
Q1728269,Kanei Uechi,C00297,Koshin Shimabukuro,high,book:Bishop p.43,
Q1728269,Kanei Uechi,C00301,Kosuke Yonamine,high,research:https://shogunmartialarts.org.uk/karate/okikukai-on-okinawa-mainland-japan-masters/,
Q1728269,Kanei Uechi,C00329,Masakazu Miyagi,low,research:http://www.kcdw.de/kobudo.htm,
Q1728269,Kanei Uechi,C00332,Soryu Furugen,high,book:Bishop p.43,
Q1728269,Kanei Uechi,C00333,Susumu Tamamura,high,book:Bishop p.43,
Q1728269,Kanei Uechi,C00340,Masamitsu Kinjo,high,book:Bishop p.43,
Q1728269,Kanei Uechi,C00348,Takenobu Uehara,high,book:Bishop p.43,
Q1728269,Kanei Uechi,C00388,Natsukichi Shimabuku,high,book:Bishop p.43,
Q1728269,Kanei Uechi,C00433,Ryokichi Tomoyose,high,book:Bishop p.43,
Q1728269,Kanei Uechi,C00438,Ryuko Tomoyose,high,research:https://uechi-ryu.com/ryuko-tomoyose/ | research:https://en.wikipedia.org/wiki/Uechi-Ry%C5%AB,
Q1728269,Kanei Uechi,C00441,Ryuyu Tomoyose,high,book:Bishop p.43,
Q1728269,Kanei Uechi,C00444,Saburo Uehara,high,book:Bishop p.43-44,
Q1728269,Kanei Uechi,C00451,Satoru Araki,high,book:Bishop p.43,
Q1728269,Kanei Uechi,C00480,Seiki Itokazu,high,research:https://en.wikipedia.org/wiki/Kanei_Uechi | research:https://en-academic.com/dic.nsf/enwiki/190655,
Q1728269,Kanei Uechi,C00483,Seiko Itokazu,high,"book:Bishop p.43, 45",
Q1728269,Kanei Uechi,C00486,Seisaburo Miyagi,high,book:Bishop p.43,
Q1728269,Kanei Uechi,C00488,Seishin Shirado,high,book:Bishop p.43,
Q1728269,Kanei Uechi,C00491,Seisho Yonaha,high,book:Bishop p.43,
Q1728269,Kanei Uechi,C00507,Shigeru Takamiyagi,high,research:https://shogunmartialarts.org.uk/karate/okikukai-on-okinawa-mainland-japan-masters/,
Q1728269,Kanei Uechi,C00513,Shinsei Omine,high,book:Bishop p.43,
Q1728269,Kanei Uechi,C00523,Shoji Arasaki,high,book:Bishop p.43,
Q1728269,Kanei Uechi,C00531,Shuei Sakiyama,high,book:Bishop p.43,
Q1728269,Kanei Uechi,C00546,Shusei Maeshiro,high,book:Bishop p.43,
Q1728269,Kanei Uechi,C00572,Takeo Hiyagon,high,book:Bishop p.43,
Q1728269,Kanei Uechi,C00582,Teamaai Uehara,high,book:Bishop p.43,
Q1728269,Kanei Uechi,C00628,Tsutomu Nakahodo,high,research:https://uechi-ryu.com/forums/viewtopic.php?t=21914 | research:https://shogunmartialarts.org.uk/karate/okikukai-on-okinawa-mainland-japan-masters/,
Q1728269,Kanei Uechi,C00648,Yasuo Shimoji,high,book:Bishop p.43,
Q1728269,Kanei Uechi,C00651,Yeishun Henna,medium,book:Bishop p.124,
Q1728269,Kanei Uechi,J0007,Shintoku Takara,medium,research:https://kyudomugen.com/karateka/,
Q1728269,Kanei Uechi,J0013,Yoshio Matsuda,low,research:Inferred only: the Yafuso Shubukan is a branch dojo in the Uechi soke Shubukan (修武館) line and Matsuda's generation of Uechi-ryu 10th dans were Kanei Uechi's students; no source names his teacher explicitly,
Q1728269,Kanei Uechi,J0025,Hiroshi Inada,medium,"research:https://shogunmartialarts.org.uk/karate/okikukai-on-okinawa-mainland-japan-masters/ (born February 15, 1933, Hanshi 10 Dan, student of Uechi Kanei, adviser of the Okikukai)",
Q1728269,Kanei Uechi,J0035,Yoshio Higa,medium,research:https://shogunmartialarts.org.uk/karate/okikukai-on-okinawa-mainland-japan-masters/,
Q1728269,Kanei Uechi,J0039,Yoshitsune Senaga,medium,research:http://karate-k.ru/yoshitsune-senaga-1,
Q1728269,Kanei Uechi,J0142,Sadanao Uechi,high,research:https://www.d3b.jp/npcolumn/19450,
Q1728269,Kanei Uechi,Q18230165,George E. Mattson,high,research:https://en.wikipedia.org/wiki/George_Mattson_(martial_artist),
Q1738762,Kenji Kurosaki,Q1082144,Christian Tissier,medium,infobox:students,
Q1738762,Kenji Kurosaki,Q11436963,Noboru Osawa,high,wikidata:P802,
Q1738762,Kenji Kurosaki,Q3161686,Jan Kallenbach,medium,infobox:students,
Q1738762,Kenji Kurosaki,Q320773,Shigeru Oyama,medium,infobox:students,
Q1738762,Kenji Kurosaki,Q3257815,Loek Hollander,medium,infobox:students,
Q1738762,Kenji Kurosaki,Q3532632,Toshio Fujiwara,high,infobox:students | wikidata:P802,
Q1738762,Kenji Kurosaki,Q3984847,Terutomo Yamazaki,medium,infobox:students,
Q1738762,Kenji Kurosaki,Q6130268,Yoshiji Soeno,medium,infobox:students,
Q1738762,Kenji Kurosaki,Q6149743,Jan Plas,high,infobox:students,
Q1738762,Kenji Kurosaki,Q8021897,Willie Williams,medium,infobox:students,
Q1738762,Kenji Kurosaki,Q919033,Hideyuki Ashihara,medium,infobox:students,
Q1738762,Kenji Kurosaki,Q920672,Hatsuo Royama,medium,infobox:students,
Q1739011,Kenshiro Abbe,Q19325706,Vernon Bell,medium,infobox:teacher,
Q182130,Morihei Ueshiba,A0235,Kisshomaru Ueshiba,high,research:https://en.wikipedia.org/wiki/Kisshomaru_Ueshiba,
Q182130,Morihei Ueshiba,Q1937662,Minoru Mochizuki,high,research:https://en.wikipedia.org/wiki/Minoru_Mochizuki | research:https://aikidojournal.com/2011/08/27/minoru-mochizuki/,
Q182130,Morihei Ueshiba,Q4351940,Yasuhiro Konishi,medium,infobox:teacher | text_pattern:learned_from,
Q182130,Morihei Ueshiba,Q6389379,Kenji Tomiki,high,research:https://en.wikipedia.org/wiki/Kenji_Tomiki | research:https://aikidojournal.com/2011/08/27/kenji-tomiki/,
Q182130,Morihei Ueshiba,Q6753487,Manzo Iwata,high,infobox:teacher | research:https://en.wikipedia.org/wiki/Manzo_Iwata | wikidata:P1066,
Q182130,Morihei Ueshiba,Q706726,Gozo Shioda,high,infobox:teacher | wikidata:P1066,
Q182130,Morihei Ueshiba,Q716152,Shoji Nishio,high,research:https://en.wikipedia.org/wiki/Shoji_Nishio | research:https://aikidojournal.com/2005/03/16/shoji-nishio-obituary/,
Q189805,Zenryo Shimabukuro,A0020,Shian Toma,high,research:https://seidokankarate.org/shian-toma-biography | research:http://www.jukokai.com/the-legacy-of-shian-toma-seidokan-karate.html | research:https://www.russbo.com/content/shaolin/contributor-sites/seidokan/toma,
Q189805,Zenryo Shimabukuro,A0021,Seiki Toma,medium,research:https://shuriway.com/toma.html | research:https://en.wikipedia.org/wiki/Seikichi_Odo,
Q189805,Zenryo Shimabukuro,A0043,Zenji Shimabukuro,medium,research:https://en.wikipedia.org/wiki/Zenry%C5%8D_Shimabukuro | research:https://sites.google.com/view/traditionalkarate/karate-articles/shorinji-shimabukuro,
Q189805,Zenryo Shimabukuro,A0045,Walter Dailey,high,research:https://sites.google.com/view/traditionalkarate/karate-articles/shorinji-shimabukuro | research:https://www.reservoirkarate.com/history,
Q189805,Zenryo Shimabukuro,A0046,Isamu Tamotsu,high,research:https://www.renshinkankarate-england.org.uk/about-us | research:https://sites.google.com/view/traditionalkarate/karate-articles/shorinji-shimabukuro,
Q189805,Zenryo Shimabukuro,C00034,Eizo Shimabukuro,medium,research:https://www.usadojo.com/eizo-shimabukuro/ | research:https://en-academic.com/dic.nsf/enwiki/9336902,
Q189805,Zenryo Shimabukuro,C00066,Fusei Kise,medium,research:https://www.kenshin-kan.com/hanshi-fusei-kise/ | research:http://www.geocities.ws/karatejmh/fuseikise.htm,
Q189805,Zenryo Shimabukuro,C00182,Kosuke Chinen,medium,book:Bishop p.98-99,
Q189805,Zenryo Shimabukuro,C00209,Katsuhide Kochi,high,book:Bishop p.100,
Q189805,Zenryo Shimabukuro,C00345,Masao Yonamine,medium,book:Bishop p.98-99,
Q189805,Zenryo Shimabukuro,C00667,Yushin Tomei,medium,book:Bishop p.98-99,
Q189805,Zenryo Shimabukuro,C00672,Zenpo Shimabukuro,high,research:https://ageshiojapan.com/dojo_info/zenpo-shimabukuro-sensei-hanshi-10th-dan%EF%BD%9C-seibukan | research:http://findingkarate.com/wordpress/zenpo-shimabukuro/ | research:https://en.wikipedia.org/wiki/Sh%C5%8Drin-ry%C5%AB_Seibukan,
Q190141,Jigoro Kano,Q1937662,Minoru Mochizuki,high,infobox:students,
Q190141,Jigoro Kano,Q2453372,Kyuzo Mifune,high,infobox:students | wikidata:P802,
Q190141,Jigoro Kano,Q2456537,Mitsuyo Maeda,high,infobox:students | wikidata:P802,
Q190141,Jigoro Kano,Q2637587,Shiro Saigo,high,infobox:students,
Q190141,Jigoro Kano,Q2672426,Tsunejiro Tomita,high,infobox:students | wikidata:P802,
Q190141,Jigoro Kano,Q3236604,Yoshitsugu Yamashita,high,infobox:students | wikidata:P802,
Q190141,Jigoro Kano,Q3276775,Sakujiro Yokoyama,high,infobox:students | wikidata:P802,
Q190141,Jigoro Kano,Q4340844,Vasili Oshchepkov,high,infobox:students,
Q190141,Jigoro Kano,Q460890,Keiko Fukuda,high,infobox:students | wikidata:P802,
Q190141,Jigoro Kano,Q6389379,Kenji Tomiki,high,wikidata:P802,
Q190141,Jigoro Kano,Q982540,Sumiyuki Kotani,high,infobox:students | wikidata:P802,
Q1908088,Shinko Matayoshi,J0034,Mitsuo Kakazu,medium,research:https://sites.google.com/site/shinghikai/il-kobudo,
Q1908088,Shinko Matayoshi,N0030,C. Iraha,medium,book:Nagamine/Cramer/Guarelli guarelli02 line 39,
Q1908088,Shinko Matayoshi,N0122,T. Omiya,medium,"book:Guarelli, Okinawan Kobudo guarelli02 line 39",
Q1908088,Shinko Matayoshi,Q1908090,Shinpo Matayoshi,high,research:https://en.wikipedia.org/wiki/Matayoshi_Kobudo | research:https://milos.io/matayoshi-kobudo-tradition/,
Q1908090,Shinpo Matayoshi,A0121,Seisho Itokazu,high,research:http://www.bukekan.com/matayoshi-kobudo.html | research:https://en.wikipedia.org/wiki/Matayoshi_Kobudo | research:https://travel67.com/2014/08/06/seisho-itokazu-9th-dan-matayoshi-kobudo/,
Q1908090,Shinpo Matayoshi,A0122,Zenei Oshiro,high,research:https://www.ffkarate.fr/zenei-oshiro-ju-ne-saffaiblit-jamais-expert-japon-goju-ryu-kobudo-okinawa/ | research:https://en.wikipedia.org/wiki/Matayoshi_Kobudo,
Q1908090,Shinpo Matayoshi,A0123,Tetsuhiro Hokama,high,research:https://www.kenshikai.org/hokama-tetsuhiro-hanshi.html | research:https://www.usadojo.com/tetsuhiro-hokama/ | research:https://ageshiojapan.com/dojo_info/tetsuhiro-hokama-sensei-hanshi-10th-dan%EF%BD%9C-kenshikai-sohombu,
Q1908090,Shinpo Matayoshi,A0124,Yasushi Matayoshi,medium,research:https://www.okinawankarate.org/ryukyu-kobudo.html | research:https://en.wikipedia.org/wiki/Matayoshi_Kobudo,
Q1908090,Shinpo Matayoshi,B0002,Nobuhide Asato,medium,book:Bishop p.161,
Q1908090,Shinpo Matayoshi,C00057,Franco Sanguinetti,high,research:https://dev.bushikan.com/sensei/ | research:https://www.bushikan.com/Kobudo/MKKI.htm,
Q1908090,Shinpo Matayoshi,C00093,Haruo Tamaki,medium,book:Bishop p.161,
Q1908090,Shinpo Matayoshi,C00165,Koei Iha,medium,book:Bishop p.161,
Q1908090,Shinpo Matayoshi,C00214,Katsuyoshi Kanei,medium,book:Bishop p.161,
Q1908090,Shinpo Matayoshi,C00226,Kenichi Kinjo,medium,book:Bishop p.161,
Q1908090,Shinpo Matayoshi,C00245,Kenyu Chinen,high,research:https://www.oshukai.com/information/sensei-chinen/ | research:https://pl.wikipedia.org/wiki/Kenyu_Chinen,
Q1908090,Shinpo Matayoshi,C00282,Koki Miyagi,medium,book:Bishop p.161,
Q1908090,Shinpo Matayoshi,C00483,Seiko Itokazu,medium,book:Bishop p.161,
Q1908090,Shinpo Matayoshi,C00492,Seisuke Adaniya,medium,research:http://jmaany.weebly.com/matayoshi-kobud333.html,
Q1908090,Shinpo Matayoshi,C00513,Shinsei Omine,medium,book:Bishop p.161,
Q1908090,Shinpo Matayoshi,C00546,Shusei Maeshiro,high,research:http://www.matayoshikobudo.org.uk/the-zen-okinawa-kobudo-renmei/4592622429 | research:https://en.wikipedia.org/wiki/Matayoshi_Kobudo,
Q1908090,Shinpo Matayoshi,C00566,Takashi Kinjo,high,research:https://koburyu.org/home/koburyu_kinjo/ | research:https://koburyuusa.com/home/koburyu-kobudo/kobudo-lineage/,
Q1908090,Shinpo Matayoshi,C00653,Yoshiaki Gakiya,high,research:http://www.isja.com/seishinkan/Seishinkan/Matayoshi_Kobudo.html | research:https://en.wikipedia.org/wiki/Matayoshi_Kobudo,
Q1908090,Shinpo Matayoshi,J0004,Masanobu Miyahira,high,research:https://en.wikipedia.org/wiki/Zen_Okinawan_Kobudo_Renmei,
Q1908090,Shinpo Matayoshi,J0039,Yoshitsune Senaga,medium,research:http://karate-k.ru/yoshitsune-senaga-1,
Q1908090,Shinpo Matayoshi,J0048,Tsuneo Shimabukuro,high,research:Budo Japan dm13e: kobudo instruction under Matayoshi Shinpo (1921-1997); kobudo hanshi 10th dan later certified by Nakamoto Masahiro (roster C00201),
Q1908090,Shinpo Matayoshi,J0114,Yoshifumi Hayasaka,high,research:https://newstsukuba.jp/55285/01/02/,
Q1908090,Shinpo Matayoshi,N0117,Kenichi Yamashiro,high,"book:Guarelli, Okinawan Kobudo guarelli05 line 99",
Q1908090,Shinpo Matayoshi,N0119,Tsutomu Yamagawa,medium,"book:Guarelli, Okinawan Kobudo guarelli02 line 109",
Q1908090,Shinpo Matayoshi,N0120,Koshin Kamura,medium,"book:Guarelli, Okinawan Kobudo guarelli02 line 133",
Q1908090,Shinpo Matayoshi,N0121,Hiroko Ogido,medium,"book:Guarelli, Okinawan Kobudo guarelli02 line 177",
Q1908090,Shinpo Matayoshi,N0169,Andrea Guarelli,high,book:Nagamine/Cramer/Guarelli SECTION 3,
Q1908090,Shinpo Matayoshi,Q15987278,Seikichi Odo,high,research:https://en.wikipedia.org/wiki/Seikichi_Odo | research:https://pelletierskarate.com/about-karate/brief-history-of-okinawa-kenpo/,
Q1908090,Shinpo Matayoshi,Q2025214,Tadashi Yamashita,medium,infobox:teacher | research:http://jmaany.weebly.com/matayoshi-kobud333.html,
Q1908090,Shinpo Matayoshi,Q6766745,Mark Bishop,high,book:Bishop p.162,
Q1929108,Kusanku,A0162,Shiohira Peichin (Shionja),low,research:http://www.budopedia.de/wiki/K%C5%ABshank%C5%AB | research:https://de.wikipedia.org/wiki/Kosokun_dai | research:https://www.ajkai.com/karate/,
Q1929108,Kusanku,Q542989,Chatan Yara,medium,infobox:teacher | research:https://en.wikipedia.org/wiki/K%C5%ABsank%C5%AB | wikidata:P1066,
Q1929108,Kusanku,Q921673,Kanga Sakukawa,medium,infobox:teacher | research:https://en.wikipedia.org/wiki/Sakugawa_Kanga | research:https://ilpracticalkarate.com/kishimotodi,
Q1937662,Minoru Mochizuki,J0189,Hiroo Mochizuki,high,research:https://ja.wikipedia.org/wiki/%E6%9C%9B%E6%9C%88%E7%A8%94,
Q1963468,Shoshin Nagamine,A0021,Seiki Toma,low,research:https://shuriway.com/toma.html,
Q1963468,Shoshin Nagamine,A0053,Chotoku Omine,high,research:https://ominekarate.com/?p=240 | research:https://en.wikipedia.org/wiki/Matsubayashi-ry%C5%AB,
Q1963468,Shoshin Nagamine,A0054,Kensei Taba,high,research:https://moeweb.wixsite.com/shorin-ryu/taba-kensei | research:https://www.skildojo.ca/page/shogen-ryu-karate-do | research:https://karatedr.com/about-us,
Q1963468,Shoshin Nagamine,A0055,Yoshitaka Taira,high,research:http://matsubayashi-ryu.com/yoshitaka-taira-hanshi-10th-dan/ | research:https://en.wikipedia.org/wiki/Takayoshi_Nagamine | research:https://en.wikipedia.org/wiki/Matsubayashi-ry%C5%AB,
Q1963468,Shoshin Nagamine,A0056,Toshimitsu Arakaki,medium,research:https://en.wikipedia.org/wiki/Takayoshi_Nagamine | research:https://en.wikipedia.org/wiki/Matsubayashi-ry%C5%AB,
Q1963468,Shoshin Nagamine,A0057,James Wax,high,research:https://shorin-ryu.net/nagamine_bios.html | research:https://www.matsunokikarate.com/hanshi-frank-grant,
Q1963468,Shoshin Nagamine,A0058,Frank Grant,medium,research:https://shorin-ryu.net/nagamine_bios.html | research:https://www.matsunokikarate.com/hanshi-frank-grant,
Q1963468,Shoshin Nagamine,A0063,Masao Shima,low,research:https://okinawanshorinryuindia.com/Ota%20Eihachi.html,
Q1963468,Shoshin Nagamine,A0064,Eihachi Ota,medium,research:https://okinawanshorinryuindia.com/Ota%20Eihachi.html | research:https://en.wikipedia.org/wiki/Matsubayashi-ry%C5%AB,
Q1963468,Shoshin Nagamine,B0019,Masao Kobayashi,medium,book:Bishop p.95,
Q1963468,Shoshin Nagamine,B0027,Masanori Ishikawa,medium,book:Bishop p.95,
Q1963468,Shoshin Nagamine,C00092,Harumi Takami,medium,book:Bishop p.95,
Q1963468,Shoshin Nagamine,C00099,Jokei Kushi,high,research:https://okic.okinawa/en/archives/newstopics/p4074 | research:https://www.amazon.com/Matsubayashi-Shorin-Ryu-Shoshin-Nagamine-Takayoshi/dp/B00005RHGP,
Q1963468,Shoshin Nagamine,C00105,Kaoru Kinjo,medium,book:Bishop p.95,
Q1963468,Shoshin Nagamine,C00135,Ichiro Shirasaka,medium,book:Bishop p.95,
Q1963468,Shoshin Nagamine,C00142,Isoroku Katagiri,medium,book:Bishop p.95,
Q1963468,Shoshin Nagamine,C00191,Kunihiro Kato,medium,book:Bishop p.95,
Q1963468,Shoshin Nagamine,C00219,Kazuo Tabata,medium,book:Bishop p.95,
Q1963468,Shoshin Nagamine,C00220,Keiichi Suji,medium,book:Bishop p.95,
Q1963468,Shoshin Nagamine,C00327,Masakatsu Inezuka,medium,book:Bishop p.95,
Q1963468,Shoshin Nagamine,C00335,Tadashi Nakagawa,medium,book:Bishop p.95,
Q1963468,Shoshin Nagamine,C00344,Masao Mizutani,medium,book:Bishop p.95,
Q1963468,Shoshin Nagamine,C00372,Toshizo Egawa,medium,book:Bishop p.95,
Q1963468,Shoshin Nagamine,C00512,Shinsaku Minami,medium,book:Bishop p.95,
Q1963468,Shoshin Nagamine,C00518,Shinyei Kyan,high,research:https://karate-schwerte.de/yamanni-chinen-ryu-kobujutsu/ | research:https://www.amazon.com/Matsubayashi-Shorin-Ryu-Shoshin-Nagamine-Takayoshi/dp/B00005RHGP,
Q1963468,Shoshin Nagamine,C00568,Takasuga Kitamura,medium,book:Bishop p.95,
Q1963468,Shoshin Nagamine,C00586,Teruo Hayashi,medium,research:https://es.wikipedia.org/wiki/Teruo_Hayashi | research:https://shuriway.com/hayashi.html,
Q1963468,Shoshin Nagamine,C00654,Yoshiaki Iwanishi,medium,book:Bishop p.95,
Q1963468,Shoshin Nagamine,C00666,Yukio Adachi,medium,book:Bishop p.95,
Q1963468,Shoshin Nagamine,J0014,Yara Choi,medium,research:https://hakushinkan.sakura.ne.jp/history.html (chronology: in 1953 he took a place in Nagamine Shoshin's dojo in Naha; secondary influence rather than main teacher),
Q1963468,Shoshin Nagamine,J0015,Isao Shima,low,research:Inferred: a Matsubayashi-ryu hanshi 10th dan of his generation performing at the official 2009 Okinawa tournament would have trained in Nagamine Shoshin's line; no source names his teacher explicitly,
Q1963468,Shoshin Nagamine,J0017,Giyu Gibo,low,research:https://matsumura-kai.com/okinawa-shorin-ryu-shobu-kan-association/ says he 'received karate lessons from many masters including Grand Master Nagamine and Nakahara'; which Nagamine is not specified,
Q1963468,Shoshin Nagamine,N0066,Ichiro Nagamine,high,book:Nagamine/Cramer/Guarelli PDF PAGE 10,
Q1963468,Shoshin Nagamine,N0068,Kiyoshi Shinjo,high,"book:Nagamine, Tales of Okinawa's Great Masters PDF 33",
Q1963468,Shoshin Nagamine,Q11501557,Kiyoshi Arakaki,low,research:https://www.amazon.com/Secrets-Okinawan-Karate-Techniques-Bushido/dp/4770027591,
Q1963468,Shoshin Nagamine,Q4770567,Ansei Ueshiro,high,research:http://midtownkaratedojo.com/HistoryUeshiro.html | research:http://www.nevekarate.com/SRKUSA_History.html | wikidata:P802,
Q1963468,Shoshin Nagamine,Q5104212,Chokei Kishaba,high,research:https://en.wikipedia.org/wiki/Sh%C5%8Drin-ry%C5%AB_Kishaba_Juku | wikidata:P802,
Q1963468,Shoshin Nagamine,Q6378081,Katsuhiko Shinzato,high,infobox:students | research:https://en.wikipedia.org/wiki/Katsuhiko_Shinzato | research:https://en.wikipedia.org/wiki/Sh%C5%8Dshin_Nagamine | wikidata:P802,
Q1963468,Shoshin Nagamine,Q7147128,Patrick McCarthy,high,"book:Nagamine, Tales of Okinawa's Great Masters PDF PAGE 14",
Q1963468,Shoshin Nagamine,Q7446670,Seigi Nakamura,high,infobox:students | infobox:teacher | research:https://en.wikipedia.org/wiki/Sh%C5%8Dshin_Nagamine | wikidata:P1066 | wikidata:P802,
Q1963468,Shoshin Nagamine,Q7677484,Takayoshi Nagamine,high,infobox:students | infobox:teacher | research:https://en.wikipedia.org/wiki/Sh%C5%8Dshin_Nagamine | research:https://en.wikipedia.org/wiki/Takayoshi_Nagamine | wikidata:P1066 | wikidata:P802,
Q2025214,Tadashi Yamashita,Q7328577,Richard Rabago,high,wikidata:P802,
Q2149940,Richard Kim,Q7147128,Patrick McCarthy,high,research:http://findingkarate.com/wordpress/patrick-mccarthy/,
Q21503589,Toru Arakawa,Q476441,Seiji Nishimura,high,research:https://en.wikipedia.org/wiki/T%C5%8Dru_Arakawa,
Q221121,Chojun Miyagi,A0011,An'ichi Miyagi,medium,research:https://iogkf.com/sensei-miyagi-anichi/ | research:https://en.wikipedia.org/wiki/Ch%C5%8Djun_Miyagi | research:http://findingkarate.com/wordpress/anichi-miyagi/,
Q221121,Chojun Miyagi,A0013,Ken Miyagi,low,research:https://karateresearch.com/2025/11/18/remembering-miyagi-chojun-a-conversation,
Q221121,Chojun Miyagi,A0078,Chojiro Tani,high,research:https://en.wikipedia.org/wiki/Ch%C5%8Djir%C5%8D_Tani | research:https://en.wikipedia.org/wiki/Sh%C5%ABk%C5%8Dkai,
Q221121,Chojun Miyagi,C00034,Eizo Shimabukuro,medium,research:https://www.ikigaiway.com/in-memoriam-shimabukuro-eizo/ | research:https://www.usadojo.com/eizo-shimabukuro/ | research:https://www.usadojo.com/shobayashi-shorin-ryu/,
Q221121,Chojun Miyagi,C00045,Genkai Nakaima,high,research:https://en.wikipedia.org/wiki/G%C5%8Dj%C5%AB-ry%C5%AB | research:https://www.chandao.co.uk/blog-373232282336947/memories-of-my-esteemed-master-mr-miyagi-chojun-1-by-master-nakaima-genkai-1908-1984-2 | research:https://historyandstoriesofgojuryu.blogspot.com/2021/06/who-were-senior-students-of-chojun.html,
Q221121,Chojun Miyagi,C00148,Jinan Shinzato,high,research:https://en.wikipedia.org/wiki/G%C5%8Dj%C5%AB-ry%C5%AB | research:https://historyandstoriesofgojuryu.blogspot.com/2021/06/who-were-senior-students-of-chojun.html | research:https://ja.wikipedia.org/wiki/%E5%89%9B%E6%9F%94%E6%B5%81,
Q221121,Chojun Miyagi,C00150,Jinsei Kamiya,high,research:https://en.wikipedia.org/wiki/G%C5%8Dj%C5%AB-ry%C5%AB | research:https://historyandstoriesofgojuryu.blogspot.com/2021/06/who-were-senior-students-of-chojun.html,
Q221121,Chojun Miyagi,C00236,Kensei Kinjo,medium,book:Bishop p.121,
Q221121,Chojun Miyagi,C00296,Koshin Iha,high,research:https://ogkkb.be/19-in-memoriam/15-sensei-koshin-iha | research:http://yushikan.blogspot.com/2012/01/koshin-iha-sensei.html | research:https://en.wikipedia.org/wiki/G%C5%8Dj%C5%AB-ry%C5%AB,
Q221121,Chojun Miyagi,C00549,Sogen Sakiyama,high,research:https://budojapan.com/karate/dm10e/ | research:https://mountain-dojo.com/2020/09/18/sakiyama-sogens-last-letter/ | research:http://www.iogkf.com/newsletter/edition_2013_1/articles_pg_spongia.htm,
Q221121,Chojun Miyagi,C00660,Yoshio Itokazu,high,book:Bishop p.39,
Q221121,Chojun Miyagi,J0001,Shuichi Aragaki,high,research:https://iogkf.com/2021/09/in-memory-of-aragaki-shuichi-sensei/,
Q221121,Chojun Miyagi,J0021,Seikō Kina,medium,research:https://historyandstoriesofgojuryu.blogspot.com/2021/06/who-were-senior-students-of-chojun.html (main pre-war student; dojo in Izumizaki-cho visited by Miyagi),
Q221121,Chojun Miyagi,J0072,Masafumi Suzuki,low,research:https://amahof.asn.au/members/1996-2/masafumi-suzuki/,
Q221121,Chojun Miyagi,N0088,Eiko Miyazato,high,"book:Cramer, The History of Karate and the Masters Who Made It SECTION 23",
Q221121,Chojun Miyagi,Q15987228,Yuchoku Higa,high,infobox:teacher,
Q221121,Chojun Miyagi,Q16016038,Meitoku Yagi,high,infobox:students | research:https://en.wikipedia.org/wiki/Ch%C5%8Djun_Miyagi | research:https://en.wikipedia.org/wiki/Meitoku_Yagi,
Q221121,Chojun Miyagi,Q1908090,Shinpo Matayoshi,medium,book:Nagamine/Cramer/Guarelli guarelli02 line 57,
Q221121,Chojun Miyagi,Q268880,Gogen Yamaguchi,medium,infobox:students | infobox:teacher | wikidata:P1066,
Q221121,Chojun Miyagi,Q27363,Tatsuo Shimabuku,medium,infobox:students | infobox:teacher | text_context:teacher_keyword,
Q221121,Chojun Miyagi,Q3954660,Seikichi Toguchi,high,infobox:students | research:https://en.wikipedia.org/wiki/Ch%C5%8Djun_Miyagi | research:https://historyandstoriesofgojuryu.blogspot.com/2021/06/who-were-senior-students-of-chojun.html | text_context:teacher_keyword,
Q221121,Chojun Miyagi,Q3984846,Teruo Chinen,high,infobox:students | wikidata:P1066 | wikidata:P802,
Q221121,Chojun Miyagi,Q4351940,Yasuhiro Konishi,medium,infobox:teacher,
Q221121,Chojun Miyagi,Q5103850,Chogi Kishaba,high,infobox:teacher | wikidata:P1066 | wikidata:P802,
Q221121,Chojun Miyagi,Q5349190,Eiichi Miyazato,high,infobox:students | infobox:teacher | research:https://en.wikipedia.org/wiki/Eiichi_Miyazato | research:https://en.wikipedia.org/wiki/G%C5%8Dj%C5%AB-ry%C5%AB | text_context:student_keyword | text_pattern:learned_from | wikidata:P1066 | wikidata:P802,
Q221121,Chojun Miyagi,Q7446692,Seigo Tada,medium,infobox:students,
Q221121,Chojun Miyagi,Q7447367,Seko Higa,high,infobox:students | infobox:teacher | research:https://en.wikipedia.org/wiki/Ch%C5%8Djun_Miyagi | research:https://en.wikipedia.org/wiki/Sek%C5%8D_Higa | text_context:student_keyword,
Q22124384,Hachinosuke Fukuda,Q190141,Jigoro Kano,high,wikidata:P1066,
Q23688927,Masaru Shintani,A0100,Denis Labbé,high,research:https://www.shintani.ca/team/denis-labb%C3%A9---kudan-(9th-dan) | research:https://www.shintani.ca/team,
Q23688927,Masaru Shintani,A0101,Ron Mattie,high,research:https://www.shintani.ca/team/ron-mattie---kudan-(9th-dan) | research:http://ykwadokaikarate.com/master-ron-mattie.html,
Q2393877,Chotoku Kyan,C00034,Eizo Shimabukuro,high,research:https://en.wikipedia.org/wiki/Sh%C5%8Dbayashi_Sh%C5%8Drin-ry%C5%AB | research:https://www.usadojo.com/eizo-shimabukuro/ | research:https://www.usadojo.com/shobayashi-shorin-ryu/ | research:https://www.whistlekickmartialartsradio.com/blog/955-eizo-shimabukuro-legacy,
Q2393877,Chotoku Kyan,C00098,Joen Nakazato,high,research:https://en.wikipedia.org/wiki/Ch%C5%8Dtoku_Kyan | research:http://www.okinawakarateshorinjiryu.com/lineage.html | research:https://www.ikigaiway.com/tribute-to-nakazato-joen/,
Q2393877,Chotoku Kyan,C00350,Taro Shimabuku,medium,book:Bishop p.91,
Q2393877,Chotoku Kyan,C00503,Senmatsu Unten,medium,book:Bishop p.93,
Q2393877,Chotoku Kyan,N0040,Shinzou Ishida,medium,"book:Nagamine, Tales of Okinawa's Great Masters PDF 109",
Q2393877,Chotoku Kyan,Q135222893,Tsuyoshi Chitose,medium,infobox:teacher | research:https://en.wikipedia.org/wiki/Ch%C5%8Dtoku_Kyan,
Q2393877,Chotoku Kyan,Q1620643,Kori Hisataka,high,infobox:students | research:https://en.wikipedia.org/wiki/Ch%C5%8Dtoku_Kyan | wikidata:P802,
Q2393877,Chotoku Kyan,Q189805,Zenryo Shimabukuro,high,infobox:students | research:https://en.wikipedia.org/wiki/Ch%C5%8Dtoku_Kyan | research:https://en.wikipedia.org/wiki/Zenry%C5%8D_Shimabukuro,
Q2393877,Chotoku Kyan,Q1908090,Shinpo Matayoshi,medium,book:Bishop p.161,
Q2393877,Chotoku Kyan,Q1963468,Shoshin Nagamine,high,infobox:students | infobox:teacher | research:https://en.wikipedia.org/wiki/Ch%C5%8Dtoku_Kyan | wikidata:P1066,
Q2393877,Chotoku Kyan,Q27363,Tatsuo Shimabuku,high,infobox:students | infobox:teacher | research:https://en.wikipedia.org/wiki/Ch%C5%8Dtoku_Kyan | text_context:teacher_keyword | wikidata:P1066 | wikidata:P802,
Q2393877,Chotoku Kyan,Q557301,Ankichi Arakaki,medium,infobox:students | infobox:teacher | research:https://en.wikipedia.org/wiki/Ch%C5%8Dtoku_Kyan,
Q2393877,Chotoku Kyan,W0028,Ansei Arakaki,high,"book:Nagamine, Tales of Okinawa's Great Masters PDF 109",
Q2453372,Kyuzo Mifune,Q716152,Shoji Nishio,medium,research:https://en.wikipedia.org/wiki/Shoji_Nishio,
Q2473562,Kanbun Uechi,A0008,Seiyu Shinjo,high,research:https://www.kenyukaiinternational.com/history | research:https://kenyukai-md.com/kenyukai | research:https://www.alandollar.com/uechi/hist_kanbun.htm,
Q2473562,Kanbun Uechi,A0009,Seiko Toyama,high,research:https://en.wikipedia.org/wiki/Kanbun_Uechi | research:https://www.uechiryu-europe.org/en/chronologie/ | research:https://www.alandollar.com/uechi/hist_kanbun.htm,
Q2473562,Kanbun Uechi,C00064,Seiryo Shinjo,high,research:https://en.wikipedia.org/wiki/Kanbun_Uechi | research:https://okdkarate.com/uechi-ryu-karate/ | research:https://www.kenyukaiinternational.com/history,
Q2473562,Kanbun Uechi,C00441,Ryuyu Tomoyose,high,research:https://en.wikipedia.org/wiki/Uechi-Ry%C5%AB | research:https://uechi-ryu.com/ryuyu-tomoyose/,
Q2473562,Kanbun Uechi,C00444,Saburo Uehara,high,research:https://uechi-ryu.com/saburo-uehara/ | research:https://en.wikipedia.org/wiki/Kanbun_Uechi,
Q2473562,Kanbun Uechi,Q1728269,Kanei Uechi,high,infobox:students | infobox:teacher | wikidata:P1066 | wikidata:P802,
Q251784,Annan,B0012,Shiroma (Gusukuma) of Tomari,high,book:Bishop p.85,
Q251784,Annan,Q3028499,Kosaku Matsumora,high,research:http://tanzadeh.com/kosaku-matsumora-1829-1898/ | research:https://katastepbystep.com/karate-styles-tomari-te/,
Q251784,Annan,Q6426547,Kokan Oyadomari,low,research:https://en.wikipedia.org/wiki/Kokan_Oyadomari | research:http://tanzadeh.com/kokan-oyadomari-1827-1905/,
Q2599967,Morio Higaonna,A0014,Tetsuji Nakamura,high,research:https://iogkf.com/sensei-nakamura-tetsuji/ | research:https://en.wikipedia.org/wiki/Morio_Higaonna,
Q2599967,Morio Higaonna,A0015,Kazuo Terauchi,high,research:https://iogkf.com/2016/05/your-budosai-instructors/ | research:https://en.wikipedia.org/wiki/Morio_Higaonna,
Q2599967,Morio Higaonna,A0016,Bakkies Laubscher,high,research:https://www.bakkieslaubscher.co.za/about-sensei-bakkies-laubscher/ | research:https://iogkf.com/2016/03/interview-with-sensei-bakkies-laubscher/ | research:https://en.wikipedia.org/wiki/Morio_Higaonna,
Q2599967,Morio Higaonna,Q6766745,Mark Bishop,high,book:Bishop p.33,
Q2599967,Morio Higaonna,Q7614483,Steven Bellamy,high,wikidata:P802,
Q2636225,Kazuyoshi Ishii,A0199,Nobuaki Kakuda,medium,research:https://ja.wikipedia.org/wiki/%E8%A7%92%E7%94%B0%E4%BF%A1%E6%9C%97,
Q2636225,Kazuyoshi Ishii,J0186,Sam Greco,low,research:https://ja.wikipedia.org/wiki/%E3%82%B5%E3%83%A0%E3%83%BB%E3%82%B0%E3%83%AC%E3%82%B3,
Q2636225,Kazuyoshi Ishii,Q11383484,Masaaki Satake,high,wikidata:P1066,
Q2636225,Kazuyoshi Ishii,Q123398,Andy Hug,medium,research:https://en.wikipedia.org/wiki/Andy_Hug | research:https://en.wikipedia.org/wiki/Seidokaikan | research:https://en.wikipedia.org/wiki/Kazuyoshi_Ishii,
Q2664662,Shokei Matsui,Q11258528,Kenji Yamaki,low,wikidata:P802,
Q2664662,Shokei Matsui,Q5361556,Hajime Kazumi,medium,research:https://en.wikipedia.org/wiki/Hajime_Kazumi,
Q2673,Chuck Norris,Q2079584,Robert Wall,high,wikidata:P802,
Q2673,Chuck Norris,Q6266828,Johnny Gyro,medium,wikidata:P802,
Q2673,Chuck Norris,Q7143413,Pat E Johnson,low,wikidata:P802,
Q268880,Gogen Yamaguchi,A0136,Gosen Yamaguchi,high,research:http://www.gojukai.com.au/gosen_yamaguchi.html,
Q268880,Gogen Yamaguchi,A0216,Shuji Tasaki,high,research:http://www.gojuryu.gr/jkfgojukai/index.php/en/history-menu-en/8-iuji-tasaki-president-and-founder-of-seiwa-kai | research:http://www.brisbanegojukarate.com.au/about/shuji-tasaki/ | research:https://www.seiwakaiusa.com/,
Q268880,Gogen Yamaguchi,A0217,So Nei Chu,high,"book:Cramer, The History of Karate and the Masters Who Made It SECTION 25",
Q268880,Gogen Yamaguchi,C00085,Gosei Yamaguchi,high,research:http://findingkarate.com/wordpress/gosei-yamaguchi/ | research:https://www.usadojo.com/gosei-yamaguchi/,
Q268880,Gogen Yamaguchi,C00086,Goshi Yamaguchi,high,research:http://findingkarate.com/wordpress/goshi-yamaguchi/ | research:https://martialartstoronto.ca/an-interview-with-goshi-yamaguchi-by-graham-noble/,
Q268880,Gogen Yamaguchi,N0221,James Genovese,medium,"book:Cramer, The History of Karate and the Masters Who Made It SECTION 25",
Q268880,Gogen Yamaguchi,Q115091,Peter Urban,high,infobox:students,
Q268880,Gogen Yamaguchi,Q1738762,Kenji Kurosaki,medium,infobox:students | infobox:teacher,
Q268880,Gogen Yamaguchi,Q294548,Mas Oyama,medium,infobox:students | infobox:teacher,
Q268880,Gogen Yamaguchi,Q3898157,Paul Starling,high,infobox:students | research:http://www.gojukai.com.au/Paul_Starling_Shihan.html | research:https://en.wikipedia.org/wiki/Paul_Starling | wikidata:P802,
Q268880,Gogen Yamaguchi,Q7040172,Nisar Smiler,medium,wikidata:P802,
Q268880,Gogen Yamaguchi,Q7808402,Tino Ceberano,high,wikidata:P802,
Q27363,Tatsuo Shimabuku,A0131,Eiko Kaneshi,high,research:https://en.wikipedia.org/wiki/Tatsuo_Shimabuku | research:https://isshinryukarate.net/shimabuku.html | research:https://www.isshinkai.net/history3-The_Megami_Patch.html,
Q27363,Tatsuo Shimabuku,A0158,Steve Armstrong,high,research:https://en.wikipedia.org/wiki/Tatsuo_Shimabuku | research:https://www.daichiisshinryu.com/bio-armstrong,
Q27363,Tatsuo Shimabuku,A0223,Sherman Harrill,high,research:https://en.wikipedia.org/wiki/Tatsuo_Shimabuku | research:https://military-history.fandom.com/wiki/Sherman_Harrill | research:http://www.msisshinryu.com/articles/shermspeaks.shtml,
Q27363,Tatsuo Shimabuku,C00034,Eizo Shimabukuro,medium,research:https://www.usadojo.com/eizo-shimabukuro/,
Q27363,Tatsuo Shimabuku,C00247,Kichiro Shimabuku,high,research:https://en.wikipedia.org/wiki/Tatsuo_Shimabuku | research:https://en.wikipedia.org/wiki/Isshin-ry%C5%AB,
Q27363,Tatsuo Shimabuku,Q4763171,Angi Uezu,high,research:https://en.wikipedia.org/wiki/Tatsuo_Shimabuku | wikidata:P802,
Q27363,Tatsuo Shimabuku,Q4785266,Arcenio James Advincula,high,infobox:students,
Q27363,Tatsuo Shimabuku,Q48441622,Harold Long,high,research:https://en.wikipedia.org/wiki/Harold_G._Long | research:https://usika.com/harold-g-long/,
Q27363,Tatsuo Shimabuku,Q5294533,Donald Hugh Nagle,high,infobox:students | infobox:teacher | wikidata:P1066 | wikidata:P802,
Q27363,Tatsuo Shimabuku,Q5661611,Harold M Mitchum,high,wikidata:P802,
Q276730,Kosei Nishihira,A0073,Giuseppe Meloni,medium,research:https://en.wikipedia.org/wiki/Nishihira_Kosei,
Q276730,Kosei Nishihira,A0074,Ricky Rose,medium,research:https://en.wikipedia.org/wiki/Nishihira_Kosei,
Q276730,Kosei Nishihira,A0075,Theodore Lange,medium,research:https://en.wikipedia.org/wiki/Nishihira_Kosei,
Q276730,Kosei Nishihira,A0076,Steve Watson,medium,research:https://en.wikipedia.org/wiki/Nishihira_Kosei,
Q276730,Kosei Nishihira,A0077,Richard Boyden,medium,research:https://en.wikipedia.org/wiki/Nishihira_Kosei,
Q2915906,Teruyuki Okazaki,Q5490474,Frank Woon-a-tai,medium,infobox:students,
Q2915906,Teruyuki Okazaki,Q709520,Tetsuhiko Asai,high,infobox:teacher | wikidata:P1066 | wikidata:P802,
Q294548,Mas Oyama,J0182,William Oliver,high,research:https://ja.wikipedia.org/wiki/%E6%A5%B5%E7%9C%9F%E4%BC%9A%E9%A4%A8,
Q294548,Mas Oyama,J0183,Ademir da Costa,medium,research:https://ja.wikipedia.org/wiki/%E6%A5%B5%E7%9C%9F%E4%BC%9A%E9%A4%A8,
Q294548,Mas Oyama,J0184,Michel Wedel,medium,research:https://ja.wikipedia.org/wiki/%E6%A5%B5%E7%9C%9F%E4%BC%9A%E9%A4%A8,
Q294548,Mas Oyama,J0185,Gerard Gordeau,low,research:https://ja.wikipedia.org/wiki/%E6%A5%B5%E7%9C%9F%E4%BC%9A%E9%A4%A8,
Q294548,Mas Oyama,Q11258528,Kenji Yamaki,high,wikidata:P802,
Q294548,Mas Oyama,Q11428483,Norichika Tsukamoto,medium,wikidata:P802,
Q294548,Mas Oyama,Q11436963,Noboru Osawa,high,wikidata:P802,
Q294548,Mas Oyama,Q11463345,Kazuhiko Ogasawara,low,research:https://www.kyokushinkaikan.org/en/philosophy/history/ | research:https://en.wikipedia.org/wiki/List_of_Kyokushin_practitioners,
Q294548,Mas Oyama,Q11474560,Tatsuya Iwasaki,high,wikidata:P802,
Q294548,Mas Oyama,Q11486455,Tsuyoshi Hiroshige,high,research:https://ja.wikipedia.org/wiki/廣重毅 | research:https://efight.jp/news-20180418_284873,
Q294548,Mas Oyama,Q11557545,Noriyasu Hamai,high,wikidata:P802,
Q294548,Mas Oyama,Q1738762,Kenji Kurosaki,high,infobox:teacher | wikidata:P1066 | wikidata:P802,
Q294548,Mas Oyama,Q221797,Bobby Lowe,high,wikidata:P802,
Q294548,Mas Oyama,Q2636225,Kazuyoshi Ishii,high,wikidata:P802,
Q294548,Mas Oyama,Q2664662,Shokei Matsui,high,infobox:teacher | research:https://en.wikipedia.org/wiki/Shokei_Matsui | wikidata:P1066 | wikidata:P802,
Q294548,Mas Oyama,Q28466388,Brian Fitkin,high,wikidata:P802,
Q294548,Mas Oyama,Q3115887,Kenji Midori,high,infobox:teacher | research:https://en.wikipedia.org/wiki/Kenji_Midori | text_pattern:learned_from | wikidata:P1066 | wikidata:P802,
Q294548,Mas Oyama,Q320773,Shigeru Oyama,high,infobox:teacher | research:https://en.wikipedia.org/wiki/Shigeru_Oyama | wikidata:P1066 | wikidata:P802,
Q294548,Mas Oyama,Q3984847,Terutomo Yamazaki,high,research:https://en.wikipedia.org/wiki/Terutomo_Yamazaki | research:https://www.kyokushinkaikan.org/ja/news/2025/06/23/0623_01/,
Q294548,Mas Oyama,Q4057557,Takashi Azuma,high,wikidata:P802,
Q294548,Mas Oyama,Q4340863,Yasuhiko Oyama,high,wikidata:P802,
Q294548,Mas Oyama,Q4701154,Akira Masuda,high,research:https://en.wikipedia.org/wiki/Akira_Masuda | research:https://www.kyokushinkaikan.org/en/philosophy/history/ | wikidata:P802,
Q294548,Mas Oyama,Q5361556,Hajime Kazumi,high,wikidata:P1066 | wikidata:P802,
Q294548,Mas Oyama,Q560761,Jon Bluming,high,wikidata:P1066,
Q294548,Mas Oyama,Q5610965,Howard Collins,high,infobox:teacher | wikidata:P1066 | wikidata:P802,
Q294548,Mas Oyama,Q562024,Steve Arneil,high,infobox:teacher | wikidata:P1066 | wikidata:P802,
Q294548,Mas Oyama,Q562887,Joko Ninomiya,high,wikidata:P1066 | wikidata:P802,
Q294548,Mas Oyama,Q6130268,Yoshiji Soeno,high,research:https://ja.wikipedia.org/wiki/添野義二 | research:https://en.wikipedia.org/wiki/Yoshiji_Soeno,
Q294548,Mas Oyama,Q6378060,Katsuaki Sato,high,wikidata:P802,
Q294548,Mas Oyama,Q6739958,Makoto Nakamura,high,research:https://kyokushinkaikansrilanka.com/head-of-i-k-o-nakamura/ | research:https://taigadojo.com/ikok-sonoda/,
Q294548,Mas Oyama,Q6884566,Miyuki Miura,high,infobox:teacher | wikidata:P1066 | wikidata:P802,
Q294548,Mas Oyama,Q706955,Tadashi Nakamura,high,wikidata:P802,
Q294548,Mas Oyama,Q7173266,Peter Chong,high,wikidata:P802,
Q294548,Mas Oyama,Q7800728,Ticky Donovan,medium,infobox:teacher,
Q294548,Mas Oyama,Q912181,Nicholas Pettas,high,research:https://en.wikipedia.org/wiki/Nicholas_Pettas | research:https://kwusenshi.com/profile/shihan-nicholas-pettas/ | research:https://the-martial-way.com/posts/nicholas-pettas-blue-eyed-samurai/,
Q294548,Mas Oyama,Q919033,Hideyuki Ashihara,high,infobox:teacher | research:https://en.wikipedia.org/wiki/Hideyuki_Ashihara | wikidata:P1066 | wikidata:P802,
Q294548,Mas Oyama,Q920672,Hatsuo Royama,high,infobox:teacher | research:https://en.wikipedia.org/wiki/Hatsuo_Royama | wikidata:P1066 | wikidata:P802,
Q3028499,Kosaku Matsumora,C00173,Kama Higa,medium,book:Bishop p.85,
Q3028499,Kosaku Matsumora,C00195,Maeda Pechin,medium,book:Bishop p.85,
Q3028499,Kosaku Matsumora,C00261,Kodatsu Iha,medium,research:https://karateyalgomas.com/2016/01/02/notas-sobre-tomari-te-y-el-maestro-nakasone/ | research:https://fightingarts.com/examining-yasutsune-itosu-part-1/,
Q3028499,Kosaku Matsumora,N0128,Giki Yamazato,medium,book:Nagamine/Cramer/Guarelli PDF PAGE 63,
Q3028499,Kosaku Matsumora,N0149,Koho Kuba,medium,"book:Nagamine, Tales of Okinawa's Great Masters PDF PAGE 63",
Q3028499,Kosaku Matsumora,Q1147708,Choki Motobu,high,infobox:students | infobox:teacher | research:https://en.wikipedia.org/wiki/Motobu_Ch%C5%8Dki | research:https://en.wikipedia.org/wiki/Motobu_Ch%C5%8Dy%C5%AB | wikidata:P1066 | wikidata:P802,
Q3028499,Kosaku Matsumora,Q2393877,Chotoku Kyan,high,infobox:students | infobox:teacher | text_pattern:taught,
Q3028499,Kosaku Matsumora,Q706389,Choyu Motobu,medium,infobox:teacher | research:https://en.wikipedia.org/wiki/Motobu_Ch%C5%8Dy%C5%AB | text_pattern:learned_from,
Q3028499,Kosaku Matsumora,Q722028,Kentsu Yabu,medium,infobox:teacher,
Q3028499,Kosaku Matsumora,W0018,Bokuhitsu Nakazato,high,research:https://ryukyu-bugei.com/?p=7351,
Q3028499,Kosaku Matsumora,W0020,Kin Ryojin and Kin Ryosho,medium,"book:Nagamine, Tales of Okinawa's Great Masters PDF PAGE 115",
Q30928815,Tatsusaburo Nakayama,Q386415,Hironori Otsuka,high,wikidata:P1066,
Q3136331,Hironori Otsuka II,A0095,Kazutaka Otsuka (Hironori Otsuka III),medium,research:https://en.wikipedia.org/wiki/Wad%C5%8D-ry%C5%AB | research:https://www.facebook.com/budojapan.tokyo/videos/wado-ryu-karate-do-hironori-otsuka-3rd-soke/3875314615857688/,
Q3139173,Hohan Soken,A0054,Kensei Taba,low,research:https://moeweb.wixsite.com/shorin-ryu/taba-kensei | research:https://karatedr.com/about-us,
Q3139173,Hohan Soken,A0065,Takaya Yabiku,high,research:https://en.wikipedia.org/wiki/Hohan_S%C5%8Dken | research:https://okinawa-karate-moerfelden.org/en/lineage-of-the-masters/,
Q3139173,Hohan Soken,A0066,Yuichi Kuda,high,research:https://en.wikipedia.org/wiki/Hohan_S%C5%8Dken | research:https://villagekarate.com/lineage/ | research:http://www.geocities.ws/karatejmh/Yuichikuda.htm,
Q3139173,Hohan Soken,A0067,Tomosada Kuda,low,research:https://matsumurakenpobischofsheim.wordpress.com/uber-uns/,
Q3139173,Hohan Soken,A0069,Seizan Kinjo,medium,research:https://en.wikipedia.org/wiki/Hohan_S%C5%8Dken | research:https://www.ikigaiway.com/interview-ronald-lindsey-matsumura-seito-9th-dan-part-1/ | research:https://www.bastropprovidencefuneralhome.com/obituaries/ronald-lindsey,
Q3139173,Hohan Soken,A0070,Ronald Lindsey,medium,research:https://www.ikigaiway.com/interview-ronald-lindsey-matsumura-seito-9th-dan-part-1/ | research:https://www.bastropprovidencefuneralhome.com/obituaries/ronald-lindsey,
Q3139173,Hohan Soken,A0071,James Coffman,medium,research:https://en.wikipedia.org/wiki/Hohan_S%C5%8Dken,
Q3139173,Hohan Soken,A0074,Ricky Rose,low,research:https://en.wikipedia.org/wiki/Hohan_S%C5%8Dken | research:https://en.wikipedia.org/wiki/Nishihira_Kosei,
Q3139173,Hohan Soken,A0075,Theodore Lange,low,research:https://en.wikipedia.org/wiki/Hohan_S%C5%8Dken | research:https://en.wikipedia.org/wiki/Nishihira_Kosei,
Q3139173,Hohan Soken,A0113,Seifuku Nitta,low,research:https://shuriway.com/nitta.html | research:https://usadojo.com/seifuku-nitta/,
Q3139173,Hohan Soken,A0214,Yoshimatsu Akamine,medium,research:https://akaminekaratedojo.localinfo.jp | research:https://en.wikipedia.org/wiki/Hohan_S%C5%8Dken | research:https://okic.odks.jp/pdf/okinawadojolist.pdf,
Q3139173,Hohan Soken,C00002,Akio Kinjo,high,research:https://medium.com/@motobu715/sh%C5%8D-sanchin-matsumuras-sanchin-b529b7383e97,
Q3139173,Hohan Soken,C00066,Fusei Kise,high,research:https://www.kenshin-kan.com/hanshi-fusei-kise/ | research:http://www.geocities.ws/karatejmh/fuseikise.htm,
Q3139173,Hohan Soken,C00097,Hideo Nakazato,medium,book:Bishop p.59,
Q3139173,Hohan Soken,C00103,Jushin Kohama,medium,book:Bishop p.59,
Q3139173,Hohan Soken,C00279,Seiki Arakaki,high,research:https://en.wikipedia.org/wiki/Hohan_S%C5%8Dken,
Q3139173,Hohan Soken,C00370,Mitsuo Inoue,medium,research:https://en.wikipedia.org/wiki/Hohan_S%C5%8Dken,
Q3139173,Hohan Soken,J0008,Takeshi Miyagi,medium,research:https://ja.wikipedia.org/wiki/%E5%AE%AE%E5%9F%8E%E9%A9%8D,
Q3139173,Hohan Soken,Q276730,Kosei Nishihira,high,infobox:students | research:https://en.wikipedia.org/wiki/Hohan_S%C5%8Dken | research:https://en.wikipedia.org/wiki/Nishihira_Kosei | wikidata:P802,
Q3139173,Hohan Soken,Q5104212,Chokei Kishaba,high,infobox:students | research:https://en.wikipedia.org/wiki/Hohan_S%C5%8Dken | wikidata:P802,
Q3139173,Hohan Soken,Q7373534,Roy Y. Suenaka,high,infobox:students | research:https://en.wikipedia.org/wiki/Hohan_S%C5%8Dken | wikidata:P802,
Q3194253,Katsuya Miyahira,A0041,Yoshihide Shinzato,medium,research:https://es.wikipedia.org/wiki/Yoshihide_Shinzato,
Q3194253,Katsuya Miyahira,C00080,Hiroyuki Shinkai,medium,book:Bishop p.111,
Q3194253,Katsuya Miyahira,C00207,Kasei Shimabuku,medium,book:Bishop p.111,
Q3194253,Katsuya Miyahira,C00240,Noboru Teruya,medium,book:Bishop p.111,
Q3194253,Katsuya Miyahira,C00271,Seigi Shiroma,medium,book:Bishop p.111,
Q3194253,Katsuya Miyahira,C00273,Seiichi Shiroma,medium,book:Bishop p.111,
Q3194253,Katsuya Miyahira,C00278,Seiken Tamanaha,medium,book:Bishop p.111,
Q3194253,Katsuya Miyahira,C00320,Makoto Tanizoe,medium,book:Bishop p.111,
Q3194253,Katsuya Miyahira,C00365,Meiyu Takara,medium,book:Bishop p.111,
Q3194253,Katsuya Miyahira,C00375,Morinobu Maeshiro,high,research:https://en.wikipedia.org/wiki/Sh%C5%8Drin-ry%C5%AB_Shid%C5%8Dkan | research:https://www.shorinryu.de/eng/representation.html,
Q3194253,Katsuya Miyahira,C00399,Yoshio Okawa,medium,book:Bishop p.111,
Q3194253,Katsuya Miyahira,C00475,Seikichi Higa,medium,book:Bishop p.111,
Q3194253,Katsuya Miyahira,C00481,Seiko Goya,medium,book:Bishop p.111,
Q3194253,Katsuya Miyahira,C00489,Seisho Hanashiro,medium,book:Bishop p.111,
Q3194253,Katsuya Miyahira,C00509,Shinkichi Ishimine,medium,book:Bishop p.111,
Q3194253,Katsuya Miyahira,C00521,Shoei Miyazato,medium,research:https://en.wikipedia.org/wiki/Beikoku_Shidokan,
Q3194253,Katsuya Miyahira,J0005,Seigi Ishikawa,medium,research:https://beisho.org/historical_12.html,
Q3194253,Katsuya Miyahira,J0008,Takeshi Miyagi,medium,research:https://ja.wikipedia.org/wiki/%E5%AE%AE%E5%9F%8E%E9%A9%8D,
Q3194253,Katsuya Miyahira,J0010,Seiyū Nakamura,medium,research:https://travel67.com/2014/06/06/seiyu-nakamura-10th-dan-okinawa-dentou-shidokan-karate-and-kobujutsu/,
Q3194253,Katsuya Miyahira,J0019,Tokuyama Yoshinori (usually romanised Yoshiki Tokuyama),high,research:https://www.karatedohshudokanmx.com/or%C3%ADgenes/yoshiki-tokuyama (trained under Miyahira from 1975; awarded 9th dan hanshi in Okinawa Shorin-ryu on 12 December 2004),
Q3194253,Katsuya Miyahira,J0030,Kiyoshi Tsuha,medium,research:https://virginiadojo.com/okinawan-shidokan-karate-10th-dans-who-is-who/,
Q3194253,Katsuya Miyahira,Q7446770,Seikichi Iha,high,research:https://en.wikipedia.org/wiki/Beikoku_Shidokan | research:https://www.gatewayshidokan.com/karate-lineage | wikidata:P802,
Q320773,Shigeru Oyama,Q4340863,Yasuhiko Oyama,low,research:https://en.wikipedia.org/wiki/Shigeru_Oyama,
Q3257815,Loek Hollander,Q3182349,John Reeberg,medium,infobox:students,
Q348074,Hiroshi Shirai,Q110022261,Paolo Biotti Natoli,high,wikidata:P802,
Q348074,Hiroshi Shirai,Q3840266,Luigi Zoia,high,infobox:students | wikidata:P802,
Q348074,Hiroshi Shirai,Q72716,Pino Presti,medium,infobox:students,
Q3482287,Shinpan Gusukuma,C00129,Horoku Ishikawa,high,research:https://en.wikipedia.org/wiki/Shinpan_Gusukuma,
Q3482287,Shinpan Gusukuma,C00298,Koshin Shiroma,medium,book:Bishop p.126,
Q3482287,Shinpan Gusukuma,C00514,Shinsuke Kaneshima,high,book:Bishop p.128,
Q3482287,Shinpan Gusukuma,J0006,Seitoku Ishikawa,medium,research:https://kyudomugen.com/karateka/,
Q3482287,Shinpan Gusukuma,J0073,Hiroyasu Tamae,high,research:https://www.weblio.jp/content/玉得博康,
Q3482287,Shinpan Gusukuma,Q557301,Ankichi Arakaki,high,infobox:teacher | wikidata:P1066 | wikidata:P802,
Q3482287,Shinpan Gusukuma,Q7446703,Seiichi Iju,high,infobox:students | infobox:teacher | research:https://en.wikipedia.org/wiki/Shinpan_Gusukuma | text_pattern:learned_from | wikidata:P1066 | wikidata:P802,
Q3482287,Shinpan Gusukuma,Q7446770,Seikichi Iha,high,research:https://en.wikipedia.org/wiki/Shinpan_Gusukuma | wikidata:P802,
Q3482635,Shugoro Nakazato,A0024,Sokuichi Gibu,high,research:http://shoryukan.com/history/sokuichi-gibu/ | research:https://newcastlekarate.wordpress.com/in-memory-of-sokuichi-gibu-hanshi-10th-dan/,
Q3482635,Shugoro Nakazato,A0036,Doug Perry,high,research:http://findingkarate.com/wordpress/doug-perry/ | research:https://westernkarate.com/doug-perry-shorinkan/,
Q3482635,Shugoro Nakazato,A0037,Noel Smith,high,research:https://en.wikipedia.org/wiki/Sh%C5%8Drin-ry%C5%AB_Sh%C5%8Drinkan,
Q3482635,Shugoro Nakazato,A0038,Eddie Bethea,high,research:https://en.wikipedia.org/wiki/Shugoro_Nakazato | research:https://en.wikipedia.org/wiki/Sh%C5%8Drin-ry%C5%AB_Sh%C5%8Drinkan,
Q3482635,Shugoro Nakazato,A0039,Kazumasa Yokoyama,low,research:https://en.wikipedia.org/wiki/Shugoro_Nakazato,
Q3482635,Shugoro Nakazato,B0007,Jesus Martinez,medium,book:Bishop p.120,
Q3482635,Shugoro Nakazato,C00007,Bob Hurten,low,research:https://sites.google.com/site/nakazatokaratecom/why-nakazato-ha,
Q3482635,Shugoro Nakazato,C00010,Bunsaku Yosekawa,medium,book:Bishop p.120,
Q3482635,Shugoro Nakazato,C00012,Bus Martin,medium,book:Bishop p.120,
Q3482635,Shugoro Nakazato,C00036,Emory Turner,medium,book:Bishop p.120,
Q3482635,Shugoro Nakazato,C00038,Choshin Ahagon,medium,book:Bishop p.120,
Q3482635,Shugoro Nakazato,C00039,Frank Hargrove,high,research:https://www.thedojo.us/instructors-kyoshi-hargrove/frank-hargrove | research:https://sites.google.com/site/nakazatokaratecom/nakazato-teaches-frank-hargrove,
Q3482635,Shugoro Nakazato,C00055,Ernest Estrada,high,research:https://en.wikipedia.org/wiki/Shugoro_Nakazato,
Q3482635,Shugoro Nakazato,C00068,Gamini Soysa,low,research:https://usadojo.com/gamini-soysa/ | research:https://oskfi.com/Kyoshi-Gamini-Soysa.html,
Q3482635,Shugoro Nakazato,C00069,Geiji Morisono,medium,book:Bishop p.120,
Q3482635,Shugoro Nakazato,C00089,Isao Oshiro,medium,book:Bishop p.120,
Q3482635,Shugoro Nakazato,C00094,Jiro Shiroma,low,research:https://sites.google.com/site/nakazatokaratecom/why-nakazato-ha | research:https://obi-karateschool.com/,
Q3482635,Shugoro Nakazato,C00193,Lee Bates,medium,book:Bishop p.120,
Q3482635,Shugoro Nakazato,C00242,Noboyuki Iguchi,medium,book:Bishop p.120,
Q3482635,Shugoro Nakazato,C00245,Kenyu Chinen,high,research:https://www.oshukai.com/information/sensei-chinen/ | research:https://pl.wikipedia.org/wiki/Kenyu_Chinen,
Q3482635,Shugoro Nakazato,C00347,Masaru Yonamine,medium,book:Bishop p.120,
Q3482635,Shugoro Nakazato,C00368,Minoru Nakazato,high,research:https://en.wikipedia.org/wiki/Sh%C5%8Drin-ry%C5%AB_Sh%C5%8Drinkan | research:https://karateshorinkan.in/Minoru-Nakazato.html | research:https://okinawa-karate-navi.com/en/dojo/detail/59/,
Q3482635,Shugoro Nakazato,C00397,Noriyasu Kinjo,medium,book:Bishop p.120,
Q3482635,Shugoro Nakazato,C00430,Rod Lipka,medium,book:Bishop p.120,
Q3482635,Shugoro Nakazato,C00520,Shiyu Toma,medium,book:Bishop p.120,
Q3482635,Shugoro Nakazato,C00623,Tsugio Yonezawa,medium,book:Bishop p.120,
Q3482635,Shugoro Nakazato,C00650,Yeiko Nakahara,medium,book:Bishop p.120,
Q3482635,Shugoro Nakazato,C00669,Yusuke Horiyama,medium,book:Bishop p.120,
Q3482635,Shugoro Nakazato,J0011,Seiei Nakaza,medium,research:https://www.kiyobukan.com/about-us/hanshi-judan-nakaza-seiei,
Q3482635,Shugoro Nakazato,J0017,Giyu Gibo,high,"research:https://matsumura-kai.com/okinawa-shorin-ryu-shobu-kan-association/ (promoted to 9th dan in 2005 by Shugoro Nakazato, Shorinkan president; Gibo was Chief Advisor of the Shorinkan South Asia federation)",
Q3482635,Shugoro Nakazato,J0044,Noritsune Genka,high,research:https://www.sanchinbushi.com/news-archive/43-shorinkan-midwest-okinawan-connection-camp-may-20-21-a-22,
Q3482635,Shugoro Nakazato,J0045,Yoshimasa Matsuda,high,research:https://travel67.com/2023/06/16/sensei-masters-of-okinawan-karate-s23-yoshimasa-matsuda/,
Q3482635,Shugoro Nakazato,Q130739281,Naonobu Ahagon,high,research:https://en.wikipedia.org/wiki/Ahagon_Naonobu,
Q3482635,Shugoro Nakazato,Q2025214,Tadashi Yamashita,high,infobox:students | infobox:teacher | research:https://en.wikipedia.org/wiki/Sh%C5%8Drin-ry%C5%AB_Sh%C5%8Drinkan | research:https://en.wikipedia.org/wiki/Shugoro_Nakazato | text_context:teacher_keyword | text_pattern:learned_from,
Q3519204,Tetsuji Murakami,Q1335481,Henry Plee,medium,infobox:students,
Q3519204,Tetsuji Murakami,Q19325706,Vernon Bell,medium,infobox:students,
Q356335,Choi Hong-hi,A0179,Rhee Ki-ha,high,research:https://en.wikipedia.org/wiki/Rhee_Ki-ha,
Q356335,Choi Hong-hi,A0180,Park Jong-soo,high,research:https://en.wikipedia.org/wiki/Original_masters_of_taekwondo | research:https://en.wikipedia.org/wiki/Park_Jong-soo_(taekwondo),
Q356335,Choi Hong-hi,A0181,Park Jung-tae,low,research:https://en.wikipedia.org/wiki/Park_Jung-tae,
Q356335,Choi Hong-hi,A0182,Choi Chang-keun,medium,research:https://en.wikipedia.org/wiki/Choi_Chang-keun | research:https://en.wikipedia.org/wiki/Original_masters_of_taekwondo,
Q356335,Choi Hong-hi,A0183,Kong Young-il,high,research:https://en.wikipedia.org/wiki/Kong_Young-il,
Q356335,Choi Hong-hi,J0152,Kim Bok-man,high,research:https://ko.wikipedia.org/wiki/김복만_(무술가),
Q356335,Choi Hong-hi,J0153,Choi Kwang-jo,medium,research:https://en.wikipedia.org/wiki/Choi_Kwang_Do,
Q356335,Choi Hong-hi,J0157,Ko Jae-chun,medium,research:https://itftkd.sport/history/pioneers/,
Q356335,Choi Hong-hi,J0175,Choi Jung-hwa,high,research:https://en.wikipedia.org/wiki/Choi_Jung-hwa,
Q356335,Choi Hong-hi,J0177,Kwon Jae-hwa,low,research:https://itftkd.sport/history/pioneers/,
Q3772405,Kanken Toyama,A0152,Yun Kwae-byung,high,research:https://en.wikipedia.org/wiki/Yun_Kwae-byung | research:https://en.wikipedia.org/wiki/Jidokwan,
Q3772405,Kanken Toyama,A0154,Yoon Byung-in,high,research:https://en.wikipedia.org/wiki/Yoon_Byung-in | research:https://en.wikipedia.org/wiki/Chang_Moo_Kwan,
Q3772405,Kanken Toyama,A0157,Kim Ki-whang,high,research:https://en.wikipedia.org/wiki/Ki_Whang_Kim | research:https://taekwondohalloffame.com/honorees/great-grand-master-ki-whang-kim/,
Q3772405,Kanken Toyama,A0168,Eizo Onishi,high,research:https://it.wikipedia.org/wiki/Koei-Kan | research:https://en-academic.com/dic.nsf/enwiki/3706481,
Q3772405,Kanken Toyama,A0227,Isao Ichikawa,high,research:https://doshinkan.or.at/en/history/ | research:http://www.doshinkan.pl/dojo_poland/english/geschichte.html,
Q3772405,Kanken Toyama,J0019,Tokuyama Yoshinori (usually romanised Yoshiki Tokuyama),high,"research:https://www.karatedohshudokanmx.com/or%C3%ADgenes/yoshiki-tokuyama (became a disciple of Toyama Kanken in 1963 until Toyama's death in 1966; note the roster row Q3772405 carries the romaji 'Kanken Oyadomari' but its kanji 遠山寛賢 is Toyama Kanken, the Shudokan founder)",
Q3772405,Kanken Toyama,J0072,Masafumi Suzuki,low,research:https://amahof.asn.au/members/1996-2/masafumi-suzuki/,
Q3772405,Kanken Toyama,J0074,Norio Nakamura,medium,research:https://ja.wikipedia.org/wiki/錬武舘,
Q3772405,Kanken Toyama,Q2149940,Richard Kim,high,wikidata:P802,
Q3772405,Kanken Toyama,W0002,Hiroshi Kinjo,high,research:https://ja.wikipedia.org/wiki/金城裕,
Q384558,Masatoshi Nakayama,A0022,Katsunori Tsuyama,medium,research:http://findingkarate.com/wordpress/katsunori-tsuyama/ | research:https://www.karate-gasshuku.de/team/katsunori-tsuyama/,
Q384558,Masatoshi Nakayama,C00342,Masao Kawasoe,high,research:https://brothockkarateclub.wordpress.com/sensei-masao-kawasoe/ | research:http://www.ketteringkarate.org/kawasoe.html,
Q384558,Masatoshi Nakayama,J0116,Takeshi Oishi,low,research:https://ja.wikipedia.org/wiki/日本空手協会,
Q384558,Masatoshi Nakayama,Q124766,Hidetaka Nishiyama,medium,infobox:students | infobox:teacher,
Q384558,Masatoshi Nakayama,Q1360025,Taiji Kase,medium,infobox:students | infobox:teacher,
Q384558,Masatoshi Nakayama,Q15845026,Koichiro Okuma,high,wikidata:P802,
Q384558,Masatoshi Nakayama,Q15845027,Yuko Hirayama,high,wikidata:P802,
Q384558,Masatoshi Nakayama,Q15845030,Satoshi Takahashi,high,wikidata:P802,
Q384558,Masatoshi Nakayama,Q15845032,Takuya Taniyama,high,wikidata:P802,
Q384558,Masatoshi Nakayama,Q15845033,Yasuo Hanzaki,high,infobox:students | wikidata:P802,
Q384558,Masatoshi Nakayama,Q15845034,Seizo Izumiya,high,infobox:students | wikidata:P802,
Q384558,Masatoshi Nakayama,Q15845035,Katsutoshi Shiina,high,infobox:students | wikidata:P802,
Q384558,Masatoshi Nakayama,Q15845038,Yasunori Ogura,high,infobox:students | wikidata:P802,
Q384558,Masatoshi Nakayama,Q15845041,Takenori Imura,high,infobox:students | wikidata:P802,
Q384558,Masatoshi Nakayama,Q15845047,Toshihiro Mori,high,infobox:students | wikidata:P802,
Q384558,Masatoshi Nakayama,Q15845053,Yoshiharu Osaka,high,infobox:students | infobox:teacher | wikidata:P1066 | wikidata:P802,
Q384558,Masatoshi Nakayama,Q15987564,Masaaki Ueki,high,wikidata:P802,
Q384558,Masatoshi Nakayama,Q15987736,Shigeru Takashina,high,infobox:students | wikidata:P802,
Q384558,Masatoshi Nakayama,Q15987804,Hideo Yamamoto,high,infobox:students | wikidata:P802,
Q384558,Masatoshi Nakayama,Q15987806,Tomio Imamura,high,infobox:students | wikidata:P802,
Q384558,Masatoshi Nakayama,Q1737900,Keigo Abe,high,infobox:students | infobox:teacher | text_pattern:learned_from | wikidata:P1066 | wikidata:P802,
Q384558,Masatoshi Nakayama,Q1937515,Minoru Kawawada,high,infobox:students | wikidata:P802,
Q384558,Masatoshi Nakayama,Q29043333,Stan Schmidt,medium,infobox:students,
Q384558,Masatoshi Nakayama,Q2911640,Takayuki Mikami,high,infobox:students | infobox:teacher | wikidata:P1066 | wikidata:P802,
Q384558,Masatoshi Nakayama,Q2915906,Teruyuki Okazaki,high,infobox:students | infobox:teacher | research:https://en.wikipedia.org/wiki/Teruyuki_Okazaki,
Q384558,Masatoshi Nakayama,Q348074,Hiroshi Shirai,high,infobox:students | infobox:teacher | research:https://en.wikipedia.org/wiki/Hiroshi_Shirai | wikidata:P1066 | wikidata:P802,
Q384558,Masatoshi Nakayama,Q381799,Cary-Hiroyuki Tagawa,medium,infobox:students,
Q384558,Masatoshi Nakayama,Q471629,Hirokazu Kanazawa,high,infobox:students | infobox:teacher,
Q384558,Masatoshi Nakayama,Q5490474,Frank Woon-a-tai,high,wikidata:P802,
Q384558,Masatoshi Nakayama,Q665589,Mikio Yahara,medium,research:https://emptymindfilms.com/mikio-yahara-sensei-and-the-killing-blow/ | research:http://findingkarate.com/wordpress/spotlight-mikio-yahara-one-killing-blow/,
Q384558,Masatoshi Nakayama,Q709520,Tetsuhiko Asai,medium,infobox:students | infobox:teacher,
Q384558,Masatoshi Nakayama,Q716133,Keinosuke Enoeda,high,infobox:students | infobox:teacher | research:https://en.wikipedia.org/wiki/Keinosuke_Enoeda | wikidata:P1066 | wikidata:P802,
Q384558,Masatoshi Nakayama,Q7366021,Ronnie Watt,high,wikidata:P802,
Q384558,Masatoshi Nakayama,Q7397534,Sadamu Uriu,high,infobox:students,
Q384558,Masatoshi Nakayama,Q8062088,Yutaka Yaguchi,high,infobox:students | infobox:teacher | wikidata:P1066 | wikidata:P802,
Q384558,Masatoshi Nakayama,Q896129,Hideo Ochi,medium,infobox:students,
Q384558,Masatoshi Nakayama,Q922328,Masahiko Tanaka,high,infobox:students | research:https://en.wikipedia.org/wiki/Masahiko_Tanaka_(karateka) | wikidata:P802,
Q38585428,Shigeru Nakamura,A0019,Seiyu Oyata,high,research:https://en.wikipedia.org/wiki/Ry%C5%AB-te | research:https://www.ryukyu-kempo.org/new-article,
Q38585428,Shigeru Nakamura,A0020,Shian Toma,medium,research:https://seidokankarate.org/shian-toma-biography | research:http://www.jukokai.com/the-legacy-of-shian-toma-seidokan-karate.html | research:https://en.wikipedia.org/wiki/Okinawa_Seidokan,
Q38585428,Shigeru Nakamura,A0066,Yuichi Kuda,medium,research:https://villagekarate.com/lineage/ | research:http://www.geocities.ws/karatejmh/Yuichikuda.htm,
Q38585428,Shigeru Nakamura,C00066,Fusei Kise,high,research:https://www.kenshin-kan.com/hanshi-fusei-kise/ | research:http://www.geocities.ws/karatejmh/fuseikise.htm,
Q38585428,Shigeru Nakamura,C00074,Hiroshi Oshiro,medium,book:Bishop p.148,
Q38585428,Shigeru Nakamura,C00079,Hirotaka Arashiro,medium,book:Bishop p.148,
Q38585428,Shigeru Nakamura,C00114,Hiroshi Miyazato,medium,book:Bishop p.148,
Q38585428,Shigeru Nakamura,C00226,Kenichi Kinjo,medium,book:Bishop p.148,
Q38585428,Shigeru Nakamura,C00231,Kenko Chibana,medium,book:Bishop p.148,
Q38585428,Shigeru Nakamura,C00255,Kiyoji Kinjo,medium,book:Bishop p.148,
Q38585428,Shigeru Nakamura,C00277,Seijiro Maehara,medium,research:https://www.aikidoofgainesville.com/okinawan-kenpo-karate-kobudo-odo-sensei-and-maehara-sensei.html | research:https://www.angelfire.com/ak4/tw/WhyKarate.html,
Q38585428,Shigeru Nakamura,C00281,Kokichi Nakamura,medium,book:Bishop p.148,
Q38585428,Shigeru Nakamura,C00353,Tatsunori Matsuda,medium,book:Bishop p.148,
Q38585428,Shigeru Nakamura,C00511,Shinkichi Nakamura,medium,book:Bishop p.148,
Q38585428,Shigeru Nakamura,C00574,Taketo Nakamura,high,research:https://kenpo97219.wordpress.com/2012/01/27/the-once-and-future-king-part-2-crossroads-of-okinawa-kenpo/ | research:https://en.wikipedia.org/wiki/Ry%C5%ABky%C5%AB_Kempo | research:https://www.okinawakenpokarate.com/history.php,
Q38585428,Shigeru Nakamura,C00587,Teruyuki Higa,medium,book:Bishop p.148,
Q38585428,Shigeru Nakamura,C00606,Tomei Tsuha,high,book:Bishop p.104,
Q38585428,Shigeru Nakamura,C00610,Toru Urasoko,medium,book:Bishop p.148,
Q38585428,Shigeru Nakamura,C00619,Toshimitsu Kina,medium,book:Bishop p.148,
Q38585428,Shigeru Nakamura,Q15987278,Seikichi Odo,high,research:https://en.wikipedia.org/wiki/Seikichi_Odo | research:https://pelletierskarate.com/about-karate/brief-history-of-okinawa-kenpo/ | research:https://kenpo97219.wordpress.com/2012/01/27/the-once-and-future-king-part-2-crossroads-of-okinawa-kenpo/,
Q386415,Hironori Otsuka,A0096,Hideho Takagi,high,research:https://www.wksi.it/en/goodbye-takagi-sensei-mourning-in-the-world-of-wado/,
Q386415,Hironori Otsuka,A0097,Yoshiaki Ajari,high,research:https://www.usadojo.com/yoshiaki-ajari/ | research:https://en.wikipedia.org/wiki/Wad%C5%8D-ry%C5%AB,
Q386415,Hironori Otsuka,A0098,Masafumi Shiomitsu,high,research:https://fr.wikipedia.org/wiki/Masafumi_Shiomitsu | research:http://findingkarate.com/wordpress/spotlight-masafumi-shiomitsu-the-hard-man-of-wado-ryu/,
Q386415,Hironori Otsuka,A0102,Hajimu Takashima,medium,research:https://en.wikipedia.org/wiki/Wad%C5%8D-ry%C5%AB | research:https://en.wikipedia.org/wiki/T%C5%8Dru_Arakawa | research:https://en.wikipedia.org/wiki/Tatsuo_Suzuki_(martial_artist),
Q386415,Hironori Otsuka,J0136,Shinji Michihara,medium,research:https://ja.wikipedia.org/wiki/和道流,
Q386415,Hironori Otsuka,Q136799394,Robert Heisner,low,text_context:student_keyword,
Q386415,Hironori Otsuka,Q16266721,Shingo Ohgami,high,wikidata:P802,
Q386415,Hironori Otsuka,Q16648173,Kazuo Sakai,high,wikidata:P802,
Q386415,Hironori Otsuka,Q18413638,Atsuo Yamashita,high,wikidata:P802,
Q386415,Hironori Otsuka,Q18414412,Kazuo Sakura,high,wikidata:P802,
Q386415,Hironori Otsuka,Q21503589,Toru Arakawa,high,infobox:teacher | research:https://en.wikipedia.org/wiki/T%C5%8Dru_Arakawa | research:https://en.wikipedia.org/wiki/Wad%C5%8D-ry%C5%AB | wikidata:P1066 | wikidata:P802,
Q386415,Hironori Otsuka,Q23688927,Masaru Shintani,high,infobox:students | research:https://en.wikipedia.org/wiki/Masaru_Shintani | wikidata:P802,
Q386415,Hironori Otsuka,Q3136331,Hironori Otsuka II,high,research:https://en.wikipedia.org/wiki/Hironori_%C5%8Ctsuka | research:https://www.usadojo.com/jiro-otsuka-ii/ | wikidata:P802,
Q386415,Hironori Otsuka,Q4023282,Yutaka Toyama,high,wikidata:P802,
Q386415,Hironori Otsuka,Q476441,Seiji Nishimura,medium,infobox:teacher,
Q386415,Hironori Otsuka,Q957513,Teruo Kono,high,research:https://de.wikipedia.org/wiki/Teruo_Kono | wikidata:P802,
Q386415,Hironori Otsuka,Q97666381,Tatsuo Suzuki,high,research:https://en.wikipedia.org/wiki/Tatsuo_Suzuki_(martial_artist) | research:https://en.wikipedia.org/wiki/Wad%C5%8D-ry%C5%AB | wikidata:P802,
Q3898157,Paul Starling,A0137,Ingo de Jong,high,research:https://www.gojukaikaratedo.com/IKGA-Management.php?sectionid=ingodejong | research:https://gojukai-europe.org/vice-president-i-k-k-a/,
Q3954660,Seikichi Toguchi,A0138,Masanobu Shinjo,high,research:https://www.usadojo.com/masanobu-shinjo-lee-gray-and-the-shobukan/ | research:https://budojapan.com/karate/dm05e/ | research:https://shobukanmaa.com/history,
Q3954660,Seikichi Toguchi,J0016,Nakazone Kinei (Nakasone Kinei),high,research:https://www.sakuratakekan.org/escuelas/okinawa-karate-do-goju-ryu-seibukan/ (began August 1956 aged 20 under Toguchi Seikichi of the Shoreikan; opened his own Shoreikan dojo in Kin in 1962),
Q3954660,Seikichi Toguchi,J0026,Tōyama Zenshū,medium,"research:https://m.facebook.com/shinjikangojuryu/photos/477121374423731/ and https://historyandstoriesofgojuryu.blogspot.com/2020/10/zenshu-toyama-sensei-from-okinawa-times.html (direct senior deshi of Toguchi Seikichi, Shoreikan)",
Q3954660,Seikichi Toguchi,J0031,Yoshio Kuba,high,research:https://ja.wikipedia.org/wiki/%E4%B9%85%E5%A0%B4%E8%89%AF%E7%94%B7,
Q3959901,Shogo Kuniba,A0089,Chuzo Kotaka,medium,research:https://www.usadojo.com/chuzo-kotaka-kotaka-ha-shito-ryu/ | research:http://findingkarate.com/wordpress/chuzo-kotaka/,
Q3959901,Shogo Kuniba,A0093,William H. Price,medium,research:https://en.wikipedia.org/wiki/Sh%C5%8Dg%C5%8D_Kuniba,
Q3959901,Shogo Kuniba,A0094,Kozo Kuniba,medium,research:https://en.wikipedia.org/wiki/Sh%C5%8Dg%C5%8D_Kuniba,
Q3984847,Terutomo Yamazaki,Q2664662,Shokei Matsui,medium,infobox:students,
Q3984847,Terutomo Yamazaki,Q4057557,Takashi Azuma,medium,research:https://en.wikipedia.org/wiki/Terutomo_Yamazaki,
Q3984847,Terutomo Yamazaki,Q5610965,Howard Collins,medium,infobox:students,
Q3984847,Terutomo Yamazaki,Q6378060,Katsuaki Sato,medium,infobox:students,
Q3984847,Terutomo Yamazaki,Q6884566,Miyuki Miura,medium,infobox:teacher,
Q3984847,Terutomo Yamazaki,Q780966,Seiji Isobe,high,infobox:students | research:https://en.wikipedia.org/wiki/Seiji_Isobe,
Q41105,Gichin Funakoshi,A0148,Genshin Hironishi,high,research:https://en.wikipedia.org/wiki/Sh%C5%8Dt%C5%8Dkai,
Q41105,Gichin Funakoshi,A0151,Byung Jick Ro,high,research:https://en.wikipedia.org/wiki/Song_Moo_Kwan | research:https://www.songmookwan.com/index.php/history/a-short-history-of-song-moo-kwan,
Q41105,Gichin Funakoshi,A0155,Chun Sang-sup,medium,research:https://en.wikipedia.org/wiki/Yun_Mu_Kwan | research:https://en.wikipedia.org/wiki/Jidokwan | research:http://jungdokwan-taekwondo.blogspot.com/2014/02/honoring-pioneers-of-taekwondo-chun.html,
Q41105,Gichin Funakoshi,A0167,Motokuni Sugiura,high,research:https://www.jka.or.jp/en/about-jka/second-master-sugiura-motokuni/,
Q41105,Gichin Funakoshi,A0224,Takeshi Shimoda,medium,research:https://en.wikipedia.org/wiki/Gig%C5%8D_Funakoshi,
Q41105,Gichin Funakoshi,C00319,Shinkin Gima,high,research:http://findingkarate.com/wordpress/shinkin-gima/ | research:https://en.wikipedia.org/wiki/Gichin_Funakoshi,
Q41105,Gichin Funakoshi,C00409,Osamu Ozawa,high,research:https://www.atascaderoshotokan.com/shihan-ozawa | research:https://www.blackbeltmag.com/history-of-karate-the-story-of-gichin-funakoshi-disciple-osamu-ozawa-part-1,
Q41105,Gichin Funakoshi,C00517,Shinyei Kaneshima,high,book:Bishop p.63,
Q41105,Gichin Funakoshi,J0118,Giei Funakoshi,high,research:https://www.shotokai.jp/about/teacher/giei-funakoshi/,
Q41105,Gichin Funakoshi,J0120,Hoan Kosugi,high,research:https://www.shotokai.jp/about/teacher/kosugi/,
Q41105,Gichin Funakoshi,J0121,Tomosaburo Okano,high,research:https://karate-do.main.jp/kenkojuku1/,
Q41105,Gichin Funakoshi,N0167,Fasajiro Takagi,high,book:Nagamine/Cramer/Guarelli SECTION 30,
Q41105,Gichin Funakoshi,Q11470681,Tatsuo Yamada,high,research:https://ja.wikipedia.org/wiki/山田辰雄_(空手家),
Q41105,Gichin Funakoshi,Q1246030,Shigeru Egami,high,infobox:students | wikidata:P802,
Q41105,Gichin Funakoshi,Q124766,Hidetaka Nishiyama,high,infobox:students | infobox:teacher | research:https://en.wikipedia.org/wiki/Hidetaka_Nishiyama | wikidata:P1066 | wikidata:P802,
Q41105,Gichin Funakoshi,Q1360025,Taiji Kase,high,infobox:students | infobox:teacher | wikidata:P1066 | wikidata:P802,
Q41105,Gichin Funakoshi,Q16089695,Satoshi Saito,high,infobox:teacher,
Q41105,Gichin Funakoshi,Q1937662,Minoru Mochizuki,low,research:https://en.wikipedia.org/wiki/Minoru_Mochizuki | research:https://en.wikipedia.org/wiki/Yoseikan_Karate,
Q41105,Gichin Funakoshi,Q2619054,Tsutomu Ohshima,high,infobox:students | infobox:teacher | wikidata:P1066 | wikidata:P802,
Q41105,Gichin Funakoshi,Q2915906,Teruyuki Okazaki,high,infobox:students | infobox:teacher | research:https://en.wikipedia.org/wiki/Teruyuki_Okazaki | wikidata:P1066 | wikidata:P802,
Q41105,Gichin Funakoshi,Q294548,Mas Oyama,medium,infobox:students | wikidata:P1066,
Q41105,Gichin Funakoshi,Q3317210,Mitsusuke Harada,high,infobox:students | research:https://en.wikipedia.org/wiki/Mitsusuke_Harada,
Q41105,Gichin Funakoshi,Q3519204,Tetsuji Murakami,medium,infobox:students,
Q41105,Gichin Funakoshi,Q356335,Choi Hong-hi,low,infobox:students,
Q41105,Gichin Funakoshi,Q384558,Masatoshi Nakayama,high,infobox:students | infobox:teacher | wikidata:P1066 | wikidata:P802,
Q41105,Gichin Funakoshi,Q386415,Hironori Otsuka,high,infobox:students | infobox:teacher | wikidata:P1066 | wikidata:P802,
Q41105,Gichin Funakoshi,Q4351940,Yasuhiro Konishi,high,infobox:students | infobox:teacher | wikidata:P1066 | wikidata:P802,
Q41105,Gichin Funakoshi,Q471629,Hirokazu Kanazawa,high,infobox:students | infobox:teacher | wikidata:P1066 | wikidata:P802,
Q41105,Gichin Funakoshi,Q6078918,Isao Obata,high,infobox:students | wikidata:P802,
Q41105,Gichin Funakoshi,Q628761,Gigo Funakoshi,high,infobox:students | infobox:teacher | wikidata:P1066 | wikidata:P802,
Q41105,Gichin Funakoshi,Q709520,Tetsuhiko Asai,high,infobox:students | infobox:teacher | wikidata:P1066 | wikidata:P802,
Q41105,Gichin Funakoshi,Q716133,Keinosuke Enoeda,medium,infobox:students | infobox:teacher | research:https://en.wikipedia.org/wiki/Keinosuke_Enoeda,
Q41105,Gichin Funakoshi,Q723832,Shinken Taira,high,research:https://en.wikipedia.org/wiki/Taira_Shinken,
Q41105,Gichin Funakoshi,Q8062088,Yutaka Yaguchi,high,infobox:students | infobox:teacher | wikidata:P1066 | wikidata:P802,
Q41105,Gichin Funakoshi,Q9096235,Won Kuk Lee,high,infobox:students | wikidata:P802,
Q4351940,Yasuhiro Konishi,A0225,Kiyoshi Yamazaki,high,research:https://en.wikipedia.org/wiki/Yasuhiro_Konishi | research:https://en.wikipedia.org/wiki/Japan_Karate-Do_Ryobu-Kai | research:http://findingkarate.com/wordpress/kiyoshi-yamazaki/,
Q4351940,Yasuhiro Konishi,J0124,Takehiro Konishi,high,research:https://ja.wikipedia.org/wiki/神道自然流,
Q4351940,Yasuhiro Konishi,Q535906,Sho Kosugi,medium,infobox:students,
Q4351940,Yasuhiro Konishi,Q6918025,Motokatsu Inoue,medium,research:https://en.wikipedia.org/wiki/Motokatsu_Inoue,
Q4351940,Yasuhiro Konishi,Q716152,Shoji Nishio,high,infobox:students,
Q4351940,Yasuhiro Konishi,Q727360,Kenei Mabuni,medium,infobox:teacher,
Q4351940,Yasuhiro Konishi,Q7350475,Robert Trias,medium,research:https://en.wikipedia.org/wiki/Robert_Trias | research:https://en.wikipedia.org/wiki/Shuri-ryu,
Q453505,Kenwa Mabuni,A0078,Chojiro Tani,high,research:https://en.wikipedia.org/wiki/Ch%C5%8Djir%C5%8D_Tani,
Q453505,Kenwa Mabuni,A0152,Yun Kwae-byung,medium,research:https://en.wikipedia.org/wiki/Yun_Kwae-byung,
Q453505,Kenwa Mabuni,C00236,Kensei Kinjo,high,research:https://medium.com/motobu-ryu-blog/motobu-ch%C5%8Dy%C5%ABs-goj%C5%ABshiho-ec8332145ab1,
Q453505,Kenwa Mabuni,C00246,Kenzo Mabuni,high,research:http://findingkarate.com/wordpress/kenzo-mabuni/ | research:https://www.seitoshitoryu.com/soke.php,
Q453505,Kenwa Mabuni,C00285,Kosei Kokuba,low,research:https://www.inoue-ha-karate.com/about/yoshimi-inoue/ | research:https://es.wikipedia.org/wiki/Teruo_Hayashi,
Q453505,Kenwa Mabuni,C00409,Osamu Ozawa,medium,research:https://www.atascaderoshotokan.com/shihan-ozawa,
Q453505,Kenwa Mabuni,C00440,Ryusho Sakagami,high,research:https://shuriway.com/sakagami.html | research:https://www.usadojo.com/ryusho-sakagami/,
Q453505,Kenwa Mabuni,C00586,Teruo Hayashi,low,research:https://www.internationalshitoryu.com/aboutus/organization-chart/hayashi-teruo/,
Q453505,Kenwa Mabuni,J0131,Hisahiro Uno,low,research:https://ja.wikipedia.org/wiki/糸東流,
Q453505,Kenwa Mabuni,J0132,Masaru Watanabe,high,research:https://ja.wikipedia.org/wiki/糸東流,
Q453505,Kenwa Mabuni,J0133,Takamasa Tomoyose,high,research:https://ja.wikipedia.org/wiki/糸東流,
Q453505,Kenwa Mabuni,Q15987180,Chozo Nakama,high,book:Bishop p.117,
Q453505,Kenwa Mabuni,Q384558,Masatoshi Nakayama,high,"book:Cramer, The History of Karate and the Masters Who Made It SECTION 26",
Q453505,Kenwa Mabuni,Q386415,Hironori Otsuka,high,infobox:teacher | wikidata:P1066 | wikidata:P802,
Q453505,Kenwa Mabuni,Q3959901,Shogo Kuniba,high,infobox:teacher | research:https://en.wikipedia.org/wiki/Sh%C5%8Dg%C5%8D_Kuniba,
Q453505,Kenwa Mabuni,Q41105,Gichin Funakoshi,medium,book:Nagamine/Cramer/Guarelli SECTION 26,
Q453505,Kenwa Mabuni,Q4351940,Yasuhiro Konishi,medium,infobox:teacher,
Q453505,Kenwa Mabuni,Q6753487,Manzo Iwata,high,infobox:students | infobox:teacher | research:https://en.wikipedia.org/wiki/Manzo_Iwata | research:https://www.shuriway.com/manzoiwata.html,
Q453505,Kenwa Mabuni,Q723832,Shinken Taira,high,research:https://en.wikipedia.org/wiki/Taira_Shinken,
Q453505,Kenwa Mabuni,Q727360,Kenei Mabuni,high,infobox:students | infobox:teacher | research:https://en.wikipedia.org/wiki/Kenwa_Mabuni | research:https://www.shuriway.com/kenei2.html | wikidata:P1066 | wikidata:P802,
Q453505,Kenwa Mabuni,W0002,Hiroshi Kinjo,medium,research:https://ja.wikipedia.org/wiki/金城裕,
Q471629,Hirokazu Kanazawa,A0023,Hiroyasu Fujishima,medium,research:https://calkarate.com/about-sensei/ | research:http://www.hokubeishihankai.org/members/hiroyasu-fujishima,
Q471629,Hirokazu Kanazawa,A0194,Nobuaki Kanazawa,high,research:https://www.skifb.be/en/kanazawa-kancho | research:https://www.skifworld.com/SKIF-Instructors.php,
Q471629,Hirokazu Kanazawa,A0195,Manabu Murakami,high,research:https://www.skifb.be/en/murakami-manabu,
Q471629,Hirokazu Kanazawa,Q3518915,Terry O'Neill,medium,research:https://en.wikipedia.org/wiki/Terry_O%27Neill_(martial_artist) | research:https://kugb.org/instructors/8th-dan/terry-oneill/,
Q471629,Hirokazu Kanazawa,Q6742556,Malcolm Phipps,high,wikidata:P802,
Q471629,Hirokazu Kanazawa,Q7800728,Ticky Donovan,medium,infobox:teacher,
Q4731883,Allen Steen,Q7373041,Roy Kurban,medium,infobox:students,
Q4731883,Allen Steen,Q7535789,Skipper Mullins,high,infobox:students | wikidata:P802,
Q476441,Seiji Nishimura,A0171,Ken Nishimura,high,research:https://ja.wikipedia.org/wiki/%E8%A5%BF%E6%9D%91%E6%8B%B3 | research:https://www.olympics.com/ja/news/%E8%A5%BF%E6%9D%91%E6%8B%B3-%E7%A9%BA%E6%89%8B%E4%B8%80%E5%AE%B6%E3%81%A6%E8%82%B2%E3%81%A4%E3%82%82-%E5%B9%BC%E3%81%84%E3%81%93%E3%82%8D%E3%81%AF%E7%B7%B4%E7%BF%92%E5%AB%8C%E3%81%84-%E9%97%98%E3%81%84-%E3%81%8B%E8%8B%A6%E6%89%8B%E3%81%9F%E3%81%A3%E3%81%9F%E5%B0%91%E5%B9%B4%E3%81%AF-%E3%82%84%E3%81%8B%E3%81%A6%E4%B8%96%E7%95%8C%E3%83%A9%E3%83%B3%E3%82%AF%E3%81%AE%E9%A0%82%E7%82%B9%E3%81%AB%E7%AB%8B%E3%81%A4,
Q4770567,Ansei Ueshiro,A0058,Frank Grant,high,research:https://www.matsunokikarate.com/hanshi-frank-grant,
Q4770567,Ansei Ueshiro,A0059,Robert Scaglione,high,research:https://www.shorinryu.com/about-hanshi-scaglione | research:https://www.midtownkaratedojo.com/HistoryScaglione.html,
Q4770567,Ansei Ueshiro,A0060,Terry Maccarrone,medium,research:https://www.shorinryu.com/about-hanshi-scaglione | research:http://www.nevekarate.com/SRKUSA_History.html,
Q4807592,Ason,C00252,Kitoku Sakiyama,low,research:https://medium.com/motobu-ryu-blog/the-lineage-of-ason-9540d4725d34 | research:https://okinawa-kenpo.com/en.php,
Q4807592,Ason,Q6426547,Kokan Oyadomari,low,research:https://katastepbystep.com/karate-styles-traditional-okinwan-tode/,
Q4807592,Ason,Q715769,Sokon Matsumura,low,research:https://worldbudokan.com/worlbudokanhome/articles-2/sokon-matsumura/ | research:https://medium.com/motobu-ryu-blog/the-lineage-of-ason-9540d4725d34,
Q4992628,Yoshimi Osawa,Q560761,Jon Bluming,medium,text_context:teacher_keyword,
Q4992635,Toshiro Daigo,Q560761,Jon Bluming,medium,text_context:teacher_keyword,
Q5042308,Carlos Machado,Q2673,Chuck Norris,high,wikidata:P1066,
Q5103850,Chogi Kishaba,A0126,Kiyoshi Nishime,high,research:https://en.wikipedia.org/wiki/Yamanni_ryu | research:https://cincinnatimartialarts.com/about/,
Q5103850,Chogi Kishaba,J0049,Kiyomasa Maeda,high,"research:shogenryu.com/lineage/: trained under Chogi Kishaba in Yamane-ryu (Yamanni-ryu) kobudo, in which he holds 9th dan",
Q5103850,Chogi Kishaba,Q6378081,Katsuhiko Shinzato,high,infobox:teacher,
Q5103850,Chogi Kishaba,Q7827674,Toshihiro Oshiro,high,infobox:students | infobox:teacher | research:https://en.m.wikipedia.org/wiki/Toshihiro_Oshiro | research:https://en.wikipedia.org/wiki/Yamanni_ryu | wikidata:P1066 | wikidata:P802,
Q5104212,Chokei Kishaba,Q6378081,Katsuhiko Shinzato,high,infobox:students | infobox:teacher | research:https://en.wikipedia.org/wiki/Katsuhiko_Shinzato | research:https://en.wikipedia.org/wiki/Sh%C5%8Drin-ry%C5%AB_Kishaba_Juku | wikidata:P1066 | wikidata:P802,
Q527422,Anko Itosu,C00003,Anbun Tokuda,high,research:https://note.com/motoburyu/n/n29dffb7866f6 | research:https://www.d3b.jp/npcolumn/7625,
Q527422,Anko Itosu,C00025,Chojo Oshiro,medium,book:Bishop p.109,
Q527422,Anko Itosu,C00094,Jiro Shiroma,medium,book:Bishop p.109,
Q527422,Anko Itosu,C00319,Shinkin Gima,medium,research:http://findingkarate.com/wordpress/shinkin-gima/ | research:https://www.gimahacanada.com/copy-of-about-us,
Q527422,Anko Itosu,C00373,Moden Yabiku,high,research:https://www.ryukyukobudousa.com/lineage/yabiku-moden,
Q527422,Anko Itosu,Q1071733,Choshin Chibana,high,infobox:students | infobox:teacher | text_pattern:learned_from | wikidata:P1066 | wikidata:P802,
Q527422,Anko Itosu,Q1147708,Choki Motobu,high,infobox:students | infobox:teacher | research:https://en.wikipedia.org/wiki/Motobu_Ch%C5%8Dki | research:https://en.wikipedia.org/wiki/Motobu_Ch%C5%8Dy%C5%AB,
Q527422,Anko Itosu,Q15987180,Chozo Nakama,high,book:Bishop p.117,
Q527422,Anko Itosu,Q2393877,Chotoku Kyan,medium,"book:Nagamine, Tales of Okinawa's Great Masters PDF PAGE 72",
Q527422,Anko Itosu,Q3482287,Shinpan Gusukuma,high,infobox:students | infobox:teacher | research:https://en.wikipedia.org/wiki/Shinpan_Gusukuma | text_pattern:learned_from | wikidata:P1066 | wikidata:P802,
Q527422,Anko Itosu,Q3772405,Kanken Toyama,high,infobox:students | infobox:teacher,
Q527422,Anko Itosu,Q38585428,Shigeru Nakamura,high,research:https://okinawa-kenpo.com/en.php,
Q527422,Anko Itosu,Q41105,Gichin Funakoshi,high,infobox:students | infobox:teacher | wikidata:P1066,
Q527422,Anko Itosu,Q453505,Kenwa Mabuni,high,infobox:students | infobox:teacher | wikidata:P1066 | wikidata:P802,
Q527422,Anko Itosu,Q705617,Chomo Hanashiro,high,infobox:students | infobox:teacher | wikidata:P1066 | wikidata:P802,
Q527422,Anko Itosu,Q706389,Choyu Motobu,high,infobox:students | infobox:teacher | research:https://en.wikipedia.org/wiki/Motobu_Ch%C5%8Dy%C5%AB | wikidata:P1066 | wikidata:P802,
Q527422,Anko Itosu,Q722028,Kentsu Yabu,medium,infobox:students | infobox:teacher,
Q527422,Anko Itosu,W0007,Kudeken Kenyu,medium,"book:Nagamine, Tales of Okinawa's Great Masters PDF PAGE 73",
Q527422,Anko Itosu,W0016,Hisateru Miyagi,high,research:https://ryukyu-bugei.com/?p=7432,
Q527422,Anko Itosu,W0021,Ganeku Shinko,high,research:http://web.archive.org/web/20240225020323/https://ryukyu-bugei.com/?p=5016,
Q527659,Andy Sherry,Q3518915,Terry O'Neill,high,research:https://en.wikipedia.org/wiki/Terry_O%27Neill_(martial_artist) | research:https://kugb.org/instructors/8th-dan/terry-oneill/,
Q5349190,Eiichi Miyazato,A0141,Yoshihiro Miyazato,high,research:https://en.wikipedia.org/wiki/Eiichi_Miyazato | research:https://jundokannz.org/the-jundokan,
Q5349190,Eiichi Miyazato,A0142,Tetsu Gima,high,research:https://jundokannz.org/the-jundokan | research:http://www.jundokan-hb.jp/english/exeutives.htm,
Q5349190,Eiichi Miyazato,A0143,Tsuneo Kinjo,high,research:https://jundokannz.org/the-jundokan | research:http://www.jundokan-hb.jp/english/exeutives.htm,
Q5349190,Eiichi Miyazato,A0144,Kazuya Higa,low,research:https://jundokannz.org/the-jundokan | research:http://www.jundokan-hb.jp/english/exeutives.htm,
Q5349190,Eiichi Miyazato,B0001,Ko Uehara,high,book:Bishop p.33,
Q5349190,Eiichi Miyazato,B0005,Akihiko Suzuki,high,book:Bishop p.33,
Q5349190,Eiichi Miyazato,C00222,Keikichi Nakasone,high,book:Bishop p.33,
Q5349190,Eiichi Miyazato,C00225,Kenichi Kanari,high,book:Bishop p.33,
Q5349190,Eiichi Miyazato,C00265,Koei Teruya,high,book:Bishop p.33,
Q5349190,Eiichi Miyazato,C00296,Koshin Iha,high,research:https://en.wikipedia.org/wiki/Eiichi_Miyazato | research:http://www.jundokanfrance.fr/?page_id=259,
Q5349190,Eiichi Miyazato,C00304,Kunimasa Kai,high,book:Bishop p.33,
Q5349190,Eiichi Miyazato,C00361,Tetsunosuke Yasuda,high,research:https://jundokannz.org/blogs-1/2019/9/17/yasuda-tetsunosuke-hanshi-10th-dan | research:https://jundokannz.org/the-jundokan,
Q5349190,Eiichi Miyazato,C00385,Nanko Minei,high,book:Bishop p.33,
Q5349190,Eiichi Miyazato,C00432,Ryoichi Onishi,high,book:Bishop p.33,
Q5349190,Eiichi Miyazato,C00659,Yoshio Hichiya,high,book:Bishop p.33,
Q5349190,Eiichi Miyazato,J0003,Anyu Shinjo,high,research:https://goyukan-france.com/shinjo-anyu-sensei/,
Q5349190,Eiichi Miyazato,J0022,Kōsei Wakugawa,medium,research:https://okic.okinawa/en/archives/news/p5602 (studied karate under Goju-ryu masters Miyazato Eiichi and Iha Koshin),
Q5349190,Eiichi Miyazato,J0072,Masafumi Suzuki,high,research:https://ja.wikipedia.org/wiki/鈴木正文_(空手家),
Q5349190,Eiichi Miyazato,J0141,Masanari Kikugawa,high,research:https://www.d3b.jp/npcolumn/10167,
Q5349190,Eiichi Miyazato,N0169,Andrea Guarelli,high,book:Nagamine/Cramer/Guarelli guarelli02 line 195,
Q5349190,Eiichi Miyazato,Q2599967,Morio Higaonna,high,infobox:students | research:https://en.wikipedia.org/wiki/Eiichi_Miyazato | research:https://en.wikipedia.org/wiki/Morio_Higaonna,
Q5349190,Eiichi Miyazato,Q3984846,Teruo Chinen,high,infobox:students | infobox:teacher | wikidata:P1066 | wikidata:P802,
Q5349190,Eiichi Miyazato,Q6766745,Mark Bishop,high,book:Bishop p.33,
Q5349190,Eiichi Miyazato,Q6782405,Masaji Taira,high,infobox:students | research:https://en.wikipedia.org/wiki/Eiichi_Miyazato | wikidata:P802,
Q542989,Chatan Yara,Q1336547,Takahara Peichin,medium,infobox:students | wikidata:P802,
Q557301,Ankichi Arakaki,C00350,Taro Shimabuku,high,research:http://web.archive.org/web/20240224182119/https://ryukyu-bugei.com/?p=3104,
Q557301,Ankichi Arakaki,Q1963468,Shoshin Nagamine,high,infobox:students | infobox:teacher | wikidata:P1066 | wikidata:P802,
Q557301,Ankichi Arakaki,Q2149940,Richard Kim,medium,infobox:students,
Q557301,Ankichi Arakaki,Q3772405,Kanken Toyama,low,research:https://en.wikipedia.org/wiki/Kanken_T%C5%8Dyama,
Q560761,Jon Bluming,Q3357770,Otti Roethof,medium,infobox:students,
Q560761,Jon Bluming,Q6149743,Jan Plas,high,research:https://en.wikipedia.org/wiki/Jan_Plas,
Q560761,Jon Bluming,Q919033,Hideyuki Ashihara,low,infobox:teacher,
Q5618841,Gunji Koizumi,J0187,Yukio Tani,medium,research:https://ja.wikipedia.org/wiki/%E5%B0%8F%E6%B3%89%E8%BB%8D%E6%B2%BB,
Q584466,Seisho Arakaki,Q135222893,Tsuyoshi Chitose,medium,infobox:teacher,
Q584466,Seisho Arakaki,Q2473562,Kanbun Uechi,low,infobox:students,
Q584466,Seisho Arakaki,Q41105,Gichin Funakoshi,medium,infobox:students | infobox:teacher,
Q584466,Seisho Arakaki,Q453505,Kenwa Mabuni,medium,infobox:students,
Q584466,Seisho Arakaki,Q699236,Kanryo Higaonna,high,infobox:students | infobox:teacher | text_pattern:taught | wikidata:P1066 | wikidata:P802,
Q598665,Takayuki Kubota,Q2673,Chuck Norris,low,infobox:students,
Q598665,Takayuki Kubota,Q7678008,Takemasa Okuyama,high,research:https://en.wikipedia.org/wiki/Takemasa_Okuyama,
Q598665,Takayuki Kubota,Q95043,James Caan,high,infobox:students | wikidata:P802,
Q6078918,Isao Obata,Q1246030,Shigeru Egami,medium,infobox:students | infobox:teacher,
Q6078918,Isao Obata,Q124766,Hidetaka Nishiyama,medium,infobox:teacher,
Q6078918,Isao Obata,Q1360025,Taiji Kase,medium,infobox:teacher,
Q6078918,Isao Obata,Q2619054,Tsutomu Ohshima,high,wikidata:P1066,
Q6078918,Isao Obata,Q384558,Masatoshi Nakayama,medium,infobox:teacher,
Q6078918,Isao Obata,Q6381580,Kazumi Tabata,medium,infobox:students,
Q6130268,Yoshiji Soeno,Q11263313,Makoto Uehara,medium,infobox:students,
Q6130268,Yoshiji Soeno,Q3025412,Toshiaki Kawada,high,wikidata:P802,
Q6130268,Yoshiji Soeno,Q6884566,Miyuki Miura,high,infobox:students | infobox:teacher | text_pattern:learned_from | wikidata:P1066 | wikidata:P802,
Q6130268,Yoshiji Soeno,Q703827,Mitsuharu Misawa,high,wikidata:P802,
Q6139856,James Mitose,Q8014128,William Kwai Sun Chow,high,infobox:students | wikidata:P802,
Q628761,Gigo Funakoshi,A0148,Genshin Hironishi,high,research:https://en.wikipedia.org/wiki/Sh%C5%8Dt%C5%8Dkai,
Q628761,Gigo Funakoshi,A0167,Motokuni Sugiura,high,research:https://www.jka.or.jp/en/about-jka/second-master-sugiura-motokuni/,
Q628761,Gigo Funakoshi,J0121,Tomosaburo Okano,medium,research:https://webhiden.jp/guide/dojyo336/,
Q628761,Gigo Funakoshi,Q1246030,Shigeru Egami,medium,infobox:students,
Q628761,Gigo Funakoshi,Q124766,Hidetaka Nishiyama,high,infobox:students | infobox:teacher | research:https://en.wikipedia.org/wiki/Hidetaka_Nishiyama,
Q628761,Gigo Funakoshi,Q1360025,Taiji Kase,high,infobox:students | infobox:teacher | wikidata:P1066 | wikidata:P802,
Q628761,Gigo Funakoshi,Q294548,Mas Oyama,medium,infobox:students | infobox:teacher,
Q628761,Gigo Funakoshi,Q3317210,Mitsusuke Harada,high,infobox:students | research:https://en.wikipedia.org/wiki/Mitsusuke_Harada | wikidata:P802,
Q628761,Gigo Funakoshi,Q384558,Masatoshi Nakayama,medium,infobox:students | infobox:teacher,
Q628761,Gigo Funakoshi,Q9096235,Won Kuk Lee,medium,infobox:students,
Q6426547,Kokan Oyadomari,C00178,Konin Oyadomari,medium,research:https://wseku-karate.org/en/istoria-okinawa-karate/tomari-te/ | research:https://www.facebook.com/a.tanzadeh/posts/1157591653044664/,
Q6426547,Kokan Oyadomari,C00187,Kotsu Oyadomari,high,research:https://wseku-karate.org/en/istoria-okinawa-karate/tomari-te/ | research:https://www.facebook.com/a.tanzadeh/posts/1157591653044664/,
Q6426547,Kokan Oyadomari,C00366,Miinshiin Higa,high,book:Bishop p.170,
Q6426547,Kokan Oyadomari,Q2393877,Chotoku Kyan,high,infobox:students | infobox:teacher | wikidata:P1066 | wikidata:P802,
Q653633,Ed Parker,Q1052982,Jeff Speakman,high,infobox:students,
Q653633,Ed Parker,Q2673,Chuck Norris,low,infobox:students,
Q653633,Ed Parker,Q303,Elvis Presley,high,infobox:students,
Q653633,Ed Parker,Q369949,Robert Culp,medium,infobox:students,
Q653633,Ed Parker,Q5335255,Ed Parker Jr,high,wikidata:P802,
Q653633,Ed Parker,Q550492,Dan Inosanto,high,infobox:students,
Q653633,Ed Parker,Q6167244,Jay T Will,high,wikidata:P802,
Q653633,Ed Parker,Q730348,Benny Urquidez,high,infobox:students | wikidata:P802,
Q6753487,Manzo Iwata,A0092,Genzo Iwata,high,research:http://www.shitoryu.org/bios/iwata_2/iwata_2.htm | research:http://findingkarate.com/wordpress/genzo-iwata/ | research:https://shitokai.com/english/history/,
Q6782517,Masami Chinen,C00253,Kiyohiko Higa,high,research:https://ryukyu-bugei.com/?p=11688,
Q6782517,Masami Chinen,C00494,Seitoku Higa,high,research:https://en.wikipedia.org/wiki/Yamanni_ryu,
Q6782517,Masami Chinen,Q3482635,Shugoro Nakazato,high,infobox:students | infobox:teacher | research:https://en.wikipedia.org/wiki/Shugoro_Nakazato,
Q6782517,Masami Chinen,Q5103850,Chogi Kishaba,high,infobox:teacher | research:https://en.wikipedia.org/wiki/Yamanni_ryu | research:https://www.rbkd-germany.de/en/rbkd-en/yamanni-en.html | text_context:student_keyword | wikidata:P1066 | wikidata:P802,
Q6782517,Masami Chinen,Q5104212,Chokei Kishaba,high,infobox:students | wikidata:P802,
Q6782517,Masami Chinen,Q7827674,Toshihiro Oshiro,medium,text_context:student_keyword | text_pattern:learned_from,
Q6810356,Meitatsu Yagi,A0135,Akihiro Yagi,low,research:https://en.wikipedia.org/wiki/Meibukan,
Q6810356,Meitatsu Yagi,Q11391351,Akihito Yagi,high,research:https://en.wikipedia.org/wiki/Akihito_Yagi,
Q6918025,Motokatsu Inoue,A0120,Kisho Inoue,high,research:https://en.wikipedia.org/wiki/Motokatsu_Inoue | research:https://sites.google.com/site/yuishinkaikobujutsuusa/about-hanshi-kisho-inoue,
Q6918025,Motokatsu Inoue,C00212,Katsumi Murakami,low,research:https://ryubukandojo.wordpress.com/2015/08/17/katsumi-murakami/,
Q6956791,Nabe Matsumura,Q3139173,Hohan Soken,high,infobox:students | infobox:teacher | research:https://en.wikipedia.org/wiki/Hohan_S%C5%8Dken | research:https://worldbudokan.com/worlbudokanhome/articles-2/hohan-soken/ | wikidata:P1066 | wikidata:P802,
Q699236,Kanryo Higaonna,A0012,Juhatsu Kyoda,high,research:https://en.wikipedia.org/wiki/Juhatsu_Kyoda | research:https://translesbian.wordpress.com/2013/05/30/kyoda-juhatsu-and-the-evolution-of-toon-goju-ryu/,
Q699236,Kanryo Higaonna,C00283,Koki Shiroma,medium,book:Bishop p.28,
Q699236,Kanryo Higaonna,C00657,Chogi Yoshimura,high,research:https://ja.wikipedia.org/wiki/%E7%BE%A9%E6%9D%91%E6%9C%9D%E7%BE%A9,
Q699236,Kanryo Higaonna,Q135222893,Tsuyoshi Chitose,medium,infobox:teacher,
Q699236,Kanryo Higaonna,Q221121,Chojun Miyagi,high,infobox:students | infobox:teacher | wikidata:P1066 | wikidata:P802,
Q699236,Kanryo Higaonna,Q3482287,Shinpan Gusukuma,high,infobox:students | infobox:teacher | research:https://en.wikipedia.org/wiki/Shinpan_Gusukuma | text_pattern:learned_from,
Q699236,Kanryo Higaonna,Q3772405,Kanken Toyama,medium,research:https://en.wikipedia.org/wiki/Kanken_T%C5%8Dyama,
Q699236,Kanryo Higaonna,Q38585428,Shigeru Nakamura,low,research:https://pelletierskarate.com/about-karate/brief-history-of-okinawa-kenpo/ | research:https://www.usadojo.com/shigeru-nakamura/,
Q699236,Kanryo Higaonna,Q453505,Kenwa Mabuni,high,infobox:students | infobox:teacher,
Q699236,Kanryo Higaonna,Q7447367,Seko Higa,high,infobox:students | infobox:teacher | research:https://en.wikipedia.org/wiki/Sek%C5%8D_Higa | wikidata:P1066 | wikidata:P802,
Q699236,Kanryo Higaonna,W0022,Tokuda Antei,high,research:https://ryukyu-bugei.com/?p=7324,
Q705617,Chomo Hanashiro,C00003,Anbun Tokuda,high,research:https://ryukyu-bugei.com/?p=7324,
Q705617,Chomo Hanashiro,C00107,Kafu Kojo,low,research:https://simonechierchini.com/2020/04/29/kojo-ryu-karate-lo-stile-fantasma-di-okinawa/,
Q705617,Chomo Hanashiro,C00494,Seitoku Higa,high,book:Bishop p.174,
Q705617,Chomo Hanashiro,Q135222893,Tsuyoshi Chitose,medium,infobox:teacher,
Q705617,Chomo Hanashiro,Q15987180,Chozo Nakama,high,infobox:students,
Q705617,Chomo Hanashiro,Q38585428,Shigeru Nakamura,medium,research:https://www.okinawakenpokarate.com/history.php | research:https://www.usadojo.com/shigeru-nakamura/ | research:https://pelletierskarate.com/about-karate/brief-history-of-okinawa-kenpo/,
Q705617,Chomo Hanashiro,Q557301,Ankichi Arakaki,high,infobox:students | infobox:teacher | text_context:teacher_keyword | wikidata:P1066 | wikidata:P802,
Q705617,Chomo Hanashiro,Q7446702,Seiichi Akamine,high,wikidata:P802,
Q705617,Chomo Hanashiro,W0002,Hiroshi Kinjo,high,research:https://ja.wikipedia.org/wiki/金城裕,
Q706389,Choyu Motobu,A0219,Chomo Motobu,medium,research:https://ja.wikipedia.org/wiki/本部朝勇,
Q706389,Choyu Motobu,C00037,Chomo Motobu,low,research:https://www.motobu-ryu.org/本部御殿手/本部御殿手宗家/本部朝勇/ | research:https://ja.wikipedia.org/wiki/本部御殿,
Q706389,Choyu Motobu,C00236,Kensei Kinjo,low,research:https://medium.com/motobu-ryu-blog/motobu-ch%C5%8Dy%C5%ABs-goj%C5%ABshiho-ec8332145ab1,
Q706389,Choyu Motobu,C00478,Seikichi Uehara,high,research:https://ja.wikipedia.org/wiki/%E4%B8%8A%E5%8E%9F%E6%B8%85%E5%90%89 | research:https://www.motobu-ryu.org/%E6%9C%AC%E9%83%A8%E5%BE%A1%E6%AE%BF%E6%89%8B/%E5%BE%A1%E6%AE%BF%E6%89%8B%E3%82%92%E4%BC%9D%E3%81%88%E3%82%8B%E4%BD%BF%E5%91%BD/ | research:https://webhiden.jp/master/_uehara_seikichi/,
Q706389,Choyu Motobu,C00514,Shinsuke Kaneshima,high,research:https://medium.com/@motobu715/kaneshima-shinsuke-and-motobu-ch%C5%8Dy%C5%AB-14864cb9eae8 | research:https://en.wikipedia.org/wiki/Motobu_Ch%C5%8Dy%C5%AB,
Q706389,Choyu Motobu,Q1147708,Choki Motobu,medium,book:Bishop p.88,
Q706389,Choyu Motobu,Q135222893,Tsuyoshi Chitose,medium,infobox:teacher | research:https://en.wikipedia.org/wiki/Motobu_Ch%C5%8Dy%C5%AB | research:https://en.wikipedia.org/wiki/Tsuyoshi_Chitose,
Q706726,Gozo Shioda,Q13424717,Kyoichi Inoue,high,infobox:students,
Q706726,Gozo Shioda,Q16187228,Robert Mustard,medium,infobox:students,
Q706726,Gozo Shioda,Q21482428,Jacques Payet,medium,infobox:students,
Q706726,Gozo Shioda,Q4457146,Tsutomu Chida,medium,infobox:students,
Q706726,Gozo Shioda,Q4467319,Kiyoyuki Terada,high,infobox:students | wikidata:P802,
Q706726,Gozo Shioda,Q6212631,Joe Thambu,high,wikidata:P802,
Q706726,Gozo Shioda,Q7677342,Takashi Kushida,medium,infobox:students,
Q706726,Gozo Shioda,Q7850204,Tsuneo Ando,medium,infobox:students,
Q706726,Gozo Shioda,Q8049998,Yasuhisa Shioda,medium,infobox:students,
Q706955,Tadashi Nakamura,J0182,William Oliver,high,research:https://ja.wikipedia.org/wiki/%E3%82%A6%E3%82%A3%E3%83%AA%E3%82%A2%E3%83%A0%E3%83%BB%E3%82%AA%E3%83%AA%E3%83%90%E3%83%BC,
Q709520,Tetsuhiko Asai,A0193,Masao Kagawa,high,research:https://ja.wikipedia.org/wiki/%E9%A6%99%E5%B7%9D%E6%94%BF%E5%A4%AB,
Q709520,Tetsuhiko Asai,Q7397534,Sadamu Uriu,medium,infobox:students,
Q715769,Sokon Matsumura,A0236,Ishimine Pechin,medium,book:Bishop p.62,
Q715769,Sokon Matsumura,C00257,Kiyuna Pechin,high,research:https://medium.com/motobu-ryu-blog/kiyuna-p%C4%93chin-9e7bceecfc32,
Q715769,Sokon Matsumura,C00354,Tawata Pechin,low,research:https://www.ryukyukobudousa.com/lineage/yabiku-moden,
Q715769,Sokon Matsumura,C00436,Ryosei Kuwae,high,research:https://funakoshikaratekenpokenkyukai.blogspot.com/2014/03/the-seven-virtues-of-martial-arts.html | research:https://medium.com/motobu-ryu-blog/kata-of-matsumura-sokon-48fe587cd136 | research:https://www.kanazawa.ch/karate-do/grosse-meiste/sokon-matsumura.html,
Q715769,Sokon Matsumura,C00448,Sakihara Pechin,medium,research:https://worldbudokan.com/worlbudokanhome/articles-2/sokon-matsumura/ | research:https://www.kanazawa.ch/karate-do/grosse-meiste/sokon-matsumura.html,
Q715769,Sokon Matsumura,C00657,Chogi Yoshimura,high,research:https://ja.wikipedia.org/wiki/%E6%9D%BE%E6%9D%91%E5%AE%97%E6%A3%8D | research:https://ja.wikipedia.org/wiki/%E7%BE%A9%E6%9D%91%E6%9C%9D%E7%BE%A9,
Q715769,Sokon Matsumura,Q1147708,Choki Motobu,high,infobox:students | infobox:teacher | research:https://en.wikipedia.org/wiki/Motobu_Ch%C5%8Dki | wikidata:P1066 | wikidata:P802,
Q715769,Sokon Matsumura,Q2393877,Chotoku Kyan,high,infobox:students | infobox:teacher | wikidata:P1066 | wikidata:P802,
Q715769,Sokon Matsumura,Q3028499,Kosaku Matsumora,low,research:https://ryukyu-bugei.com/?p=4123,
Q715769,Sokon Matsumura,Q41105,Gichin Funakoshi,medium,infobox:students | infobox:teacher | wikidata:P802,
Q715769,Sokon Matsumura,Q527422,Anko Itosu,high,infobox:students | infobox:teacher | research:https://en.wikipedia.org/wiki/Matsumura_S%C5%8Dkon | research:https://www.kanazawa.ch/karate-do/grosse-meiste/sokon-matsumura.html | text_context:teacher_keyword | wikidata:P1066 | wikidata:P802,
Q715769,Sokon Matsumura,Q6956791,Nabe Matsumura,high,infobox:students | infobox:teacher | research:https://en.wikipedia.org/wiki/Matsumura_S%C5%8Dkon | research:https://worldbudokan.com/worlbudokanhome/articles-2/sokon-matsumura/ | wikidata:P1066 | wikidata:P802,
Q715769,Sokon Matsumura,Q705617,Chomo Hanashiro,medium,infobox:students | infobox:teacher,
Q715769,Sokon Matsumura,Q706389,Choyu Motobu,high,infobox:students | infobox:teacher | research:https://en.wikipedia.org/wiki/Motobu_Ch%C5%8Dy%C5%AB | wikidata:P1066 | wikidata:P802,
Q715769,Sokon Matsumura,Q721201,Anko Azato,high,infobox:students | infobox:teacher | research:https://en.wikipedia.org/wiki/Matsumura_S%C5%8Dkon | research:https://worldbudokan.com/worlbudokanhome/articles-2/sokon-matsumura/ | wikidata:P1066 | wikidata:P802,
Q715769,Sokon Matsumura,Q722028,Kentsu Yabu,high,infobox:students | infobox:teacher | wikidata:P1066 | wikidata:P802,
Q715769,Sokon Matsumura,Q99517310,Chofu Kyan,high,wikidata:P802,
Q716133,Keinosuke Enoeda,A0196,Yoshinobu Ohta,high,research:https://www.jka-england.org/ohta-sensei/ | research:https://en.wikipedia.org/wiki/JKA_England,
Q716133,Keinosuke Enoeda,Q29043185,Norman Robinson,medium,infobox:students,
Q716133,Keinosuke Enoeda,Q3518915,Terry O'Neill,high,research:https://en.wikipedia.org/wiki/Terry_O%27Neill_(martial_artist),
Q716133,Keinosuke Enoeda,Q5228927,Dave Hazard,high,infobox:students | wikidata:P802,
Q716133,Keinosuke Enoeda,Q527659,Andy Sherry,medium,infobox:students,
Q716133,Keinosuke Enoeda,Q5485463,Frank Brennan,medium,infobox:students,
Q716133,Keinosuke Enoeda,Q5668035,Harry Cook,high,wikidata:P802,
Q716133,Keinosuke Enoeda,Q7151260,Paul Herbert,high,wikidata:P802,
Q716133,Keinosuke Enoeda,Q7800728,Ticky Donovan,medium,infobox:teacher,
Q721201,Anko Azato,Q1147708,Choki Motobu,low,research:https://medium.com/@motobu715/motobu-ch%C5%8Dki-is-tomari-te-1c70d1dc4e2c,
Q721201,Anko Azato,Q41105,Gichin Funakoshi,high,infobox:students | infobox:teacher | text_pattern:taught | wikidata:P1066 | wikidata:P802,
Q722028,Kentsu Yabu,A0012,Juhatsu Kyoda,medium,"book:Cramer, The History of Karate and the Masters Who Made It SECTION 23",
Q722028,Kentsu Yabu,C00232,Kenko Nakaima,high,book:Bishop p.20,
Q722028,Kentsu Yabu,C00319,Shinkin Gima,high,research:http://findingkarate.com/wordpress/shinkin-gima/,
Q722028,Kentsu Yabu,N0176,Kitatsu Kawasaki,medium,"book:Nagamine, Tales of Okinawa's Great Masters PDF PAGE 165",
Q722028,Kentsu Yabu,Q3772405,Kanken Toyama,medium,infobox:students,
Q722028,Kentsu Yabu,Q38585428,Shigeru Nakamura,medium,research:https://www.okinawakenpokarate.com/history.php | research:https://www.usadojo.com/shigeru-nakamura/ | research:https://pelletierskarate.com/about-karate/brief-history-of-okinawa-kenpo/,
Q722028,Kentsu Yabu,W0016,Hisateru Miyagi,high,research:https://ryukyu-bugei.com/?p=7432,
Q723832,Shinken Taira,A0085,Sadaaki Sakagami,high,research:https://www.itosu-ryu.net/soke,
Q723832,Shinken Taira,C00034,Eizo Shimabukuro,medium,research:https://en.wikipedia.org/wiki/Sh%C5%8Dbayashi_Sh%C5%8Drin-ry%C5%AB | research:https://www.ikigaiway.com/in-memoriam-shimabukuro-eizo/,
Q723832,Shinken Taira,C00035,Eisuke Akamine,high,research:https://en.wikipedia.org/wiki/Taira_Shinken | research:https://ryukyu-kobudo.net/eisuke-akamine/ | research:https://www.usadojo.com/eisuke-akamine/,
Q723832,Shinken Taira,C00040,Fumio Nagaishi,high,research:https://ryukyu-bugei.com/?p=5186,
Q723832,Shinken Taira,C00201,Masahiro Nakamoto,high,research:https://www.karatebyjesse.com/gendai-no-bushi-nakamoto-masahiro-pt-1/ | research:https://budojapan.com/guide/post_251/,
Q723832,Shinken Taira,C00211,Katsuhiko Minowa,high,research:https://ryukyu-bugei.com/?p=5186,
Q723832,Shinken Taira,C00440,Ryusho Sakagami,high,research:https://shuriway.com/sakagami.html | research:https://www.itosu-ryu.net/soke,
Q723832,Shinken Taira,J0107,Masakazu Kinjo,medium,research:https://www.d3b.jp/npcolumn/8912,
Q723832,Shinken Taira,Q1473967,Fumio Demura,high,infobox:teacher | research:http://findingkarate.com/wordpress/spotlight-fumio-demura-the-real-mr-miyagi/ | research:https://en.wikipedia.org/wiki/Fumio_Demura | wikidata:P1066 | wikidata:P802,
Q723832,Shinken Taira,Q15987228,Yuchoku Higa,medium,research:https://ja.wikipedia.org/wiki/%E5%B9%B3%E4%BF%A1%E8%B3%A2,
Q723832,Shinken Taira,Q27363,Tatsuo Shimabuku,high,infobox:teacher | research:https://en.wikipedia.org/wiki/Tatsuo_Shimabuku,
Q723832,Shinken Taira,Q6918025,Motokatsu Inoue,high,research:https://en.wikipedia.org/wiki/Motokatsu_Inoue,
Q723832,Shinken Taira,W0008,Takamura Seiko,high,research:https://ryukyu-bugei.com/?p=9238,
Q727360,Kenei Mabuni,A0090,Kenyu Mabuni,high,research:https://shitoryugreece.com/history/kenyu-mabuni?lang=en | research:https://en.wikipedia.org/wiki/Mabuni_Kenei,
Q727360,Kenei Mabuni,A0204,Yasunari Ishimi,high,research:https://en.wikipedia.org/wiki/Yasunari_Ishimi,
Q7350475,Robert Trias,Q5176649,Count Dante,medium,infobox:students,
Q7350475,Robert Trias,Q7924865,Vic Moore,high,wikidata:P802,
Q7446670,Seigi Nakamura,Q5104212,Chokei Kishaba,high,infobox:students | research:https://en.wikipedia.org/wiki/Sh%C5%8Drin-ry%C5%AB_Kishaba_Juku | wikidata:P802,
Q7446670,Seigi Nakamura,Q6378081,Katsuhiko Shinzato,medium,infobox:students | research:https://en.wikipedia.org/wiki/Katsuhiko_Shinzato | research:https://en.wikipedia.org/wiki/Sh%C5%8Drin-ry%C5%AB_Kishaba_Juku,
Q7446670,Seigi Nakamura,Q7827674,Toshihiro Oshiro,medium,infobox:students | infobox:teacher,
Q7446692,Seigo Tada,Q2869852,Atsuko Wakai,medium,infobox:students,
Q7446692,Seigo Tada,Q3272171,Yukari Oshima,low,infobox:students,
Q7446703,Seiichi Iju,Q3482635,Shugoro Nakazato,high,infobox:students | infobox:teacher | research:https://en.wikipedia.org/wiki/Shugoro_Nakazato | wikidata:P1066 | wikidata:P802,
Q7446788,Seiko Fujita,Q16089695,Satoshi Saito,high,infobox:teacher,
Q7446788,Seiko Fujita,Q6753487,Manzo Iwata,high,infobox:teacher | research:https://en.wikipedia.org/wiki/Manzo_Iwata | research:https://www.shuriway.com/manzoiwata.html,
Q7446788,Seiko Fujita,Q6918025,Motokatsu Inoue,high,research:https://en.wikipedia.org/wiki/Motokatsu_Inoue,
Q7446788,Seiko Fujita,Q727360,Kenei Mabuni,medium,infobox:teacher,
Q7447367,Seko Higa,A0123,Tetsuhiro Hokama,high,research:https://www.jissenkarate.com/tetsuhiro-hokama/ | research:https://www.kenshikai.org/hokama-tetsuhiro-hanshi.html | research:https://en.wikipedia.org/wiki/Sek%C5%8D_Higa,
Q7447367,Seko Higa,A0132,Seiko Fukuchi,high,research:https://en.wikipedia.org/wiki/Sek%C5%8D_Higa | research:https://historyandstoriesofgojuryu.blogspot.com/2020/12/dojo-of-seiko-higa-lineage.html,
Q7447367,Seko Higa,A0133,Eiki Kurashita,high,research:https://en.wikipedia.org/wiki/Sek%C5%8D_Higa | research:https://historyandstoriesofgojuryu.blogspot.com/2020/12/dojo-of-seiko-higa-lineage.html,
Q7447367,Seko Higa,A0138,Masanobu Shinjo,medium,research:https://budojapan.com/karate/dm05e/ | research:https://kobukangoju.wordpress.com/history/,
Q7447367,Seko Higa,C00002,Akio Kinjo,high,book:Bishop p.37,
Q7447367,Seko Higa,C00013,Chihan Yohena,high,research:https://ja.wikipedia.org/wiki/%E6%AF%94%E5%98%89%E4%B8%96%E5%B9%B8,
Q7447367,Seko Higa,C00018,Choboku Takamine,high,research:https://en.wikipedia.org/wiki/Sek%C5%8D_Higa,
Q7447367,Seko Higa,C00032,Eikichi Fukumoto,high,research:https://historyandstoriesofgojuryu.blogspot.com/2020/12/dojo-of-seiko-higa-lineage.html,
Q7447367,Seko Higa,C00044,Choyu Kiyuna,high,research:https://en.wikipedia.org/wiki/Sek%C5%8D_Higa,
Q7447367,Seko Higa,C00081,Hisao Aizawa,high,book:Bishop p.37,
Q7447367,Seko Higa,C00101,Juei Tamaki,high,research:https://en.wikipedia.org/wiki/Sek%C5%8D_Higa,
Q7447367,Seko Higa,C00130,Hoshu Taira,high,book:Bishop p.37,
Q7447367,Seko Higa,C00176,Kanbun Izumigawa,high,book:Bishop p.37,
Q7447367,Seko Higa,C00230,Kenjiro Chiba,high,book:Bishop p.37,
Q7447367,Seko Higa,C00232,Kenko Nakaima,high,book:Bishop p.37,
Q7447367,Seko Higa,C00238,Noboru Amakawa,high,book:Bishop p.37,
Q7447367,Seko Higa,C00272,Seigoro Koizumi,high,book:Bishop p.37,
Q7447367,Seko Higa,C00279,Seiki Arakaki,high,book:Bishop p.59,
Q7447367,Seko Higa,C00284,Koki Sunabe,high,book:Bishop p.37,
Q7447367,Seko Higa,C00286,Komei Akamine,high,book:Bishop p.37,
Q7447367,Seko Higa,C00322,Mamoru Oshiro,high,book:Bishop p.37,
Q7447367,Seko Higa,C00475,Seikichi Higa,high,research:https://en.wikipedia.org/wiki/Sek%C5%8D_Higa | research:https://www.shuriway.com/seiko-higa.html,
Q7447367,Seko Higa,C00505,Shigemitsu Morine,high,book:Bishop p.37,
Q7447367,Seko Higa,C00586,Teruo Hayashi,low,research:https://www.internationalshitoryu.com/aboutus/organization-chart/hayashi-teruo/,
Q7447367,Seko Higa,C00658,Yoshinobu Sugai,high,book:Bishop p.37,
Q7447367,Seko Higa,C00665,Yuki Morobashi,high,book:Bishop p.37,
Q7447367,Seko Higa,C00668,Yusho Higa,high,book:Bishop p.37,
Q7447367,Seko Higa,J0002,Seitoku Matayoshi,medium,research:https://en.wikipedia.org/wiki/Sek%C5%8D_Higa,
Q7447367,Seko Higa,J0011,Seiei Nakaza,medium,research:https://www.kiyobukan.com/about-us/hanshi-judan-nakaza-seiei,
Q7447367,Seko Higa,J0021,Seikō Kina,medium,research:https://xn--dsseldorf-karate-jzb.de/kata-seisan/ (after WWII one of the senior students at Higa Seiko's Itoman dojo),
Q7447367,Seko Higa,J0024,Ishimine Chōshin,medium,"research:https://ryukyu-bugei.com/?p=6892 and https://yamada-san.blogspot.com/2007/12/oral-history-about-kanryo-higaonna.html (first-rate disciple of Higa Seiko, devoted his youth to training under him)",
Q7447367,Seko Higa,J0039,Yoshitsune Senaga,medium,research:http://karate-k.ru/yoshitsune-senaga-1,
Q7447367,Seko Higa,Q16006586,Kanki Izumigawa,high,infobox:students | research:https://en.wikipedia.org/wiki/Kanki_Izumigawa | research:https://en.wikipedia.org/wiki/Sek%C5%8D_Higa,
Q7447367,Seko Higa,Q1908090,Shinpo Matayoshi,high,book:Bishop p.37,
Q7447367,Seko Higa,Q3954660,Seikichi Toguchi,high,research:https://en.wikipedia.org/wiki/Sek%C5%8D_Higa | text_context:teacher_keyword,
Q7447367,Seko Higa,Q7446702,Seiichi Akamine,high,research:https://ja.wikipedia.org/wiki/%E8%B5%A4%E5%B6%BA%E8%AA%A0%E4%B8%80,
Q7677484,Takayoshi Nagamine,A0061,Joseph Carbonara,low,research:https://srkdi.org/shorin-ryu-history-1 | research:https://ecbbacademy.com/about-owner.html,
Q7677484,Takayoshi Nagamine,A0062,Jerry Figgiani,low,research:https://ecbbacademy.com/about-owner.html,
Q780966,Seiji Isobe,A0146,Glaube Feitosa,high,research:https://en.wikipedia.org/wiki/Seiji_Isobe | research:https://en.wikipedia.org/wiki/Glaube_Feitosa,
Q780966,Seiji Isobe,A0147,Ewerton Teixeira,high,research:https://en.wikipedia.org/wiki/Seiji_Isobe,
Q780966,Seiji Isobe,J0183,Ademir da Costa,high,research:https://ja.wikipedia.org/wiki/%E3%82%A2%E3%83%87%E3%83%9F%E3%83%BC%E3%83%AB%E3%83%BB%E3%83%80%E3%83%BB%E3%82%B3%E3%82%B9%E3%82%BF,
Q780966,Seiji Isobe,Q3081845,Francisco Filho,high,research:https://en.wikipedia.org/wiki/Seiji_Isobe | research:http://findingkarate.com/wordpress/francisco-filho/,
Q8014128,William Kwai Sun Chow,A0230,Adriano Emperado,high,research:https://en.wikipedia.org/wiki/Adriano_Directo_Emperado | research:https://www.kajukenbo.com/directory/sijo-adriano-emperado,
Q8014128,William Kwai Sun Chow,Q653633,Ed Parker,high,infobox:teacher | wikidata:P1066,
Q8031976,Wong Chung-Yoh,Q542989,Chatan Yara,medium,wikidata:P1066,
Q9096235,Won Kuk Lee,A0001,Hwang Kee,low,research:https://en.wikipedia.org/wiki/Hwang_Kee | research:https://fightingarts.com/storming-the-fortress-a-history-of-taekwondo-part-four/,
Q9096235,Won Kuk Lee,A0003,Nam Tae-hi,high,research:https://en.wikipedia.org/wiki/Nam_Tae-hi,
Q9096235,Won Kuk Lee,A0150,Son Duk-sung (Duk Sung Son),high,research:https://en.wikipedia.org/wiki/Son_Duk-sung | research:https://www.kidokwan.org/korean-martial-art-kwans/chung-do-kwan-%EC%B2%AD%EB%8F%84%EA%B4%80-%E9%9D%92%E6%BF%A4%E9%A4%A8/grandmaster-duk-sung-sons-korean-karate-part-1/,
Q9096235,Won Kuk Lee,A0156,Uhm Woon-kyu,high,research:https://en.wikipedia.org/wiki/Chung_Do_Kwan | research:http://www.taekwondo-training.com/chung-do-kwan/grand-master-uhm-woon-kyu,
Q9096235,Won Kuk Lee,A0173,Lee Yong-woo,high,research:https://en.wikipedia.org/wiki/Won_Kuk_Lee | research:https://en.wikipedia.org/wiki/Kwan_(martial_arts),
Q9096235,Won Kuk Lee,J0154,Yoo Eung-jun,high,research:https://m.cafe.daum.net/tsa./IqRR/10,
Q9096235,Won Kuk Lee,J0155,Kang Suh-chong,high,research:https://m.cafe.daum.net/tsa./IqRR/10,
Q9096235,Won Kuk Lee,J0156,Hyun Jong-myun,high,research:https://m.cafe.daum.net/tsa./IqRR/10,
Q9096235,Won Kuk Lee,J0157,Ko Jae-chun,medium,research:https://m.cafe.daum.net/tsa./IqRR/10,
Q9096235,Won Kuk Lee,J0158,Woo Jong-lim,medium,research:https://m.cafe.daum.net/tsa./IqRR/10,
Q9096235,Won Kuk Lee,J0159,Baek Joon-ki,medium,research:https://m.cafe.daum.net/tsa./IqRR/10,
Q9096235,Won Kuk Lee,J0160,Kim Suk-kyu,medium,research:https://m.cafe.daum.net/tsa./IqRR/10,
Q9096235,Won Kuk Lee,J0161,Kwak Kuen-sik,medium,research:https://m.cafe.daum.net/tsa./IqRR/10,
Q9096235,Won Kuk Lee,J0162,Chung Yong-taek,high,research:https://en.wikipedia.org/wiki/Chung_Do_Kwan,
Q9096235,Won Kuk Lee,J0163,Park Hae-man,medium,research:https://en.wikipedia.org/wiki/Chung_Do_Kwan,
Q9096235,Won Kuk Lee,Q1046410,Jhoon Rhee,low,research:https://arlingtonkicks.com/the-jhoon-rhee-story-part-two/ | research:https://en.wikipedia.org/wiki/Jhoon_Rhee,
Q912181,Nicholas Pettas,Q6426232,Koichi Pettas,high,infobox:students | research:https://en.wikipedia.org/wiki/Koichi_Pettas | research:https://en.wikipedia.org/wiki/Nicholas_Pettas | wikidata:P802,
Q912181,Nicholas Pettas,Q64929894,Leona Pettas,high,infobox:students,
Q919033,Hideyuki Ashihara,Q2636225,Kazuyoshi Ishii,high,infobox:students | research:https://en.wikipedia.org/wiki/Hideyuki_Ashihara | wikidata:P802,
Q919033,Hideyuki Ashihara,Q562887,Joko Ninomiya,high,infobox:students | infobox:teacher | research:https://en.wikipedia.org/wiki/Hideyuki_Ashihara | research:https://en.wikipedia.org/wiki/Joko_Ninomiya | wikidata:P1066 | wikidata:P802,
Q920672,Hatsuo Royama,Q11472844,Hiroto Okazaki,high,text_context:student_keyword,
Q920672,Hatsuo Royama,Q2664662,Shokei Matsui,high,research:https://ja.wikipedia.org/wiki/松井章圭,
Q921673,Kanga Sakukawa,A0018,Tachimura no Peichin,low,research:https://azpracticalkarate.com/2020/12/kishimotodi-revisited.html | research:https://blackbeltwiki.com/kishimotodi | research:https://en.wikipedia.org/wiki/Sakugawa_Kanga | research:https://ilpracticalkarate.com/kishimotodi | research:https://www.karateobsession.com/2020/12/kishimotodi-revisited.html,
Q921673,Kanga Sakukawa,A0125,Umikana Chinen,high,research:https://en.wikipedia.org/wiki/Yamanni_ryu,
Q921673,Kanga Sakukawa,C00026,Choken Makabe,low,research:https://worldbudokan.com/worlbudokanhome/articles-2/sokon-matsumura/ | research:https://mastinkarate.com/wp-content/uploads/2009/10/Timeline1.pdf,
Q921673,Kanga Sakukawa,Q715769,Sokon Matsumura,high,infobox:students | infobox:teacher | research:https://en.wikipedia.org/wiki/Matsumura_S%C5%8Dkon | research:https://worldbudokan.com/worlbudokanhome/articles-2/sokon-matsumura/ | wikidata:P802,
Q954330,Ryu Ryu Ko,C00244,Norisato Nakaima,high,research:https://en.wikipedia.org/wiki/Ry%C5%ABei-ry%C5%AB,
Q954330,Ryu Ryu Ko,C00252,Kitoku Sakiyama,high,research:https://en.wikipedia.org/wiki/Ry%C5%AB_Ry%C5%AB_Ko,
Q954330,Ryu Ryu Ko,C00427,Ranho Maezato,medium,research:https://en.wikipedia.org/wiki/Ry%C5%AB_Ry%C5%AB_Ko,
Q954330,Ryu Ryu Ko,C00564,Taitei Kojo,medium,research:https://en.wikipedia.org/wiki/Ry%C5%AB_Ry%C5%AB_Ko | research:https://koshinkan.org/478-2/,
Q954330,Ryu Ryu Ko,C00605,Tokusaburo Matsuda,low,research:https://en.wikipedia.org/wiki/Ry%C5%AB_Ry%C5%AB_Ko | research:https://medium.com/@motobu715/matsuda-tokusabur%C5%8D-e2bed486d39a,
Q954330,Ryu Ryu Ko,C00639,Wai Shin Zan,medium,book:Bishop p.193,
Q954330,Ryu Ryu Ko,Q584466,Seisho Arakaki,high,infobox:students | infobox:teacher | wikidata:P1066 | wikidata:P802,
Q954330,Ryu Ryu Ko,Q699236,Kanryo Higaonna,high,infobox:students | infobox:teacher | wikidata:P1066 | wikidata:P802,
Q97666381,Tatsuo Suzuki,A0098,Masafumi Shiomitsu,low,research:http://findingkarate.com/wordpress/spotlight-masafumi-shiomitsu-the-hard-man-of-wado-ryu/ | research:https://fr.wikipedia.org/wiki/Masafumi_Shiomitsu,
Q97666381,Tatsuo Suzuki,A0099,Jon Wicks,high,research:https://www.wikf.com/about_wikf.php | research:https://su-ha-ri-wadoryukarate.co.uk/sensei-jon-wicks/,
Q97666381,Tatsuo Suzuki,Q7800728,Ticky Donovan,high,research:https://en.wikipedia.org/wiki/Tatsuo_Suzuki_(martial_artist) | wikidata:P1066,
Q99517310,Chofu Kyan,N0054,Chohitsu Kyan,high,"book:Cramer, The History of Karate and the Masters Who Made It SECTION 19",
Q99517310,Chofu Kyan,Q2393877,Chotoku Kyan,high,wikidata:P1066,
W0002,Hiroshi Kinjo,A0152,Yun Kwae-byung,medium,research:https://ja.wikipedia.org/wiki/錬武舘,
W0002,Hiroshi Kinjo,J0074,Norio Nakamura,medium,research:https://ja.wikipedia.org/wiki/韓武舘,
W0012,Fukuhara Chosei,A0220,Naoki Motobu,high,research:https://medium.com/@motobu715/self-introduction-9c4fb4e44e5a,
W0015,Bushi Nagahama,Q527422,Anko Itosu,high,research:https://ryukyu-bugei.com/?p=4123,
W0019,Marukawa Kenji,A0028,Chosei Motobu,high,research:https://medium.com/@motobu715/motobu-ch%C5%8Dkis-kata-0d96d24afd6e,
W0021,Ganeku Shinko,C00034,Eizo Shimabukuro,high,research:http://web.archive.org/web/20240225020323/https://ryukyu-bugei.com/?p=5016,
W0025,Chotoku Maeshiro,C00201,Masahiro Nakamoto,high,research:https://ryukyu-bugei.com/?p=3954,
W0025,Chotoku Maeshiro,W0002,Hiroshi Kinjo,high,research:https://ja.wikipedia.org/wiki/%E9%87%91%E5%9F%8E%E8%A3%95,
