kind,what,reason,override_file
drop_non_person,"Akamine (Q21491858, other)","[panel, high confidence] Wikidata Q21491858 is the family-name item 'Akamine' (a surname record with phonetic codes), not a person; the birth year 1962 is spurious. If a kobudo Akamine (Eisuke or Hiroshi, Ryukyu Kobudo Shimbukan) is needed, that must be a separate correctly linked node. Remove this artefact.",node_verdicts.csv
drop_non_person,"American Kenpo (Q525270, concept)","American Kenpo is a martial art style (Ed Parker's system), not a person; 'birth' 2015 is nonsense for a human and confirms a style/article entity.",node_verdicts.csv
drop_non_person,"Battle of Okinawa (Q192660, event)","1945 Second World War battle; leaked via Okinawan karate history context, not a person.",node_verdicts.csv
drop_non_person,"Bobby Lowe (Q4935308, wrong_entity)","Wikidata-verified as Robert Lincoln ""Link"" Lowe (1865-1951), American baseball player wrongly matched; the karateka Bobby Lowe is Q221797, which already carries the Mas Oyama edge.",node_verdicts.csv
drop_non_person,"Bojutsu (Q961126, technique)","Japanese/Okinawan staff fighting art, a discipline not a person",node_verdicts.csv
drop_non_person,"Bringing Up Baby (Q179743, media)","1938 American screwball comedy film, not a martial artist",node_verdicts.csv
drop_non_person,"Camp Zama (Q3274794, place)","US Army post in Kanagawa, Japan; venue where servicemen trained, not a person.",node_verdicts.csv
drop_non_person,"Campbell (Q226474, wrong_entity)","[entity audit] Q226474 is a Wikimedia disambiguation page for the surname/given name 'Campbell', not a person, with no martial-arts content. The dataset dates 1870-1938 cannot be attributed to any identifiable karate or taekwondo figure named only 'Campbell'; a bare surname",node_verdicts.csv
drop_non_person,"Caucasian race (Q7129609, concept)",Obsolete anthropological classification; birth year 3589 is spurious. Not a person.,node_verdicts.csv
drop_non_person,"Chatan (Q1351759, place)","Town in Okinawa (home of Chatan Yara, but this entity is the place)",node_verdicts.csv
drop_non_person,"Chinto (Q1493578, kata)","Chinto is a Shuri-te/Tomari-te lineage kata (named after the shipwrecked Chinese sailor); this QID is the kata article, not the semi-legendary man.",node_verdicts.csv
drop_non_person,"Chubu Shorin (C00046, organisation)","'Central (Chubu) Shorin[-ryu]' style/branch fragment, not a person",node_verdicts.csv
drop_non_person,"David Scot (Q18783605, wrong_entity)","[entity audit] Q18783605 is David Scot (c. 1770-1834), a Scottish orientalist and writer; the dataset dates match him exactly. Wikidata records no martial-arts connection whatsoever, and no karateka named David Scot exists in any lineage source consulted. A 1770-1834 Scottis",node_verdicts.csv
drop_non_person,"Enlightened Spirit (C00054, concept)","English translation of a term/dojo name, not a person",node_verdicts.csv
drop_non_person,"Expo 67 (Q1344988, event)","1967 Montreal world's fair, not a person",node_verdicts.csv
drop_non_person,"Eyed Toguchi (C00056, other)",Broken fragment of the nickname 'One-Eyed Toguchi' (see C00404); artefact,node_verdicts.csv
drop_non_person,"Free Sparring (C00059, concept)","Training concept (jiyu kumite), not a person",node_verdicts.csv
drop_non_person,"Fujian (Q41705, place)","Fujian is the Chinese province (origin region of White Crane and other karate antecedents), not a person; Q41705 is the province and the birth year '0229' is nonsense. Leaked into the person table as a lineage antecedent.",node_verdicts.csv
drop_non_person,"Fukien Shaolin (C00060, place)","Fujian Shaolin temple/tradition (Chinese antecedent of Okinawan karate), not a person",node_verdicts.csv
drop_non_person,"Fukyu Ichi (C00061, kata)","Kata name (Fukyugata Ichi, Nagamine/Miyagi beginner kata), not a person",node_verdicts.csv
drop_non_person,"Fuzhou (Q68481, place)",Chinese city in Fujian (cradle of White Crane antecedents but a place); birth 2262 is nonsense,node_verdicts.csv
drop_non_person,"Gabi Haka (C00067, other)","[panel, medium confidence] No attestation in any karate/kobudo lineage source found by web search, and neither token is a plausible Japanese/Okinawan surname ('haka' = grave, 'gabi' matches no Okinawan name or nickname pattern). Reads as scrape garbage rather than a truncated real name.",node_verdicts.csv
drop_non_person,"Gekisai Ichi (C00070, kata)","Kata name (Gekisai Dai Ichi, Goju-Ryu), not a person",node_verdicts.csv
drop_non_person,"Ginowan City (C00082, place)","Okinawan city, not a person",node_verdicts.csv
drop_non_person,"Great Britain (Q23666, place)","Q23666 is the island of Great Britain; 'birth' 2012 and 'death' 1625 are nonsense. A place, not a martial artist.",node_verdicts.csv
drop_non_person,"Guan Xiu (Q3118758, out_of_scope)","Tang/Song-dynasty Zen figure, out of scope for the karate lineage. Removed per Ahmad, 2026-07-09.",node_verdicts.csv
drop_non_person,"Hakutsuru Kamae (C00090, technique)","White Crane posture/stance (kamae), a technique term, not a person",node_verdicts.csv
drop_non_person,"Heiwa Road (C00096, place)","Heiwa-dori street in Naha, a place, not a person",node_verdicts.csv
drop_non_person,"Henry Cook (Q11755899, wrong_entity)","[entity audit] Q11755899 is not a person at all: it is a Wikimedia disambiguation page for the name 'Henry Cook'. The dataset dates 1886-1939 match no documented karateka. The only notable karate figure with this name is Harry Cook (born Henry Wilson Cook, 1949), the British",node_verdicts.csv
drop_non_person,"Henry Liu (Q10899651, wrong_entity)","[entity audit] Wikidata Q10899651 with dates 1932-1984 is Henry Liu (Liu Yiliang / 'Jiang Nan'), the Taiwanese-American journalist assassinated in Daly City in 1984. He was a writer, not a martial artist. Web search finds no notable karateka named Henry Liu (only a child tou",node_verdicts.csv
drop_non_person,"Hideo Yamamoto (Q605735, wrong_entity)","Wikidata-verified as the manga artist Hideo Yamamoto (b. 1968, Ichi the Killer) wrongly matched; the karateka is Q15987804, which already carries the Masatoshi Nakayama edge.",node_verdicts.csv
drop_non_person,"Higashi Machi (C00109, place)","Higashimachi district of Naha, a place, not a person",node_verdicts.csv
drop_non_person,"Hija Bridge (C00110, place)","Hija bridge in Okinawa, a place, not a person",node_verdicts.csv
drop_non_person,"Hirara (Q714329, place)","Hirara is a former city on Miyako Island, Okinawa (merged into Miyakojima 2005); 'birth' 2006 is an administrative date, not a lifespan.",node_verdicts.csv
drop_non_person,"Hiroshi Shima (Q11476774, other)","[panel, high confidence] Wrong entity: Wikidata Q11476774 is Hiroshi Shima (Shima Hiroshi, 1918-2003), a Japanese novelist from Kagawa Prefecture; dates match the node exactly. No karateka of this identity exists; 'Te' tag is scrape noise. Remove.",node_verdicts.csv
drop_non_person,"His Sanchin (C00125, other)",Prose fragment referencing the Sanchin kata ('his Sanchin'); extraction artefact,node_verdicts.csv
drop_non_person,"Hoa Funsai (C00126, other)","[panel, low confidence] Zero web presence in karate lineage sources; 'funsai' is the ordinary Japanese noun for pulverisation and 'Hoa' is not a Japanese/Okinawan/Chinese surname romanisation. Does not match any known Chinese antecedent figure (Ason, Iwah, Waishinzan, Anan etc.); most likely a garbled fragment. Low confidence only because a badly romanised Chinese name cannot be fully excluded.",node_verdicts.csv
drop_non_person,"Honan Chuan (C00127, other)","Chinese boxing style (Henan quan), not a person",node_verdicts.csv
drop_non_person,"Horizontal White (C00128, other)",Prose fragment (likely describing a belt or crane technique); artefact,node_verdicts.csv
drop_non_person,"Huineng (Q345012, out_of_scope)","Tang/Song-dynasty Zen figure, out of scope for the karate lineage. Removed per Ahmad, 2026-07-09.",node_verdicts.csv
drop_non_person,"Hung Chia (C00132, other)","Chinese style (Hung Gar / Hongjia quan), not a person",node_verdicts.csv
drop_non_person,"Ichi Elementary (C00134, place)","School name fragment ('...Dai Ichi Elementary'), not a person",node_verdicts.csv
drop_non_person,"Inside Nakazato (C00138, other)",Prose fragment ('inside Nakazato['s dojo]'); artefact,node_verdicts.csv
drop_non_person,"Itoman High (C00144, place)","Itoman High School, not a person",node_verdicts.csv
drop_non_person,"Japan (Q17, place)",Country; Q17 is the Wikidata item for Japan,node_verdicts.csv
drop_non_person,"Jerry Bell (Q6183244, wrong_entity)","[entity audit] Q6183244 is a Wikimedia disambiguation page; the dataset birth 1959 belongs to Jerry Bell the American football tight end listed there. The intended person is 'Jerry Bell (karate)', an American singer-karateka whose English Wikipedia article was deleted and no",node_verdicts.csv
drop_non_person,"Jesus Martinez (Q1126552, other)","[panel, high confidence] Wikidata Q1126552 is a Wikimedia disambiguation page for the common name Jesus Martinez, not any individual; the 1934-2025 dates were spuriously attached. Pure scrape artefact with only the generic 'Te' tag. Remove.",node_verdicts.csv
drop_non_person,"Jinpu Kamae (C00149, technique)","Kamae = stance/posture; technique term, not a person",node_verdicts.csv
drop_non_person,"Jizen (C00157, other)","[panel, low confidence] Single token with no surname; not a recognisable karateka in any lineage source. 'Jizen' is an ordinary Japanese word (charity) and may be a garbled kata name (Jion) or prose fragment. No basis to reconstruct a person from it.",node_verdicts.csv
drop_non_person,"Jumonji Kamae (C00164, technique)","Cross-shaped stance (jumonji kamae), a technique, not a person",node_verdicts.csv
drop_non_person,"Kadena Air (C00169, place)","Fragment of 'Kadena Air Base', not a person",node_verdicts.csv
drop_non_person,"Kadena Teachers (C00170, organisation)","Fragment of a Kadena teachers' school/institution, not a person",node_verdicts.csv
drop_non_person,"Kanagawa Prefecture (Q127513, place)",Japanese prefecture; the 2024 'birth' year is spurious.,node_verdicts.csv
drop_non_person,"Kata guruma (Q128059, technique)",Judo shoulder-wheel throw; the 2022 'birth' year is spurious.,node_verdicts.csv
drop_non_person,"Kenkyu Sho (C00234, organisation)","Kenkyusho = research institute (Karate Kenkyusho), not a person",node_verdicts.csv
drop_non_person,"Kenpo Haku (C00235, media)","Kenpo Hakku, the eight precepts poem from the Bubishi, not a person",node_verdicts.csv
drop_non_person,"Kumamoto (Q199889, place)","Kumamoto is a Japanese city/prefecture; 'death' 1611 is a historical date (likely Kato Kiyomasa era), not a lifespan.",node_verdicts.csv
drop_non_person,"Kumejima (Q1206086, place)","Island/town in Okinawa Prefecture, not a person.",node_verdicts.csv
drop_non_person,"Kunyonto Order (C00308, concept)","Award: Kun Yonto = Order of the Sacred Treasure 4th class, not a person",node_verdicts.csv
drop_non_person,"Kuroshio Current (Q53842, other)","The Kuroshio is an ocean current in the western Pacific, a geographic/oceanographic feature; 1476-2007 are not human dates.",node_verdicts.csv
drop_non_person,"Kusanku Dai (C00309, kata)","Kata name (Kusanku Dai), not a person",node_verdicts.csv
drop_non_person,"Kusanku Sho (C00310, kata)","Kata name (Kusanku Sho), not a person",node_verdicts.csv
drop_non_person,"Lohan Chuan (C00313, other)","Chinese style (Luohan quan, Monk Fist boxing), not a person",node_verdicts.csv
drop_non_person,"Los Angeles (Q65, place)","Q65 is the city of Los Angeles (very low QID = major entity); style field contains a newspaper and a college, confirming a city page.",node_verdicts.csv
drop_non_person,"Machado family (Q2074666, other)","Wikidata P31 = family (Q8436): the Machado BJJ family as a group, not an individual; split into individual members if needed",node_verdicts.csv
drop_non_person,"Maekawa (Q21491914, other)","Enwiki 'Maekawa' is a surname/disambiguation page, and this QID range corresponds to a Wikidata family-name entity, not a specific person; the attached 1912-2010 dates indicate a bad merge with an unidentified individual.",node_verdicts.csv
drop_non_person,"Mamori Kama (C00321, other)","[panel, low confidence] Neither token is a surname: 'mamori' is the common noun 'protection/guard' and 'kama' is the sickle weapon (also an Okinawan given name, but a given name alone with a common noun is not a person entry). No attestation in any lineage source; reads as a weapons-text fragment. Low confidence because an Okinawan nickname reading is conceivable.",node_verdicts.csv
drop_non_person,"Marine Base (C00323, place)","US military base reference, not a person",node_verdicts.csv
drop_non_person,"Masanori Ishikawa (Q845437, wrong_entity)","[entity audit] Q845437 is Masanori Ishikawa the Japanese baseball pitcher (born 22 January 1980, Akita; Tokyo Yakult Swallows, 2000 Olympics), matching the dataset's 1980. Searches found no notable karateka named Masanori Ishikawa (only unrelated instructors surnamed Ishikaw",node_verdicts.csv
drop_non_person,"Matsumura Orthodox (C00360, other)","Style name (Matsumura Seito/Orthodox Shorin-ryu), not a person",node_verdicts.csv
drop_non_person,"Montreal (Q340, place)","Canadian city; very low QID typical of major entities, birth 1960 is nonsense",node_verdicts.csv
drop_non_person,"Muqi (Q3048317, out_of_scope)","Tang/Song-dynasty Zen figure, out of scope for the karate lineage. Removed per Ahmad, 2026-07-09.",node_verdicts.csv
drop_non_person,"Nago (Q117604, place)","City in northern Okinawa; the 'Aji Ryukyu' tag reflects Ryukyuan history context, not a person.",node_verdicts.csv
drop_non_person,"Nago High (C00377, place)","Nago High School, not a person",node_verdicts.csv
drop_non_person,"Naha (Q181966, place)","Naha is the capital city of Okinawa (cradle of Naha-te); style field includes a bank and a video game, confirming a city article.",node_verdicts.csv
drop_non_person,"Naha Area (C00378, place)","Geographic descriptor, not a person",node_verdicts.csv
drop_non_person,"Naha Courthouse (C00379, place)","Building in Naha, not a person",node_verdicts.csv
drop_non_person,"Naha Municipal (C00380, place)","Fragment of a Naha municipal institution name, not a person",node_verdicts.csv
drop_non_person,"Naihanchi Ichi (C00381, kata)","Kata name (Naihanchi 1), not a person",node_verdicts.csv
drop_non_person,"Naihanchi Nidan (C00382, kata)","Kata name, not a person",node_verdicts.csv
drop_non_person,"Naihanchi Sandan (C00383, kata)","Kata name, not a person",node_verdicts.csv
drop_non_person,"Naihanchi Shodan (C00384, kata)","Kata name, not a person",node_verdicts.csv
drop_non_person,"Nakahara (Q6960159, other)","Enwiki 'Nakahara' is a surname/place disambiguation page, not a specific person; no dates, no specific style.",node_verdicts.csv
drop_non_person,"Nansoye Shaolin (C00386, other)","Garbled reference to Southern Shaolin, a place/tradition, not a person",node_verdicts.csv
drop_non_person,"New York City (Q60, place)","Q60 is New York City; low-QID major entity, not a person.",node_verdicts.csv
drop_non_person,"New Zealand (Q664, place)",Q664 is the country New Zealand (very low QID = major entity); 'death' 5886 is garbage data.,node_verdicts.csv
drop_non_person,"Niagara Falls (Q128133, place)",Waterfall on the US-Canada border; birth year 4384 is nonsense,node_verdicts.csv
drop_non_person,"Nishihara (Q1206796, place)","Town in Okinawa Prefecture, not a person",node_verdicts.csv
drop_non_person,"Noel Smith (Q16797282, wrong_entity)","[entity audit] Q16797282 is a Wikimedia disambiguation page for 'Noel Smith', not a person; the dataset dates 1895-1955 correspond to no karateka (they fit the American film director Noel M. Smith, 1895-1955, listed on that disambiguation page). The only martial-arts Noel Sm",node_verdicts.csv
drop_non_person,"North America (Q49, place)",Q49 is the continent North America; style field contains 'Basse-Terre'. 'Death' 2004 is garbage.,node_verdicts.csv
drop_non_person,"Nowadays Higa (C00398, other)","Prose fragment ('Nowadays Higa...'); artefact, referent is a Higa",node_verdicts.csv
drop_non_person,"Number One (Q403803, other)","'Number One' is a disambiguation/concept page (likely scraped from a ranking or nickname phrase), not a person; no dates.",node_verdicts.csv
drop_non_person,"Okinawa (Q328615, place)","Okinawa City (formerly Koza), a municipality in Okinawa Prefecture; style field contains US military administration entities, confirming a city article.",node_verdicts.csv
drop_non_person,"Okinawa Kenpo (C00401, other)","Style name (Okinawa Kenpo, Nakamura Shigeru lineage), not a person",node_verdicts.csv
drop_non_person,"Okinawa Prefectural (C00402, organisation)","Fragment of a prefectural institution name, not a person",node_verdicts.csv
drop_non_person,"Okinawa Prefecture (Q766445, place)","Japanese prefecture, not a person",node_verdicts.csv
drop_non_person,"Okinawa Shorin (C00403, other)","Style fragment (Okinawa Shorin-ryu), not a person",node_verdicts.csv
drop_non_person,"Oni Bucho (C00405, other)","[panel, low confidence] No attestation anywhere in karate or kobudo lineage sources. 'Oni bucho' is a generic Japanese epithet (demon + section chief, a common workplace trope), not an Okinawan name pattern; nickname-only lineage figures exist (cf. C00404) but this one resolves to no known referent, so treated as a prose/scrape fragment.",node_verdicts.csv
drop_non_person,"Onna Village (C00406, place)","Okinawan village, not a person",node_verdicts.csv
drop_non_person,"Open Freesparring (C00407, concept)","Training/competition concept, not a person",node_verdicts.csv
drop_non_person,"Orthodox Shorin (C00408, other)","Style descriptor fragment (orthodox Shorin-ryu), not a person",node_verdicts.csv
drop_non_person,"Passai Dai (C00410, kata)","Kata name (Passai Dai), not a person",node_verdicts.csv
drop_non_person,"Passai Sho (C00411, kata)","Kata name (Passai Sho), not a person",node_verdicts.csv
drop_non_person,"Pechin (Q1317686, concept)","Social rank/class in the Ryukyu Kingdom, not an individual",node_verdicts.csv
drop_non_person,"Peoples Republic of China (Q148, place)","Country; low QID Q148 is China, years 2016/5886 are nonsense",node_verdicts.csv
drop_non_person,"Pinan (Q1465287, kata)","Pinan is the series of five kata developed by Anko Itosu, taught across Shorin-ryu, Shito-ryu, Shotokan (as Heian) and Wado-ryu; 'birth' 1870 is not a human date.",node_verdicts.csv
drop_non_person,"Pinan Godan (C00412, kata)","Kata name (Pinan Godan), not a person",node_verdicts.csv
drop_non_person,"Pinan Ichi (C00413, kata)","Kata name (Pinan 1), not a person",node_verdicts.csv
drop_non_person,"Pinan Nidan (C00414, kata)","Kata name (Pinan Nidan), not a person",node_verdicts.csv
drop_non_person,"Pinan San (C00415, kata)","Kata name (Pinan 3), not a person",node_verdicts.csv
drop_non_person,"Pinan Sandan (C00416, kata)","Kata name (Pinan Sandan), not a person",node_verdicts.csv
drop_non_person,"Pinan Yon (C00417, kata)","Kata name (Pinan 4), not a person",node_verdicts.csv
drop_non_person,"Pinan Yondan (C00418, kata)","Kata name (Pinan Yondan), not a person",node_verdicts.csv
drop_non_person,"Popularisation Society (C00419, organisation)","Fragment of a karate popularisation society name, not a person",node_verdicts.csv
drop_non_person,"Prefectural Agricultural (C00420, organisation)","Fragment of 'Prefectural Agricultural School' (where Miyagi/Kyan taught), not a person",node_verdicts.csv
drop_non_person,"Prefectural Dai (C00421, organisation)","Fragment of 'Prefectural Dai Ichi Middle School', not a person",node_verdicts.csv
drop_non_person,"Prefectural Education (C00422, organisation)","Fragment of a prefectural education body, not a person",node_verdicts.csv
drop_non_person,"Prefectural Office (C00423, organisation)","Government building/office, not a person",node_verdicts.csv
drop_non_person,"Prefectural Teachers (C00424, organisation)","Fragment of 'Prefectural Teachers College' (Shihan Gakko), not a person",node_verdicts.csv
drop_non_person,"Preservation Society (C00425, organisation)","Fragment of a preservation society name (e.g. Ryukyu Kobudo Hozon Shinkokai), not a person",node_verdicts.csv
drop_non_person,"Prunus mume (Q157763, other)","Prunus mume is the Japanese apricot/plum tree, a plant species; likely leaked via a kung fu 'plum blossom' reference.",node_verdicts.csv
drop_non_person,"Red Beard (Q847709, media)",Red Beard is the 1965 Kurosawa film; the 'Chishu Ryu' style tag is actually the actor Chishu Ryu's name mis-parsed as a ryu (style).,node_verdicts.csv
drop_non_person,"Research Club (C00428, organisation)","Fragment of 'Karate Research Club' (Kenkyukai), not a person",node_verdicts.csv
drop_non_person,"Ryu-te (Q7385615, concept)",Ryu-te is the style founded by Taika Seiyu Oyata; the 1928-2012 dates are Oyata's own lifespan attached to the style entity. The style QID has displaced the man; the person node should be Seiyu Oyata.,node_verdicts.csv
drop_non_person,"Ryukyu Shorin (C00439, other)","Style fragment (Ryukyu Shorin-ryu), not a person",node_verdicts.csv
drop_non_person,"Sacred Treasure (C00445, concept)","Award: Order of the Sacred Treasure, not a person",node_verdicts.csv
drop_non_person,"Sakai (Q193428, place)","Sakai is a city in Osaka Prefecture; no dates, generic style tags.",node_verdicts.csv
drop_non_person,"San Diego (Q16552, place)",San Diego is a US city; 1985-2007 are not human dates for any lineage figure.,node_verdicts.csv
drop_non_person,"Sao Paulo (Q174, place)","Q174 is the city of Sao Paulo, Brazil (very low QID = major entity).",node_verdicts.csv
drop_non_person,"Sazan Kozan (C00452, other)","[panel, medium confidence] Zero attestation as a person in any karate source; only web hits are unrelated Turkish/Albanian toponyms. Neither token works as an Okinawan/Japanese surname or given name; most consistent with garbled kata or place terms (Sesan, Kozan/Kusanku), as the panel suspected.",node_verdicts.csv
drop_non_person,"Schilling Recreation (C00453, place)","Fragment of a recreation centre name on a US base, not a person",node_verdicts.csv
drop_non_person,"Shaolin Mantis (Q3210517, media)","Shaolin Mantis is a 1978 Shaw Brothers kung fu film (wiki URL points to the 1978 film article); a media work, not a person.",node_verdicts.csv
drop_non_person,"Shingo Araki (Q2632773, wrong_entity)","[entity audit] Q2632773 is Shingo Araki (1 Jan 1939 - 1 Dec 2011), the Japanese anime character designer famous for Saint Seiya; the dataset dates match him exactly. He was never a martial artist. Searches find no karateka named Shingo Araki (the only martial-arts 'Araki' hi",node_verdicts.csv
drop_non_person,"Shingo Hayashi (Q105016253, other)","[panel, high confidence] Wrong entity: Wikidata Q105016253 is Shingo Hayashi the Japanese Olympic dressage equestrian (b. 25 Jan 1985, Sapporo), matching the node's 1985 birth year. Not a martial artist; the lone generic 'Te' tag is scrape noise. Remove.",node_verdicts.csv
drop_non_person,"Shingo Hayashi (Q48762989, other)","[panel, high confidence] Same wrong entity as Q105016253: resolves to Shingo Hayashi the Japanese dressage equestrian, b. 25 Jan 1985, Sapporo (2020 Olympics). Not a martial artist; duplicate scrape artefact. Remove.",node_verdicts.csv
drop_non_person,"Shinto Shizen (C00516, concept)","[panel, high confidence] Garbled style name, not a person: Shindo Jinen-ryu (the characters for 'jinen' are also read 'shizen'), the karate style founded by Yasuhiro Konishi. A style-name fragment that leaked into the person list.",node_verdicts.csv
drop_non_person,"Sho Chu (Q1060301, out_of_scope)","[island research] First Sho dynasty king of Ryukyu, not a martial artist; both verifiers concur the pair is out of scope.",node_verdicts.csv
drop_non_person,"Sho Hashi (Q1372130, out_of_scope)","[island research] First Sho dynasty king of Ryukyu, not a martial artist; both verifiers concur the pair is out of scope.",node_verdicts.csv
drop_non_person,"Shorin Kan (C00526, organisation)","Shorinkan, a dojo/association (Nakazato lineage), not a person",node_verdicts.csv
drop_non_person,"Shuri (Q608415, place)","Former Okinawan royal capital (now district of Naha), origin of Shuri-te but a place; birth 1989 is nonsense",node_verdicts.csv
drop_non_person,"Shuri Castle (Q907052, place)","Ryukyuan royal castle in Naha; 1958 is a reconstruction date, not a birth year.",node_verdicts.csv
drop_non_person,"Shuri Dai (C00543, place)","Fragment of a Shuri school name (e.g. Shuri Dai Ichi), not a person",node_verdicts.csv
drop_non_person,"Shuri High (C00544, place)","Shuri High School, not a person",node_verdicts.csv
drop_non_person,"Shuri Jinjo (C00545, place)","Shuri Jinjo (elementary) school, not a person",node_verdicts.csv
drop_non_person,"Siamese Highlands (C00548, place)","Geographic region (Siam/Thailand highlands), not a person",node_verdicts.csv
drop_non_person,"Song Moo Kwan (Q7561025, organisation)","One of the original Korean taekwondo kwans (school founded 1944); the row dates 1919-2015 are those of its founder Ro Byung-jik, confirming the QID is the school, not the man.",node_verdicts.csv
drop_non_person,"Southeast (Q2304626, other)","'Southeast' is a compass-direction disambiguation page; 1920-1924 are stray dates, not a lifespan.",node_verdicts.csv
drop_non_person,"Steve Armstrong (Q6119718, wrong_entity)","[entity audit] Q6119718 is Steve Armstrong the American professional wrestler (born 16 March 1965, son of Bob Armstrong), matching the dataset's 1965 birth; the death 1987 matches nothing and is itself an artefact. The intended karate figure is Steve Armstrong (born 22 Septe",node_verdicts.csv
drop_non_person,"Steve Waters (Q7614246, wrong_entity)","[entity audit] Q7614246 is Steve Waters the British playwright, screenwriter and university teacher, born 1965 in Coventry, which matches the dataset's 1965. He has no martial-arts connection, and searches found no documented karateka named Steve Waters anywhere (Wikipedia's",node_verdicts.csv
drop_non_person,"Ten Senshi (C00357, other)","[panel, low confidence] 'Ten senshi' reads as a prose fragment ('ten warriors/senshi'), not a personal name: no Japanese/Okinawan/Chinese surname present and no attestation in lineage sources. Appears twice in the dataset (C00585), consistent with a repeated scrape artefact rather than a person.",node_verdicts.csv
drop_non_person,"Ten Senshi (C00585, other)","[panel, medium confidence] Duplicate of C00357. 'Ten senshi' parses as Japanese prose ('ten warriors/masters'), not as a surname-plus-given-name in any relevant naming system, and no lineage source attests such a person. Treated as a scraped prose fragment.",node_verdicts.csv
drop_non_person,"The American (Q363025, media)",Wikidata disambiguation page for creative works titled 'The American'; not a person.,node_verdicts.csv
drop_non_person,"The Chibana (C00591, other)",Prose fragment ('the Chibana [lineage/dojo]'); extraction artefact,node_verdicts.csv
drop_non_person,"The Eighteen (C00592, other)",Prose fragment (likely 'the eighteen hands'/Seipai reference); artefact,node_verdicts.csv
drop_non_person,"The Greater (C00593, other)",Prose fragment; extraction artefact,node_verdicts.csv
drop_non_person,"The Kodokan (C00594, organisation)","The Kodokan (judo institution), not a person",node_verdicts.csv
drop_non_person,"The Kushin (C00595, other)",Fragment (likely Kushin-ryu style); not a person,node_verdicts.csv
drop_non_person,"The Matsumura (C00596, other)","Prose fragment ('the Matsumura [lineage]'); artefact, not a distinct person",node_verdicts.csv
drop_non_person,"The Okinawa Times (Q4539628, organisation)","The Okinawa Times is a newspaper, likely scraped because it reported on karate figures.",node_verdicts.csv
drop_non_person,"The Oyadomaris (C00597, other)","Plural family reference ('the Oyadomaris'); prose fragment, not a single person",node_verdicts.csv
drop_non_person,"The Ryukyuan (C00598, other)",Prose fragment; extraction artefact,node_verdicts.csv
drop_non_person,"The Shorin (C00600, other)",Prose fragment ('the Shorin [ryu]'); artefact,node_verdicts.csv
drop_non_person,"The Three (Q124378342, other)",Wikimedia disambiguation page; not a person.,node_verdicts.csv
drop_non_person,"Tode Research (C00602, organisation)","Fragment of 'Tode Kenkyukai' (Tode Research Club), not a person",node_verdicts.csv
drop_non_person,"Tokyo (Q1490, place)","Q1490 is the city of Tokyo; 1868/1943 are the renaming and Tokyo City abolition dates, not lifespan. Low-QID major entity.",node_verdicts.csv
drop_non_person,"Totori Budokan (C00621, place)","Tottori Budokan, a martial arts hall, not a person",node_verdicts.csv
drop_non_person,"Totori City (C00622, place)","Tottori City, Japan; a place, not a person",node_verdicts.csv
drop_non_person,"United States (Q30, place)",Q30 is the country United States; years 2009/8418 are nonsensical for a person. Classic low-QID major entity leak.,node_verdicts.csv
drop_non_person,"Wamp 2 Dem (Q42530280, media)","Mixtape by British rapper Giggs; the 2016 'birth' year is a release-era date, not a person.",node_verdicts.csv
drop_non_person,"Washington State (Q7972225, place)","US state / place-name disambiguation entity, not a person.",node_verdicts.csv
drop_non_person,"West Germany (Q713750, place)",Former country (Federal Republic of Germany); years 1912-1959 are nonsense scrape artefacts,node_verdicts.csv
drop_non_person,"Western culture (Q478958, concept)",Cultural concept; years 0743-1900 are nonsense,node_verdicts.csv
drop_non_person,"Whereas Chokki (C00642, other)","Prose fragment ('Whereas Chokki [Motobu]...'); artefact, referent is Motobu Choki",node_verdicts.csv
drop_non_person,"Whilst Asato (C00643, other)","Prose fragment ('Whilst Asato [Anko]...'); artefact, referent is Asato Anko",node_verdicts.csv
drop_non_person,"White tiger (Q348957, other)","Animal/disambiguation entry for 'white tiger'; likely leaked via a style name or fighter nickname, not a person.",node_verdicts.csv
drop_non_person,"Yamanashi Prefecture (Q132720, place)",Japanese prefecture; birth 2023 is nonsense,node_verdicts.csv
drop_non_person,"Yasunori Matsumoto (Q1192158, wrong_entity)","[entity audit] Q1192158 (b. 7 Feb 1960, matching the dataset) is Yasunori Matsumoto the Japanese voice actor (Chuo University, career from 1987). His Wikipedia article mentions no martial arts (only university cycle racing). The 'kudo' style tag is a scrape artefact (the ent",node_verdicts.csv
drop_non_person,"Yokohama (Q38283, place)",Japanese city; birth 2024 is nonsense,node_verdicts.csv
drop_non_person,"Zen (Q7953, concept)","School of Mahayana Buddhism; very low QID major topic, not a person.",node_verdicts.csv
drop_non_person,"Zenyei OshiroAkio Kinjo (C00673, artefact)",Two names concatenated (Zenyei Oshiro + Akio Kinjo). Dropped; re-add as two separate rows in nodes.csv if wanted.,node_verdicts.csv
drop_non_person,"alcohol (Q47146337, other)","Chemical substance/beverage class, not a person",node_verdicts.csv
drop_non_person,"bo (Q11064618, weapon)","Okinawan staff weapon (bo), Wikidata P31 confirms staff weapon; birth 2015 is nonsense",node_verdicts.csv
drop_non_person,"brothel (Q131295, concept)","Type of establishment, not a person; birth 2020 is nonsense",node_verdicts.csv
drop_non_person,"catch wrestling (Q2408025, concept)",Grappling style as an entity; the 2011 'birth' year is spurious.,node_verdicts.csv
drop_non_person,"dan (Q373498, concept)","Rank/grade concept in martial arts, not a person",node_verdicts.csv
drop_non_person,"dharma transmission (Q1207591, concept)","Zen Buddhist concept of lineage transmission, not a person; birth 2012 is nonsense",node_verdicts.csv
drop_non_person,"firefighters carry (Q1493305, technique)",Fireman's carry lifting/throwing technique; birth year 0112 is spurious.,node_verdicts.csv
drop_non_person,"hapkido (Q200333, other)","Korean martial art (style-as-entity), not a person; birth 2015 is nonsense",node_verdicts.csv
drop_non_person,"kata (Q40795, concept)","Generic concept of kata (forms) in Japanese/Okinawan martial arts, not a person.",node_verdicts.csv
drop_non_person,"kumite (Q932795, concept)","Sparring component of karate training, a practice not a person",node_verdicts.csv
drop_non_person,"marine force (Q1898583, concept)",Entity is the generic 'Marines' concept (type of military force); style field contains 'counter-terrorism'. Not a person.,node_verdicts.csv
drop_non_person,"professional wrestling (Q131359, concept)","Performance combat-sport genre, not a person.",node_verdicts.csv
drop_non_person,"rickshaw (Q182634, other)",Human-pulled vehicle; the 2019 'birth' year is spurious. Not a person.,node_verdicts.csv
drop_non_person,"sai (Q845354, weapon)","The sai, an Okinawan kobudo truncheon weapon (entity may be a Sai disambiguation page); dates 1944/1884 are spurious.",node_verdicts.csv
drop_non_person,"wisdom in Buddhism (Q849649, concept)","Prajna, a Buddhist concept; birth 2012 is nonsense",node_verdicts.csv
edge_addition,Akira Kitagawa -> Masaru Shintani (high),"[branch completion:Wado-ryu spread: Otsuka family; verifier: confirmed] Before Wado-ryu, Shintani trained in Shorin-ryu karate under Akira Kitagawa for about 20 years from the early 1940s, per his Wikipedia biography.",edge_additions.csv
edge_addition,Akira Shiomi -> Atsuko Wakai (low),[wave4:Modern era: mainland Japan + i; verifier: plausible] English Wikipedia names Akira Shiomi (JKF Gojukai Chief Technical Director) as Wakai's primary mentor during her Seigokan Goju-ryu training and competitive career.,edge_additions.csv
edge_addition,Al Tracy -> Jay T Will (high),"[audit:kenpo-hawaii-us; verifier: confirmed] Will's Wikipedia article names Al Tracy (Tracy Kenpo, an early Parker-lineage branch) as his teacher alongside Parker, and Tracy promoted Will to 8th degree black belt. Missing teacher (see new_people).",edge_additions.csv
edge_addition,An'ichi Miyagi -> Morio Higaonna (high),[lineage completion:Chojun Miyagi's complete Goju-; verifier: confirmed] Wikipedia: Higaonna began under An'ichi Miyagi at the garden dojo in 1954-55 and recognises him as his first and main instructor in Goju-ryu; An'ichi remained his advisor until 2009.,edge_additions.csv
edge_addition,Anan -> Kokan Oyadomari (low),"[branch completion:general-10th-dan-and-pioneer-s; verifier: confirmed] Oyadomari's Wikipedia biography records him as a disciple of Annan, the Chinese castaway who took refuge near Tomari; traditional single-strand lineage claim.",edge_additions.csv
edge_addition,Anan -> Kosaku Matsumora (low),"[branch completion:general-10th-dan-and-pioneer-s; verifier: plausible] Tomari-te tradition holds that Matsumora learned from the shipwrecked Chinese master Anan (Annan) hiding near Tomari, whose teachings shaped the Tomari-te Chinto kata; legendary but consistently transmitted.",edge_additions.csv
edge_addition,Anbun Tokuda -> Horoku Ishikawa (high),"[Bishop, Okinawan Karate; interview] Both present; edge absent (dataset has Shinpan Gusukuma -> Horoku Ishikawa medium). School instructor relationship.",edge_additions.csv
edge_addition,Anbun Tokuda -> Katsuya Miyahira (medium),[kojo-motobu-ryuei:Motobu brothers (Motobu Choyu ; verifier: confirmed] Miyahira's Wikipedia article names Anbun Tokuda as one of his three teachers; verified while confirming the Motobu Choki link and wires this orphan.,edge_additions.csv
edge_addition,Anbun Tokuda -> Yoshihide Shinzato (medium),[audit:shorin-kobayashi; verifier: confirmed] Spanish Wikipedia and Shinshukan history record that Shinzato began karate at age twelve under Anbun Tokuda before joining Chibana's academy.,edge_additions.csv
edge_addition,Andy Sherry -> Terry ONeill (high),"[lineage completion:Shotokan's spread: Funakoshi, ; verifier: confirmed] Both Wikipedia and the KUGB instructor profile state O'Neill's first teacher at the Liverpool Karate Club was Andy Sherry.",edge_additions.csv
edge_addition,Ankichi Arakaki -> Kanken Toyama (low),"[audit:wado-chito-shudokan; verifier: plausible] Replaces the dropped wrong-namesake edge: en-wiki names Ankichi Aragaki as Toyama's Tomari-te teacher. Chronology is awkward (Arakaki 1899-1927 was younger than Toyama), so keep at low as reported tradition; do not add if Ankichi Arakaki is",edge_additions.csv
edge_addition,Anko Itosu -> Anbun Tokuda (high),[audit:shorin-kobayashi; verifier: confirmed] The official Motobu-ryu research note documents Tokuda Anbun (one year Chibana's senior) as a mid-to-late-period Itosu disciple who trained roughly 4-5 years under him and assisted Itosu's school teaching in Shuri. Completes the Itosu-Tokud,edge_additions.csv
edge_addition,Anko Itosu -> Chojo Oshiro (medium),"[Bishop, Okinawan Karate; tradition] Both in dataset; edge absent (dataset has Sanda Chinen -> Chojo Oshiro).",edge_additions.csv
edge_addition,Anko Itosu -> Chozo Nakama (high),"[Bishop, Okinawan Karate; interview] Both in dataset; no edge (Nakama has edges from Hanashiro, Chibana and Choki Motobu but not Itosu). First-person interview claim.",edge_additions.csv
edge_addition,Anko Itosu -> Jiro Shiroma (medium),"[Bishop, Okinawan Karate; tradition] Both in dataset; no edge.",edge_additions.csv
edge_addition,Anko Itosu -> Makoto Gima (medium),[audit:shotokan; verifier: confirmed] Gima began karate in 1912 under Itosu and Yabu at the Okinawa Teachers' College; the Yabu edge exists but the parallel Itosu edge is missing.,edge_additions.csv
edge_addition,Anko Itosu -> Moden Yabiku (high),"[lineage completion:Kobudo lines: Taira Shinken / ; verifier: confirmed] Yabiku studied karate under Itosu Anko; standard, consistently reported lineage of the Ryukyu Kobujutsu Kenkyukai founder.",edge_additions.csv
edge_addition,Anko Itosu -> Motobu Choki (high),[kojo-motobu-ryuei:Motobu brothers (Motobu Choyu ; verifier: confirmed] Itosu taught Choki for seven to eight years (Naihanchi and Channan kata); in 1881 Choyu invited Itosu to the Motobu palace where both brothers learned from him.,edge_additions.csv
edge_addition,Anko Itosu -> Motobu Choyu (high),"[kojo-motobu-ryuei:Motobu brothers (Motobu Choyu ; verifier: confirmed] In 1881 Choyu invited Itosu to the Motobu Udun palace, where he and Choki learned karate from him.",edge_additions.csv
edge_addition,Anko Itosu -> Shigeru Nakamura (high),"[lineage completion:Early masters' full connectivi; verifier: confirmed] Official Okinawa Kenpo history: 'In 1906, he learned karate from Anko Itosu, Kentsu Yabu, and Chomo Hanashiro at Okinawa Prefectural Icchu Middle school'. Clearly documented school instruction.",edge_additions.csv
edge_addition,Anko Itosu -> Shinpan Gusukuma (high),[branch completion:Shito-ryu schools (Mabuni line; verifier: confirmed] Wikipedia: Gusukuma began training under Anko Itosu at age thirteen (1903).,edge_additions.csv
edge_addition,Annan -> Shiroma of Tomari (high),"[Bishop, Okinawan Karate; interview] Teacher matched to 'Annan' (Q251784). The early Tomari-te Shiroma/Gusukuma of Tomari is missing from the dataset (Shinpan Gusukuma 1890-1954 is too late to be t",edge_additions.csv
edge_addition,Ansei Ueshiro -> Frank Grant (high),"[branch completion:Matsubayashi-ryu (Shoshin Naga; verifier: confirmed] After Ueshiro arrived in 1962 under Wax's sponsorship, Grant trained under Ueshiro, who promoted him to shodan in June 1963.",edge_additions.csv
edge_addition,Ansei Ueshiro -> Robert Scaglione (high),"[branch completion:Matsubayashi-ryu (Shoshin Naga; verifier: confirmed] Scaglione was a black belt under Ueshiro, opened the Manhattan honbu dojo at Ueshiro's request in 1977, and was hand-picked by Ueshiro to head Ueshiro Shorin-Ryu Karate USA (Hanshi, 10th dan) after his death in 2002.",edge_additions.csv
edge_addition,Ansei Ueshiro -> Terry Maccarrone (low),[branch completion:Matsubayashi-ryu (Shoshin Naga; verifier: plausible] Maccarrone was a shihan within Ueshiro's Shorin-Ryu Karate USA organisation running the Hegashi dojo under Ueshiro's system; reported across SRKUSA histories.,edge_additions.csv
edge_addition,Ason -> Kitoku Sakiyama (low),"[lineage completion:Early masters' full connectivi; verifier: plausible] Asato (via Funakoshi, 1914) names 'Sakiyama' of Naha among the Chinese attache Ason's disciples; Okinawa Kenpo histories say Sakiyama Kitoku of Naha first studied under a Chinese military officer stationed in Okinawa. Identifying that Sakiyama with K",edge_additions.csv
edge_addition,Ason -> Kokan Oyadomari (low),"[lineage completion:Early masters' full connectivi; verifier: plausible] Single consulted source lists Ason among Oyadomari's teachers alongside Anan; the Tomari tradition of Chinese teachers is credible but thinly and inconsistently attributed, so low.",edge_additions.csv
edge_addition,Ason -> Matsumura Sokon (low),"[lineage completion:Early masters' full connectivi; verifier: plausible] Some secondary sources say Matsumura 'is thought to have studied with' Ason (Liu Long Gong) alongside Iwah, but Motobu Naoki's research (quoting Asato via Funakoshi, 1914) places Ason's known disciples in Naha (Sakiyama, Nagahama, Tomoyose, Gushi), n",edge_additions.csv
edge_addition,Azad Kazimov -> Fizuli Musayev (high),[island anchor] az-wiki: Musayev began karate 1983 under Azad Kazimov at Burevestnik; NOC profile lists Kazımov Azad as his personal coach,edge_additions.csv
edge_addition,Ch'en Yu-an -> Tung Chin (medium),"[Bishop, Okinawan Karate; tradition] Student matched to Tung Chin (C00634). Teacher Ch'en Yu-an absent from dataset.",edge_additions.csv
edge_addition,Chinen Umikana -> Sanda Chinen (medium),"[branch completion:Kobudo systems: Ryukyu Kobudo ; verifier: confirmed] Koryu-uchinadi: Chinen Sanda was schooled by his uncle Chinen (Andaya Pechin, aka Aburaya Yamagusuku, 1797-1881); Wikipedia places Umikana as the link between Sakugawa and Sanda Chinen.",edge_additions.csv
edge_addition,Chinsaku Kinjo -> Joe Lewis (medium),[lineage completion:Shorin-ryu lines (Chibana Chos; verifier: confirmed] Wikipedia names Chinsaku Kinjo among Lewis's Shorin-ryu teachers on Okinawa alongside Eizo Shimabukuro and Seiyu Oyata.,edge_additions.csv
edge_addition,Choei Motobu -> Chotoku Inohama (low),"[wave4:Japanese-language sweep: Okina; verifier: plausible] Per the Motobu Udun genealogy, 6th head Choei was succeeded by 7th head Inohama Aji Chotoku; udundi transmission followed the headship by tradition. Inohama Chotoku proposed as new bridging person.",edge_additions.csv
edge_addition,Chogi Kishaba -> Kiyoshi Nishime (high),"[branch completion:Kobudo systems: Ryukyu Kobudo ; verifier: confirmed] Nishime, Kishaba's student sent to the US in 1979, co-founded the RBKD and is its current US director/chief instructor (9th dan).",edge_additions.csv
edge_addition,Chogi Kishaba -> Toshihiro Oshiro (high),[branch completion:Kobudo systems: Ryukyu Kobudo ; verifier: confirmed] Kishaba sent his student Toshihiro Oshiro to the US in 1979; Oshiro co-founded the RBKD (1985) to spread Yamanni-ryu in the West.,edge_additions.csv
edge_addition,Choi Hong-hi -> Choi Chang-keun (low),"[wave4:Korean-language sweep: taekwon; verifier: confirmed] One of the twelve original masters; worked directly under Choi Hong-hi from 1961 helping create the Chang Hon patterns. His named army instructors (Hong, Kim, Lim Woo-jong) are otherwise undocumented, so the edge to Choi reflects his documented ITF f",edge_additions.csv
edge_addition,Choi Hong-hi -> Kong Young-il (high),[wave4:Korean-language sweep: taekwon; verifier: confirmed] Wikipedia states explicitly that Kong trained in taekwondo under Choi Hong-hi and Nam Tae-hi; one of the twelve original masters.,edge_additions.csv
edge_addition,Choi Hong-hi -> Park Jong-soo (high),[wave4:Korean-language sweep: taekwon; verifier: confirmed] Wikipedia states Park Jong-soo trained in taekwondo under H.H. Choi (Choi Hong-hi); one of the twelve original masters of taekwondo.,edge_additions.csv
edge_addition,Choi Hong-hi -> Park Jung-tae (low),"[wave4:Korean-language sweep: taekwon; verifier: plausible] Documented as a key ITF pioneer and Secretary-General who rose and was graded directly under Choi Hong-hi; his original kwan teacher is unnamed in sources, so the training edge to Choi rests on his ITF formation under Choi rather than an explicitly n",edge_additions.csv
edge_addition,Choi Hong-hi -> Rhee Ki-ha (high),[wave4:Korean-language sweep: taekwon; verifier: confirmed] Rhee Ki-ha learned taekwondo from Choi Hong-hi while serving in the 35th Infantry Division of the South Korean army; later titled First Grandmaster of the ITF under Choi.,edge_additions.csv
edge_addition,Chojin Kuba -> Shoshin Nagamine (high),"[lineage completion:Shorin-ryu lines (Chibana Chos; verifier: confirmed] Wikipedia: Chojin Kuba, Nagamine's next-door neighbour, was his first karate instructor during his school years.",edge_additions.csv
edge_addition,Chojiro Tani -> Chuzo Kotaka (low),[branch completion:Shito-ryu schools (Mabuni line; verifier: plausible] IKF Hawaii history: Tani (as Shukokai head) asked Kotaka to become a professional karate teacher on his 1965 Hawaii tour; single-source training association.,edge_additions.csv
edge_addition,Chojiro Tani -> Haruyoshi Yamada (low),[branch completion:Shito-ryu schools (Mabuni line; verifier: plausible] Senior Tani student; on Tani's death in 1998 selected as inaugural head of the Shito-ryu Shukokai Karate-do Union (9th dan hanshi).,edge_additions.csv
edge_addition,Chojiro Tani -> Shigeru Kimura (high),"[branch completion:Shito-ryu schools (Mabuni line; verifier: confirmed] Kimura began karate at 16 under Tani and became his most senior student; left Japan 1965 to spread Shukokai, settling in the US 1970.",edge_additions.csv
edge_addition,Chojo Oshiro -> Kenko Nakaima (high),"[Bishop, Okinawan Karate; interview] Both in dataset; no edge exists.",edge_additions.csv
edge_addition,Chojun Miyagi -> An'ichi Miyagi (medium),[lineage completion:Chojun Miyagi's complete Goju-; verifier: confirmed] NEW person (no relation to Chojun's family). IOGKF and Wikipedia's Chojun Miyagi article document An'ichi Miyagi (1931-2009) training at Miyagi's garden dojo from February 1948 to Miyagi's death in October 1953; medium because the extent of this trai,edge_additions.csv
edge_addition,Chojun Miyagi -> Chojiro Tani (high),"[branch completion:Shito-ryu schools (Mabuni line; verifier: confirmed] Tani initially trained under Miyagi Chojun at Doshisha University, Kyoto, before Miyagi returned to Okinawa.",edge_additions.csv
edge_addition,Chojun Miyagi -> Eiichi Miyazato (high),"[lineage completion:Chojun Miyagi's complete Goju-; verifier: confirmed] Wikipedia: Miyazato (1922-1999) trained under Miyagi from his teens until Miyagi's death in 1953; in February 1954 the Goju-ryu committee voted almost unanimously for him as official successor, and he founded the Jundokan.",edge_additions.csv
edge_addition,Chojun Miyagi -> Eizo Shimabuku (medium),[lineage completion:General sweep: notable orphans; verifier: confirmed] Eizo Shimabuku studied under Chojun Miyagi before taking up Shuri-te under Kyan.,edge_additions.csv
edge_addition,Chojun Miyagi -> Eizo Shimabukuro (medium),"[lineage completion:Shorin-ryu lines (Chibana Chos; verifier: confirmed] Multiple secondary biographies report Eizo studied Goju-ryu (Sanchin, Seiunchin) under Chojun Miyagi as a young man.",edge_additions.csv
edge_addition,Chojun Miyagi -> Genkai Nakaima (high),"[lineage completion:Chojun Miyagi's complete Goju-; verifier: confirmed] Genkai Nakaima (1908-1984) was one of Miyagi's early students and a founding member of the Goju-ryu Shinkokai (1952); he wrote the first-person memoir 'Memories of My Esteemed Master, Mr Miyagi Chojun' (Aoi Umi, 1978).",edge_additions.csv
edge_addition,Chojun Miyagi -> Jin'an Shinzato (high),[wave4:Japanese-language sweep: Okina; verifier: confirmed] ja.wikipedia Goju-ryu article describes Shinzato Jin'an (新里仁安) as Miyagi Chojun's beloved disciple whose 1930 Meiji Shrine demonstration prompted the naming of Goju-ryu; he died in WWII. Proposed as new person.,edge_additions.csv
edge_addition,Chojun Miyagi -> Jinan Shinzato (high),[lineage completion:Chojun Miyagi's complete Goju-; verifier: confirmed] Jin'an Shinzato (1901-1945) was Miyagi's top student and intended successor; he represented Miyagi at the 1929 All Japan Martial Arts Demonstration (the incident that led to the name Goju-ryu) and appears in the 1924 student group photo. Killed in th,edge_additions.csv
edge_addition,Chojun Miyagi -> Jinsei Kamiya (medium),"[lineage completion:Chojun Miyagi's complete Goju-; verifier: confirmed] Kamiya, a physician, was one of Miyagi's earliest students and close friends who helped develop the junbi undo, and was a founding member of the Goju-ryu Shinkokai (1952) per Wikipedia's Goju-ryu article.",edge_additions.csv
edge_addition,Chojun Miyagi -> Ken Miyagi (low),"[family transmission, per Ahmad's request] Ken Miyagi (1931-2003) was Chojun Miyagi's fourth son; the karateresearch.com interview with his son Toru documents the family's karate continuity. No formal dojo teacher-student documentation found, so recorded at low confidence as family transmission.",edge_additions.csv
edge_addition,Chojun Miyagi -> Kensei Kinjo (medium),"[Bishop, Okinawan Karate; tradition] Both present; edge absent. Book hedges ('probably from Chojun Miyagi'); suggest low confidence. Dataset has Choshin Chibana -> Kensei Kinjo (medium).",edge_additions.csv
edge_addition,Chojun Miyagi -> Koshin Iha (high),"[lineage completion:Chojun Miyagi's complete Goju-; verifier: confirmed] Iha Koshin (1925-2012) began Goju-ryu in 1939 under Chojun Miyagi and trained until Miyagi's death in 1953; he then assisted Eiichi Miyazato at the garden dojo and Jundokan, later opening his own Shodokan dojo in Tomari and chairing the Okinawa Goju-",edge_additions.csv
edge_addition,Chojun Miyagi -> Meitoku Yagi (high),[lineage completion:Chojun Miyagi's complete Goju-; verifier: confirmed] Wikipedia: Yagi (1912-2003) began training under Miyagi in 1927 at age 14 and later founded the Meibukan dojo; the Miyagi family gave him the founder's gi and belt.,edge_additions.csv
edge_addition,Chojun Miyagi -> Seikichi Toguchi (high),"[lineage completion:Chojun Miyagi's complete Goju-; verifier: confirmed] Toguchi (1917-1998), founder of Shorei-kan, is listed among Miyagi's notable students on Wikipedia's Chojun Miyagi article and among the main pre-war students in Goju histories.",edge_additions.csv
edge_addition,Chojun Miyagi -> Seko Higa (high),"[lineage completion:Chojun Miyagi's complete Goju-; verifier: confirmed] Wikipedia: Higa first trained under Kanryo Higaonna, then continued with Chojun Miyagi for 38 years until Miyagi's death in 1953; the only early student to open his own school (Shodokan, 1960).",edge_additions.csv
edge_addition,Chojun Miyagi -> Sogen Sakiyama (high),"[audit:orphans-2; verifier: confirmed] Sakiyama Sogen learned karate directly from Miyagi Chojun (at the Okinawa Teachers' School / Shihan gakko) for around 12 years, and Miyagi himself encouraged him toward Zen in 1949. Consistently stated in established Goju-ryu sources includ",edge_additions.csv
edge_addition,Chojun Miyagi -> Yoshio Itokazu (high),"[Bishop, Okinawan Karate; interview] Both in dataset; no edge exists.",edge_additions.csv
edge_addition,Chokei Kishaba -> Katsuhiko Shinzato (high),[branch completion:Matsubayashi-ryu (Shoshin Naga; verifier: confirmed] Shinzato left the Matsubayashi organisation in 1981 to study directly under Chokei Kishaba and succeeded him as Juku Cho of Kishaba Juku after Kishaba's death in 2000.,edge_additions.csv
edge_addition,Choki Motobu -> Chozo Nakama (medium),"[audit:shorin-kobayashi; verifier: confirmed] The official Motobu-ryu research note on Nakama Chozo documents that, in addition to being a senior Chibana disciple, Nakama studied under Motobu Choki when Motobu returned to Okinawa in 1936.",edge_additions.csv
edge_addition,Choki Motobu -> Shinyei Kaneshima (high),"[Bishop, Okinawan Karate; interview] Both in dataset; no edge. Dataset has Choki Motobu -> Shinsuke Kaneshima, a different person (C00514 vs C00517).",edge_additions.csv
edge_addition,Choko Motobu -> Chokyu Motobu (low),"[wave4:Japanese-language sweep: Okina; verifier: plausible] Motobu Udundi was transmitted head-to-head (isshi soden) through the Motobu Udun family per the style's official genealogy; Motobu Aji Choko (朝恒, 4th head) was succeeded by Motobu Aji Chokyu (朝救, 5th head). Traditional transmission, drawn dashed.",edge_additions.csv
edge_addition,Chokyu Motobu -> Choei Motobu (low),"[wave4:Japanese-language sweep: Okina; verifier: plausible] Per the Motobu Udun genealogy, 5th head Chokyu was succeeded by 6th head Motobu Oji Choei; udundi transmission followed the headship by tradition. Choei proposed as new bridging person.",edge_additions.csv
edge_addition,Chomei Motobu -> Chosei Motobu (medium),"[kojo-motobu-ryuei:Motobu brothers (Motobu Choyu ; verifier: confirmed] After World War II Chosei studied karate under Motobu Chomei, head of the Motobu Udun household and eldest son of Motobu Choyu; documented by family historian Motobu Naoki.",edge_additions.csv
edge_addition,Chomo Hanashiro -> Kafu Kojo (low),"[kojo-motobu-ryuei:Kojo (Kogusuku) family system ; verifier: confirmed] Chierchini's Kojo-ryu history states Kafu also trained under Hanashiro Chomo (and befriended Chibana Choshin), consistent with ja-Wikipedia noting Kafu's early style names reflected outside Shuri-te connections. Single secondary source: low.",edge_additions.csv
edge_addition,Chomo Hanashiro -> Seitoku Higa (high),"[Bishop, Okinawan Karate; interview] No existing edge; kata Chinto instruction.",edge_additions.csv
edge_addition,Chomo Hanashiro -> Shigeru Nakamura (medium),[lineage completion:Okinawa Kenpo and the Toma/Odo; verifier: confirmed] Hanashiro was the resident karate instructor at Icchu middle school during Nakamura's attendance; consistently reported across Okinawa Kenpo histories.,edge_additions.csv
edge_addition,Choshin Chibana -> Ahagon Naonobu (high),"[branch completion:Kobayashi Shorin-ryu (Chibana ; verifier: confirmed] Wikipedia lists Naonobu Ahagon (founder of Shorin-ryu Reihokan, Hanshi 10th dan) among Chibana's notable students.",edge_additions.csv
edge_addition,Choshin Chibana -> Eizo Shimabukuro (low),[lineage completion:Shorin-ryu lines (Chibana Chos; verifier: plausible] Wikipedia's Choshin Chibana article lists Eizo Shimabukuro among Chibana's notable students (post-war kata correction under Chibana).,edge_additions.csv
edge_addition,Choshin Chibana -> Higa Yuchoku (high),"[branch completion:Kobayashi Shorin-ryu (Chibana ; verifier: confirmed] Wikipedia: Higa trained under Chibana from 1948, was among the five promoted to 9th dan by Chibana, and founded the Kyudokan.",edge_additions.csv
edge_addition,Choshin Chibana -> Joki Uema (high),"[branch completion:Kobayashi Shorin-ryu (Chibana ; verifier: confirmed] Wikipedia lists Joki Uema (founder of Shorin-ryu Shubukan, Hanshi 10th dan) among Chibana's students; the official Shubukan site confirms Uema Joki as founder in the Chibana line.",edge_additions.csv
edge_addition,Choshin Chibana -> Katsumi Murakami (low),"[lineage completion:Shorin-ryu lines (Chibana Chos; verifier: plausible] Murakami Katsumi (b. 1927), Shorin-ryu hanshi 9th dan and author, is reported as a student of Chosin Chibana (with Juhatsu Kyoda and Motokatsu Inoue); single credible secondary source.",edge_additions.csv
edge_addition,Choshin Chibana -> Katsuya Miyahira (high),"[branch completion:Kobayashi Shorin-ryu (Chibana ; verifier: confirmed] Wikipedia: Miyahira was Chibana's student from April 1933, received his Shihan certificate from Chibana, founded Shidokan (1948) and succeeded Chibana as president of the Okinawa Shorin-ryu Karate-do Association in 1969.",edge_additions.csv
edge_addition,Choshin Chibana -> Kensei Kinjo (medium),"[branch completion:Kobayashi Shorin-ryu (Chibana ; verifier: confirmed] Consistently reported in secondary sources as one of the five disciples Chibana trained to 9th dan (kyudan); not on Wikipedia's student list, hence medium.",edge_additions.csv
edge_addition,Choshin Chibana -> Kensei Taba (low),[branch completion:Matsubayashi-ryu (Shoshin Naga; verifier: plausible] Shogen-ryu biographies consistently state Taba also trained under Chosin Chibana.,edge_additions.csv
edge_addition,Choshin Chibana -> Masahiro Nakamoto (high),"[lineage completion:Shorin-ryu lines (Chibana Chos; verifier: confirmed] Nakamoto Masahiro (Bunbukan) studied Kobayashi Shorin-ryu under Chibana Choshin from age 20, per interviews and the Bunbukan dojo record.",edge_additions.csv
edge_addition,Choshin Chibana -> Nakama Chozo (high),[branch completion:Kobayashi Shorin-ryu (Chibana ; verifier: confirmed] Wikipedia lists Nakama among Chibana's notable students; Nakama's primary teacher was Chibana and he was one of the five disciples promoted to 9th dan.,edge_additions.csv
edge_addition,Choshin Chibana -> Pat Nakata (high),"[branch completion:Kobayashi Shorin-ryu (Chibana ; verifier: confirmed] Multiple independent sources (Classical Fighting Arts article, interviews, obituary) document Nakata as a direct student of Chibana in Okinawa who founded the Okinawa Shorin Ryu Karate Association of Hawaii in 1963.",edge_additions.csv
edge_addition,Choshin Chibana -> Seitoku Higa (low),"[branch completion:Bugeikan (Higa Seitoku) / Kish; verifier: plausible] The same biography listing Higa Seitoku's verified teachers (Kishimoto, Uehara, Chinen Masami) also names Chibana Choshin among his further teachers. Single secondary listing, unverifiable against a fetched page, hence low; the parallel claims in tha",edge_additions.csv
edge_addition,Choshin Chibana -> Shugoro Nakazato (high),"[branch completion:Kobayashi Shorin-ryu (Chibana ; verifier: confirmed] Wikipedia articles on both men document Nakazato training under Chibana post-1945; he is one of the five disciples Chibana promoted to 9th dan, and founded Shorin-ryu Shorinkan.",edge_additions.csv
edge_addition,Choshin Chibana -> Tsugio Yonezawa (low),[wave4:Japanese-language sweep: Okina; verifier: plausible] Both the Japanese and Chinese Wikipedia articles on Chibana Choshin list 米沢次男 (Yonezawa Tsugio/Tsuguo) among his named disciples in Kobayashi Shorin-ryu.,edge_additions.csv
edge_addition,Choshin Chibana -> Yoshihide Shinzato (medium),"[branch completion:Kobayashi Shorin-ryu (Chibana ; verifier: confirmed] Wikipedia lists Yoshihide Shinzato (who spread Kobayashi Shorin-ryu in Brazil) among Chibana's notable students; single-source listing, hence medium.",edge_additions.csv
edge_addition,Chosho Motobu -> Motobu Choshin (low),"[wave4:Japanese-language sweep: Okina; verifier: plausible] Per the Motobu Udun genealogy, 8th head Chosho was succeeded by 9th head Motobu Aji Choshin (already in the tree as father-teacher of Motobu Choyu); this closes the chain wiring the three orphaned Motobu heads into the connected component.",edge_additions.csv
edge_addition,Chotoku Inohama -> Chosho Motobu (low),"[wave4:Japanese-language sweep: Okina; verifier: plausible] Per the Motobu Udun genealogy, 7th head Inohama Chotoku was succeeded by 8th head Motobu Aji Chosho (朝章), the diplomat of the Ryukyu-France treaty era; udundi transmission followed the headship by tradition.",edge_additions.csv
edge_addition,Chotoku Kyan -> Ankichi Arakaki (medium),[branch completion:Kyan Chotoku lines: Shobayashi; verifier: confirmed] Arakaki listed among Kyan's named students on Kyan's Wikipedia page.,edge_additions.csv
edge_addition,Chotoku Kyan -> Eizo Shimabuku (high),"[lineage completion:General sweep: notable orphans; verifier: confirmed] Eizo Shimabuku took up Shuri-te under Chotoku Kyan, who became his primary instructor; founded Shobayashi Shorin-ryu from Kyan's teaching.",edge_additions.csv
edge_addition,Chotoku Kyan -> Eizo Shimabukuro (high),"[lineage completion:Shorin-ryu lines (Chibana Chos; verifier: confirmed] Eizo Shimabukuro (1925-2017) was a direct student of Kyan, learning Seisan, Ananku, Wanshu, Gojushiho and Chinto; he inherited the Shobayashi Shorin-ryu line from Kyan.",edge_additions.csv
edge_addition,Chotoku Kyan -> Joen Nakazato (high),[lineage completion:Shorin-ryu lines (Chibana Chos; verifier: confirmed] Nakazato studied under Kyan 1937-1943 and founded Shorinji-ryu in 1954 to preserve Kyan's karate unchanged; named as Kyan's student in Wikipedia and the Shorinji-ryu Shinkokai lineage page.,edge_additions.csv
edge_addition,Chotoku Kyan -> Kori Hisataka (medium),[branch completion:Kyan Chotoku lines: Shobayashi; verifier: confirmed] Hisataka (Shorinjiryu Kenkokan founder) listed among Kyan's named students on Kyan's Wikipedia page.,edge_additions.csv
edge_addition,Chotoku Kyan -> Senmatsu Unten (medium),"[Bishop, Okinawan Karate; tradition] Both in dataset; edge absent. Caution: source chart OCR-garbled.",edge_additions.csv
edge_addition,Chotoku Kyan -> Shinpo Matayoshi (medium),"[Bishop, Okinawan Karate; tradition] Both in dataset; edge absent. Childhood training, ages 8 to 11.",edge_additions.csv
edge_addition,Chotoku Kyan -> Shoshin Nagamine (high),[branch completion:Kyan Chotoku lines: Shobayashi; verifier: confirmed] Named student of Kyan on Kyan's Wikipedia page; Matsubayashi-ryu founder in the Kyan line.,edge_additions.csv
edge_addition,Chotoku Kyan -> Taro Shimabuku (medium),"[Bishop, Okinawan Karate; tradition] Both in dataset; no edge exists (only 'Taro Shimabuku -> Shoshin Nagamine').",edge_additions.csv
edge_addition,Chotoku Kyan -> Tatsuo Shimabuku (high),[branch completion:Kyan Chotoku lines: Shobayashi; verifier: confirmed] Named on Kyan's Wikipedia page as one of the two students who trained with Kyan longest (over 10 years); Isshin-ryu founder.,edge_additions.csv
edge_addition,Chotoku Kyan -> Tsuyoshi Chitose (medium),[branch completion:Kyan Chotoku lines: Shobayashi; verifier: confirmed] Chitose (Chito-ryu founder) listed among Kyan's named students on Kyan's Wikipedia page.,edge_additions.csv
edge_addition,Chotoku Kyan -> Zenryo Shimabukuro (high),[branch completion:Kyan Chotoku lines: Shobayashi; verifier: confirmed] Zenryo trained under Kyan c.1932-1945 for about ten years; named on both Wikipedia pages as one of Kyan's two longest-serving students.,edge_additions.csv
edge_addition,Chotoku Omine -> Frank Grant (low),"[branch completion:Matsubayashi-ryu (Shoshin Naga; verifier: plausible] Omine, sent by Nagamine to the US, taught and mentored Grant; Grant was promoted to 4th dan in 1967 before Nagamine and Omine.",edge_additions.csv
edge_addition,Chotoku Omine -> Joseph Carbonara (medium),"[branch completion:Matsubayashi-ryu (Shoshin Naga; verifier: confirmed] After 1969 Omine stayed in the US as head instructor and taught at Joseph Carbonara's dojo in East Northport, New York.",edge_additions.csv
edge_addition,Choyu Motobu -> Choki Motobu (medium),"[Bishop, Okinawan Karate; tradition] Both in dataset (brothers); no edge. Book says Chokki adopted ti forms from Choyu.",edge_additions.csv
edge_addition,Choyu Motobu -> Chomo Motobu (low),"[motobu genealogy] Chomo, second son of Choyu, inherited Motobu Udundi at his father's direction (formal instruction delivered by Uehara Seikichi in Wakayama 1923-24); drawn dashed as family transmission, same convention as Ken Miyagi",edge_additions.csv
edge_addition,Choyu Motobu -> Motobu Chomo (medium),[audit:motobu-udun; verifier: confirmed] Choyu's second son Chomo (朝茂) is listed among his direct students on ja.wiki and was the intended family successor of udundi before his death in WWII.,edge_additions.csv
edge_addition,Chozo Nakama -> Ankichi Nakamura (medium),"[Bishop, Okinawan Karate; tradition] Both in dataset; edge absent.",edge_additions.csv
edge_addition,Chozo Nakama -> Seitoku Higa (high),"[Bishop, Okinawan Karate; interview] Both in dataset; edge absent (kata transmission: Gojushiho)",edge_additions.csv
edge_addition,Chozo Nakama -> Seiyu Nakamura (medium),"[Bishop, Okinawan Karate; tradition] Both in dataset; no edge exists.",edge_additions.csv
edge_addition,Chozo Nakama -> Teikichi China (high),"[Bishop, Okinawan Karate; interview] Both in dataset; edge absent",edge_additions.csv
edge_addition,Chozo Nakama -> Zenji Shimabukuro (medium),"[audit:shorin-shobayashi-seibukan; verifier: confirmed] The Wikipedia article on Shorin-ryu Seibukan documents that Zenji Shimabukuro (Zenryo's nephew, Zenpo's cousin) trained under Chozo Nakama alongside Zenpo, after formal introduction by Zenryo. Parallels the existing Nakama>Zenpo edge.",edge_additions.csv
edge_addition,Chun Sang-sup -> Lee Chong-woo (high),[wave4:Korean-language sweep: taekwon; verifier: confirmed] Sports Seoul obituary states he was a disciple (제자) of Chosun Yun Moo Kwan head Chun Sang-sup; Mookas biography records he entered the Chosun Yun Moo Kwan on 23 March 1946 and reached 3rd dan under Chun before co-leading Jidokwan and the Kukkiwon tec,edge_additions.csv
edge_addition,Chun Sang-sup -> Lee Kyo-yoon (low),"[wave4:Korean-language sweep: taekwon; verifier: plausible] Mookas history of the Chosun Yun Moo Kwan records Lee Kyo-yoon as a fellow trainee there under Chun Sang-sup alongside Lee Chong-woo; after Chun's abduction to North Korea, Lee Kyo-yoon founded the Han Moo Kwan, which he maintained was rooted in the",edge_additions.csv
edge_addition,Chuzo Kotaka -> Akio Minakami (high),[branch completion:Shito-ryu schools (Mabuni line; verifier: confirmed] Minakami began Shito-ryu in 1965 at Chuzo Kotaka's Honolulu dojo and trained there for about a decade before Kotaka introduced him to Hayashi.,edge_additions.csv
edge_addition,Chuzo Kotaka -> John Sells (low),"[audit:orphans-1; verifier: plausible] John Sells, the karate historian and author of Unante, became a licensed instructor of Kotaka-ha Shito-ryu under Chuzo Kotaka by 1973, per his Shuriway society biography.",edge_additions.csv
edge_addition,Eiichi Miyazato -> Akihiko Suzuki (high),"[Bishop, Okinawan Karate; interview] Teacher matched; Akihiko Suzuki absent from dataset (Kyoto branch, Jundokan lineage chart).",edge_additions.csv
edge_addition,Eiichi Miyazato -> Kazuya Higa (low),[branch completion:Goju-ryu branch organisations ; verifier: plausible] Named as a prominent student of Miyazato; permanent director of the Jundokan.,edge_additions.csv
edge_addition,Eiichi Miyazato -> Keikichi Nakasone (high),"[Bishop, Okinawan Karate; interview] No existing edge; both in dataset.",edge_additions.csv
edge_addition,Eiichi Miyazato -> Kenichi Kanari (high),"[Bishop, Okinawan Karate; interview] Both in dataset; no edge. From Miyazato's lineage chart.",edge_additions.csv
edge_addition,Eiichi Miyazato -> Ko Uehara (high),"[Bishop, Okinawan Karate; interview] Student 'Ko Uehara' genuinely absent from dataset (no matching Uehara).",edge_additions.csv
edge_addition,Eiichi Miyazato -> Koei Teruya (high),"[Bishop, Okinawan Karate; interview] Both in dataset; edge absent",edge_additions.csv
edge_addition,Eiichi Miyazato -> Koshin Iha (high),"[branch completion:Goju-ryu branch organisations ; verifier: confirmed] Koshin Iha was Miyazato's assistant at the Jundokan and succeeded him in 1999 as head of the dojo and chairman of the Okinawa Goju-ryu Karate-do Kyokai; 10th dan, named an Okinawan intangible cultural asset in 2000.",edge_additions.csv
edge_addition,Eiichi Miyazato -> Kunimasa Kai (high),"[Bishop, Okinawan Karate; interview] Both in dataset; edge absent. Source: Miyazato's lineage chart.",edge_additions.csv
edge_addition,Eiichi Miyazato -> Mark Bishop (high),"[Bishop, Okinawan Karate; interview] Both in dataset (Mark Bishop Q6766745); no edge. First-person account, five years at the Jundokan.",edge_additions.csv
edge_addition,Eiichi Miyazato -> Masaji Taira (high),[lineage completion:Chojun Miyagi's complete Goju-; verifier: confirmed] Wikipedia's Eiichi Miyazato article names Masaji Taira (Jundokan) among his students.,edge_additions.csv
edge_addition,Eiichi Miyazato -> Morio Higaonna (high),[lineage completion:Chojun Miyagi's complete Goju-; verifier: confirmed] Wikipedia lists Higaonna among Miyazato's students: he trained at the Jundokan from its opening in 1957 and received his black belt there the same year.,edge_additions.csv
edge_addition,Eiichi Miyazato -> Nanko Minei (high),"[Bishop, Okinawan Karate; interview] Student matches dataset 'Nanko Minei' (C00385); edge absent.",edge_additions.csv
edge_addition,Eiichi Miyazato -> Ryoichi Onishi (high),"[Bishop, Okinawan Karate; interview] 'Onis' is OCR truncation of Ryoichi Onishi (C00432, Spain). No existing edge.",edge_additions.csv
edge_addition,Eiichi Miyazato -> Tetsu Gima (high),[branch completion:Goju-ryu branch organisations ; verifier: confirmed] Named as a noteworthy student of Miyazato; current chief director of the Jundokan.,edge_additions.csv
edge_addition,Eiichi Miyazato -> Tetsunosuke Yasuda (high),"[branch completion:Goju-ryu branch organisations ; verifier: confirmed] Yasuda (b. 1926), Hanshi 10th dan, was a direct student of Miyazato at the Jundokan and served as Saiko Komon (supreme advisor) of the Jundokan Sohombu.",edge_additions.csv
edge_addition,Eiichi Miyazato -> Tsuneo Kinjo (high),[branch completion:Goju-ryu branch organisations ; verifier: confirmed] Named as a notable student of Miyazato; permanent director of the Jundokan.,edge_additions.csv
edge_addition,Eiichi Miyazato -> Yoshihiro Miyazato (high),[branch completion:Goju-ryu branch organisations ; verifier: confirmed] Eiichi Miyazato's son; trained under his father and now serves as Kancho (head) of the Jundokan So-Honbu in Naha.,edge_additions.csv
edge_addition,Eiichi Miyazato -> Yoshio Hichiya (high),"[Bishop, Okinawan Karate; interview] Both in dataset; no edge exists.",edge_additions.csv
edge_addition,Eisuke Akamine -> Ankichi Miyazato (medium),"[Bishop, Okinawan Karate; tradition] Both in dataset; edge missing.",edge_additions.csv
edge_addition,Eisuke Akamine -> Ankichi Nakamura (medium),"[Bishop, Okinawan Karate; tradition] Both in dataset; no edge.",edge_additions.csv
edge_addition,Eisuke Akamine -> Fumio Nagaishi (medium),"[Bishop, Okinawan Karate; tradition] No existing edge; both in dataset.",edge_additions.csv
edge_addition,Eisuke Akamine -> Hidemi Tamayose (high),[branch completion:Kobudo systems: Ryukyu Kobudo ; verifier: confirmed] Tamayose (b. 1949) trained directly under Akamine Eisuke from 1982 and founded Ryukyu Kobudo Tesshinkan in 1999 with Akamine's permission; 10th dan 2015.,edge_additions.csv
edge_addition,Eisuke Akamine -> Hiroshi Akamine (high),"[branch completion:Kobudo systems: Ryukyu Kobudo ; verifier: confirmed] Hiroshi (b. 1954), fourth son of Eisuke, trained under his father, succeeded him as 3rd president of the Hozon Shinkokai in 1999 and heads the Ryukyu Kobudo Shimbukan since 2011.",edge_additions.csv
edge_addition,Eisuke Akamine -> Katsuhiko Minowa (medium),"[Bishop, Okinawan Karate; tradition] Both in dataset; edge absent.",edge_additions.csv
edge_addition,Eisuke Akamine -> Masahiro Nakamoto (medium),"[Bishop, Okinawan Karate; tradition] Both in dataset; no edge exists (Nakamoto's existing teachers are Shinken Taira and Choshin Chibana).",edge_additions.csv
edge_addition,Eisuke Akamine -> Seiyu Nakamura (medium),"[Bishop, Okinawan Karate; tradition] Both in dataset; edge absent",edge_additions.csv
edge_addition,Eisuke Akamine -> Yukio Kuniyoshi (high),[branch completion:Kobudo systems: Ryukyu Kobudo ; verifier: confirmed] Kuniyoshi was a senior student of Eisuke Akamine and chief instructor in his dojo; now 4th president of the Ryukyu Kobudo Hozon Shinkokai.,edge_additions.csv
edge_addition,Eizo Shimabuku -> Joe Lewis (high),"[lineage completion:General sweep: notable orphans; verifier: confirmed] Wikipedia: Joe Lewis studied Shorin-ryu with Eizo Shimabukuro while stationed in Okinawa 1964-65, earning his black belt in seven months.",edge_additions.csv
edge_addition,Eizo Shimabukuro -> Bill Hayes (high),[branch completion:Kyan Chotoku lines: Shobayashi; verifier: confirmed] US Marine (enlisted 1964) who trained directly under Eizo on Okinawa; trusted senior student whose black belt certificates were personally awarded by Eizo; leads the Shobayashi Kan preservation group.,edge_additions.csv
edge_addition,Eizo Shimabukuro -> Bill Wallace (low),"[wave4:Anchor two islands: (a) Michae; verifier: confirmed] Wallace's own first-person account (whistlekick ep. 955 transcript) describes being stationed at Kadena AB, Okinawa 1965-66 and, after his judo knee injury, going 'on my crutches' to Eizo Shimabukuro's karate school, training there roughly six to sev",edge_additions.csv
edge_addition,Eizo Shimabukuro -> Eiko Shimabukuro (medium),"[branch completion:Kyan Chotoku lines: Shobayashi; verifier: confirmed] Eizo's son, ran the branch dojo in Koza City and is now 10th dan and presumed head of the Shobayashi system after Eizo's death in 2017.",edge_additions.csv
edge_addition,Eizo Shimabukuro -> Hiroshi Shinya (high),"[Bishop, Okinawan Karate; interview] Shinya one of five former Eizo Shimabuku students who formed Ryukyu Shorin-ryu. No existing edge.",edge_additions.csv
edge_addition,Eizo Shimabukuro -> Joe Lewis (high),"[lineage completion:Shorin-ryu lines (Chibana Chos; verifier: confirmed] Wikipedia: Lewis studied Shorin-ryu on Okinawa (1964-65) with Eizo Shimabukuro, earning his black belt in seven months.",edge_additions.csv
edge_addition,Eizo Shimabukuro -> Kojun Makishi (high),"[Bishop, Okinawan Karate; interview] Both present; edge absent. One of five former Eizo Shimabuku students who formed Ryukyu Shorin-ryu.",edge_additions.csv
edge_addition,Eizo Shimabukuro -> Larry Isaac (medium),[branch completion:Seidokan karate and kobudo (Sh; verifier: confirmed] Isaac's official school page names Sensei Shimabukuro Eizo among the four Okinawan grandmasters he trained under.,edge_additions.csv
edge_addition,Eizo Shimabukuro -> Matt Larsen (low),"[branch completion:Kyan Chotoku lines: Shobayashi; verifier: plausible] Founder of the US Army Modern Combatives programme, listed as a student of Eizo Shimabukuro in the archived Wikipedia article on Eizo; single-source claim, so flagged low.",edge_additions.csv
edge_addition,Eizo Shimabukuro -> Ryosho Goya (high),"[Bishop, Okinawan Karate; interview] Both in dataset; edge absent",edge_additions.csv
edge_addition,Eizo Shimabukuro -> Seijin Inamine (high),"[Bishop, Okinawan Karate; interview] Edge missing. Dataset also holds 'Seiji Inamine' C00276, a possible duplicate of C00471.",edge_additions.csv
edge_addition,Eizo Shimabukuro -> Soko Toguchi (high),"[Bishop, Okinawan Karate; interview] Eizo Shimabuku = Eizo Shimabukuro. Both in dataset; edge absent.",edge_additions.csv
edge_addition,Fang Qiniang -> Zeng Si (medium),[wave4:Chinese-language sweep: Fujian; verifier: confirmed] zh-wiki: '福建永春人曾四到寺習武，始收為徒，後結為夫妻' - Zeng Si of Yongchun was accepted as her student and later became her husband; he carried White Crane to Yongchun. Clearly stated in reference works but semi-legendary era.,edge_additions.csv
edge_addition,Fang Qiniang -> Zheng Li (low),"[wave4:Chinese-language sweep: Fujian; verifier: confirmed] zh-wiki Baihequan lists Zheng Li (鄭禮) among the 前五虎 (Former Five Tigers) of the Yongchun disciple generation of Fang Qiniang/Zeng Si, and credits him with spreading the art across Fujian. Traditional listing, exact personal teacher (Fang Qiniang vs Z",edge_additions.csv
edge_addition,Fang Zhong -> Fang Qiniang (medium),"[wave4:Chinese-language sweep: Fujian; verifier: confirmed] zh-wiki: Fang Qiniang was the only daughter of Shaolin master Fang Zhong (方種), a Ming loyalist, and learned Shaolin boxing from him before creating White Crane; zh-wiki Baihequan lineage runs 方種 -> 方七娘. Documented training, not family membership alon",edge_additions.csv
edge_addition,Fizuli Musayev -> Rafael Aghayev (high),"[wave4:Modern era: mainland Japan + i; verifier: confirmed] English Wikipedia documents that Aghayev, after starting under first coach Rafael Mammadov, was invited to the Budokan club in Azerbaijan to train under the leadership of Fizuli Musayev, under whom he developed into a five-time WKF world kumite champ",edge_additions.csv
edge_addition,Frank Ruiz -> Ron van Clief (high),"[island 8; verifiers: confirmed,confirmed] Van Clief's Wikipedia article names Frank Ruiz as one of his Goju-ryu teachers, and the Nisei Goju biography of Ruiz lists Ron Van Clief among his notable students.",edge_additions.csv
edge_addition,Fumio Demura -> John Sells (low),"[audit:orphans-1; verifier: plausible] Sells studied Itosu-kai Shito-ryu (and kobudo) under Fumio Demura and Daniel Ivan while karate instructor at UC Santa Barbara, becoming a senior JKF USA instructor, per his Shuriway society biography. He was later awarded Hanshi by Kenzo Ma",edge_additions.csv
edge_addition,Fusei Kise -> Isao Kise (high),"[branch completion:Matsumura Seito / Orthodox Sho; verifier: confirmed] Isao Kise, son of Fusei Kise, trained under his father from age 4 and was his designated successor; 10th dan and president of the All Okinawan Shorin Ryu Matsumura Seito Kenshin Kan Karate and Kobudo Federation until his death in February 2025.",edge_additions.csv
edge_addition,Fusei Kise -> James Coffman (medium),"[audit:matsumura-seito; verifier: confirmed] Missing edge: Coffman's documented entry into Matsumura Seito was through Kise, whom he met on Okinawa in the early 1960s before being introduced to Soken; his book names Kise Fusei and Soken Hohan as his two teachers. The file currently li",edge_additions.csv
edge_addition,Fusei Kise -> Larry Isaac (low),[branch completion:Seidokan karate and kobudo (Sh; verifier: plausible] Isaac's official school page names Grandmaster Kise Fusei among the four Okinawan grandmasters he trained under.,edge_additions.csv
edge_addition,Fusei Kise -> Ronald Lindsey (low),"[branch completion:Matsumura Seito / Orthodox Sho; verifier: plausible] Lindsey trained at Kise's dojo in Okinawa and held teaching certificates from Kise per his obituary, though Kinjo was his primary instructor.",edge_additions.csv
edge_addition,Fusei Kise -> Seifuku Nitta (low),"[audit:okinawa-kenpo-ryute; verifier: plausible] Nitta's biography: from 1970 he trained in Shorin-ryu Matsumura Seito under Hohan Soken and Fusei Kise; from 1978 Kise became his primary instructor (Kenshinkan), and Nitta reached rokudan in the style. Kise (C00066) is already in the graph",edge_additions.csv
edge_addition,Fusei Kise -> Seizan Kinjo (low),[branch completion:Matsumura Seito / Orthodox Sho; verifier: plausible] Lindsey's obituary describes Kinjo as a student of Matsumura Seito under Soken and Kise; the Ikigai interview places Kinjo training regularly at Kise's dojo.,edge_additions.csv
edge_addition,Genshin Hironishi -> Mitsusuke Harada (medium),"[branch completion:Mainland Japan gaps (JKA senio; verifier: confirmed] Wikipedia: Harada's 'first class was taught by Genshin Hironishi, then ranked 4th dan' at the Shotokan dojo; early instruction rather than a long apprenticeship, so medium.",edge_additions.csv
edge_addition,Gichin Funakoshi -> Byung Jick Ro (high),"[branch completion:general-10th-dan-and-pioneer-s; verifier: confirmed] Ro began training under Funakoshi in Japan in May 1936, earned a Shotokan black belt, and founded the Song Moo Kwan in Korea in 1944 on that basis.",edge_additions.csv
edge_addition,Gichin Funakoshi -> Chun Sang-sup (medium),"[branch completion:general-10th-dan-and-pioneer-s; verifier: confirmed] Chun took up Shotokan karate under Funakoshi while at Takushoku University in Japan, then founded the Chosun Yun Mu Kwan karate school (forerunner of the Jidokwan) in Seoul in 1946.",edge_additions.csv
edge_addition,Gichin Funakoshi -> Genshin Hironishi (high),"[branch completion:Mainland Japan gaps (JKA senio; verifier: confirmed] Shotokai Wikipedia article: Hironishi (1913-1999) 'studied under Gichin and Yoshitaka' and was president of the Shotokai 1962-1995, a key missing head of this branch.",edge_additions.csv
edge_addition,Gichin Funakoshi -> Hidetaka Nishiyama (high),"[branch completion:Mainland Japan gaps (JKA senio; verifier: confirmed] Wikipedia: Nishiyama 'began training in Shotokan karate at the art's honbu dojo under its founder, Gichin Funakoshi'. Note: Nakayama was a colleague, not his teacher, per the same page.",edge_additions.csv
edge_addition,Gichin Funakoshi -> Keinosuke Enoeda (low),"[branch completion:Mainland Japan gaps (JKA senio; verifier: plausible] Wikipedia lists Gichin Funakoshi among Enoeda's teachers, but the overlap was brief (Enoeda's Takushoku years only just preceded Funakoshi's death in 1957), so graded medium.",edge_additions.csv
edge_addition,Gichin Funakoshi -> Makoto Gima (high),"[lineage completion:Shotokan's spread: Funakoshi, ; verifier: confirmed] Gima resumed training under Funakoshi in Tokyo from 1922, partnered him in the landmark 17 May 1922 Kodokan demonstration (performing Naihanchi), and in March 1923 received from Funakoshi the first shodan awarded outside Okinawa.",edge_additions.csv
edge_addition,Gichin Funakoshi -> Minoru Mochizuki (low),"[island 2; verifiers: plausible,plausible] Mochizuki's Wikipedia biography states he 'was one of the direct students of Judo founder Jigoro Kano, Aikido founder Morihei Ueshiba and Gichin Funakoshi, founder of Shotokan Karate'. The Yoseikan Karate article (style history) states 'Minoru Mochizuki traine",edge_additions.csv
edge_addition,Gichin Funakoshi -> Mitsusuke Harada (high),"[branch completion:Mainland Japan gaps (JKA senio; verifier: confirmed] Wikipedia: 'Harada studied directly under Gichin Funakoshi', who personally awarded him 5th dan in 1956; Harada founded the Shotokai KDS in 1965.",edge_additions.csv
edge_addition,Gichin Funakoshi -> Motokuni Sugiura (high),"[wave4:Japanese-language sweep, mainl; verifier: confirmed] JKA official biography: Sugiura (2nd JKA Chief Instructor, 1991-2010) studied at university under Supreme Master Funakoshi Gichin.",edge_additions.csv
edge_addition,Gichin Funakoshi -> Osamu Ozawa (high),"[lineage completion:Shotokan's spread: Funakoshi, ; verifier: confirmed] Ozawa joined the Hosei University karate club in 1942 where Gichin Funakoshi was chief instructor, and Funakoshi personally promoted him to shodan in September 1944; he is widely described as a direct Funakoshi disciple.",edge_additions.csv
edge_addition,Gichin Funakoshi -> Shinyei Kaneshima (high),"[Bishop, Okinawan Karate; interview] Both in dataset; edge absent. Quote also names Choki Motobu as a teacher.",edge_additions.csv
edge_addition,Gichin Funakoshi -> Taira Shinken (high),[branch completion:Kobudo systems: Ryukyu Kobudo ; verifier: confirmed] Wikipedia: Taira was introduced to Funakoshi in 1922 and trained karate under him before turning to kobudo.,edge_additions.csv
edge_addition,Gichin Funakoshi -> Takeshi Shimoda (medium),"[audit:shotokan; verifier: confirmed] Shimoda was Funakoshi's senior assistant instructor (before Gigo assumed the role on Shimoda's death, commonly dated 1934); a significant early Shotokan figure absent from the file. Requires the new person proposed below.",edge_additions.csv
edge_addition,Gichin Funakoshi -> Teruyuki Okazaki (high),"[branch completion:Mainland Japan gaps (JKA senio; verifier: confirmed] Wikipedia: 'Teruyuki Okazaki studied primarily under Gichin Funakoshi, as well as Masatoshi Nakayama'; Okazaki founded the ISKF in Philadelphia in 1977.",edge_additions.csv
edge_addition,Gigo Funakoshi -> Genshin Hironishi (high),[branch completion:Mainland Japan gaps (JKA senio; verifier: confirmed] Same source: Hironishi studied under Yoshitaka (Gigo) Funakoshi as well as Gichin.,edge_additions.csv
edge_addition,Gigo Funakoshi -> Hidetaka Nishiyama (high),"[branch completion:Mainland Japan gaps (JKA senio; verifier: confirmed] Nishiyama recalled that Gichin 'and his son, Gigo Funakoshi, would divide the teaching load evenly between them' during his honbu training.",edge_additions.csv
edge_addition,Gigo Funakoshi -> Mitsusuke Harada (low),"[branch completion:Mainland Japan gaps (JKA senio; verifier: plausible] Wikipedia notes Harada met and trained with Gigo Funakoshi at Waseda, though only in the two years before Gigo's death (1945-1947), so graded medium.",edge_additions.csv
edge_addition,Gigo Funakoshi -> Motokuni Sugiura (high),"[wave4:Japanese-language sweep, mainl; verifier: confirmed] Same JKA official biography states he trained especially with Funakoshi's second son Yoshitaka (Gigo).",edge_additions.csv
edge_addition,Gogen Yamaguchi -> Gosei Yamaguchi (high),"[lineage completion:General sweep: notable orphans; verifier: confirmed] Gosei, eldest son of Gogen Yamaguchi, began training with his father at age 4 and was sent by him to establish Goju-kai in the USA in 1964.",edge_additions.csv
edge_addition,Gogen Yamaguchi -> Gosen Yamaguchi (high),[branch completion:Goju-ryu branch organisations ; verifier: confirmed] Second son of Gogen; taught at San Francisco State College from 1963 and briefly succeeded his father as president of the JKGA and IKGA in 1989 before his death in 1990.,edge_additions.csv
edge_addition,Gogen Yamaguchi -> Goshi Yamaguchi (high),"[lineage completion:General sweep: notable orphans; verifier: confirmed] Goshi, youngest son of Gogen, began training at his father's Senzoku dojo in 1951 and now heads the International Karate-do Goju-kai.",edge_additions.csv
edge_addition,Gogen Yamaguchi -> Paul Starling (high),[branch completion:Goju-ryu branch organisations ; verifier: confirmed] Wikipedia describes Starling as the most senior Caucasian student of Gogen Yamaguchi; trained under him at the Japan Karate-do College in 1973 and was awarded Kyoshi by Gogen; now an IKGA world vice president.,edge_additions.csv
edge_addition,Gogen Yamaguchi -> Shuji Tasaki (high),"[audit:goju-japan-world; verifier: confirmed] Tasaki (1933-2011) began Goju-ryu under Gogen Yamaguchi in 1951-52, became the first All Japan Karatedo Goju-kai kumite champion (1963/64), and founded Seiwakai in 1972 with Yamaguchi's approval; a major missing branch of Japanese Goju (JKF",edge_additions.csv
edge_addition,Gokenki -> Chojun Miyagi (medium),"[Bishop, Okinawan Karate; tradition] Both in dataset; edge absent. Book frames it as influence, not formal discipleship.",edge_additions.csv
edge_addition,Gokenki -> Kenwa Mabuni (medium),[lineage completion:General sweep: notable orphans; verifier: confirmed] Gokenki taught his white crane kung fu to Kenwa Mabuni (among others) at the Ryukyu Tode Kenkyukai; Mabuni's kata Nipaipo derives from him.,edge_additions.csv
edge_addition,Gokenki -> Matayoshi Shinpo (medium),[lineage completion:Kobudo lines: Taira Shinken / ; verifier: confirmed] From 1935 Shinpo studied Hakutsuru (white crane) kempo under the Chinese tea merchant Go Kenki (Gokenki); consistently reported across Matayoshi histories.,edge_additions.csv
edge_addition,Goshi Yamaguchi -> Ingo de Jong (low),[branch completion:Goju-ryu branch organisations ; verifier: plausible] De Jong serves as IKGA vice president under Goshi Yamaguchi and was graded 8th Dan Hanshi by the IKGA president in 2008.,edge_additions.csv
edge_addition,Goshi Yamaguchi -> Paul Starling (medium),[branch completion:Goju-ryu branch organisations ; verifier: confirmed] Starling was also trained by Goshi Yamaguchi at the Japan Karate-do College and later graded (7th and 8th dan) under Goshi's IKGA presidency.,edge_additions.csv
edge_addition,Gushikawa no Tiragwa -> Matsutaro Ire (high),"[Bishop, Okinawan Karate; interview] Teacher = 'Gushikawa no Tiragwa' (real name Higa). Edge absent (dataset only has his link to Shinko Matayoshi).",edge_additions.csv
edge_addition,Gushikawa no Tiragwa -> Shinko Matayoshi (high),"[lineage completion:Kobudo lines: Taira Shinken / ; verifier: confirmed] Matayoshi Shinko learned bo, sai, kama and eku from Agena Chokuho of Gushikawa Village, known by the nickname Gushicha Teragua (Gushikawa no Tiragwa), matching this orphan entry.",edge_additions.csv
edge_addition,Hatsuo Royama -> Shokei Matsui (high),"[audit:kyokushin-lines; verifier: confirmed] ja.wiki lists Matsui's teachers as Oyama, Royama (盧山初雄) and Kato; Royama coached Matsui for his 100-man kumite (1986). Missing from the file.",edge_additions.csv
edge_addition,Heisaburo Nakamura -> Masakazu Miyagi (high),"[Bishop, Okinawan Karate; interview] Student in dataset; Heisaburo Nakamura genuinely missing.",edge_additions.csv
edge_addition,Herbert Peters -> Mike Stone (medium),"[branch completion:general-10th-dan-and-pioneer-s; verifier: confirmed] Stone earned his Shorin-ryu black belt under Herbert Peters while stationed at Fort Chaffee, Arkansas, before his 91-fight winning streak in 1960s tournament karate.",edge_additions.csv
edge_addition,Hideo Nakamura -> Hatsuo Royama (high),[branch completion:Mainland Japan gaps (JKA senio; verifier: confirmed] Wikipedia: Royama 'was later reintroduced to Karate when he began to study under Hideo Nakamura' (Kang Chang-Soo); Nakamura Q11365653 is already in the connected roster.,edge_additions.csv
edge_addition,Hidetaka Nishiyama -> Hiroshi Shirai (high),[branch completion:Mainland Japan gaps (JKA senio; verifier: confirmed] Wikipedia lists Hidetaka Nishiyama among Shirai's instructors from his JKA training.,edge_additions.csv
edge_addition,Hideyuki Ashihara -> Joko Ninomiya (high),[branch completion:Mainland Japan gaps (JKA senio; verifier: confirmed] Ninomiya described Ashihara as his 'first and only karate teacher'; he left Ashihara Karate in May 1988 to found Enshin Karate in Denver.,edge_additions.csv
edge_addition,Hideyuki Ashihara -> Kazuyoshi Ishii (high),"[branch completion:Mainland Japan gaps (JKA senio; verifier: confirmed] Ashihara's Wikipedia page names Kazuyoshi Ishii as his student, who later founded Seidokaikan and the K-1 competitions.",edge_additions.csv
edge_addition,Higa Yuchoku -> Minoru Higa (high),"[branch completion:Kobayashi Shorin-ryu (Chibana ; verifier: confirmed] Wikipedia: Minoru Higa began karate under his uncle Yuchoku Higa at the Kyudokan Hombu dojo and succeeded him as president (Kaicho, Hanshi 10th dan) of the Okinawa Shorin-ryu Kyudokan association.",edge_additions.csv
edge_addition,Higa Yuchoku -> Oscar Higa (low),"[branch completion:Kobayashi Shorin-ryu (Chibana ; verifier: plausible] Italian Wikipedia and Kyudokan sources: Oscar Higa trained under his uncle Yuchoku, was appointed Kyudokan representative for South America (1985) and Europe (1992), now 10th dan head of the World Shorin-ryu Kyudokan Higa-te Federation.",edge_additions.csv
edge_addition,Higaonna Kanryo -> Juhatsu Kyoda (high),"[lineage completion:Chojun Miyagi's complete Goju-; verifier: confirmed] NEW person. Kyoda (1887-1968) entered Kanryo Higaonna's dojo in 1902, one month before Chojun Miyagi, and trained until Higaonna's death; he was the most senior student and founded To'on-ryu, named after Higaonna.",edge_additions.csv
edge_addition,Higaonna Kanryo -> Seko Higa (high),"[lineage completion:Chojun Miyagi's complete Goju-; verifier: confirmed] Wikipedia: Higa studied under Kanryo Higaonna from age 13 for four years until Higaonna's death (1915/16), before continuing under Miyagi. Propose in case this edge is missing.",edge_additions.csv
edge_addition,Higaonna Kanryo -> Shigeru Nakamura (low),"[lineage completion:Okinawa Kenpo and the Toma/Odo; verifier: plausible] Some Okinawa Kenpo histories name Kanryo Higaonna as a karate instructor at Nakamura's middle school, but other accounts (e.g. okinawakenpokarate.com) omit him and the school attribution is debated; drawn dashed as credible tradition.",edge_additions.csv
edge_addition,Higaonna Kanryo -> Shinpan Gusukuma (high),"[branch completion:Shito-ryu schools (Mabuni line; verifier: confirmed] Wikipedia: Gusukuma began Naha-te training under Higaonna Kanryo in 1908, alongside Kenwa Mabuni.",edge_additions.csv
edge_addition,Hirokazu Kanazawa -> Hiroyasu Fujishima (medium),"[anchor research] Fujishima (b. 1941, Takushoku University karate club; SKIF 8th dan, highest SKIF rank in the Americas) holds rank and the 2002 Hanshi title under SKIF founder Hirokazu Kanazawa; best-documented main-tree anchor.",edge_additions.csv
edge_addition,Hirokazu Kanazawa -> Manabu Murakami (high),"[wave4:Modern era: mainland Japan + i; verifier: confirmed] SKIF federation biography: Murakami enrolled in the SKIF instructor course taught by Kanazawa Soke, served as his long-time assistant, and became SKIF Shuseki Shihan (Chief Instructor) in April 2014, taking over the role from Kanazawa.",edge_additions.csv
edge_addition,Hirokazu Kanazawa -> Nobuaki Kanazawa (high),[wave4:Modern era: mainland Japan + i; verifier: confirmed] SKIF federation pages document that Nobuaki (eldest son) completed the instructor training course at the SKIF Honbu Dojo under his father and took over the position of Kancho of SKIF from Hirokazu Kanazawa in April 2014.,edge_additions.csv
edge_addition,Hirokazu Kanazawa -> Terry ONeill (medium),"[lineage completion:Shotokan's spread: Funakoshi, ; verifier: confirmed] Wikipedia and the KUGB profile state that, after Sherry, O'Neill was later taught by Kanazawa (resident JKA instructor in Britain before Enoeda).",edge_additions.csv
edge_addition,Hironori Otsuka -> Hajimu Takashima (medium),"[branch completion:Wado-ryu spread: Otsuka family; verifier: confirmed] Takashima was the third senior instructor Otsuka dispatched in 1963 (with Suzuki and Arakawa) to spread Wado-ryu in Europe and America, per the Wado-ryu and Arakawa Wikipedia articles; his role as one of Otsuka's senior instructors is consistently re",edge_additions.csv
edge_addition,Hironori Otsuka -> Hideho Takagi (high),"[branch completion:Wado-ryu spread: Otsuka family; verifier: confirmed] Takagi met Otsuka at Nihon University and began practising Wado-ryu under his guidance, being graded 5th dan by Otsuka in 1974; he remained in JKF Wadokai as chairman of its Technical Committee and its highest technical authority for around thirty ye",edge_additions.csv
edge_addition,Hironori Otsuka -> Hironori Otsuka II (high),"[branch completion:Wado-ryu spread: Otsuka family; verifier: confirmed] Jiro Otsuka (b. 24 Feb 1934, d. 26 Jun 2015), second son of the founder, began Wado-ryu training at 15 in preparation for succession and was appointed by his father before his leading students; succeeded as 2nd grandmaster in 1983, taking the name Hi",edge_additions.csv
edge_addition,Hironori Otsuka -> Masafumi Shiomitsu (high),"[branch completion:Wado-ryu spread: Otsuka family; verifier: confirmed] Shiomitsu joined the Nihon University Wado-ryu club taught by Otsuka (4th dan by 1964), was chosen by Otsuka as one of the instructors sent abroad (England 1965), and was graded 7th dan Kyoshi by Otsuka in 1981; later 9th dan Hanshi and head of the W",edge_additions.csv
edge_addition,Hironori Otsuka -> Masaru Shintani (high),[branch completion:Wado-ryu spread: Otsuka family; verifier: confirmed] Shintani met Otsuka in the mid-1950s and developed a close mentoring relationship in which Otsuka taught him Wado-ryu; Shintani became Supreme Instructor of Wado Kai in North America and founded the Shintani Wado-Kai Karate Federation; 9th dan.,edge_additions.csv
edge_addition,Hironori Otsuka -> Tatsuo Suzuki (high),"[branch completion:Wado-ryu spread: Otsuka family; verifier: confirmed] Suzuki began karate at 14 under Hironori Otsuka, was dispatched by Otsuka in 1963 to spread Wado-ryu worldwide, received 8th dan (1975) and Hanshi, and founded the Wado International Karate-do Federation (WIKF).",edge_additions.csv
edge_addition,Hironori Otsuka -> Teruo Kono (high),"[branch completion:Wado-ryu spread: Otsuka family; verifier: confirmed] Kono (1935-2000) trained intensively in Wado-ryu under Hironori Otsuka while at Nihon University in Tokyo, then spread Wado-ryu in Europe from the mid-1960s (national coach in England, Netherlands, Yugoslavia; founded Wadokai Deutschland); 8th dan Ha",edge_additions.csv
edge_addition,Hironori Otsuka -> Toru Arakawa (high),"[branch completion:Wado-ryu spread: Otsuka family; verifier: confirmed] Arakawa's Wikipedia infobox lists Hironori Otsuka as his teacher; Otsuka dispatched him (with Suzuki and Takashima) in 1963 to spread Wado-ryu abroad; JKF Wadokai manager 1962-1979, 9th dan Hanshi (d. 20 Jun 2015).",edge_additions.csv
edge_addition,Hironori Otsuka -> Yoshiaki Ajari (high),"[branch completion:Wado-ryu spread: Otsuka family; verifier: confirmed] Ajari met Otsuka at Meiji University and studied Wado-ryu with him (sandan in three and a half years); moved to the USA in 1957, pioneered Wado-ryu on the US West Coast, founded the US Wadokai Karatedo Federation, and recorded the 1965 legacy films w",edge_additions.csv
edge_addition,Hironori Otsuka II -> Kazutaka Otsuka (Hironori Otsuka III) (low),"[branch completion:Wado-ryu spread: Otsuka family; verifier: plausible] Kazutaka Otsuka, son of Jiro Otsuka and grandson of the founder, was trained by his father and succeeded him as grandmaster of Wado-ryu on Jiro's death in 2015, assuming the name Hironori Otsuka III; succession documented in the Wado-ryu Wikipedia ar",edge_additions.csv
edge_addition,Hiroshi Ishihara -> Kenko Nakaima (high),"[Bishop, Okinawan Karate; interview] Kendo instruction, not karate. No existing edge.",edge_additions.csv
edge_addition,Hiroyasu Fujishima -> Shinobu Ichiyanagi (low),"[lineage completion:Shotokan's spread: Funakoshi, ; verifier: plausible] Wikipedia states Ichiyanagi earned his Shotokan black belt in Los Angeles in 1972 and taught in JKA-affiliated clubs as a head instructor under Hiroyasu Fujishima; the wording implies Fujishima was his senior instructor rather than explicitly naming",edge_additions.csv
edge_addition,Ho Feng -> Tung Chin (medium),"[Bishop, Okinawan Karate; tradition] Ho Feng (Hoa Funsai) absent from dataset. Student matches C00634 'Tung Chin' (= Tung Chin Tsan / Kinryu). No such edge exists.",edge_additions.csv
edge_addition,Hohan Soken -> Chokei Kishaba (medium),[branch completion:Matsumura Seito / Orthodox Sho; verifier: confirmed] Chokei Kishaba is named among Soken's notable students on Wikipedia.,edge_additions.csv
edge_addition,Hohan Soken -> Fusei Kise (high),"[lineage completion:Okinawa Kenpo and the Toma/Odo; verifier: confirmed] Official Kenshin-kan biography: Kise began under Hohan Soken (Matsumura Seito Shorin-ryu) in 1958 and became his top student, promoted to 8th dan before Soken's death.",edge_additions.csv
edge_addition,Hohan Soken -> Hideo Nakazato (medium),"[Bishop, Okinawan Karate; tradition] No existing edge; both in dataset.",edge_additions.csv
edge_addition,Hohan Soken -> James Coffman (medium),[branch completion:Matsumura Seito / Orthodox Sho; verifier: confirmed] James Coffman is listed among Soken's senior students on Wikipedia; widely reported as one of Soken's early American students.,edge_additions.csv
edge_addition,Hohan Soken -> Jushin Kohama (medium),"[Bishop, Okinawan Karate; tradition] Both in dataset; no edge. Other chart students (Kise, Seiki Arakaki, Mitsuo Inoue) already have Soken edges.",edge_additions.csv
edge_addition,Hohan Soken -> Kensei Taba (low),[branch completion:Matsubayashi-ryu (Shoshin Naga; verifier: plausible] Shogen-ryu biographies consistently state Taba also trained under Hohan Soken alongside his primary training with Nagamine.,edge_additions.csv
edge_addition,Hohan Soken -> Mitsuo Inoue (medium),[branch completion:Matsumura Seito / Orthodox Sho; verifier: confirmed] Mitsuo Inoue is listed among Soken's senior students on Wikipedia; existing orphan record reused.,edge_additions.csv
edge_addition,Hohan Soken -> Nishihira Kosei (high),[branch completion:Matsumura Seito / Orthodox Sho; verifier: confirmed] Wikipedia: Nishihira studied under Soken from age 15 and is listed among Soken's senior students; regarded as keeper of the orthodox village transmission.,edge_additions.csv
edge_addition,Hohan Soken -> Ricky Rose (low),[branch completion:Matsumura Seito / Orthodox Sho; verifier: plausible] Rick Rose is listed among Soken's senior and notable students on Wikipedia; the Nishihira article confirms Rose also trained under Soken himself.,edge_additions.csv
edge_addition,Hohan Soken -> Ronald Lindsey (low),[branch completion:Matsumura Seito / Orthodox Sho; verifier: plausible] Lindsey trained in Soken's dojo in summer 1970 with Kinjo and held a teaching certificate from Soken per his obituary; Soken was head of system rather than day-to-day teacher.,edge_additions.csv
edge_addition,Hohan Soken -> Roy Y Suenaka (medium),[branch completion:Matsumura Seito / Orthodox Sho; verifier: confirmed] Roy Suenaka is named on Wikipedia both in Soken's senior student list and among his notable students.,edge_additions.csv
edge_addition,Hohan Soken -> Seifuku Nitta (low),"[audit:okinawa-kenpo-ryute; verifier: plausible] Same biography: Nitta began Shorin-ryu Matsumura Seito under Hohan Soken (with Fusei Kise) in 1970, training until Soken's retirement era (Kise took over as primary instructor in 1978). Soken is a major Matsumura Seito node very likely alre",edge_additions.csv
edge_addition,Hohan Soken -> Seiki Arakaki (medium),[branch completion:Matsumura Seito / Orthodox Sho; verifier: confirmed] Seiki Arakaki heads Wikipedia's list of Soken's senior students; existing orphan record reused.,edge_additions.csv
edge_addition,Hohan Soken -> Seizan Kinjo (medium),[branch completion:Matsumura Seito / Orthodox Sho; verifier: confirmed] Listed (as Seizen Kinjo) among Soken's senior students on Wikipedia; Lindsey's interview and obituary describe Kinjo as a Matsumura Seito student under Soken and Kise.,edge_additions.csv
edge_addition,Hohan Soken -> Takaya Yabiku (high),[branch completion:Matsumura Seito / Orthodox Sho; verifier: confirmed] Listed among Soken's senior students on Wikipedia; secondary sources describe him as a twenty-year student of Soken who founded the Matsusokan branch of Matsumura Seito.,edge_additions.csv
edge_addition,Hohan Soken -> Theodore Lange (low),[branch completion:Matsumura Seito / Orthodox Sho; verifier: plausible] Ted Lange is listed among Soken's senior students on Wikipedia; the Nishihira article confirms Lange also trained under Soken himself.,edge_additions.csv
edge_addition,Hohan Soken -> Tomosada Kuda (low),[branch completion:Matsumura Seito / Orthodox Sho; verifier: plausible] German Matsumura Kenpo association biography states Tomosada Kuda was taught since childhood by his father and by Hohan Soken; single-tradition source.,edge_additions.csv
edge_addition,Hohan Soken -> Yoshimatsu Akamine (medium),"[audit:matsumura-seito; verifier: confirmed] Akamine (proposed as a new person) studied under Soken for 22 years (1959-1982) per his preservation society's history, received his shihan certificate from Soken in 1980, and is named 'Yoshimatsu Akamine' in Soken's Wikipedia senior-studen",edge_additions.csv
edge_addition,Hohan Soken -> Yuichi Kuda (high),[branch completion:Matsumura Seito / Orthodox Sho; verifier: confirmed] Listed among Soken's senior students on Wikipedia; lineage sources confirm Kuda studied Matsumura Seito under Soken after 1970 and founded Matsumura Kenpo Shorin-ryu.,edge_additions.csv
edge_addition,Hsiao Yao -> Tung Chin (medium),"[Bishop, Okinawan Karate; tradition] Dataset has 'Hsiao Yao' (C00131) and 'Tung Chin' (C00634); no edge between them exists.",edge_additions.csv
edge_addition,Hwang Kee -> Hwang Hyun-chul (H.C. Hwang) (high),"[branch completion:general-10th-dan-and-pioneer-s; verifier: confirmed] Hwang Hyun-chul is Hwang Kee's son, trained under him from childhood, and was formally designated his successor as head of Soo Bahk Do Moo Duk Kwan in 2002.",edge_additions.csv
edge_addition,Hwang Kee -> Shin Jae Chul (high),"[island 1; verifiers: confirmed,confirmed] Shin's Wikipedia biography states he 'began his study of martial arts in 1948, joining the Seoul Moo Duk Kwan Central Gym under Grandmaster Hwang Kee', founder of the Moo Duk Kwan; he became an assistant instructor there and later taught US airmen at Osan Air",edge_additions.csv
edge_addition,Isamu Tamotsu -> Iwao Tamotsu (medium),[branch completion:Kyan Chotoku lines: Shobayashi; verifier: confirmed] Son of the founder; inherited the Renshinkan Soke position as Nidaime in May 2000 and led the organisation until his death in November 2016.,edge_additions.csv
edge_addition,Isamu Tamotsu -> Yuzo Tamotsu (low),"[branch completion:Kyan Chotoku lines: Shobayashi; verifier: plausible] Third Soke (Sandaime) of Shorinji-ryu Renshinkan from 2016, current Grand Master and 10th dan; family successor trained within the founder's school, though the direct teaching relationship is stated only by this single organisational source.",edge_additions.csv
edge_addition,Isei Kojo -> Kaho Kojo (low),[kojo-motobu-ryuei:Kojo (Kogusuku) family system ; verifier: plausible] Koshinkan chart draws Isei (1832-1891) -> Kaho (1849-1925); Koshinkan history and Japanese Wikipedia both give the succession 3rd generation Isei -> 4th generation Kaho in a style transmitted strictly within the family. Dates fully compatible.,edge_additions.csv
edge_addition,Ishimine Pechin -> Shinbi Kaneshima (medium),[audit:orphans-2] Kaneshima Shinbi studied under 'Old Ishimine' per the Okinawa Karate Kaikan profile and the Ishimine-ryu article,edge_additions.csv
edge_addition,Iwah -> Isei Kojo (medium),"[kojo-motobu-ryuei:Kojo (Kogusuku) family system ; verifier: confirmed] Japanese Wikipedia (Kojo-ryu, citing Uechi Kanei's Seisetsu Okinawa Karate-do): third-generation Isei 'studied under Iwah, a military officer in China, and served as his deputy instructor'. Koshinkan history independently states Isei went to China to",edge_additions.csv
edge_addition,Iwah -> Kaho Kojo (high),"[Bishop, Okinawan Karate; interview] Edge absent. Dataset instead has Wai Shin Zan -> Kaho Kojo (low) and Iwah -> Isei/Taitei Kojo.",edge_additions.csv
edge_addition,Iwah -> Kanryo Higaonna (low),"[wave4:Chinese-language sweep: Fujian; verifier: plausible] en-wiki: Higaonna 'possibly also' studied under Iwah at the Kojo dojo in Fuzhou. Explicitly speculative, so low.",edge_additions.csv
edge_addition,Iwah -> Matsumura Sokon (medium),"[lineage completion:Early masters' full connectivi; verifier: confirmed] Wikipedia names Iwah among Matsumura's instructors; worldbudokan gives detail (Iwah/Yao Wei Bo, Chinese kenpo master with whom Matsumura trained in Fuzhou and whom he later brought to Okinawa). Consistently reported in secondary literature.",edge_additions.csv
edge_addition,Iwah -> Ranho Maezato (low),"[kojo-motobu-ryuei:Kojo (Kogusuku) family system ; verifier: confirmed] The same Funakoshi-derived passage names 'Maesato' of Kume among Iwah's students; identification of this Maesato with Maezato Ranpo/Ranho of Kume (1838-1904) is the standard reading but is an inference, so rated low.",edge_additions.csv
edge_addition,Iwah -> Taitei Kojo (medium),[kojo-motobu-ryuei:Kojo (Kogusuku) family system ; verifier: confirmed] Koshinkan history: Isei trained under I Fa (Iwah) together with his cousin Taitei; the shorinjiryu Kume-village study attributes Iwah as Kogusuku Taitei's teacher per Funakoshi's writings ('Kogusuku of Kume' among Iwah's students); Chierchini: Taitei,edge_additions.csv
edge_addition,James Wax -> Frank Grant (high),"[branch completion:Matsubayashi-ryu (Shoshin Naga; verifier: confirmed] Grant began Matsubayashi-ryu under James Wax in Dayton, Ohio in 1959.",edge_additions.csv
edge_addition,Jesus del Moral -> Sandra Sanchez (high),"[wave4:Modern era: mainland Japan + i; verifier: confirmed] English Wikipedia records Sandra Sanchez (2020 Olympic kata gold medallist, two-time WKF world champion) as coached by Jesus del Moral, the Spanish national kata coach who directed her entire senior career.",edge_additions.csv
edge_addition,Jin'an Shinzato -> Yuchoku Higa (high),[wave4:Japanese-language sweep: Okina; verifier: confirmed] ja.wikipedia article on Higa Yuchoku states he studied Naha-te under Shinzato Jin'an from 1934.,edge_additions.csv
edge_addition,Jinan Shinzato -> Higa Yuchoku (high),[branch completion:Kobayashi Shorin-ryu (Chibana ; verifier: confirmed] Wikipedia: from 1934 Higa trained te and Goju-ryu under Jinan Shinzato (Miyagi Chojun's senior student).,edge_additions.csv
edge_addition,Jintatsu Higa -> Benito Higa (high),[branch completion:Kobayashi Shorin-ryu (Chibana ; verifier: confirmed] Kyudokan history records Jintatsu teaching his son Benito alongside Oscar; Wikipedia's Kyudokan article credits Benito Higa with establishing Kyudokan branches in South America.,edge_additions.csv
edge_addition,Jintatsu Higa -> Oscar Higa (high),"[branch completion:Kobayashi Shorin-ryu (Chibana ; verifier: confirmed] Kyudokan history: Jintatsu Higa, Yuchoku's brother and Kyudokan pioneer in Argentina, taught karate to his two sons Oscar and Benito from the 1940s; Oscar headed the Argentine school after Jintatsu's death in 1983. Reuses orphan C00152.",edge_additions.csv
edge_addition,Jiro Shiroma -> Higa Yuchoku (low),"[branch completion:Kobayashi Shorin-ryu (Chibana ; verifier: plausible] Wikipedia: Higa began training under Jiro Shiroma in 1927. Caveat: a later Shorinkan teacher of the same name exists (Doug Perry's first teacher), so verify the roster id C00094 refers to Higa's Shuri-te era teacher before wiring.",edge_additions.csv
edge_addition,Jitude Moshigwa Ire -> Shinko Matayoshi (high),"[lineage completion:Kobudo lines: Taira Shinken / ; verifier: confirmed] Matayoshi Shinko learned tonfa and nunchaku from 'Jitude Mishigwa Irei' of Nozato, Chatan; the orphan entry is this teacher under a variant romanisation.",edge_additions.csv
edge_addition,Joen Nakazato -> Hitoshi Oyakawa (medium),"[branch completion:Kyan Chotoku lines: Shobayashi; verifier: confirmed] Oyakawa Hitoshi heads the Okinawa Karate-do Shorinji-ryu Shinkokai (Nishihara Dojo, teaching the kata passed from Kyan to Nakazato) and is described by the Shinkokai USA branch as a direct student of Joen Nakazato.",edge_additions.csv
edge_addition,Joen Nakazato -> Isamu Tamotsu (medium),[branch completion:Kyan Chotoku lines: Shobayashi; verifier: confirmed] Zenryo sent Tamotsu to Nakazato to learn the bo kata Tokumine no Kon; Tamotsu subsequently billed Nakazato as his instructor when organising Shorinji-ryu Renshinkan in Kyushu.,edge_additions.csv
edge_addition,Joen Nakazato -> Jinshi Oyakawa (medium),"[Bishop, Okinawan Karate; tradition] Both in dataset; edge absent (dataset has Joen Nakazato -> Hitoshi Oyakawa A0049, a different Oyakawa). Chart structure uncertain in OCR.",edge_additions.csv
edge_addition,Joen Nakazato -> Senyu Unten (medium),"[Bishop, Okinawan Karate; tradition] Both in dataset; edge absent; chart structure uncertain in OCR, treat as low confidence",edge_additions.csv
edge_addition,Joen Nakazato -> Takao Nohara (medium),"[Bishop, Okinawan Karate; tradition] Both in dataset; no edge exists. Source is a lineage chart with uncertain OCR structure, so add at low confidence.",edge_additions.csv
edge_addition,Joki Uema -> Takeshi Uema (low),"[branch completion:Kobayashi Shorin-ryu (Chibana ; verifier: plausible] Shubukan site states Takeshi 'inherited traditional karate from his grandfather and father', indicating direct instruction from Joki Uema as well.",edge_additions.csv
edge_addition,Joki Uema -> Yasuhiro Uema (high),"[branch completion:Kobayashi Shorin-ryu (Chibana ; verifier: confirmed] Official Shubukan sources: the school passed from founder Uema Joki to his son Uema Yasuhiro, second-generation head and chairman of Okinawa Shubukan.",edge_additions.csv
edge_addition,Jon Bluming -> Jan Plas (high),[audit:kyokushin-lines; verifier: confirmed] en.wiki on Plas: he learned Kyokushin from Jon Bluming in Amsterdam before learning kickboxing from Kurosaki. Missing from the file.,edge_additions.csv
edge_addition,Joseph Carbonara -> Jerry Figgiani (high),"[branch completion:Matsubayashi-ryu (Shoshin Naga; verifier: confirmed] Figgiani, 9th dan, founder and president of Shorin Ryu Karate Do International (2009), is Carbonara's direct student per SRKDI's published lineage.",edge_additions.csv
edge_addition,Juei Tamaki -> Kanbun Izumigawa (low),[branch completion:Goju-ryu branch organisations ; verifier: plausible] Kanbun Izumikawa trained with Juei Tamaki for over ten years according to the Seiko Higa lineage history.,edge_additions.csv
edge_addition,Juhatsu Kyoda -> Eizo Onishi (high),"[wave4:Japanese-language sweep, mainl; verifier: confirmed] Same Wikipedia sources: after Toyama's letter of recommendation, Onishi studied Naha-te under Kyoda Juhatsu, the second documented teacher behind Koei-kan.",edge_additions.csv
edge_addition,Juhatsu Kyoda -> Kanki Izumigawa (medium),"[lineage completion:Chojun Miyagi's complete Goju-; verifier: confirmed] Wikipedia's Kanki Izumigawa article states that in his youth Izumigawa also studied karate under Juhatsu Kyoda, before his main training under Seiko Higa.",edge_additions.csv
edge_addition,Juhatsu Kyoda -> Katsumi Murakami (medium),"[Bishop, Okinawan Karate; tradition] Dataset has Choshin Chibana -> Katsumi Murakami but not Kyoda -> Murakami.",edge_additions.csv
edge_addition,Kafu Kojo -> Shigeru Kojo (low),"[kojo-motobu-ryuei:Kojo (Kogusuku) family system ; verifier: plausible] Shigeru Kojo (1934-1970s per ja-Wikipedia; 1934-1993 per Koshinkan chart) was Kafu's son and the 7th-generation head, trained by Kafu as successor; he closed the family dojo in 1975 due to illness.",edge_additions.csv
edge_addition,Kafu Kojo -> Shingo Hayashi (high),"[Bishop, Okinawan Karate; interview] Teachers matched (Kafu Kojo C00107; Shigeru Kojo C00506). Student Shingo Hayashi absent from dataset.",edge_additions.csv
edge_addition,Kafu Kojo -> Tatsumi Kojo (low),[kojo-motobu-ryuei:Kojo (Kogusuku) family system ; verifier: plausible] Koshinkan chart draws Kafu (d.1996) -> Tatsumi Kojo directly; Japanese Wikipedia records Tatsumi (b.1951) as the 8th-generation head after Shigeru. Chronologically sound (Kafu lived until Tatsumi was 45) but the direct teaching arrow appears only on,edge_additions.csv
edge_addition,Kaho Kojo -> Kafu Kojo (high),"[Bishop, Okinawan Karate; interview] Both present; edge absent. Dataset instead has Saikyo Kojo -> Kafu Kojo (medium) and Shuren Kojo -> Kafu Kojo (low). Book: grandfather taught him from age 12.",edge_additions.csv
edge_addition,Kaho Kojo -> Kanbun Uechi (low),"[kojo-motobu-ryuei:Kojo (Kogusuku) family system ; verifier: plausible] Uechi Kanbun 'initially took up the study of Kojo Ryu' on arriving in Fuzhou in 1897 (Wikipedia); the family dojo was then headed by 4th-generation Kaho (1849-1925), the pairing Motobu Naoki examines in 'Kojo Kaho and Uechi Kanbun'. Koshinkan's alter",edge_additions.csv
edge_addition,Kaho Kojo -> Saikyo Kojo (low),[kojo-motobu-ryuei:Kojo (Kogusuku) family system ; verifier: plausible] Succession 4th-generation Kaho (1849-1925) -> 5th-generation Saikyo (1873-1941) per Japanese Wikipedia and Koshinkan; Chierchini describes Saikyo as Kaho's close kinsman and 5th-generation successor who inherited the family system. Note: Koshinkan hi,edge_additions.csv
edge_addition,Kaho Kojo -> Shuren Kojo (medium),"[Bishop, Okinawan Karate; tradition] Both in dataset; no edge exists (only 'Ranho Maezato -> Shuren Kojo (low)').",edge_additions.csv
edge_addition,Kaho Kojo -> Tokusaburo Matsuda (low),"[kojo-motobu-ryuei:Kojo (Kogusuku) family system ; verifier: plausible] Motobu Naoki documents that Matsuda Tokusaburo (1877-1931) entered the Kojo dojo in Fuzhou with Uechi Kanbun in 1897 and, unlike Uechi, stayed on, his name appearing in Kojo-ryu lineage charts. The dojo head in that period was Kaho, but attribution o",edge_additions.csv
edge_addition,Kama Higa -> Seikichi Hokama (high),"[Bishop, Okinawan Karate; interview] Both in dataset; edge absent.",edge_additions.csv
edge_addition,Kanbun Uechi -> Ryuyu Tomoyose (high),[lineage completion:Uechi-ryu succession (Kanbun U; verifier: confirmed] Kanbun's first and most senior student in Wakayama (from c. 1924); persuaded Kanbun to teach again and took over the Wakayama dojo when Kanbun returned to Okinawa.,edge_additions.csv
edge_addition,Kanbun Uechi -> Saburo Uehara (high),"[lineage completion:Uechi-ryu succession (Kanbun U; verifier: confirmed] IUKF master biography: moved to Wakayama 1925 and 'began training under Master Kanbun Uechi' in 1926, certified teacher 1932, created the Seichin kata; listed among Kanbun's notable students on Wikipedia.",edge_additions.csv
edge_addition,Kanbun Uechi -> Seiko Toyama (high),[lineage completion:Uechi-ryu succession (Kanbun U; verifier: confirmed] Listed among Kanbun's notable students on Wikipedia; chronology records he began training with Kanbun in 1938 in Wakayama and returned to Okinawa with him in 1946. Proposed new person.,edge_additions.csv
edge_addition,Kanbun Uechi -> Seiryo Shinjo (high),"[lineage completion:Uechi-ryu succession (Kanbun U; verifier: confirmed] Listed among Kanbun's notable students on Wikipedia; okdkarate history calls him Kanbun's 'closest friend and student in the Shataku Dojo'; Kenyukai histories record him entering under Kanbun in Wakayama (first Shinjo generation, also romanised Kiyoy",edge_additions.csv
edge_addition,Kanbun Uechi -> Seiyu Shinjo (high),[lineage completion:Uechi-ryu succession (Kanbun U; verifier: confirmed] Kenyukai (Shinjo family organisation) history: Seiyu Shinjo entered Kanbun's school in 1939 aged 10; style histories name him among the students who returned to Okinawa with Kanbun in 1946. Proposed new person.,edge_additions.csv
edge_addition,Kanei Uechi -> David Scot (high),"[Bishop, Okinawan Karate; interview] Student absent from dataset (Great Britain; spelling possibly 'Scott').",edge_additions.csv
edge_addition,Kanei Uechi -> George Mattson (high),"[lineage completion:Uechi-ryu succession (Kanbun U; verifier: confirmed] Wikipedia: Mattson also trained at the Uechi-ryu headquarters under Uechi Kanei, who in 1958 asked him to spread Uechi-ryu in America.",edge_additions.csv
edge_addition,Kanei Uechi -> Hiroshi Sugihara (high),"[Bishop, Okinawan Karate; interview] Both in dataset; edge missing.",edge_additions.csv
edge_addition,Kanei Uechi -> Jiro Uehara (high),"[Bishop, Okinawan Karate; interview] Both present; edge absent.",edge_additions.csv
edge_addition,Kanei Uechi -> Kanmei Uechi (high),"[lineage completion:Uechi-ryu succession (Kanbun U; verifier: confirmed] Kanei's eldest son (b. 10 May 1941), listed in Kanei's Wikipedia infobox as his student; succeeded him in 1991 as third-generation head of the Uechi-ryu Karate-do Association until his death in 2015.",edge_additions.csv
edge_addition,Kanei Uechi -> Kansei Uechi (medium),[lineage completion:Uechi-ryu succession (Kanbun U; verifier: confirmed] Kanbun's younger son (b. 23 July 1922): style history states 'Kanei Uechi began teaching his twenty-five year old brother Kansei' after the war; the Uechi-ryu Europe chronology likewise records Kansei learning from Kanei (1942 entry).,edge_additions.csv
edge_addition,Kanei Uechi -> Kata Yamashiro (high),"[Bishop, Okinawan Karate; interview] Kanyei Uechi = Kanei Uechi. Edge missing.",edge_additions.csv
edge_addition,Kanei Uechi -> Katsuhiko Minowa (high),"[Bishop, Okinawan Karate; interview] Edge absent.",edge_additions.csv
edge_addition,Kanei Uechi -> Kayei Akamine (high),"[Bishop, Okinawan Karate; interview] Both in dataset; no edge exists.",edge_additions.csv
edge_addition,Kanei Uechi -> Kazuhide Shingaki (medium),"[Bishop, Okinawan Karate; tradition] Both in dataset; edge absent",edge_additions.csv
edge_addition,Kanei Uechi -> Kazuo Kishimoto (high),"[Bishop, Okinawan Karate; interview] Both in dataset; edge absent",edge_additions.csv
edge_addition,Kanei Uechi -> Kiyoshi Komesu (high),"[Bishop, Okinawan Karate; interview] Edge absent.",edge_additions.csv
edge_addition,Kanei Uechi -> Koichi Mori (high),"[Bishop, Okinawan Karate; interview] Both present; edge absent.",edge_additions.csv
edge_addition,Kanei Uechi -> Koshin Shimabukuro (high),"[Bishop, Okinawan Karate; interview] Both in dataset; edge absent.",edge_additions.csv
edge_addition,Kanei Uechi -> Kosuke Henna (high),"[Bishop, Okinawan Karate; interview] Both in dataset; edge absent",edge_additions.csv
edge_addition,Kanei Uechi -> Kosuke Yonamine (low),"[lineage completion:Uechi-ryu succession (Kanbun U; verifier: plausible] Okikukai masters listing: YONAMINE Kosuke (b. 1939) 'Student of UECHI Kanei', another of the senior students who formed the Okikukai.",edge_additions.csv
edge_addition,Kanei Uechi -> Mario Topolsek (medium),"[audit:orphans-1; verifier: confirmed] In the early 1970s Topolsek travelled to Okinawa and became a student of Kanei Uechi, then founded the first Uechi-ryu association in Europe (Belgrade, 1972) and reached 8th dan in the style. Documented by Czech Wikipedia and the European U",edge_additions.csv
edge_addition,Kanei Uechi -> Masamitsu Kinjo (high),"[Bishop, Okinawan Karate; interview] Both in dataset; edge absent.",edge_additions.csv
edge_addition,Kanei Uechi -> Natsukichi Shimabuku (high),"[Bishop, Okinawan Karate; interview] Kanyei = dataset 'Kanei Uechi'. Both present; edge absent.",edge_additions.csv
edge_addition,Kanei Uechi -> Noboru Miyagi (high),"[Bishop, Okinawan Karate; interview] Both in dataset; no edge.",edge_additions.csv
edge_addition,Kanei Uechi -> Noboru Uchima (high),"[Bishop, Okinawan Karate; interview] Kanyei = Kanei Uechi. Edge absent.",edge_additions.csv
edge_addition,Kanei Uechi -> Robert Donnely (high),"[Bishop, Okinawan Karate; interview] Both present; edge absent. Australia branch.",edge_additions.csv
edge_addition,Kanei Uechi -> Ryokichi Tomoyose (high),"[Bishop, Okinawan Karate; interview] Dataset has Kanei Uechi -> Ryuko Tomoyose (high) but Ryokichi Tomoyose (C00433, Wakayama) is a distinct entry with no edge.",edge_additions.csv
edge_addition,Kanei Uechi -> Ryuko Tomoyose (high),"[lineage completion:Uechi-ryu succession (Kanbun U; verifier: confirmed] IUKF biography: son of Ryuyu Tomoyose, 'pursued Uechi-Ryu under the tutelage of Kanei Uechi around 1942', helped Kanei found the Nodake/Futenma dojos; Wikipedia names him a student of Kanei.",edge_additions.csv
edge_addition,Kanei Uechi -> Ryuyu Tomoyose (high),"[Bishop, Okinawan Karate; interview] Edge absent. Dataset has Kanbun Uechi -> Ryuyu Tomoyose and Kanei Uechi -> Ryuko Tomoyose (C00438); possible chart conflation of Ryuyu with his son Ryuko.",edge_additions.csv
edge_addition,Kanei Uechi -> Saburo Uehara (high),"[Bishop, Okinawan Karate; interview] Kanyei = Kanei Uechi. Dataset only has 'Kanbun Uechi -> Saburo Uehara (high)'; chart is headed jointly Kanbun/Kanyei, so this is a distinct claim.",edge_additions.csv
edge_addition,Kanei Uechi -> Satoru Araki (high),"[Bishop, Okinawan Karate; interview] Edge absent.",edge_additions.csv
edge_addition,Kanei Uechi -> Seiki Ire (high),"[Bishop, Okinawan Karate; interview] No existing edge; both in dataset.",edge_additions.csv
edge_addition,Kanei Uechi -> Seiki Itokazu (low),[lineage completion:Uechi-ryu succession (Kanbun U; verifier: plausible] Kanei's Wikipedia infobox lists Seiki Itokazu among his notable students; he designed the kata Kanshu adopted into Kanei's Uechi-ryu curriculum and later headed the Pangainoon-ryu (Konan-ryu) line.,edge_additions.csv
edge_addition,Kanei Uechi -> Seiko Itokazu (high),"[Bishop, Okinawan Karate; interview] Seiko Itokazu (C00483) is distinct from Seiki Itokazu (C00480); edge absent.",edge_additions.csv
edge_addition,Kanei Uechi -> Seiko Toyama (high),"[lineage completion:Uechi-ryu succession (Kanbun U; verifier: confirmed] Kanei's Wikipedia infobox lists Seiko Toyama among his students; Zankyokai lineage histories state Toyama continued under Kanei after Kanbun's death (promotions recorded 1958), later founding the Zankyokai.",edge_additions.csv
edge_addition,Kanei Uechi -> Seisaburo Miyagi (high),"[Bishop, Okinawan Karate; interview] Edge absent.",edge_additions.csv
edge_addition,Kanei Uechi -> Seishin Shirado (high),"[Bishop, Okinawan Karate; interview] Both present; edge absent.",edge_additions.csv
edge_addition,Kanei Uechi -> Seisho Yonaha (high),"[Bishop, Okinawan Karate; interview] Both in dataset; edge missing.",edge_additions.csv
edge_addition,Kanei Uechi -> Seiyu Arashiro (high),"[Bishop, Okinawan Karate; interview] Both in dataset; edge absent",edge_additions.csv
edge_addition,Kanei Uechi -> Seiyu Shinjo (medium),[lineage completion:Uechi-ryu succession (Kanbun U; verifier: confirmed] Kanei's Wikipedia infobox lists Seiyu Shinjo among his notable students; after moving to Kadena in 1960 the Shinjo family dojo operated within Kanei's association.,edge_additions.csv
edge_addition,Kanei Uechi -> Shigeru Takamiyagi (medium),[lineage completion:Uechi-ryu succession (Kanbun U; verifier: confirmed] Okikukai masters listing: TAKAMIYAGI Shigeru (b. 1935) 'Student of UECHI Kanei'; he was among the senior Kanei students who formed the Okikukai in 1991.,edge_additions.csv
edge_addition,Kanei Uechi -> Shinsei Omine (high),"[Bishop, Okinawan Karate; interview] No existing edge; both in dataset.",edge_additions.csv
edge_addition,Kanei Uechi -> Shinyu Gushi (medium),[lineage completion:Uechi-ryu succession (Kanbun U; verifier: confirmed] Kanei's Wikipedia infobox lists Shinyu Gushi among his notable students; Pangai-noon lineage pages name Kanei Uechi among the masters who passed the style to Gushi.,edge_additions.csv
edge_addition,Kanei Uechi -> Shoji Arasaki (high),"[Bishop, Okinawan Karate; interview] Both in dataset; edge absent.",edge_additions.csv
edge_addition,Kanei Uechi -> Shuei Sakiyama (high),"[Bishop, Okinawan Karate; interview] Kanyei Uechi = Kanei Uechi (Q1728269). Both in dataset; no edge.",edge_additions.csv
edge_addition,Kanei Uechi -> Shusei Maeshiro (high),"[Bishop, Okinawan Karate; interview] Both in dataset; no Kanei Uechi edge (dataset only has Shinpo Matayoshi -> Shusei Maeshiro).",edge_additions.csv
edge_addition,Kanei Uechi -> Soryu Furugen (high),"[Bishop, Okinawan Karate; interview] Both in dataset; edge absent",edge_additions.csv
edge_addition,Kanei Uechi -> Susumu Tamamura (high),"[Bishop, Okinawan Karate; interview] No existing edge; both in dataset.",edge_additions.csv
edge_addition,Kanei Uechi -> Takenobu Uehara (high),"[Bishop, Okinawan Karate; interview] Edge missing; dataset instead has Saburo Uehara -> Takenobu Uehara (low).",edge_additions.csv
edge_addition,Kanei Uechi -> Takeo Hiyagon (high),"[Bishop, Okinawan Karate; interview] Both in dataset; no edge exists.",edge_additions.csv
edge_addition,Kanei Uechi -> Teamaai Uehara (high),"[Bishop, Okinawan Karate; interview] Dataset contains the same OCR-garbled name 'Teamaai Uehara' (C00582); no edge from Kanei Uechi exists.",edge_additions.csv
edge_addition,Kanei Uechi -> Tsutomu Nakahodo (low),"[lineage completion:Uechi-ryu succession (Kanbun U; verifier: plausible] Classical Fighting Arts interview (Vol.2 No.23, cited on the IUKF forum) states Nakahodo trained under Seiko Toyama, Seiyu Shinjo and Kanei Uechi; he became an Okikukai 10th dan hanshi (b. 1932).",edge_additions.csv
edge_addition,Kanei Uechi -> Yasuo Shimoji (high),"[Bishop, Okinawan Karate; interview] Both in dataset; edge absent",edge_additions.csv
edge_addition,Kanei Uechi -> Yeishun Henna (medium),"[Bishop, Okinawan Karate; tradition] Both in dataset; edge absent; chart OCR garbled, treat as low confidence",edge_additions.csv
edge_addition,Kanga Sakukawa -> Chinen Umikana (low),"[branch completion:Kobudo systems: Ryukyu Kobudo ; verifier: plausible] Yamanni-ryu tradition per Wikipedia: Chinen Umikana was the first recipient of Sakugawa's bojutsu; single-source tradition, drawn dashed.",edge_additions.csv
edge_addition,Kanga Sakukawa -> Matsumura Sokon (medium),"[lineage completion:Early masters' full connectivi; verifier: confirmed] Wikipedia states Matsumura 'began the study of karate under the guidance of Sakukawa Kanga' and spent five years with him. The pairing is contested under the 1733-1815 Sakugawa dating (Matsumura b.1809 would have been six at his death), but with the",edge_additions.csv
edge_addition,Kanga Sakukawa -> Tachimura no Peichin (low),"[lineage completion:Early masters' full connectivi; verifier: plausible] Wikipedia's Sakugawa article lists 'Bushi Tachimura' as a notable student, and the KishimotoDi lineage records Tachimura (1814-1899) as a fellow student of Matsumura under 'Tode' Sakugawa Kanga (1786-1867). Ultimately rests on one lineage's oral trad",edge_additions.csv
edge_addition,Kanken Toyama -> Eizo Onishi (high),"[wave4:Japanese-language sweep, mainl; verifier: confirmed] Italian Wikipedia and the archived English Wikipedia Koei-Kan article document Onishi as Toyama's pupil for about ten years (6th dan under Toyama); Toyama himself suggested the name Koei-kan for Onishi's school.",edge_additions.csv
edge_addition,Kanken Toyama -> Isao Ichikawa (high),"[audit:wado-chito-shudokan; verifier: confirmed] Ichikawa Isao (1935-1996), founder of Karatedo Doshinkan (Vienna, 1967), was Toyama's last inner disciple; Toyama awarded him 10th dan and the title Hanshi and named him successor. Documented on the official Doshinkan honbu history. Major m",edge_additions.csv
edge_addition,Kanken Toyama -> Kim Ki-whang (high),"[branch completion:general-10th-dan-and-pioneer-s; verifier: confirmed] Kim learned Shudokan karate from its founder Kanken Toyama at Nihon University, earning 4th dan and captaining the university team, before becoming a leading US taekwondo pioneer.",edge_additions.csv
edge_addition,Kanken Toyama -> Seitoku Higa (low),"[branch completion:Bugeikan (Higa Seitoku) / Kish; verifier: plausible] Secondary biographies state Higa Seitoku studied under Toyama Kanken and that Toyama awarded him a Shihan grade in 1940 after a joint demonstration in mainland Japan. Reported in enthusiast/secondary sources I could only consult via search snippets,",edge_additions.csv
edge_addition,Kanken Toyama -> Yoon Byung-in (high),"[branch completion:general-10th-dan-and-pioneer-s; verifier: confirmed] Yoon studied Shudokan karate under Kanken Toyama at Nihon University from 1938, receiving 4th dan and a master's certificate, then founded the YMCA Kwon Bop Bu (later Chang Moo Kwan) in Seoul in 1946.",edge_additions.csv
edge_addition,Kanken Toyama -> Yun Kwae-byung (high),"[branch completion:general-10th-dan-and-pioneer-s; verifier: confirmed] Yun studied Shudokan karate under Kanken Toyama at Nihon University, later heading the Kanbukan dojo in Japan and becoming the first president of the Jidokwan in Korea.",edge_additions.csv
edge_addition,Kanki Izumigawa -> Kanbun Izumigawa (high),[lineage completion:Chojun Miyagi's complete Goju-; verifier: confirmed] Kanbun Izumigawa was Kanki's eldest son and student who succeeded him as second soke of the Senbukan in Kawasaki.,edge_additions.csv
edge_addition,Kanki Izumigawa -> Katsuya Izumikawa (high),"[branch completion:Goju-ryu branch organisations ; verifier: confirmed] Kanki's second son, third soke of the Senbukan from 1982; renamed the organisation International Karate-do Goju-ryu Senbukai in 2016 and still heads it.",edge_additions.csv
edge_addition,Kanki Izumigawa -> Seiichi Akamine (medium),[lineage completion:Chojun Miyagi's complete Goju-; verifier: confirmed] Wikipedia's Kanki Izumigawa article lists Seiichi Akamine (later founder of Ken-shin-kan in South America) among Izumigawa's named students.,edge_additions.csv
edge_addition,Kanki Izumigawa -> Sosui Ichikawa (high),[lineage completion:Chojun Miyagi's complete Goju-; verifier: confirmed] Wikipedia: Sosui Ichikawa (Sosuikan) was one of the two main senior students who preserved Izumigawa's Goju-ryu teachings in mainland Japan (with Busen Arakawa).,edge_additions.csv
edge_addition,Kanryo Higaonna -> Chogi Yoshimura (high),"[wave4:Japanese-language sweep: Okina; verifier: confirmed] ja.wikipedia article on Yoshimura Chogi states he began studying Naha-te (Sanchin, Pecchurin) under Higaonna Kanryo around age 22-23.",edge_additions.csv
edge_addition,Kanryo Higaonna -> Kanken Toyama (medium),"[audit:wado-chito-shudokan; verifier: confirmed] En-wiki Kanken Toyama lists Kanryo Higaonna among his teachers (Naha-te), consistent with Toyama's own published teacher list; both nodes already exist in the graph but the edge is missing.",edge_additions.csv
edge_addition,Kanryo Higaonna -> Koki Shiroma (medium),"[Bishop, Okinawan Karate; tradition] Both in dataset; edge absent. Book names him one of Higaonna's three most notable students.",edge_additions.csv
edge_addition,Kantoku Izumikawa -> Kanki Izumigawa (medium),[branch completion:Kobudo systems: Ryukyu Kobudo ; verifier: confirmed] Kanki Izumigawa (Senbukan founder) learned Okinawan kobudo from childhood from his cousin Kantoku Izumikawa.,edge_additions.csv
edge_addition,Kantoku Uechi -> Kanbun Uechi (low),"[lineage completion:Uechi-ryu succession (Kanbun U; verifier: plausible] Style histories (derived from Mattson/Dollar) state Kanbun 'learned bojutsu... as well as his father, Kantoku'. Family bojutsu instruction only, not karate; single tradition, so low confidence.",edge_additions.csv
edge_addition,Kanyu Higaonna -> Juhatsu Kyoda (medium),[audit:orphans-1; verifier: confirmed] Kyoda Juhatsu's first karate teacher was Higaonna Kanyu (Higaonna of the East): Kyoda's mother Omito was a relative of Kanyu and brought Juhatsu to him before he entered Kanryo Higaonna's dojo. Kyoda preserved Kanyu's distinct Seisan and pa,edge_additions.csv
edge_addition,Kanzo Nakandakari -> Seitoku Higa (high),"[Bishop, Okinawan Karate; interview] Teacher genuinely absent from dataset (also appears in the people slice, p131). Pinan kata transmission.",edge_additions.csv
edge_addition,Karyu Uku -> Kokan Oyadomari (medium),"[lineage completion:Early masters' full connectivi; verifier: confirmed] The Tomari-te account consulted describes Oyadomari Kokan (1827-1905) as 'taught by Karyu Uku, Kishin Teruya, Anan, and Ason'; Uku and Teruya teaching both Matsumora and Oyadomari is the consistently reported Tomari-te transmission.",edge_additions.csv
edge_addition,Karyu Uku -> Kosaku Matsumora (high),"[lineage completion:Early masters' full connectivi; verifier: confirmed] Wikipedia states plainly: 'He studied Tomari-te under Karyu Uku (aka Giko Uku) and Kishin Teruya', and the infobox lists Karyu Uku as teacher. Wires the Tomari-te founder orphan into the tree.",edge_additions.csv
edge_addition,Katsumori Kochi -> Katsuhide Kochi (high),"[Bishop, Okinawan Karate; interview] Both in dataset; no edge exists. Father-son, over ten years.",edge_additions.csv
edge_addition,Katsunori Tsuyama -> Hideo Ochi (high),"[lineage completion:Shotokan's spread: Funakoshi, ; verifier: confirmed] The Gasshuku e.V. biography explicitly names Hideo Ochi (later JKA chief instructor in Germany) as Tsuyama's student at Takushoku University. Ochi is already connected; this link anchors the new Tsuyama node.",edge_additions.csv
edge_addition,Katsunori Tsuyama -> Masao Kawasoe (medium),"[lineage completion:Shotokan's spread: Funakoshi, ; verifier: confirmed] Kawasoe's biographies name Tsuyama (of Saga, matching Tsuyama's documented birthplace) as one of his first instructors, training under him through high school and then at Takushoku University six days a week for four years; Tsuyama's student lists in",edge_additions.csv
edge_addition,Katsunori Tsuyama -> Takemasa Okuyama (low),"[lineage completion:Shotokan's spread: Funakoshi, ; verifier: plausible] Wikipedia states that at Takushoku University from 1960 Okuyama regularly trained with karate masters including Katsunori Tsuyama.",edge_additions.csv
edge_addition,Katsunori Tsuyama -> Tatsuya Naka (medium),"[lineage completion:Shotokan's spread: Funakoshi, ; verifier: confirmed] Naka enrolled at Takushoku University in 1982 and trained in its Shotokan club under head coach Katsunori Tsuyama until graduating in 1986, before entering the JKA instructor course; Tsuyama's student lists consistently include Naka.",edge_additions.csv
edge_addition,Katsuoh Yamamoto -> Michael G Foster (high),[lineage completion:General sweep: notable orphans; verifier: confirmed] Foster lived and trained in Yamamoto's dojo in Japan for about nineteen months and was named Yamamoto's chief US representative for Yoshukai.,edge_additions.csv
edge_addition,Katsuya Miyahira -> Hiroyuki Shinkai (medium),"[Bishop, Okinawan Karate; tradition] Both in dataset; no edge.",edge_additions.csv
edge_addition,Katsuya Miyahira -> Kasei Shimabuku (medium),"[Bishop, Okinawan Karate; tradition] Both in dataset; edge absent",edge_additions.csv
edge_addition,Katsuya Miyahira -> Makoto Tanizoe (medium),"[Bishop, Okinawan Karate; tradition] Both in dataset; no edge.",edge_additions.csv
edge_addition,Katsuya Miyahira -> Meiyu Takara (medium),"[Bishop, Okinawan Karate; tradition] Both present; edge absent.",edge_additions.csv
edge_addition,Katsuya Miyahira -> Morinobu Maeshiro (high),"[lineage completion:Shorin-ryu lines (Chibana Chos; verifier: confirmed] Maeshiro Morinobu, Hanshi 10th dan, was a senior student of Miyahira Katsuya and now leads the Shidokan hombu and the Okinawa Shorin-ryu Karate-do Kyokai.",edge_additions.csv
edge_addition,Katsuya Miyahira -> Noboru Teruya (medium),"[Bishop, Okinawan Karate; tradition] Both in dataset; edge absent",edge_additions.csv
edge_addition,Katsuya Miyahira -> Seigi Shiroma (medium),"[Bishop, Okinawan Karate; tradition] Both in dataset; edge missing.",edge_additions.csv
edge_addition,Katsuya Miyahira -> Seiichi Shiroma (medium),"[Bishop, Okinawan Karate; tradition] Both in dataset; no edge exists.",edge_additions.csv
edge_addition,Katsuya Miyahira -> Seiken Tamanaha (medium),"[Bishop, Okinawan Karate; tradition] Both in dataset; edge absent.",edge_additions.csv
edge_addition,Katsuya Miyahira -> Seikichi Higa (medium),"[Bishop, Okinawan Karate; tradition] Dataset has Seko Higa -> Seikichi Higa but no Miyahira -> Seikichi Higa edge. Distinct from Miyahira -> Seikichi Iha.",edge_additions.csv
edge_addition,Katsuya Miyahira -> Seikichi Iha (high),"[branch completion:Kobayashi Shorin-ryu (Chibana ; verifier: confirmed] Wikipedia: Iha (1932-2024, 10th dan 2001) was Miyahira's senior student and spread Shidokan internationally from headquarters in Lansing, Michigan.",edge_additions.csv
edge_addition,Katsuya Miyahira -> Seiko Goya (medium),"[Bishop, Okinawan Karate; tradition] Both in dataset; edge absent.",edge_additions.csv
edge_addition,Katsuya Miyahira -> Seisho Hanashiro (medium),"[Bishop, Okinawan Karate; tradition] Both in dataset; edge absent.",edge_additions.csv
edge_addition,Katsuya Miyahira -> Shinkichi Ishimine (medium),"[Bishop, Okinawan Karate; tradition] Both present; edge absent.",edge_additions.csv
edge_addition,Katsuya Miyahira -> Shoei Miyazato (medium),[branch completion:Kobayashi Shorin-ryu (Chibana ; verifier: confirmed] Wikipedia's Shidokan article names Shoei Miyazato as the notable Shidokan instructor for Argentina; the direct student relationship to Miyahira is implied by the organisation listing rather than stated explicitly. Reuses orphan C00521.,edge_additions.csv
edge_addition,Katsuya Miyahira -> Yoshihide Shinzato (medium),"[audit:shorin-kobayashi; verifier: confirmed] Spanish Wikipedia records that after Chibana's death in 1969 Shinzato continued training under Katsuya Miyahira, Chibana's successor.",edge_additions.csv
edge_addition,Katsuya Miyahira -> Yoshio Okawa (medium),"[Bishop, Okinawan Karate; tradition] Both in dataset; edge missing.",edge_additions.csv
edge_addition,Kazuyoshi Ishii -> Andy Hug (low),"[island 3; verifiers: plausible,plausible] Hug's Wikipedia biography states he 'made the switch from Kyokushinkaikan to Seidokaikan in 1992', becoming a professional fighter in Japan under Ishii's organisation; the Seidokaikan article confirms Hug joined Seidokaikan, founded and headed by Ishii as Kanc",edge_additions.csv
edge_addition,Kazuyoshi Ishii -> Nobuaki Kakuda (low),"[wave4:Modern era: mainland Japan + i; verifier: plausible] Japanese Wikipedia documents Kakuda joining his senior Ishii's breakaway Seidokaikan from its founding, rising through it as Kobe branch director to become the organisation's highest-ranking instructor (saiko shihan) and a K-1 executive under Ishii;",edge_additions.csv
edge_addition,Keikichi Nakamura -> Shigeru Nakamura (medium),"[Bishop, Okinawan Karate; tradition] Both in dataset; no edge exists. Note: dataset has 'Teiichi Nakamura -> Shigeru Nakamura (low)'; the book names the father as Keikichi, so these may conflict or",edge_additions.csv
edge_addition,Keinosuke Enoeda -> Terry ONeill (high),"[lineage completion:Shotokan's spread: Funakoshi, ; verifier: confirmed] Wikipedia records that Enoeda became resident instructor at O'Neill's Liverpool (Red Triangle) dojo on arriving in the UK, initially lodging with O'Neill and his mother; O'Neill trained under him there throughout his KUGB competitive career (1967-198",edge_additions.csv
edge_addition,Keinosuke Enoeda -> Yoshinobu Ohta (high),[wave4:Modern era: mainland Japan + i; verifier: confirmed] JKA England (organisation site) documents that Enoeda invited Ohta to England in 1982 as his assistant; Ohta trained and taught alongside Enoeda for twenty years and was appointed JKA England chief instructor after Enoeda's death in 2003.,edge_additions.csv
edge_addition,Keisei Okamoto -> Shoshin Nagamine (medium),"[Bishop, Okinawan Karate; tradition] Both present; edge absent. Zen Buddhism (Myoshinji school), not karate; flag if the graph is karate-only.",edge_additions.csv
edge_addition,Kenchu Nakaima -> Kenko Nakaima (high),"[lineage completion:Chojun Miyagi's complete Goju-; verifier: confirmed] Wikipedia: Kenchu taught the family system only to his son Kenko Nakaima (1911-1989), who made Ryuei-ryu public in 1971.",edge_additions.csv
edge_addition,Kenei Mabuni -> Yasunari Ishimi (high),"[island anchor] en-wiki: Ishimi trained under Yoshiaki Tsuzikawa and Kenei Mabuni, son of the Shito-ryu founder",edge_additions.csv
edge_addition,Kenichi Sawai -> Hatsuo Royama (high),"[branch completion:Mainland Japan gaps (JKA senio; verifier: confirmed] Wikipedia: Royama 'received training from Kenichi Sawai, practitioner of Taikiken'; this Taikiken influence is a hallmark of Royama's Kyokushin-kan curriculum.",edge_additions.csv
edge_addition,Kenko Nakaima -> Kenji Nakaima (medium),"[lineage completion:Chojun Miyagi's complete Goju-; verifier: confirmed] Ryuei-ryu organisation histories consistently report that Kenji Nakaima learned the style from his father Kenko and succeeded him as grandmaster after Kenko's death in 1989, serving as soke until 2016.",edge_additions.csv
edge_addition,Kenko Nakaima -> Takeyuki Kinjo (medium),"[Bishop, Okinawan Karate; tradition] Both in dataset; edge absent (Kenko Nakaima currently linked to Kenji Nakaima, Tsuguo Sakumoto, Teruo Hayashi).",edge_additions.csv
edge_addition,Kenko Nakaima -> Teruo Hayashi (high),[lineage completion:General sweep: notable orphans; verifier: confirmed] Hayashi was the first non-family member allowed to study Ryuei-ryu under Kenko Nakaima; Hayashi-ha incorporates much Ryuei-ryu theory.,edge_additions.csv
edge_addition,Kenko Nakaima -> Tomohiro Arashiro (medium),"[Bishop, Okinawan Karate; tradition] No existing edge; both in dataset.",edge_additions.csv
edge_addition,Kenko Nakaima -> Tsuguo Sakumoto (high),"[lineage completion:Kobudo lines: Taira Shinken / ; verifier: confirmed] Sakumoto began training under Kenko Nakaima in 1970 and became Ryuei-ryu's most famous exponent, later appointed successor.",edge_additions.csv
edge_addition,Kensei Kinjo -> Shintaro Yoshizato (high),"[Bishop, Okinawan Karate; interview] Both in dataset; edge absent.",edge_additions.csv
edge_addition,Kentsu Yabu -> Kenko Nakaima (high),"[Bishop, Okinawan Karate; interview] Both in dataset; edge absent.",edge_additions.csv
edge_addition,Kentsu Yabu -> Makoto Gima (high),"[lineage completion:Shotokan's spread: Funakoshi, ; verifier: confirmed] Gima (Shinkin Gima) learned karate at the Okinawan Shihan Gakko where his main teacher is documented as Kentsu Yabu; consistently reported across karate history sources.",edge_additions.csv
edge_addition,Kentsu Yabu -> Shigeru Nakamura (medium),[lineage completion:Okinawa Kenpo and the Toma/Odo; verifier: confirmed] Yabu taught weekly at Icchu middle school alongside Itosu while Nakamura studied there; consistently reported school-era instruction.,edge_additions.csv
edge_addition,Kenwa Mabuni -> Chojiro Tani (high),[branch completion:Shito-ryu schools (Mabuni line; verifier: confirmed] Wikipedia: Miyagi recommended Mabuni to Tani; in 1946 Tani received the certificate of succession from Mabuni and founded Tani-ha Shito-ryu (Shukokai).,edge_additions.csv
edge_addition,Kenwa Mabuni -> Chozo Nakama (high),"[Bishop, Okinawan Karate; interview] Both present; edge absent (Nakama's dataset teachers: Choki Motobu, Chomo Hanashiro, Choshin Chibana).",edge_additions.csv
edge_addition,Kenwa Mabuni -> Kenzo Mabuni (high),"[lineage completion:General sweep: notable orphans; verifier: confirmed] Kenzo Mabuni joined his father's school at 13, trained consistently with him and succeeded as second soke of Seito Shito-ryu.",edge_additions.csv
edge_addition,Kenwa Mabuni -> Kokuba (Kosei Kokuba) (low),"[branch completion:Shito-ryu schools (Mabuni line; verifier: plausible] Consistently reported that Kokuba Kosei was also a chief disciple of Kenwa Mabuni in Osaka, blending Shito-ryu into Seishin-kai's Motobu-ha curriculum.",edge_additions.csv
edge_addition,Kenwa Mabuni -> Mabuni Kenei (high),"[branch completion:Shito-ryu schools (Mabuni line; verifier: confirmed] Eldest son, personally instructed from childhood; 2nd soke of Shito-ryu and Sosai of World Shito-ryu Karate-do Federation (1993).",edge_additions.csv
edge_addition,Kenwa Mabuni -> Manzo Iwata (high),[branch completion:Shito-ryu schools (Mabuni line; verifier: confirmed] Trained directly under Mabuni from 1941 at Toyo University; received shihan diploma 1944; later president of All Japan Karatedo Federation Shito-kai (1980).,edge_additions.csv
edge_addition,Kenwa Mabuni -> Osamu Ozawa (medium),"[lineage completion:Shotokan's spread: Funakoshi, ; verifier: confirmed] Ozawa's dojo biography states his first karate instructor was Kenwa Mabuni, founder of Shito-ryu, under whom he trained for two years from December 1938, before switching to Shotokan at Hosei.",edge_additions.csv
edge_addition,Kenwa Mabuni -> Ryusho Sakagami (high),[lineage completion:Kobudo lines: Taira Shinken / ; verifier: confirmed] Sakagami was a dedicated disciple of Mabuni in Osaka and was named 3rd generation head of Itosu-ha by Mabuni in 1952.,edge_additions.csv
edge_addition,Kenwa Mabuni -> Shogo Kuniba (high),[branch completion:Shito-ryu schools (Mabuni line; verifier: confirmed] Wikipedia lists Kenwa Mabuni (Shito-ryu karate) among Shogo Kuniba's teachers during his Osaka childhood.,edge_additions.csv
edge_addition,Kenwa Mabuni -> Taira Shinken (high),[branch completion:Kobudo systems: Ryukyu Kobudo ; verifier: confirmed] Wikipedia: Taira became a student of Kenwa Mabuni in 1934.,edge_additions.csv
edge_addition,Kenwa Mabuni -> Teruo Hayashi (low),"[wave4:Japanese-language sweep, mainl; verifier: plausible] Federation biography states Hayashi 'did study briefly with Mabuni' though his daily instruction came from Kokuba/Kuniba; brief but documented direct instruction.",edge_additions.csv
edge_addition,Kenwa Mabuni -> Yun Kwae-byung (low),"[branch completion:general-10th-dan-and-pioneer-s; verifier: plausible] Wikipedia records that Yun started karate under Kenwa Mabuni while attending secondary school in Osaka, before his Shudokan training under Toyama.",edge_additions.csv
edge_addition,Kenzo Mabuni -> Tsukasa Mabuni (medium),"[branch completion:Shito-ryu schools (Mabuni line; verifier: confirmed] Kenzo's eldest daughter (Miwako), trained under her father and announced 3rd soke of Seito Shito-ryu at the 5th International Seito Shito-ryu Taikai, Osaka, July 2005.",edge_additions.csv
edge_addition,Kijun Kishimoto -> Seitoku Higa (low),"[branch completion:Bugeikan (Higa Seitoku) / Kish; verifier: plausible] Higa Seitoku's own 1966 essay states his first karate instruction, in elementary school, came from Kishimoto Kijun (岸本喜順), who worked at the Higa home, before he passed to Kishimoto Soko. Single (though primary autobiographical) source, hence low.",edge_additions.csv
edge_addition,Kinjo Ufuchiku -> Moden Yabiku (medium),[wave4:Japanese-language sweep: Okina; verifier: confirmed] The same Motobu-ryu honbu footnote states Kinjo Ufuchiku's disciples included Yabiku Moden as well as Kina Shosei (弟子に喜納昌盛のほかに屋比久孟伝がいる).,edge_additions.csv
edge_addition,Kinjo Ufuchiku -> Shosei Kina (medium),"[wave4:Japanese-language sweep: Okina; verifier: confirmed] The official Motobu-ryu honbu site's historical notes state Kinjo Ufuchiku (金城大筑, 1834-1916), the sai master also known as Kanagusuku Sanda, had Kina Shosei (1882-1981) among his disciples; Kina became second-generation head of the Ufuchiku-den kobuj",edge_additions.csv
edge_addition,Kishin Teruya -> Kosaku Matsumora (high),"[wave4:Japanese-language sweep: Okina; verifier: confirmed] ja.wikipedia article on Matsumora Kosaku names Teruya Kishin (照屋規箴, 1804-1864) as his second teacher, who taught him Passai and Wansu at the Teruya family tombs; corroborated by the Tomari-te article.",edge_additions.csv
edge_addition,Kisshomaru Ueshiba -> Christian Tissier (high),"[audit:judo-aikido-koryu; verifier: confirmed] Tissier's only inbound edge in the file is the Kurosaki kickboxing link, leaving Europe's most influential aikido shihan disconnected from any aikido lineage. His Wikipedia biography names Seigo Yamaguchi, Kisaburo Osawa and second Doshu Ki",edge_additions.csv
edge_addition,Kisuke Higa -> Eisuke Akamine (high),"[Bishop, Okinawan Karate; interview] Both present; edge absent (dataset has Shinken Taira and Seiichiro Higa as Akamine's teachers).",edge_additions.csv
edge_addition,Kitoku Sakiyama -> Shinkichi Kuniyoshi (high),"[lineage completion:Early masters' full connectivi; verifier: confirmed] Official Okinawa Kenpo (Oki-Ken-Kai) history: Shinkichi Kuniyoshi (1848-1926) 'was a student of ""BUSHI"" Sakiyama (Kitoku Sakiyama)'. Uncontested, consistently documented style-organisation lineage.",edge_additions.csv
edge_addition,Kiyohiko Higa -> Ulf Karlsson (high),[branch completion:Bugeikan (Higa Seitoku) / Kish; verifier: confirmed] Ulf Karlsson (Sweden) trains directly under Higa Kiyohiko at the Bugeikan on near-annual visits and is the first person ever granted a Shihan licence in KishimotoDi by Higa Kiyohiko; foremost instructor of the art outside Okinawa.,edge_additions.csv
edge_addition,Kiyuna Pechin -> Seiyei Miyahira (high),"[Bishop, Okinawan Karate; interview] Both in dataset; edge absent. Consistent with existing Sokon Matsumura -> Kiyuna Pechin and Seiyei Miyahira -> Yuchoku Higa edges.",edge_additions.csv
edge_addition,Kodatsu Iha -> Chojin Kuba (low),"[audit:shorin-matsubayashi; verifier: confirmed] Tomari-te successor lists name Kuba Chojin (1904-1989) among Iha Kodatsu's students, which explains how Nagamine's next-door neighbour came to teach him Tomari-te. Secondary sources only, hence low.",edge_additions.csv
edge_addition,Kodatsu Iha -> Seikichi Hokama (high),"[Bishop, Okinawan Karate; interview] Tha = Iha (romanisation). Both in dataset; no edge exists (Hokama's existing teachers are Konin and Kotsu Oyadomari).",edge_additions.csv
edge_addition,Kodatsu Iha -> Seiyu Nakasone (medium),[lineage completion:Shorin-ryu lines (Chibana Chos; verifier: confirmed] Nakasone Seiyu (1893-1983) began instruction under Kodatsu Iha at age 12 and carried the direct Tomari-te transmission (Gohakukai).,edge_additions.csv
edge_addition,Kodatsu Iha -> Shoshin Nagamine (medium),[lineage completion:Shorin-ryu lines (Chibana Chos; verifier: confirmed] Kotatsu (Kodatsu) Iha of Tomari appears in the teacher list of Nagamine's Wikipedia biography.,edge_additions.csv
edge_addition,Kojo PECHIN -> Shoi Sai (low),"[kojo-motobu-ryuei:Kojo (Kogusuku) family system ; verifier: plausible] Shoi Sai = Sai Shoi / 'Saisho' Kojo (Cai Changwei, 1816-1906), second-generation head of the family system. Koshinkan chart draws Pechin Shinunjo (c.1780-1860) -> Saisho; ja-Wikipedia gives succession 1st Kojo Pechin -> 2nd Sai Shoi; Chierchini calls",edge_additions.csv
edge_addition,Kojo UEKATA -> Kojo PECHIN (low),"[kojo-motobu-ryuei:Kojo (Kogusuku) family system ; verifier: plausible] Koshinkan lineage chart draws Shinpo Uekata Kojo (Cai Zhaogong, 1665-1747) transmitting to Pechin Shinunjo Kojo (Cai Shicang, c.1780); ja-Wikipedia says the founder taught the family art to his clan, first-generation head being Kojo Pechin (chikaunjo",edge_additions.csv
edge_addition,Kokan Oyadomari -> Konin Oyadomari (medium),[lineage completion:General sweep: notable orphans; verifier: confirmed] Tomari-te histories: Konin was one of the two sons who preserved Kokan Oyadomari's karate.,edge_additions.csv
edge_addition,Kokan Oyadomari -> Kotsu Oyadomari (medium),[lineage completion:General sweep: notable orphans; verifier: confirmed] Tomari-te histories: Kokan Oyadomari's karate was preserved by his two sons Kotsu (1874-1929) and Konin.,edge_additions.csv
edge_addition,Kokan Oyadomari -> Miinshiin Higa (high),"[Bishop, Okinawan Karate; interview] Both in dataset; no edge exists.",edge_additions.csv
edge_addition,Kokuba -> Shogo Kuniba (medium),"[lineage completion:General sweep: notable orphans; verifier: confirmed] Shogo Kuniba was Kokuba Kosei's only son, trained in his father's Seishinkai and became third soke of Motobu-ha Shito-ryu on his father's death in 1959.",edge_additions.csv
edge_addition,Kokuba -> Teruo Hayashi (medium),[lineage completion:General sweep: notable orphans; verifier: confirmed] Hayashi studied Shito-ryu under Kosei Kokuba of the Seishinkai and succeeded him; roster entry 'Kokuba' taken to be Kokuba Kosei (1900-1959).,edge_additions.csv
edge_addition,Konin Oyadomari -> Seikichi Hokama (medium),[lineage completion:General sweep: notable orphans; verifier: confirmed] Seikichi Hokama was a disciple of both Kotsu and Konin Oyadomari.,edge_additions.csv
edge_addition,Kori Hisataka -> Shigeru Ishino (medium),"[audit:shorinji-lines; verifier: confirmed] Ishino is named on Wikipedia as one of Kori Hisataka's direct students still teaching, founder of Ishino Shorinjiryu Genbukan, and co-founder (with Shunji Watanabe and Minoru Morita) of the Shorinjiryu Kenyukai Karate Federation in the mid-",edge_additions.csv
edge_addition,Kosaku Matsumora -> Kama Higa (medium),"[Bishop, Okinawan Karate; tradition] Both in dataset; edge absent.",edge_additions.csv
edge_addition,Kosaku Matsumora -> Kodatsu Iha (medium),[lineage completion:Shorin-ryu lines (Chibana Chos; verifier: confirmed] Iha Kodatsu (1873-1928) received the Tomari-te kata transmission from Kosaku Matsumora; consistently reported in Tomari-te histories.,edge_additions.csv
edge_addition,Kosaku Matsumora -> Maeda Pechin (medium),"[Bishop, Okinawan Karate; tradition] Dataset has Maeda Pechin -> Chotoku Kyan but not Matsumora -> Maeda Pechin; confirmed p90 in book.",edge_additions.csv
edge_addition,Kosaku Matsumora -> Motobu Choki (high),[kojo-motobu-ryuei:Motobu brothers (Motobu Choyu ; verifier: confirmed] Choki studied irikumi (old-style kumite) under Matsumora from age 19-20 onward; corroborated on both brothers' Wikipedia articles (the brothers trained with Matsumora together).,edge_additions.csv
edge_addition,Kosaku Matsumora -> Motobu Choyu (medium),"[kojo-motobu-ryuei:Motobu brothers (Motobu Choyu ; verifier: confirmed] From age 24-25 Choyu, together with his younger brother Choki, studied under Matsumora Kosaku.",edge_additions.csv
edge_addition,Kotsu Oyadomari -> Seikichi Hokama (medium),[lineage completion:General sweep: notable orphans; verifier: confirmed] Seikichi Hokama was a disciple of both Kotsu and Konin Oyadomari and preserved the family's Tomari-te in the 20th century.,edge_additions.csv
edge_addition,Kusanku -> Chatan Yara (low),"[lineage completion:Early masters' full connectivi; verifier: plausible] Wikipedia identifies Chatan Yara as Kusanku's student but explicitly warns 'there are no primary historical documents to prove this, the only evidence is the name of the kata and oral tradition'. Dates are compatible (Yara 1668-1756). Credible tradit",edge_additions.csv
edge_addition,Kusanku -> Sakugawa Kangi (medium),[lineage completion:Early masters' full connectivi; verifier: confirmed] Wikipedia: 'Takahara suggested that Kangi Sakugawa train under Kusanku... spent six years training with Kusanku'. Fits Kusanku's documented c.1756 embassy to Ryukyu. KishimotoDi lineage pages carry the same Takahara/Kusanku -> Sakugawa Kangi transmis,edge_additions.csv
edge_addition,Kusanku -> Shionja (low),"[wave4:Kusanku's direct students; verifier: plausible] Tradition names three Okinawan students of Kusanku: Sakugawa, Chatan Yara and Shionja of Shuri. Shionja's historical existence rests on the Oshima Hikki (1762): Budopedia (online continuation of Werner Lind's Lexikon der Kampfkuenste) records that 'a",edge_additions.csv
edge_addition,Kyuzo Mifune -> Shoji Nishio (medium),"[audit:judo-aikido-koryu; verifier: confirmed] Nishio's Wikipedia biography lists Kyuzo Mifune among his teachers (Kodokan judo, Nishio held 6th dan). Both nodes already exist in the graph.",edge_additions.csv
edge_addition,Larry Tatum -> Jeff Speakman (high),"[audit:kenpo-hawaii-us; verifier: confirmed] Speakman's Wikipedia article states he 'spent years training in American Kenpo under his principal instructor, Larry Tatum', alongside Parker. Tatum, a senior Parker black belt, was Speakman's principal instructor and is missing from the gr",edge_additions.csv
edge_addition,Lin Shixian -> Pan Yuba (medium),"[wave4:Chinese-language sweep: Fujian; verifier: confirmed] zh-wiki Minghequan: Lin Dachong of Panyu (盤嶼林達崇, later called Pan Yuba 潘嶼八) knelt and begged Lin Shixian to teach him on his return journey to Quanzhou; Pan became founder of Minghe (Whooping Crane) in Fuzhou.",edge_additions.csv
edge_addition,Lu Ta-ting -> Tung Chin (medium),"[Bishop, Okinawan Karate; tradition] Both in dataset; edge absent",edge_additions.csv
edge_addition,Mabuni Kenei -> Kenyu Mabuni (high),"[branch completion:Shito-ryu schools (Mabuni line; verifier: confirmed] Eldest son of Kenei, taught by him from age 3; inaugurated 3rd soke of Shito-ryu in Osaka on 28 February 2016 after Kenei's death (2015).",edge_additions.csv
edge_addition,Maeda Pechin -> Chotoku Kyan (high),[lineage completion:Shorin-ryu lines (Chibana Chos; verifier: confirmed] Wikipedia's Chotoku Kyan article lists Maeda Pechin among Kyan's instructors.,edge_additions.csv
edge_addition,Maeda Pechin -> Gisei Maeda (medium),"[Bishop, Okinawan Karate; tradition] Both in dataset; no edge (dataset only has Maeda Pechin -> Chotoku Kyan).",edge_additions.csv
edge_addition,Makabe UDUN -> Kanbun Uechi (low),"[kojo-motobu-ryuei:Kojo (Kogusuku) family system ; verifier: plausible] Wikipedia (Kanbun Uechi): 'Makabe [Udun], an instructor at Kojo dojo mocked Kanbun for a speech impediment... nicknamed Kanbun Uechi Watabugwa', the insult that drove Uechi to leave for Zhou Zihe; Motobu Naoki's research repeats the account. Document",edge_additions.csv
edge_addition,Manzo Iwata -> Genzo Iwata (high),"[branch completion:Shito-ryu schools (Mabuni line; verifier: confirmed] Son of Manzo Iwata, began Shito-ryu under his father at age 12; now president of the World Shitoryu Karate Federation (Shito-kai).",edge_additions.csv
edge_addition,Mas Oyama -> Akira Masuda (high),[branch completion:Mainland Japan gaps (JKA senio; verifier: confirmed] Wikipedia lists Masutatsu Oyama as Masuda's teacher; he completed the 100-man kumite in March 1991 under Oyama's supervision (IKO official history: 4th person ever).,edge_additions.csv
edge_addition,Mas Oyama -> Hatsuo Royama (high),[branch completion:Mainland Japan gaps (JKA senio; verifier: confirmed] Wikipedia infobox lists Mas Oyama as Royama's teacher; Royama joined the Oyama dojo era Kyokushin and founded Kyokushin-kan in December 2002.,edge_additions.csv
edge_addition,Mas Oyama -> Hideyuki Ashihara (high),[branch completion:Mainland Japan gaps (JKA senio; verifier: confirmed] Wikipedia: Ashihara trained under Masutatsu Oyama at the Oyama Dojo/Kyokushinkai Honbu before founding NIKO Ashihara Karate Kaikan in September 1980.,edge_additions.csv
edge_addition,Mas Oyama -> Kazuhiko Ogasawara (low),"[branch completion:Mainland Japan gaps (JKA senio; verifier: plausible] IKO official history records Ogasawara's 100-man kumite in 1984, undertaken within Oyama's Kyokushinkaikan during Oyama's directorship; no source names a personal branch instructor, so wired to the founder dashed. Reuses orphan Q11463345.",edge_additions.csv
edge_addition,Mas Oyama -> Kenji Midori (high),"[branch completion:Mainland Japan gaps (JKA senio; verifier: confirmed] Wikipedia states 'Midori was a student of Mas Oyama, the founder of Kyokushin kaikan'; Midori now heads WKO Shinkyokushinkai.",edge_additions.csv
edge_addition,Mas Oyama -> Makoto Nakamura (high),"[lineage completion:General sweep: notable orphans; verifier: confirmed] Makoto Nakamura entered the Kyokushin honbu dojo in Ikebukuro after high school and trained under Mas Oyama; two-time kyokushin world champion (1979, 1984).",edge_additions.csv
edge_addition,Mas Oyama -> Nicholas Pettas (high),"[island 6; verifiers: confirmed,confirmed] Wikipedia biography states Pettas completed the 1000-day uchi-deshi (live-in) programme at Kyokushin honbu, was the second non-Japanese ever to finish it (after Judd Reid), and was 'the last Uchi-Deshi of Master Oyama, who died soon after Pettas' graduation'.",edge_additions.csv
edge_addition,Mas Oyama -> Shigeru Oyama (high),[branch completion:Mainland Japan gaps (JKA senio; verifier: confirmed] Wikipedia: began under Mas Oyama at age twelve and was 'hand-picked by Mas Oyama... to spread his contact style of karate in the United States'; founded World Oyama Karate in 1985.,edge_additions.csv
edge_addition,Mas Oyama -> Shokei Matsui (high),"[branch completion:Mainland Japan gaps (JKA senio; verifier: confirmed] Wikipedia lists Mas Oyama as Matsui's teacher; Matsui is Kancho of IKO1 Kyokushin-kaikan, the direct successor organisation to Oyama's IKO.",edge_additions.csv
edge_addition,Mas Oyama -> Terutomo Yamazaki (high),"[audit:kyokushin-lines; verifier: confirmed] Yamazaki, 'the Dragon of Kyokushin' and first All-Japan Open champion (1969), trained directly under Oyama at the Ikebukuro honbu from his high-school years; the honbu published a formal obituary on his death (22 June 2025). A core edge mis",edge_additions.csv
edge_addition,Mas Oyama -> Tsuyoshi Hiroshige (high),[audit:kyokushin-lines; verifier: confirmed] Hiroshige entered the Kyokushin honbu in June 1973 as an uchi-deshi and served as Tokyo Jonan branch chief throughout Oyama's lifetime.,edge_additions.csv
edge_addition,Mas Oyama -> Yoshiji Soeno (high),"[audit:kyokushin-lines; verifier: confirmed] Soeno entered Kyokushin Kaikan on 1 September 1964 and trained under Oyama until his 1980 expulsion, then founded Shidokan. Direct, well-documented edge missing from the file.",edge_additions.csv
edge_addition,Masahiro Nakamoto -> Mamoru Nakamoto (medium),"[branch completion:Kobudo systems: Ryukyu Kobudo ; verifier: confirmed] Mamoru Nakamoto, son of Masahiro, trained under his father and teaches in the Bunbukan organisation (documented teaching together at Bunbukan Brussels).",edge_additions.csv
edge_addition,Masakazu Miyagi -> Chiko Yohena (medium),"[Bishop, Okinawan Karate; tradition] No existing edge; both in dataset.",edge_additions.csv
edge_addition,Masakazu Miyagi -> Hiroshi Shima (medium),"[Bishop, Okinawan Karate; tradition] Teacher in dataset (C00329); student 'Hiroshi Shima' genuinely missing (only Masao Shima exists, a different Matsubayashi figure).",edge_additions.csv
edge_addition,Masakazu Miyagi -> Kunio Furugen (medium),"[Bishop, Okinawan Karate; tradition] Both present; edge absent. Honshin-ryu chart.",edge_additions.csv
edge_addition,Masami Chinen -> Chogi Kishaba (high),[branch completion:Kobudo systems: Ryukyu Kobudo ; verifier: confirmed] Kishaba Chogi trained under Masami Chinen from his teens until Chinen's death and carried the Yamanni-ryu line (RBKD founded 1985).,edge_additions.csv
edge_addition,Masami Chinen -> Seitoku Higa (high),[lineage completion:Kobudo lines: Taira Shinken / ; verifier: confirmed] Higa Seitoku was the only person to receive an official bojutsu licence from Chinen Masami; his kata are preserved in the Bugeikan.,edge_additions.csv
edge_addition,Masami Chinen -> Shugoro Nakazato (high),[branch completion:Kobayashi Shorin-ryu (Chibana ; verifier: confirmed] Wikipedia: Nakazato trained in bojutsu under Masami Chinen (Yamanni-ryu) 1955-1958.,edge_additions.csv
edge_addition,Masanobu Shinjo -> Masashi Shinjo (high),"[branch completion:Goju-ryu branch organisations ; verifier: confirmed] Masanobu's eldest son, trained under his father; current Kancho of the Goju-ryu Shobukan association.",edge_additions.csv
edge_addition,Masanobu Shinjo -> Takashi Shinjo (low),"[branch completion:Goju-ryu branch organisations ; verifier: plausible] Masanobu's youngest son, vice president of the Shobukan association; trained in the family dojo.",edge_additions.csv
edge_addition,Masao Shima -> Eihachi Ota (high),[branch completion:Matsubayashi-ryu (Shoshin Naga; verifier: confirmed] Ota began Matsubayashi-ryu under Sensei Masao Shima in high school; his official biography names Shima as his teacher.,edge_additions.csv
edge_addition,Masaru Shintani -> Denis Labbé (high),"[branch completion:Wado-ryu spread: Otsuka family; verifier: confirmed] Labbé (9th dan) trained under Shintani, who signed the SWKKF constitution naming him his successor; on Shintani's death in May 2000 Labbé became President of the Shintani Wado Kai Karate Federation, per the federation's official site.",edge_additions.csv
edge_addition,Masaru Shintani -> Ron Mattie (high),"[branch completion:Wado-ryu spread: Otsuka family; verifier: confirmed] Mattie (9th dan) was a long-time student of Shintani and was appointed Chief Instructor of the Shintani Wado-Kai Karate Federation after Shintani's death in 2000, per the federation's official site.",edge_additions.csv
edge_addition,Masatoshi Nakayama -> Hiroshi Shirai (high),[branch completion:Mainland Japan gaps (JKA senio; verifier: confirmed] Wikipedia lists Masatoshi Nakayama first among Shirai's instructors; Shirai settled in Milan in 1965 and built Italian traditional Shotokan (Istituto Shotokan Italia/FIKTA).,edge_additions.csv
edge_addition,Masatoshi Nakayama -> Katsunori Tsuyama (medium),"[lineage completion:Shotokan's spread: Funakoshi, ; verifier: confirmed] Tsuyama trained in the Takushoku University karate club under Nakayama in the mid-1950s (runner-up in kumite behind Kanazawa at the first JKA All Japan Championships, 1957) and after Nakayama's death led karate education at Takushoku as head coach.",edge_additions.csv
edge_addition,Masatoshi Nakayama -> Keinosuke Enoeda (high),"[branch completion:Mainland Japan gaps (JKA senio; verifier: confirmed] Wikipedia: Enoeda studied at the JKA honbu dojo under Masatoshi Nakayama, then the JKA's Chief Instructor, before being posted to Britain.",edge_additions.csv
edge_addition,Masatoshi Nakayama -> Masahiko Tanaka (high),"[branch completion:Mainland Japan gaps (JKA senio; verifier: confirmed] Wikipedia: Tanaka 'continued studying at the JKA honbu dojo in Tokyo under Masatoshi Nakayama, then the JKA's Chief Instructor'; two-time JKA world kumite champion, later JKA international affairs head.",edge_additions.csv
edge_addition,Masatoshi Nakayama -> Masao Kawasoe (high),"[lineage completion:Shotokan's spread: Funakoshi, ; verifier: confirmed] Kawasoe was invited to the full-time JKA instructors course under Nakayama and completed the three-year programme, graduating as an international JKA instructor with Nakayama's recorded endorsement.",edge_additions.csv
edge_addition,Masatoshi Nakayama -> Mikio Yahara (medium),"[lineage completion:Shotokan's spread: Funakoshi, ; verifier: confirmed] After Kokushikan University Yahara entered the JKA instructor course where Nakayama was his principal instructor; Empty Mind Films' profile states he trained under the guidance of Nakayama, who called him the outstanding fighter of his generation. De",edge_additions.csv
edge_addition,Masatoshi Nakayama -> Teruyuki Okazaki (high),[branch completion:Mainland Japan gaps (JKA senio; verifier: confirmed] Wikipedia lists Nakayama as Okazaki's teacher; Nakayama sent Okazaki to the United States in 1961 to spread JKA Shotokan.,edge_additions.csv
edge_addition,Matayoshi Shinpo -> Franco Sanguinetti (high),"[lineage completion:Kobudo lines: Taira Shinken / ; verifier: confirmed] Sanguinetti moved to Okinawa in 1982, trained under Matayoshi Shinpo until his death in 1997 and holds a menkyo awarded by him; founder of Matayoshi Kobudo Kodokan International.",edge_additions.csv
edge_addition,Matayoshi Shinpo -> Kenyu Chinen (high),[lineage completion:Kobudo lines: Taira Shinken / ; verifier: confirmed] Kenyu Chinen trained in kobudo under Matayoshi Shinpo from 1962 and is called Matayoshi's number one student; founder of World Oshukai.,edge_additions.csv
edge_addition,Matayoshi Shinpo -> Seikichi Odo (high),"[lineage completion:Okinawa Kenpo and the Toma/Odo; verifier: confirmed] Wikipedia names Shinpo Matayoshi among Odo's kobudo instructors, corroborated by Okinawa Kenpo histories; Odo's kobudo curriculum draws heavily on the Matayoshi tradition.",edge_additions.csv
edge_addition,Matayoshi Shinpo -> Seisho Itokazu (high),"[branch completion:Kobudo systems: Ryukyu Kobudo ; verifier: confirmed] Itokazu (b. 1945) trained extensively under Matayoshi Shinpo; appointed Kancho of the Matayoshi Kodokan (2002-2014), then founded the Matayoshi Kobudo Shinbukai.",edge_additions.csv
edge_addition,Matayoshi Shinpo -> Seisuke Adaniya (medium),[branch completion:Kobudo systems: Ryukyu Kobudo ; verifier: confirmed] Adaniya Seisuke is listed among Matayoshi Shinpo's former students who founded their own organisation (Nippon Budo Club).,edge_additions.csv
edge_addition,Matayoshi Shinpo -> Shusei Maeshiro (high),[lineage completion:Kobudo lines: Taira Shinken / ; verifier: confirmed] Maeshiro Shusei was Shinpo's most senior student and the only person to receive 10th dan from him; later technical director of the Zen Okinawa Kobudo Renmei.,edge_additions.csv
edge_addition,Matayoshi Shinpo -> Tadashi Yamashita (medium),[branch completion:Kobudo systems: Ryukyu Kobudo ; verifier: confirmed] Yamashita (whose roster styles include matayoshi-kobudo) is listed among Matayoshi's former students; heads the Zen Okinawan Kobudo Association.,edge_additions.csv
edge_addition,Matayoshi Shinpo -> Takashi Kinjo (high),[lineage completion:Kobudo lines: Taira Shinken / ; verifier: confirmed] Kinjo Takashi studied kobudo under Matayoshi Shinpo from 1964 and earned 8th dan from him before founding Koburyu in 2000.,edge_additions.csv
edge_addition,Matayoshi Shinpo -> Tetsuhiro Hokama (high),"[branch completion:Kobudo systems: Ryukyu Kobudo ; verifier: confirmed] Hokama (b. 1944, 10th dan, Kenshikai, founder of the first karate museum) learned kobudo from Matayoshi Shinpo.",edge_additions.csv
edge_addition,Matayoshi Shinpo -> Yasushi Matayoshi (low),"[branch completion:Kobudo systems: Ryukyu Kobudo ; verifier: confirmed] Family succession, not conventional tuition: Shinpo left the system to his only son Yasushi (b. 1965), spiritual head/soke of the Kodokan, though sources note he never practised Matayoshi Kobudo. Drawn dashed as succession.",edge_additions.csv
edge_addition,Matayoshi Shinpo -> Yoshiaki Gakiya (high),"[lineage completion:Kobudo lines: Taira Shinken / ; verifier: confirmed] Gakiya began kobudo at the Kodokan under Matayoshi Shinpo in 1975, received his teaching licence from him in 1980 and was appointed head of the system before Shinpo's death.",edge_additions.csv
edge_addition,Matayoshi Shinpo -> Zenei Oshiro (high),"[branch completion:Kobudo systems: Ryukyu Kobudo ; verifier: confirmed] Oshiro (b. 1953) began kobudo under Matayoshi Shinpo at 18; since 1986 heads Matayoshi kobudo in France (Academie Internationale de Kobudo d'Okinawa), 9th dan.",edge_additions.csv
edge_addition,Matsumura Sokon -> Anko Azato (high),[lineage completion:Early masters' full connectivi; verifier: confirmed] Azato is listed among Matsumura's students on Wikipedia; worldbudokan adds that Matsumura passed his Jigen-ryu sword methods to Azato specifically. Canonical and consistently documented.,edge_additions.csv
edge_addition,Matsumura Sokon -> Anko Itosu (high),[lineage completion:Early masters' full connectivi; verifier: confirmed] Itosu is listed among Matsumura's students on Wikipedia and in essentially every account of Shuri-te; the canonical Matsumura -> Itosu transmission.,edge_additions.csv
edge_addition,Matsumura Sokon -> Motobu Choki (medium),"[kojo-motobu-ryuei:Motobu brothers (Motobu Choyu ; verifier: confirmed] Wikipedia records Matsumura giving Choki private kumite training, based on Choki's own written account; consistently reported but resting largely on that account.",edge_additions.csv
edge_addition,Matsumura Sokon -> Motobu Choyu (medium),[kojo-motobu-ryuei:Motobu brothers (Motobu Choyu ; verifier: confirmed] Wikipedia states Choyu studied Shuri-te karate and koryu Japanese martial arts under Matsumura Sokon.,edge_additions.csv
edge_addition,Matsumura Sokon -> Nabe Matsumura (medium),"[lineage completion:Early masters' full connectivi; verifier: confirmed] Wikipedia lists Nabe Matsumura (his grandson in the Matsumura Seito tradition) among his students, but worldbudokan notes 'there is no record of a Nabe Matsumura in the family history'. Consistently reported yet disputed, so medium.",edge_additions.csv
edge_addition,Matsumura Sokon -> Ryosei Kuwae (high),"[lineage completion:Early masters' full connectivi; verifier: confirmed] Documented by Matsumura's own surviving scroll on the seven virtues of bu, addressed 'To: My wise and young brother, Kuwae Ryosei', his disciple; Kuwae also appears in the standard student lists. Among the best-documented of all Matsumura links.",edge_additions.csv
edge_addition,Matsumura Sokon -> Sakihara PECHIN (medium),"[lineage completion:Early masters' full connectivi; verifier: confirmed] Both consulted Matsumura biographies open their student lists with 'Pechin Sakihara' / 'Sakihara Peichin' (reported elsewhere as Bushi Sakihara, 1833-1918, one of his last students). Consistent secondary reporting within the Matsumura Seito tradition",edge_additions.csv
edge_addition,Matsumura Sokon -> Tawata PECHIN (low),[lineage completion:Kobudo lines: Taira Shinken / ; verifier: plausible] Single source states Tawata Shinboku Pechin was a student of Bushi Matsumura Sokon.,edge_additions.csv
edge_addition,Matsutaro Ire -> Hiroshi Shinya (high),"[Bishop, Okinawan Karate; interview] Both in dataset; edge missing (kobudo teaching).",edge_additions.csv
edge_addition,Matsutaro Ire -> Kojun Makishi (high),"[Bishop, Okinawan Karate; interview] Both in dataset; edge absent. Kobudo instruction.",edge_additions.csv
edge_addition,Matsutaro Ire -> Ryosho Goya (high),"[Bishop, Okinawan Karate; interview] Both present; edge absent. Kobudo instruction.",edge_additions.csv
edge_addition,Matsutaro Ire -> Seijin Inamine (high),"[Bishop, Okinawan Karate; interview] Both in dataset; no edge exists. Kobudo, 1966 until Ire's death in 1971.",edge_additions.csv
edge_addition,Matsutaro Ire -> Soko Toguchi (high),"[Bishop, Okinawan Karate; interview] Both in dataset; no edge. Kobudo instruction.",edge_additions.csv
edge_addition,Meitatsu Yagi -> Akihiro Yagi (low),"[branch completion:Goju-ryu branch organisations ; verifier: plausible] Meitatsu's younger son, vice president of the Meibukan organisation; trained within the family dojo per the Meibukan article.",edge_additions.csv
edge_addition,Meitatsu Yagi -> Akihito Yagi (high),"[lineage completion:Chojun Miyagi's complete Goju-; verifier: confirmed] Akihito Yagi (b. 1977) is Meitatsu Yagi's son, trained in the family's Meibukan Goju-ryu lineage, and since 2016 heads the IMGKA and the Meibukan Hombu dojo.",edge_additions.csv
edge_addition,Meitoku Yagi -> Akihito Yagi (medium),[audit:goju-okinawa; verifier: confirmed] Missing edge. Akihito Yagi (b. 5 April 1977) is Meitoku Yagi's grandson and began training in the Meibukan honbu as a child under his grandfather while Meitoku still headed the dojo (Meitoku died 2003); consistently reported in Meibukan org,edge_additions.csv
edge_addition,Meitoku Yagi -> Iko Yonamine (medium),"[Bishop, Okinawan Karate; tradition] Both in dataset; no edge exists.",edge_additions.csv
edge_addition,Meitoku Yagi -> Jubin Senaha (medium),"[Bishop, Okinawan Karate; tradition] Both in dataset; edge absent.",edge_additions.csv
edge_addition,Meitoku Yagi -> Katsuyoshi Kanei (medium),"[Bishop, Okinawan Karate; tradition] No existing edge; both in dataset.",edge_additions.csv
edge_addition,Meitoku Yagi -> Koki Miyagi (medium),"[Bishop, Okinawan Karate; tradition] Both in dataset; edge absent",edge_additions.csv
edge_addition,Meitoku Yagi -> Masanao Miyazato (medium),"[Bishop, Okinawan Karate; tradition] Both in dataset; edge absent",edge_additions.csv
edge_addition,Meitoku Yagi -> Meitatsu Yagi (high),"[lineage completion:Chojun Miyagi's complete Goju-; verifier: confirmed] Meitatsu Yagi (b. 1944) is Meitoku Yagi's elder son, trained in Meibukan Goju-ryu under his father, and became president of the International Meibukan Goju-ryu Karate Association.",edge_additions.csv
edge_addition,Meitoku Yagi -> Meitetsu Yagi (high),[branch completion:Goju-ryu branch organisations ; verifier: confirmed] Younger son of Meitoku; vice-president of the Goju-ryu Meibukai from 1976 and promoted to Hanshi Judan by Meitoku in 2001 (announced posthumously).,edge_additions.csv
edge_addition,Meitoku Yagi -> Seikichi Toguchi (medium),"[Bishop, Okinawan Karate; tradition] Both in dataset; no edge. Chart claim only; Toguchi is usually credited to Miyagi and Seko Higa (those edges exist).",edge_additions.csv
edge_addition,Meitoku Yagi -> Seiko Nakamoto (medium),"[Bishop, Okinawan Karate; tradition] Both in dataset; edge absent.",edge_additions.csv
edge_addition,Meitoku Yagi -> Seishin Arashiro (medium),"[Bishop, Okinawan Karate; tradition] Both in dataset; edge absent. Source: Yagi's lineage chart.",edge_additions.csv
edge_addition,Meitoku Yagi -> Seisho Kuniyoshi (medium),"[Bishop, Okinawan Karate; tradition] Both in dataset; no edge exists.",edge_additions.csv
edge_addition,Meitoku Yagi -> Yuken Tokashiki (medium),"[Bishop, Okinawan Karate; tradition] Both in dataset; edge missing (dataset only has Seiko Fukuchi -> Yuken Tokashiki).",edge_additions.csv
edge_addition,Michael Gneck -> Bill Wallace (medium),[branch completion:general-10th-dan-and-pioneer-s; verifier: confirmed] Wallace began studying Shorin-ryu karate under Michael Gneck in February 1967 while in the US Air Force; he now holds 10th dan in Shorin-ryu.,edge_additions.csv
edge_addition,Miinshiin Higa -> Seitoku Higa (high),"[Bishop, Okinawan Karate; interview] Both in dataset; edge absent (father-son)",edge_additions.csv
edge_addition,Mir-Ali Seyidov -> Fizuli Musayev (medium),[island anchor] ru-wiki student list on Seyidov names Musayev; consistent with his documented Dinamo affiliation,edge_additions.csv
edge_addition,Moden Yabiku -> Ryusho Sakagami (high),[branch completion:Shito-ryu schools (Mabuni line; verifier: confirmed] Official Itosu-ryu soke biography: Sakagami studied under Master Moden Yabiku at Kokushikan before joining Mabuni.,edge_additions.csv
edge_addition,Moden Yabiku -> Taira Shinken (high),[lineage completion:Kobudo lines: Taira Shinken / ; verifier: confirmed] Wikipedia: Taira began Ryukyu kobudo under Moden Yabiku in 1929; lineage page names Taira as Yabiku's most famous student.,edge_additions.csv
edge_addition,Morihei Ueshiba -> Kenji Tomiki (high),"[island 2; verifiers: confirmed,confirmed] Wikipedia: 'In early 1926, he encountered the founder of aikido Morihei Ueshiba... encouraged by Kano to explore Ueshiba's martial knowledge, Tomiki introduced himself and became one of Ueshiba's early students.' Aikido Journal and related sources independentl",edge_additions.csv
edge_addition,Morihei Ueshiba -> Kisshomaru Ueshiba (high),"[audit:judo-aikido-koryu; verifier: confirmed] Morihei's son, lifelong student and second Doshu of the Aikikai; needed to connect Christian Tissier's actual aikido lineage (see next link).",edge_additions.csv
edge_addition,Morihei Ueshiba -> Manzo Iwata (medium),"[branch completion:Shito-ryu schools (Mabuni line; verifier: confirmed] Wikipedia: Iwata studied aikido with Ueshiba Morihei, a friend of his grandfather.",edge_additions.csv
edge_addition,Morihei Ueshiba -> Minoru Mochizuki (high),"[island 2; verifiers: confirmed,confirmed] Wikipedia: 'In 1930, he was sent by Jigoro Kano to study aikijujutsu with Morihei Ueshiba' and he 'was the uchideshi of Morihei Ueshiba at the Kobukan dojo for one year before opening his own dojo in Shizuoka City in 1931'. Independently corroborated by Stanle",edge_additions.csv
edge_addition,Morihei Ueshiba -> Shoji Nishio (high),"[audit:judo-aikido-koryu; verifier: confirmed] Major gap: Nishio's node exists and his jodo and karate teachers are linked, but not his principal art. He joined the Aikikai Hombu Dojo in 1951 and trained under Morihei Ueshiba, reaching 8th dan; Ueshiba is listed among his teachers in hi",edge_additions.csv
edge_addition,Morio Higaonna -> Bakkies Laubscher (high),"[lineage completion:Morio Higaonna and the IOGKF (; verifier: confirmed] Laubscher (b. 1948, South Africa) trained in Higaonna's Okinawan Goju-ryu from 1966, including six months at Higaonna's Tokyo dojo in 1973 at his invitation; promoted to 8th dan (2004) and 9th dan (2015) by Higaonna and described as his most senior s",edge_additions.csv
edge_addition,Morio Higaonna -> Kazuo Terauchi (high),"[lineage completion:Morio Higaonna and the IOGKF (; verifier: confirmed] Terauchi began Goju-ryu training under Higaonna at the Yoyogi dojo in Tokyo and rose to 9th dan as a senior IOGKF instructor; listed among Higaonna's senior students in the Wikipedia article, and he followed Higaonna to the TOGKF in 2022 as Technical",edge_additions.csv
edge_addition,Morio Higaonna -> Mark Bishop (high),"[Bishop, Okinawan Karate; interview] Both in dataset; edge missing. First-person account by the author.",edge_additions.csv
edge_addition,Morio Higaonna -> Tetsuji Nakamura (high),"[lineage completion:Morio Higaonna and the IOGKF (; verifier: confirmed] Nakamura (b. 1965, Osaka) trained directly under Higaonna from 1991 as head-assistant instructor at the IOGKF world headquarters in California (1991-94) and Tokyo (1995-97); Higaonna appointed him IOGKF World Chief Instructor (Shuseki Shihan) as his",edge_additions.csv
edge_addition,Motobu Chochi -> Motobu Choryu (low),"[motobu genealogy] documented head-to-head succession of the Motobu Udun; udundi transmission is the house tradition, drawn dashed as family transmission",edge_additions.csv
edge_addition,Motobu Chohei -> Motobu Chokan (low),"[motobu genealogy] documented head-to-head succession of the Motobu Udun; udundi transmission is the house tradition, drawn dashed as family transmission",edge_additions.csv
edge_addition,Motobu Chokan -> Motobu Chochi (low),"[motobu genealogy] documented head-to-head succession of the Motobu Udun; udundi transmission is the house tradition, drawn dashed as family transmission",edge_additions.csv
edge_addition,Motobu Choki -> Chosei Motobu (high),"[kojo-motobu-ryuei:Motobu brothers (Motobu Choyu ; verifier: confirmed] Chosei (Choki's third son, b. 1925) trained under his father from age twelve (c. 1938) until 1942 and became second Soke of Motobu-ryu; a documented training relationship, not mere kinship. New person proposed below.",edge_additions.csv
edge_addition,Motobu Choki -> Eizo Shimabuku (medium),[lineage completion:General sweep: notable orphans; verifier: confirmed] Consistently reported that Shimabuku also studied under Choki Motobu alongside his primary training with Kyan.,edge_additions.csv
edge_addition,Motobu Choki -> Eizo Shimabukuro (medium),[lineage completion:Shorin-ryu lines (Chibana Chos; verifier: confirmed] Consistently reported in secondary biographies that Eizo learned the Naihanchi kata and Koryu Passai from Choki Motobu.,edge_additions.csv
edge_addition,Motobu Choki -> Hironori Otsuka (high),[kojo-motobu-ryuei:Motobu brothers (Motobu Choyu ; verifier: confirmed] Otsuka (Wado-ryu founder) trained under Motobu Choki in mainland Japan; listed among Choki's school-founding students and widely documented in Wado-ryu histories.,edge_additions.csv
edge_addition,Motobu Choki -> James Mitose (low),"[island 1; verifiers: plausible,plausible] Kenpo tradition, not documented training: Mitose's 1947 book 'What Is Self Defense?' reproduces Motobu Choki's photograph in the position conventionally used to acknowledge one's teacher, and Mitose taught only the Naihanchi kata, Motobu's primary form; parts",edge_additions.csv
edge_addition,Motobu Choki -> Kamesuke Higaonna (medium),"[lineage completion:Chojun Miyagi's complete Goju-; verifier: confirmed] Secondary sources consistently report Kamesuke Higaonna as a regular student at Motobu Choki's Tokyo dojo around 1927 (documented in Henning Wittwer's 'Higaonna Kamesuke: on Karate in Okinawa, Japan and Hawaii'); he later demonstrated karate in Hawai",edge_additions.csv
edge_addition,Motobu Choki -> Katsuya Miyahira (medium),[kojo-motobu-ryuei:Motobu brothers (Motobu Choyu ; verifier: confirmed] Miyahira's Wikipedia article names Choki Motobu as one of his three teachers (with Chibana and Tokuda); reciprocally listed on Choki's article.,edge_additions.csv
edge_addition,Motobu Choki -> Kokuba (medium),"[lineage completion:General sweep: notable orphans; verifier: confirmed] Kokuba Kosei began training under Motobu Choki at 14, taught Motobu's karate at his Seishinkan dojo and became second soke of Motobu-ha; medium because roster name is the bare 'Kokuba'.",edge_additions.csv
edge_addition,Motobu Choki -> Sannosuke Ueshima (medium),[kojo-motobu-ryuei:Motobu brothers (Motobu Choyu ; verifier: confirmed] Ueshima (Kushin-ryu founder) is listed on Choki's Wikipedia article among the students who founded their own schools.,edge_additions.csv
edge_addition,Motobu Choki -> Shigeru Nakamura (low),[lineage completion:Okinawa Kenpo and the Toma/Odo; verifier: plausible] USAdojo biography names family friend Choki Motobu (Tomari-te) among those who introduced young Nakamura to karate; single source and early-life introduction rather than sustained tutelage.,edge_additions.csv
edge_addition,Motobu Choki -> Shinsuke Kaneshima (medium),"[kojo-motobu-ryuei:Motobu brothers (Motobu Choyu ; verifier: confirmed] Kaneshima reportedly also learned Naihanchi, Wanshu and Jitte from Motobu Choki; reported by the Okinawa Traditional Karate Liaison Bureau and Tozan-ryu lineage pages.",edge_additions.csv
edge_addition,Motobu Choki -> Shoshin Nagamine (high),[kojo-motobu-ryuei:Motobu brothers (Motobu Choyu ; verifier: confirmed] Nagamine (Matsubayashi-ryu founder) is listed among Choki's students; Nagamine trained under Motobu in Tokyo in 1936 and documented it in his own writings.,edge_additions.csv
edge_addition,Motobu Choki -> T'ung Gee Hsing (low),"[island 5; verifiers: plausible,plausible] Tradition only: the Shuri-ryu Wikipedia article says Hsing 'had reportedly cross-trained with Motobu Choki in the Okinawan village of Kume Mura several years previously', and Trias's own account (USAdojo) says Hsing met Motobu in Kume Mura and 'the incorporati",edge_additions.csv
edge_addition,Motobu Choki -> Tatsuo Shimabuku (medium),[kojo-motobu-ryuei:Motobu brothers (Motobu Choyu ; verifier: confirmed] Shimabuku (Isshin-ryu founder) is listed among Choki's students; consistent with Isshin-ryu lineage histories naming Motobu as one of Shimabuku's three main karate teachers.,edge_additions.csv
edge_addition,Motobu Choki -> Yasuhiro Konishi (high),[kojo-motobu-ryuei:Motobu brothers (Motobu Choyu ; verifier: confirmed] Konishi (Shindo jinen-ryu founder) hosted and trained under Motobu Choki in Tokyo; listed among Choki's notable students.,edge_additions.csv
edge_addition,Motobu Choryu -> Choko Motobu (low),"[motobu genealogy] documented head-to-head succession of the Motobu Udun; udundi transmission is the house tradition, drawn dashed as family transmission",edge_additions.csv
edge_addition,Motobu Choshin -> Motobu Choyu (high),"[kojo-motobu-ryuei:Motobu brothers (Motobu Choyu ; verifier: confirmed] Choyu's father Motobu Choshin (9th head of the Motobu Udun) taught him the family art Motobu Udundi from age six; documented family one-son transmission of a training relationship, not mere kinship. New person proposed below.",edge_additions.csv
edge_addition,Motobu Choyu -> Seikichi Uehara (high),[lineage completion:Okinawa Kenpo and the Toma/Odo; verifier: confirmed] Uehara Seikichi (1904-2004) learned the Motobu family palace art (later named Motobu Udundi) directly from Motobu Choyu and became its 12th/13th-generation inheritor; documented on Japanese Wikipedia and the official Motobu-ryu site.,edge_additions.csv
edge_addition,Motobu Choyu -> Shinsuke Kaneshima (high),[kojo-motobu-ryuei:Motobu brothers (Motobu Choyu ; verifier: confirmed] Kaneshima Shinsuke (Tozan-ryu Shindokan founder) studied under Motobu Choyu from January 1911 to July 1914 and again January 1915 to March 1918; dated in Motobu Naoki's family-history article and listed on Choyu's Wikipedia page.,edge_additions.csv
edge_addition,Motobu Choyu -> Tsuyoshi Chitose (medium),[kojo-motobu-ryuei:Motobu brothers (Motobu Choyu ; verifier: confirmed] Chitose's Wikipedia article records that he learned the kata Wansu from Motobu Choyu; Choyu's article lists Chitose among his notable students.,edge_additions.csv
edge_addition,Motokatsu Inoue -> Katsumi Murakami (low),[lineage completion:Shorin-ryu lines (Chibana Chos; verifier: plausible] Same biography names Motokatsu Inoue (Ryukyu Kobujutsu) among Murakami's teachers; single source.,edge_additions.csv
edge_addition,Motokatsu Inoue -> Kisho Inoue (high),"[branch completion:Kobudo systems: Ryukyu Kobudo ; verifier: confirmed] Kisho Inoue (b. 1954), son of Motokatsu, trained under his father and has been president of the Ryukyu Kobujutsu Hozon Shinko Kai and Yuishinkai since 1993.",edge_additions.csv
edge_addition,Motokuni Sugiura -> Masaaki Ueki (high),"[audit:shotokan; verifier: confirmed] Ueki studied under Sugiura (JKA second chief instructor) from his high-school years and later succeeded him as third chief instructor in 2010; documented by the JKA itself and Japanese Wikipedia. Both nodes already in file, edge missing.",edge_additions.csv
edge_addition,Nabe Matsumura -> Hohan Soken (high),"[branch completion:Matsumura Seito / Orthodox Sho; verifier: confirmed] Wikipedia: Soken was Nabe Matsumura's nephew, began training under him at 13, learned the full kata syllabus culminating in Hakutsuru at 23; sole inheritor of the Matsumura family line.",edge_additions.csv
edge_addition,Nakama Chozo -> Zenpo Shimabukuro (medium),[lineage completion:Shorin-ryu lines (Chibana Chos; verifier: confirmed] Zenpo's biographies report he additionally studied Shorin-ryu under Chozo Nakama from 1958.,edge_additions.csv
edge_addition,Nam Tae-hi -> Han Cha-kyo (high),[wave4:Korean-language sweep: taekwon; verifier: confirmed] Han Cha-kyo's biography states he trained under Nam Tae-hi; Nam's own page lists Han as his student; Han co-founded the Oh Do Kwan programme with Nam.,edge_additions.csv
edge_addition,Nam Tae-hi -> Jhoon Rhee (high),"[island 4; verifiers: confirmed,confirmed] Wikipedia's Jhoon Rhee article states Rhee ""received martial arts training from Nam Tae-hi and graduated from the Chung Do Kwan school""; Nam Tae-hi's Wikipedia article independently lists Jhoon Rhee among his notable students.",edge_additions.csv
edge_addition,Nam Tae-hi -> Kong Young-il (low),[wave4:Korean-language sweep: taekwon; verifier: plausible] Same explicit statement: Kong trained under Choi Hong-hi and Nam Tae-hi.,edge_additions.csv
edge_addition,Nicholas Pettas -> Koichi Pettas (high),"[wave4:Date and identity quality pass; verifier: confirmed] Verified: Koichi Pettas is a real person, Koichi Watanabe (1980-2018), Japanese heavyweight kickboxer (K-1, It's Showtime, GLORY). Wikipedia's infobox lists Nicholas Pettas as his trainer; he took the ring name Pettas from his trainer. He is NOT Nich",edge_additions.csv
edge_addition,Nishihira Kosei -> Giuseppe Meloni (medium),[branch completion:Matsumura Seito / Orthodox Sho; verifier: confirmed] Wikipedia records Meloni (Europe) among the small group of successors Nishihira officially recognised before his death in 2007.,edge_additions.csv
edge_addition,Nishihira Kosei -> Richard Boyden (low),[branch completion:Matsumura Seito / Orthodox Sho; verifier: plausible] Wikipedia records Richard Boyden among Nishihira's officially recognised successors.,edge_additions.csv
edge_addition,Nishihira Kosei -> Ricky Rose (medium),[branch completion:Matsumura Seito / Orthodox Sho; verifier: confirmed] Wikipedia records Ricky Rose (USA) among Nishihira's officially recognised successors.,edge_additions.csv
edge_addition,Nishihira Kosei -> Steve Watson (low),[branch completion:Matsumura Seito / Orthodox Sho; verifier: plausible] Wikipedia records Steve Watson (Australia) among Nishihira's officially recognised successors.,edge_additions.csv
edge_addition,Nishihira Kosei -> Theodore Lange (medium),[branch completion:Matsumura Seito / Orthodox Sho; verifier: confirmed] Wikipedia records Theodore Lange (Australia) among Nishihira's officially recognised successors.,edge_additions.csv
edge_addition,Nobutake Shingake -> Fusei Kise (low),[branch completion:Matsumura Seito / Orthodox Sho; verifier: plausible] Kise's official biography records he became a student of Shingake Nobutake in 1955 and received shodan under him; single-tradition source.,edge_additions.csv
edge_addition,Norisato Nakaima -> Kenchu Nakaima (high),"[lineage completion:Chojun Miyagi's complete Goju-; verifier: confirmed] Wikipedia: Norisato passed the style in secret to his son Kenchu Nakaima, per the family's one-son-per-generation transmission.",edge_additions.csv
edge_addition,One-Eyed Toguchi -> Seikichi Hokama (high),"[Bishop, Okinawan Karate; interview] Student in dataset (C00476); teacher genuinely missing (only Seikichi/Soko/Seijin Toguchi present). Known only by nickname.",edge_additions.csv
edge_addition,Pan Yuba -> Xie Zongxiang (high),[wave4:Chinese-language sweep: Fujian; verifier: confirmed] zh-wiki Xie Zongxiang article names 潘嶼八 as his teacher; zh-wiki Minghequan calls Xie Chongxiang (謝如如) the most celebrated of Pan Yuba's disciples. Consistently documented across reference articles.,edge_additions.csv
edge_addition,Paul Starling -> Ingo de Jong (high),[branch completion:Goju-ryu branch organisations ; verifier: confirmed] De Jong began Goju-Kai training in the early 1970s with Paul Starling at the Sydney Goju-Kan; later awarded European/Scandinavian leadership by Gogen Yamaguchi in 1986 and became an IKGA vice president.,edge_additions.csv
edge_addition,Peichin Takahara -> Sakugawa Kangi (medium),"[lineage completion:Early masters' full connectivi; verifier: confirmed] Wikipedia's Takahara article states he 'was the first teacher of Sakugawa Kangi, the father of Sakugawa Kanga'; the Sakugawa article repeats it. Chronologically sound (Takahara 1683-1760, Kangi c.1733-1815), unlike a direct Takahara-to-Kanga link.",edge_additions.csv
edge_addition,Peter Urban -> Aaron Banks (low),[lineage completion:General sweep: notable orphans; verifier: plausible] Banks's arts included Goju-ryu taught by Peter Urban (and Gonnohye Yamamoto); he earned his Goju-ryu black belt within four years.,edge_additions.csv
edge_addition,Peter Urban -> Frank Ruiz (high),"[island 8; verifiers: confirmed,confirmed] Nisei Goju organisation biography states Frank Ruiz was a student of American karate pioneer Peter Urban before co-founding the Nisei Goju-Ryu system with Harry Rosenstein in 1969; Goju history pages consistently list Ruiz among Urban's students.",edge_additions.csv
edge_addition,Peter Urban -> Ron van Clief (high),"[island 8; verifiers: confirmed,confirmed] Ron van Clief's Wikipedia article states he was a student of Goju-ryu masters Peter Urban and Frank Ruiz; van Clief's own official website confirms this lineage for his Chinese Goju system. Urban is already in the main tree as a student of Gogen Yamaguchi.",edge_additions.csv
edge_addition,Ranho Maezato -> Shuren Kojo (low),[kojo-motobu-ryuei:Kojo (Kogusuku) family system ; verifier: plausible] Koshinkan lineage chart draws 'Bushi Ranho Maezato' teaching Shuren Kojo (1883-1945). Chronologically possible but found only on this single organisation's chart: low.,edge_additions.csv
edge_addition,Richard Kim -> Patrick McCarthy (high),[lineage completion:General sweep: notable orphans; verifier: confirmed] McCarthy became a disciple of Richard Kim in 1977 and later his personal representative in Japan; Kim shaped McCarthy's historical research.,edge_additions.csv
edge_addition,Roy J. Hobbs -> C. Michial Jones (low),[branch completion:Seidokan karate and kobudo (Sh; verifier: plausible] Wikipedia records that Jones was graded to Kyoshi by Col. Roy J. Hobbs in Seidokan Karate and Kobudo.,edge_additions.csv
edge_addition,Roy J. Hobbs -> Stephen Chan (low),"[branch completion:Seidokan karate and kobudo (Sh; verifier: plausible] Chan's page states he was awarded 9th dan and the Hanshi title by Roy Hobbs; Jindokai-affiliated sites record Chan as 10th dan Shorin-ryu and head of Jindokai (founded 2012), continuing the Toma/Hobbs line.",edge_additions.csv
edge_addition,Ryu Ryu Ko -> Kitoku Sakiyama (medium),"[kojo-motobu-ryuei:Kojo (Kogusuku) family system ; verifier: confirmed] Wikipedia (Ryu Ryu Ko) lists Sakiyama Kitoku (1830-1914) among the Okinawan martial artists believed to have studied at his school in Fuzhou; a standard, consistently repeated attribution in Naha-te histories.",edge_additions.csv
edge_addition,Ryu Ryu Ko -> Norisato Nakaima (high),"[lineage completion:Chojun Miyagi's complete Goju-; verifier: confirmed] Wikipedia: Norisato Nakaima trained under Ryu Ryu Ko in Fuzhou, China for about seven years and brought the system back to Okinawa around 1875, founding what became Ryuei-ryu.",edge_additions.csv
edge_addition,Ryu Ryu Ko -> Ranho Maezato (medium),[kojo-motobu-ryuei:Kojo (Kogusuku) family system ; verifier: confirmed] Wikipedia (Ryu Ryu Ko) lists Maezato Ranpo (1838-1904) among the students believed to have trained at his Fuzhou school.,edge_additions.csv
edge_addition,Ryu Ryu Ko -> Taitei Kojo (medium),[kojo-motobu-ryuei:Kojo (Kogusuku) family system ; verifier: confirmed] Wikipedia (Ryu Ryu Ko) lists 'Kojo Taitei (1837-1915)' among the Okinawans 'believed to have studied' at Ryu Ryu Ko's school; the Koshinkan Kojo-ryu chart independently draws Ryu Ryu Ko -> Taitei. Hedged wording keeps this at medium.,edge_additions.csv
edge_addition,Ryu Ryu Ko -> Tokusaburo Matsuda (low),[kojo-motobu-ryuei:Kojo (Kogusuku) family system ; verifier: plausible] Wikipedia (Ryu Ryu Ko) lists Matsuda Tokusaburo (1877-1931) among students believed to have trained at his school; Motobu Naoki's article documents Matsuda as an Okinawan who trained long-term in Fuzhou alongside Uechi Kanbun.,edge_additions.csv
edge_addition,Ryu Ryu Ko -> Wai Shin Zan (medium),"[Bishop, Okinawan Karate; tradition] Ryu Ryo Ko = dataset 'Ryu Ryu Ko'; Wan Shin Zan = 'Wai Shin Zan'; edge absent (book says Wan Shin Zan was chief instructor under Ryu Ryo Ko)",edge_additions.csv
edge_addition,Ryuko Tomoyose -> George Mattson (high),"[lineage completion:Uechi-ryu succession (Kanbun U; verifier: confirmed] Wikipedia and IUKF: Ryuko Tomoyose began teaching the American serviceman George Mattson in 1956, the first non-Okinawan black belt in Uechi-ryu.",edge_additions.csv
edge_addition,Ryusho Sakagami -> Fumio Demura (high),"[lineage completion:Kobudo lines: Taira Shinken / ; verifier: confirmed] Demura is named among Sakagami's most notable disciples (founder of Shito-Ryu Itosu-Kai USA, 1965).",edge_additions.csv
edge_addition,Ryusho Sakagami -> Kei Tsumura (medium),[branch completion:Shito-ryu schools (Mabuni line; verifier: confirmed] Named among Sakagami's notable disciples; founded Shito-ryu Itosu-kai Canada in 1969.,edge_additions.csv
edge_addition,Ryusho Sakagami -> Sadaaki Sakagami (high),"[branch completion:Shito-ryu schools (Mabuni line; verifier: confirmed] Son of Ryusho, studied under his father from age 12 (1954); succeeded as 4th Itosu-ryu soke and president of Japan Karatedo Itosu-kai on 30 April 1994.",edge_additions.csv
edge_addition,Ryusho Sakagami -> Seiko Suzuki (medium),[branch completion:Shito-ryu schools (Mabuni line; verifier: confirmed] Named among Sakagami's notable disciples; founder of Seiko-kai Shito-ryu (Tokyo).,edge_additions.csv
edge_addition,Saburo Tokashiki -> Kaishu Isa (medium),[branch completion:Kobudo systems: Ryukyu Kobudo ; verifier: confirmed] Wikipedia: Isa Kaishu also trained under Tokashiki Saburo (1877-1967) after starting with Kina.,edge_additions.csv
edge_addition,Saburo Uehara -> Isamu Uehara (low),"[lineage completion:Uechi-ryu succession (Kanbun U; verifier: plausible] Isamu Uehara (b. 1939), director of Uechi-ryu Karate-do in Tokyo, is Saburo's son and began karate aged 11 while his father led the mainland Uechi-ryu line; family transmission is consistently implied but no source states the pair explicitly, hence l",edge_additions.csv
edge_addition,Saburo Uehara -> Shinyu Gushi (high),[lineage completion:Uechi-ryu succession (Kanbun U; verifier: confirmed] IUKF biography states Uehara 'was also the teacher of Shinyu Gushi'; Gushi's own interview says he began at fifteen at Uehara's Oroku dojo. Proposed new person.,edge_additions.csv
edge_addition,Saburo Uehara -> Takenobu Uehara (low),"[lineage completion:Uechi-ryu succession (Kanbun U; verifier: plausible] IUKF biography: 'His legacy endured through his family... Another son, Uehara Takenobu, emerged as a respected Uechi-Ryu master' honoured by Okinawa Prefecture; family transmission implied rather than explicitly stated, hence low.",edge_additions.csv
edge_addition,Saikyo Kojo -> Kafu Kojo (medium),"[kojo-motobu-ryuei:Kojo (Kogusuku) family system ; verifier: confirmed] Kafu (Yoshitomi) Kojo (1909-1996), son of Saikyo and 6th-generation head who named the style 'Kojo-ryu'; Koshinkan chart draws Saikyo -> Kafu and all sources agree on the succession. Documented father-son transmission of the family system, not mere k",edge_additions.csv
edge_addition,Sakugawa Kangi -> Choken Makabe (low),"[lineage completion:Early masters' full connectivi; verifier: plausible] Makabe Chokun/Choken (1769-1825/27, 'Makabe Chaan', famed jumper) is consistently listed as 'one of Sakugawa's students'. His dates fit the elder Sakugawa (Kangi, c.1733-1815) far better than Kanga (b.1786), so the link is attached to the father; whi",edge_additions.csv
edge_addition,Sakugawa Kangi -> Kanga Sakukawa (low),"[lineage completion:Early masters' full connectivi; verifier: plausible] Wikipedia: after six years with Kusanku, Kangi 'began to teach his son Kanga'. The KishimotoDi lineage likewise lists 'Tode' Sakugawa Kangi followed by 'Tode' Sakugawa Kanga (1786-1867). This father-to-son link is the only date-consistent route from",edge_additions.csv
edge_addition,Sakugawa Kangi -> Tachimura no Peichin (low),"[branch completion:Bugeikan (Higa Seitoku) / Kish; verifier: plausible] KishimotoDi style tradition traces its lineage from Tode Sakugawa Kanga (1786-1867) to Bushi Tachimura (1814-1899), described as a fellow student alongside Matsumura Sokon. Oral tradition of the style, reported consistently only within KishimotoDi so",edge_additions.csv
edge_addition,Sakuma Pechin -> Motobu Choki (medium),"[kojo-motobu-ryuei:Motobu brothers (Motobu Choyu ; verifier: confirmed] Wikipedia lists Sakuma Pechin as one of Choki's four teachers, instructing him in kakidi (old kumite); new person proposed below.",edge_additions.csv
edge_addition,Sanda Chinen -> Chojo Oshiro (high),[lineage completion:Kobudo lines: Taira Shinken / ; verifier: confirmed] Oshiro (Ogusuku) Chojo (1887-1935) is described as Chinen Sanda's most prominent disciple and the most visible proponent of his bojutsu.,edge_additions.csv
edge_addition,Sanda Chinen -> Kisuke Higa (high),"[Bishop, Okinawan Karate; interview] Both in dataset; no edge.",edge_additions.csv
edge_addition,Sanda Chinen -> Masami Chinen (high),[lineage completion:Kobudo lines: Taira Shinken / ; verifier: confirmed] Masami Chinen learned bojutsu from his grandfather Chinen Sanda and named Yamane-ryu after him.,edge_additions.csv
edge_addition,Sanda Chinen -> Moden Yabiku (high),[lineage completion:Kobudo lines: Taira Shinken / ; verifier: confirmed] Yabiku learned Yamane-ryu bojutsu from Chinen Sanda; koryu-uchinadi lists Yabiku Moden among Chinen Sanda's prominent disciples.,edge_additions.csv
edge_addition,Sanda Chinen -> Seiichiro Higa (low),[lineage completion:Kobudo lines: Taira Shinken / ; verifier: plausible] Higa Seiichiro is listed among Chinen Sanda's direct disciples in Yamane-ryu bojutsu.,edge_additions.csv
edge_addition,Sanda Chinen -> Seiro Tonaki (high),"[Bishop, Okinawan Karate; interview] Dataset has Seiro Tonaki -> Shugoro Nakazato but not Sanda Chinen -> Tonaki.",edge_additions.csv
edge_addition,Sanda Kanagusuku -> Moden Yabiku (medium),[lineage completion:Kobudo lines: Taira Shinken / ; verifier: confirmed] Yabiku also trained under Kanagusuku Sanda (Ufuchiku) per the same lineage page.,edge_additions.csv
edge_addition,Sanda Kanagusuku -> Saburo Tokashiki (high),[branch completion:Kobudo systems: Ryukyu Kobudo ; verifier: confirmed] Tokashiki Saburo (1877-1967) is listed among Kanagusuku Sanda's notable Ufuchiku students.,edge_additions.csv
edge_addition,Sanda Kanagusuku -> Shosei Kina (high),[lineage completion:Kobudo lines: Taira Shinken / ; verifier: confirmed] Kina Shosei began training under Ufuchiku Kanagusuku Sanda in 1906 and became 2nd soke of Ufuchiku kobudo.,edge_additions.csv
edge_addition,Seibu Tomigawa -> Kenko Nakaima (high),"[Bishop, Okinawan Karate; interview] Both in dataset, edge absent. NB this is a kendo teaching link, not karate.",edge_additions.csv
edge_addition,Seifuku Nitta -> Larry Isaac (low),"[branch completion:Seidokan karate and kobudo (Sh; verifier: plausible] Isaac's official school page states he 'trained and studied with FOUR of Okinawa's Great Grandmasters: Sensei Shimabukuro Eizo, Grandmaster Kise Fusei, Grandmaster Odo Seikichi and Grandmaster Nitta Seifuku'. Note: Isaac (10th dan Okinawa Kenpo-Kobud",edge_additions.csv
edge_addition,Seigi Nakamura -> Chokei Kishaba (medium),"[branch completion:Matsubayashi-ryu (Shoshin Naga; verifier: confirmed] Same Wikipedia article names Seigi Nakamura among Kishaba's teachers, and the school's method is built on reverse-engineering Nakamura's movement.",edge_additions.csv
edge_addition,Seigi Nakamura -> Katsuhiko Shinzato (medium),[branch completion:Matsubayashi-ryu (Shoshin Naga; verifier: confirmed] Shinzato's Wikipedia biography states he also studied under Seigi Nakamura alongside Chokei Kishaba.,edge_additions.csv
edge_addition,Seiichi Iju -> Shugoro Nakazato (high),"[branch completion:Kobayashi Shorin-ryu (Chibana ; verifier: confirmed] Wikipedia: Iju was Nakazato's first karate teacher in Osaka, 1935-1940.",edge_additions.csv
edge_addition,Seiichiro Higa -> Eisuke Akamine (medium),[lineage completion:Kobudo lines: Taira Shinken / ; verifier: confirmed] From 1942 Akamine studied Yamane-ryu bojutsu under Higa Seichiro (1890-1991) among others; orphan name matches this documented teacher.,edge_additions.csv
edge_addition,Seiji Isobe -> Ewerton Teixeira (high),[branch completion:Mainland Japan gaps (JKA senio; verifier: confirmed] Isobe's Wikipedia page identifies Ewerton Teixeira as one of his students in the Brazilian Kyokushin school.,edge_additions.csv
edge_addition,Seiji Isobe -> Francisco Filho (high),"[lineage completion:General sweep: notable orphans; verifier: confirmed] Filho trained at the Liberdade dojo in Sao Paulo under Seiji Isobe, including private lessons, and became the first non-Japanese kyokushin world champion (1999).",edge_additions.csv
edge_addition,Seiji Isobe -> Glaube Feitosa (high),[branch completion:Mainland Japan gaps (JKA senio; verifier: confirmed] Isobe's Wikipedia page lists Glaube Feitosa among the prestigious Brazilian karateka he trained; Feitosa's own page confirms lifelong Kyokushin training in Brazil and the 2005 K-1 Las Vegas GP title.,edge_additions.csv
edge_addition,Seiji Nishimura -> Ken Nishimura (high),"[wave4:Japanese-language sweep, mainl; verifier: confirmed] Japanese Wikipedia and an Olympics.com feature document that WKF kumite star Ken Nishimura began Wado-ryu karate at age 3 and was raised and trained in the dojo of his father Seiji Nishimura (1982 world kumite champion, Kensei-juku).",edge_additions.csv
edge_addition,Seiki Arakaki -> Morimasa Arakaki (high),"[Bishop, Okinawan Karate; interview] Both present; edge absent.",edge_additions.csv
edge_addition,Seiki Arakaki -> Seiyei Akamine (high),"[Bishop, Okinawan Karate; interview] Both in dataset; edge absent.",edge_additions.csv
edge_addition,Seiki Itokazu -> Shinyu Gushi (low),"[lineage completion:Uechi-ryu succession (Kanbun U; verifier: plausible] Gushi's interview names 'Itokazu, the head of the Pangai Noon' as a later teacher (spelled 'Seiko Itokazu' there); the Pangainoon-ryu head is standardly Seiki Itokazu, so linked with low confidence over the romanisation ambiguity.",edge_additions.csv
edge_addition,Seiki Toma -> Masanobu Kikukawa (high),[lineage completion:Okinawa Kenpo and the Toma/Odo; verifier: confirmed] Wikipedia: 'Kikukawa was a longtime student of Sokuichi Gibu-hanshi and Seiki Toma-hanshi'; Shuriway's Seiki Toma biography also lists Kikukawa among his students.,edge_additions.csv
edge_addition,Seiki Toma -> Roy J. Hobbs (low),[branch completion:Seidokan karate and kobudo (Sh; verifier: plausible] Dentokan UK's arts page states Hobbs was 'the direct student of Toma Seiki and Toma Shian' in Sukunai Hayashi (Kyan-ha/Chubu) Shorin-ryu; the Dentokan official site names Toma Seiki as the direct transmission source for Dentokan Shorin-ryu and Ryukyu,edge_additions.csv
edge_addition,Seiki Toma -> Seifuku Nitta (low),[branch completion:Seidokan karate and kobudo (Sh; verifier: plausible] Shuriway's biography of Seiki Toma names Seifuku Nitta among his notable students.,edge_additions.csv
edge_addition,Seiki Toma -> Seikichi Odo (high),"[lineage completion:Okinawa Kenpo and the Toma/Odo; verifier: confirmed] Wikipedia states Odo studied karate and kobudo with Seiki Toma (one of his named kobudo instructors), corroborated by the Shuriway Toma biography which lists Odo first among his students.",edge_additions.csv
edge_addition,Seiki Toma -> Shian Toma (medium),"[lineage completion:Okinawa Kenpo and the Toma/Odo; verifier: confirmed] The Seidokan organisation biography lists Seiki Toma among Shian Toma's five instructors, and the Shuriway biography of Seiki Toma lists Shian Toma among his notable students.",edge_additions.csv
edge_addition,Seiki Toma -> Stephen Chan (low),"[branch completion:Seidokan karate and kobudo (Sh; verifier: plausible] Chan's own martial arts page states he was awarded 8th dan and the Kyoshi title by Seiki Toma. Primary self-published source, consistent with his documented Seidokan career.",edge_additions.csv
edge_addition,Seikichi Odo -> Larry Isaac (medium),[branch completion:Seidokan karate and kobudo (Sh; verifier: confirmed] Isaac's official school page names Grandmaster Odo Seikichi among the four Okinawan grandmasters he trained under.,edge_additions.csv
edge_addition,Seikichi Toguchi -> Masanobu Shinjo (high),[branch completion:Goju-ryu branch organisations ; verifier: confirmed] Shinjo trained at Toguchi's Shoreikan dojo in Koza and is consistently documented as Toguchi's student before founding the Shobukan in 1963; later 10th dan and president of the Okinawa Goju-ryu Goju-kai from 1990.,edge_additions.csv
edge_addition,Seikichi Uehara -> Chomo Motobu (low),[lineage completion:Kobudo lines: Taira Shinken / ; verifier: plausible] At Choyu's request Uehara went to Wakayama in 1923 and spent six months teaching udundi to Choyu's second son Chomo.,edge_additions.csv
edge_addition,Seikichi Uehara -> Chosei Motobu (high),"[kojo-motobu-ryuei:Motobu brothers (Motobu Choyu ; verifier: confirmed] From 1976 Chosei studied Motobu Udundi under Uehara, who formally transferred the Soke title to him at his 99th birthday celebration in 2003 (14th Soke of Motobu Udundi).",edge_additions.csv
edge_addition,Seikichi Uehara -> Fusei Kise (low),[lineage completion:Okinawa Kenpo and the Toma/Odo; verifier: plausible] The official Motobu-ryu (Motobu Udundi) blog lists Kise Fusei of Shorin-ryu Kenshin-kan among Uehara Seikichi's students of the Showa 30s-40s (1955-1974).,edge_additions.csv
edge_addition,Seikichi Uehara -> Kentoku Kaneshiro (medium),"[Bishop, Okinawan Karate; tradition] Both in dataset; no edge.",edge_additions.csv
edge_addition,Seikichi Uehara -> Motobu Chomo (medium),"[audit:motobu-udun; verifier: confirmed] After Choyu's sons moved to mainland Japan, udundi was conveyed through Uehara to the second son Chomo, living in Wakayama, who then died in the war; en.wiki House of Motobu states Choyu tasked Uehara with teaching the udundi secrets to Cho",edge_additions.csv
edge_addition,Seikichi Uehara -> Ryoko Chibana (medium),"[Bishop, Okinawan Karate; tradition] Both in dataset; no edge exists.",edge_additions.csv
edge_addition,Seikichi Uehara -> Seiichi Taba (medium),"[Bishop, Okinawan Karate; tradition] Both in dataset; edge absent.",edge_additions.csv
edge_addition,Seikichi Uehara -> Seiki Toma (low),[lineage completion:Okinawa Kenpo and the Toma/Odo; verifier: plausible] Shuriway biography lists Seikichi Uehara among Seiki Toma's teachers and Motobu-ryu among the arts in his synthesis (his dojo was also named Seidokan); single source.,edge_additions.csv
edge_addition,Seikichi Uehara -> Seitoku Higa (medium),[kojo-motobu-ryuei:Motobu brothers (Motobu Choyu ; verifier: confirmed] The official Motobu-ryu biography of Uehara records Higa Seitoku (Bugeikan founder) receiving tuiti instruction from Uehara by the early 1960s.,edge_additions.csv
edge_addition,Seikichi Uehara -> Seiyu Oyata (low),"[lineage completion:Okinawa Kenpo and the Toma/Odo; verifier: plausible] The official Motobu-ryu blog lists Oyata Seiyu of Ryu-te among Uehara Seikichi's students of that era, and in 1968 Oyata, Uehara and Shian Toma jointly formed the Ryukyu Karate-do Renmei; Ryu-te's own histories do not emphasise this, hence medium.",edge_additions.csv
edge_addition,Seikichi Uehara -> Shian Toma (high),"[lineage completion:Okinawa Kenpo and the Toma/Odo; verifier: confirmed] Wikipedia, the Seidokan organisation biography and the official Motobu-ryu blog all document Toma training under Uehara from the mid/late 1960s, receiving his shihan licence and 9th dan hanshi in Motobu-ryu from Uehara.",edge_additions.csv
edge_addition,Seikichi Uehara -> Takao Miyagi (high),"[Bishop, Okinawan Karate; interview] Student absent from dataset; Motobu-ryu/udundi disciple",edge_additions.csv
edge_addition,Seikichi Uehara -> Yoshio Uehara (medium),"[Bishop, Okinawan Karate; tradition] Both in dataset; edge absent.",edge_additions.csv
edge_addition,Seikichi Uehara -> Yoshio Zaha (medium),"[Bishop, Okinawan Karate; tradition] No existing edge; both in dataset.",edge_additions.csv
edge_addition,Seiko Fujita -> Manzo Iwata (high),"[branch completion:Shito-ryu schools (Mabuni line; verifier: confirmed] On Mabuni's advice Iwata studied jojutsu under Fujita (shihan diploma 1943), became his uchi-deshi and in 1948 inherited leadership of Nanban Satto-ryu kenpo and Shingetsu-ryu shurikenjutsu. This is Fujita's documented tie into Mabuni's circle.",edge_additions.csv
edge_addition,Seiko Fujita -> Motokatsu Inoue (high),"[lineage completion:Kobudo lines: Taira Shinken / ; verifier: confirmed] Wikipedia: Fujita, headmaster of Koga-ryu ninjutsu, was Inoue's teacher from his youth.",edge_additions.csv
edge_addition,Seiko Fukuchi -> Tetsuhiro Hokama (high),[branch completion:Goju-ryu branch organisations ; verifier: confirmed] After Higa's death Hokama continued under Higa's senior assistant Seiko Fukuchi until Fukuchi's death in 1975; Hokama is now Hanshi 10th dan and president of the Okinawa Goju-ryu Kenshi-kai.,edge_additions.csv
edge_addition,Seiko Fukuchi -> Yuken Tokashiki (medium),"[branch completion:Goju-ryu branch organisations ; verifier: confirmed] Tokashiki (b. 1938) studied Goju-ryu under Seiko Fukuchi, succeeded him as second chairman of Fukuchi's dojo in 1975 and founded the Gohakukai in 1982. Orphan C00664 'Yuken Tokashiki' is the standard alternative romanisation of Tokashiki Iken (唯賢); m",edge_additions.csv
edge_addition,Seiko Toyama -> Tsutomu Nakahodo (medium),[lineage completion:Uechi-ryu succession (Kanbun U; verifier: confirmed] Classical Fighting Arts interview (cited on the IUKF forum) names Seiko Toyama first among Nakahodo's teachers.,edge_additions.csv
edge_addition,Seiro Tonaki -> Shugoro Nakazato (high),"[branch completion:Kobayashi Shorin-ryu (Chibana ; verifier: confirmed] Wikipedia: Tonaki taught Nakazato kobudo (bo, sai, nunchaku, tonfa, nichokama) 1936-1940. Reuses orphan C00485.",edge_additions.csv
edge_addition,Seiryo Shinjo -> Seiyu Shinjo (high),[lineage completion:General sweep: notable orphans; verifier: confirmed] Seiryo taught his son Seiyu at home in addition to Kanbun Uechi's teaching; Seiyu later took over Seiryo's Kadena dojo.,edge_additions.csv
edge_addition,Seitoku Higa -> Hiroshi Miyagi (medium),"[Bishop, Okinawan Karate; tradition] Both in dataset; no edge exists.",edge_additions.csv
edge_addition,Seitoku Higa -> Kiyohiko Higa (medium),"[lineage completion:Early masters' full connectivi; verifier: confirmed] The KishimotoDi lineage pages carry the line from Higa Seitoku (1921-2006) to Higa Kiyohiko, his son and successor as head of the Bugeikan; recent, consistently reported succession within the style's own organisation.",edge_additions.csv
edge_addition,Seitoku Higa -> Koan Nagado (medium),"[Bishop, Okinawan Karate; tradition] Both in dataset; edge absent.",edge_additions.csv
edge_addition,Seitoku Higa -> Mark Bishop (high),"[Bishop, Okinawan Karate; interview] Both in dataset; no edge exists. First-hand (the author trained at the Bugeikan).",edge_additions.csv
edge_addition,Seiyei Miyahira -> Higa Yuchoku (low),[branch completion:Kobayashi Shorin-ryu (Chibana ; verifier: plausible] Wikipedia names 'Seiei Miyahira' among Higa Yuchoku's teachers; roster orphan C00291 'Seiyei Miyahira' is a romanisation variant of the same name.,edge_additions.csv
edge_addition,Seiyu Nakasone -> Tokashiki Iken (high),"[audit:shorin-matsubayashi; verifier: confirmed] Tokashiki Iken studied Tomari-te under Nakasone Seiyu from 1956 to 1983, received an instructor certificate from him in 1967, and founded the Gohakukai (1982) which preserves the Matsumora-ha Tomari-te line; documented in an Okinawa Times f",edge_additions.csv
edge_addition,Seiyu Shinjo -> Kiyohide Shinjo (high),"[lineage completion:Uechi-ryu succession (Kanbun U; verifier: confirmed] Wikipedia: Kiyohide Shinjo (b. 1951) is 'the son and student of the late Seiyu Shinjo'; Kenyukai history records he began under 'his master and father, Shinjo Seiyu' in 1960 and founded the Kenyukai after Seiyu's death in 1981.",edge_additions.csv
edge_addition,Seiyu Shinjo -> Shinyu Gushi (medium),[lineage completion:Uechi-ryu succession (Kanbun U; verifier: confirmed] Gushi's interview: after Uehara he trained with Seiyu Shinjo and 'studied kata with him a lot'.,edge_additions.csv
edge_addition,Seiyu Shinjo -> Tsutomu Nakahodo (medium),[lineage completion:Uechi-ryu succession (Kanbun U; verifier: confirmed] Okikukai masters listing describes Nakahodo explicitly as 'Student of SHINJO Seiyu'; corroborated by the Classical Fighting Arts interview.,edge_additions.csv
edge_addition,Seizan Kinjo -> Ronald Lindsey (high),"[branch completion:Matsumura Seito / Orthodox Sho; verifier: confirmed] Lindsey states in interview that Kinjo was his primary Matsumura Seito instructor in Okinawa (training at Kise's dojo, c. 1969-70).",edge_additions.csv
edge_addition,Seko Higa -> Akio Kinjo (high),"[Bishop, Okinawan Karate; interview] Both in dataset; no edge.",edge_additions.csv
edge_addition,Seko Higa -> Chihan Yohena (low),[wave4:Japanese-language sweep: Okina; verifier: plausible] ja.wikipedia article on Higa Seko lists 饒平名知繁 (Yohena Chihan) among his named Goju-ryu disciples.,edge_additions.csv
edge_addition,Seko Higa -> Choboku Takamine (high),[lineage completion:Chojun Miyagi's complete Goju-; verifier: confirmed] Wikipedia's Seko Higa article lists Choboku Takamine among his students; Takamine became third president of Higa's Kokusai Karate Kobudo Renmei (1967-1989).,edge_additions.csv
edge_addition,Seko Higa -> Choyu Kiyuna (medium),[lineage completion:Chojun Miyagi's complete Goju-; verifier: confirmed] Wikipedia's Seko Higa article names Choyu Kiyuna among his notable students. Note: orphan C00043 'Choyo Kiyuna' may be a spelling variant of the same person but no source was found to confirm a merge.,edge_additions.csv
edge_addition,Seko Higa -> Eiki Kurashita (high),[branch completion:Goju-ryu branch organisations ; verifier: confirmed] Listed among Higa's students on Wikipedia; founded the Eikikan dojo and became president of the Goju-ryu Kokusai Karate Kobudo Renmei after Seikichi Higa's death in 1999.,edge_additions.csv
edge_addition,Seko Higa -> Eikichi Fukumoto (low),[branch completion:Goju-ryu branch organisations ; verifier: plausible] Single specialist source lists Fukumoto (Gojukan dojo) as a member of Seko Higa's organisation and lineage.,edge_additions.csv
edge_addition,Seko Higa -> Hisao Aizawa (high),"[Bishop, Okinawan Karate; interview] Seiko Higa = dataset 'Seko Higa'. Edge absent.",edge_additions.csv
edge_addition,Seko Higa -> Hoshu Taira (high),"[Bishop, Okinawan Karate; interview] Both in dataset; edge missing.",edge_additions.csv
edge_addition,Seko Higa -> Juei Tamaki (medium),[lineage completion:Chojun Miyagi's complete Goju-; verifier: confirmed] Wikipedia's Seko Higa article names Juei Tamaki as a kobudo instructor among Higa's students.,edge_additions.csv
edge_addition,Seko Higa -> Kanbun Izumigawa (high),"[Bishop, Okinawan Karate; interview] Dataset links Kanbun Izumigawa only from Juei Tamaki and Kanki Izumigawa, not Seko Higa.",edge_additions.csv
edge_addition,Seko Higa -> Kanki Izumigawa (high),"[lineage completion:Chojun Miyagi's complete Goju-; verifier: confirmed] Wikipedia: Izumigawa (1908-1967) learned Goju-ryu from Seiko Higa on Okinawa and Saipan, was the first of Higa's students to receive the Bubishi from him (1937), and founded the Senbukan (1939), the first Okinawan Goju-ryu dojo on mainland Japan.",edge_additions.csv
edge_addition,Seko Higa -> Kenjiro Chiba (high),"[Bishop, Okinawan Karate; interview] Both in dataset; edge absent",edge_additions.csv
edge_addition,Seko Higa -> Kenko Nakaima (high),"[Bishop, Okinawan Karate; interview] No existing Seko Higa -> Kenko Nakaima edge.",edge_additions.csv
edge_addition,Seko Higa -> Koki Sunabe (high),"[Bishop, Okinawan Karate; interview] Teacher is dataset 'Seko Higa' (Q7447367); edge absent.",edge_additions.csv
edge_addition,Seko Higa -> Komei Akamine (high),"[Bishop, Okinawan Karate; interview] Both in dataset; no edge.",edge_additions.csv
edge_addition,Seko Higa -> Mamoru Oshiro (high),"[Bishop, Okinawan Karate; interview] Both in dataset; edge absent",edge_additions.csv
edge_addition,Seko Higa -> Masanobu Shinjo (medium),"[branch completion:Goju-ryu branch organisations ; verifier: confirmed] Seko Higa also taught at the Koza dojo where Shinjo trained, and Shobukan histories state Shinjo learned from both Toguchi and Higa.",edge_additions.csv
edge_addition,Seko Higa -> Noboru Amakawa (high),"[Bishop, Okinawan Karate; interview] Both in dataset; edge absent.",edge_additions.csv
edge_addition,Seko Higa -> Seigoro Koizumi (high),"[Bishop, Okinawan Karate; interview] Both in dataset; edge absent",edge_additions.csv
edge_addition,Seko Higa -> Seiichi Akamine (high),[audit:goju-okinawa; verifier: confirmed] Missing edge. Japanese Wikipedia records that Akamine reached 4th dan under Higa Seko at age 22 and names Higa (with Izumikawa) as the teacher who influenced him most; Akamine later spread this lineage in Brazil as Ken-Shin-Kan.,edge_additions.csv
edge_addition,Seko Higa -> Seiki Arakaki (high),"[Bishop, Okinawan Karate; interview] Both in dataset; no edge (Seko Higa's student list lacks Seiki Arakaki).",edge_additions.csv
edge_addition,Seko Higa -> Seikichi Higa (high),[lineage completion:Chojun Miyagi's complete Goju-; verifier: confirmed] Seikichi Higa was Seko Higa's son and student who became head instructor of the Shodokan and carried on his father's dojo in Okinawa after Seko's death in 1966.,edge_additions.csv
edge_addition,Seko Higa -> Seikichi Toguchi (high),[lineage completion:Chojun Miyagi's complete Goju-; verifier: confirmed] Wikipedia's Seko Higa article lists Seikichi Toguchi (creator of the Shoreikan) among Higa's students; Toguchi was Higa's assistant and studied under both Higa and Miyagi.,edge_additions.csv
edge_addition,Seko Higa -> Seiko Fukuchi (high),[branch completion:Goju-ryu branch organisations ; verifier: confirmed] Senior student of Higa from the 1930s and his assistant at the Shodokan; opened his own Naha dojo in 1964.,edge_additions.csv
edge_addition,Seko Higa -> Shigemitsu Morine (high),"[Bishop, Okinawan Karate; interview] Both in dataset; no edge exists.",edge_additions.csv
edge_addition,Seko Higa -> Shinpo Matayoshi (high),"[Bishop, Okinawan Karate; interview] Seiko Higa = dataset 'Seko Higa'. Both present; edge absent (dataset has Gokenki and Shinko Matayoshi as Shinpo's teachers).",edge_additions.csv
edge_addition,Seko Higa -> Teruo Hayashi (low),"[wave4:Japanese-language sweep, mainl; verifier: plausible] Federation biography records Hayashi studying Goju-ryu under Seiko Higa in 1949-1951; single organisational source, hence medium.",edge_additions.csv
edge_addition,Seko Higa -> Tetsuhiro Hokama (high),[branch completion:Goju-ryu branch organisations ; verifier: confirmed] Hokama trained directly under Seko Higa from 1961 until Higa's death in 1966.,edge_additions.csv
edge_addition,Seko Higa -> Yoshinobu Sugai (high),"[Bishop, Okinawan Karate; interview] Seiko Higa = dataset 'Seko Higa'. Edge missing.",edge_additions.csv
edge_addition,Seko Higa -> Yuki Morobashi (high),"[Bishop, Okinawan Karate; interview] Seiko Higa = Seko Higa (Q7447367). Both in dataset; no edge. Chart karate/kobudo attribution unclear per OCR.",edge_additions.csv
edge_addition,Seko Higa -> Yusho Higa (high),"[Bishop, Okinawan Karate; interview] Both in dataset; edge absent.",edge_additions.csv
edge_addition,Shian Toma -> Allen Tackett (medium),[branch completion:Seidokan karate and kobudo (Sh; verifier: confirmed] Wikipedia's Okinawa Seidokan article lists Allen Tackett among Toma's students promoted to 9th dan.,edge_additions.csv
edge_addition,Shian Toma -> C. Michial Jones (low),[branch completion:Seidokan karate and kobudo (Sh; verifier: plausible] Wikipedia records that C. Michial Jones was graded to Shihan by Shian Toma in Seidokan Karate and Kobudo and founded the International Karate Kobudo Kyokai in 2016 to further Toma's teachings; Jones co-wrote the 2002 Traditional Karate Magazine Seido,edge_additions.csv
edge_addition,Shian Toma -> Glenn Capistrant (medium),[branch completion:Seidokan karate and kobudo (Sh; verifier: confirmed] Wikipedia's Okinawa Seidokan article lists Glenn Capistrant among Toma's students promoted to 9th dan.,edge_additions.csv
edge_addition,Shian Toma -> John E. Kennedy (high),"[branch completion:Seidokan karate and kobudo (Sh; verifier: confirmed] Wikipedia documents John E. Kennedy as the senior student who brought Seidokan to the United States, promoted to 9th dan by Toma in 2001.",edge_additions.csv
edge_addition,Shian Toma -> Ron Nix (high),"[branch completion:Seidokan karate and kobudo (Sh; verifier: confirmed] RSKKR official biography: Nix requested to become Toma's student in 1980, restarted as a white belt, returned to Okinawa in 1984 and trained eight years in Seidokan; Wikipedia records his promotion to 9th dan by Toma and his role as RSKKR President a",edge_additions.csv
edge_addition,Shian Toma -> Roy J. Hobbs (high),"[branch completion:Seidokan karate and kobudo (Sh; verifier: confirmed] Wikipedia documents Hobbs as Toma's most prolific student, President of the Seidokan Shihan Kai and promoted to 9th Dan Hanshi by Toma before founding the Sekai Dentokan Bugei Renmei (1994); Dentokan UK states Hobbs was 'the direct student of Toma Se",edge_additions.csv
edge_addition,Shian Toma -> Shigemitsu Tamae (high),[branch completion:Seidokan karate and kobudo (Sh; verifier: confirmed] RSKKR biography: Tamae (b. 1950) began Seidokan at age 13 and was Shian Toma's student from 1963; Wikipedia records that on Toma's death in May 2013 Shigemitsu Tamae of Yomitan became second headmaster of Okinawa Seidokan (OSKKR). This is the 'Tamai',edge_additions.csv
edge_addition,Shian Toma -> Stephen Chan (low),[branch completion:Seidokan karate and kobudo (Sh; verifier: plausible] Chan's martial arts page states he trained eight times in Okinawa and was awarded 7th dan and the Shihan title by Shian Toma; the Zambian karate history profile documents his Seidokan Zambia pioneering work (1981-85) within the Toma organisation.,edge_additions.csv
edge_addition,Shigeru Egami -> Mitsusuke Harada (high),"[branch completion:Mainland Japan gaps (JKA senio; verifier: confirmed] Wikipedia records Harada training under Egami at Waseda University, with Egami having 'a significant influence on his karate style'; confirms the requested Egami-Shotokai link.",edge_additions.csv
edge_addition,Shigeru Egami -> Tetsuji Murakami (high),"[branch completion:Mainland Japan gaps (JKA senio; verifier: confirmed] Wikipedia: Murakami trained with Egami in Japan in 1968, integrated Egami's methods, and 'returned to Europe as the representative of the style Shotokai'.",edge_additions.csv
edge_addition,Shigeru Kimura -> Bill Bressaw (medium),[branch completion:Shito-ryu schools (Mabuni line; verifier: confirmed] Senior Kimura student; head of the American Shukokai Karate Union after Kimura's death.,edge_additions.csv
edge_addition,Shigeru Kimura -> Chris Thompson (medium),"[branch completion:Shito-ryu schools (Mabuni line; verifier: confirmed] Senior Kimura student (South Africa/UK line), co-leader of Kimura Shukokai International.",edge_additions.csv
edge_addition,Shigeru Kimura -> Eddie Daniels (medium),[branch completion:Shito-ryu schools (Mabuni line; verifier: confirmed] One of Kimura's four senior students who co-led his international organisation after his 1995 death; head of Shukokai Karate Federation.,edge_additions.csv
edge_addition,Shigeru Kimura -> Lionel Marinus (medium),"[branch completion:Shito-ryu schools (Mabuni line; verifier: confirmed] Senior Kimura student of South Africa, co-leader of Kimura Shukokai International.",edge_additions.csv
edge_addition,Shigeru Nakamura -> Fusei Kise (high),[lineage completion:Okinawa Kenpo and the Toma/Odo; verifier: confirmed] Kise's official Kenshin-kan biography states he studied Okinawa Kenpo under Shigeru Nakamura and received his 7th dan in Kenpo from him.,edge_additions.csv
edge_addition,Shigeru Nakamura -> Hiroshi Miyazato (medium),"[Bishop, Okinawan Karate; tradition] Both present; edge absent. Okinawa Kenpo lineage chart.",edge_additions.csv
edge_addition,Shigeru Nakamura -> Hiroshi Oshiro (medium),"[Bishop, Okinawan Karate; tradition] Both in dataset; no edge exists.",edge_additions.csv
edge_addition,Shigeru Nakamura -> Hirotaka Arashiro (medium),"[Bishop, Okinawan Karate; tradition] Both in dataset; edge absent.",edge_additions.csv
edge_addition,Shigeru Nakamura -> Kenichi Kinjo (medium),"[Bishop, Okinawan Karate; tradition] No existing edge; both in dataset.",edge_additions.csv
edge_addition,Shigeru Nakamura -> Kenko Chibana (medium),"[Bishop, Okinawan Karate; tradition] Both present; edge absent.",edge_additions.csv
edge_addition,Shigeru Nakamura -> Kiyoji Kinjo (medium),"[Bishop, Okinawan Karate; tradition] Both in dataset; edge absent.",edge_additions.csv
edge_addition,Shigeru Nakamura -> Kokichi Nakamura (medium),"[Bishop, Okinawan Karate; tradition] Both in dataset; edge missing.",edge_additions.csv
edge_addition,Shigeru Nakamura -> Seijiro Maehara (medium),"[lineage completion:Okinawa Kenpo and the Toma/Odo; verifier: confirmed] Maehara is consistently described as a direct student of Shigeru Nakamura (from age 20 in Nago) and a contemporary of Odo, later teaching Okinawa Kenpo in Henoko for decades.",edge_additions.csv
edge_addition,Shigeru Nakamura -> Seikichi Odo (high),[lineage completion:Okinawa Kenpo and the Toma/Odo; verifier: confirmed] Wikipedia: Odo began under Nakamura at 23 and 'considered Nakamura as his primary instructor as well as mentor'; he joined the Nago dojo in 1949 and was chosen to lead Okinawa Kenpo after Nakamura's death. Nakamura is currently an orphan so this esse,edge_additions.csv
edge_addition,Shigeru Nakamura -> Seiyu Oyata (high),"[lineage completion:Okinawa Kenpo and the Toma/Odo; verifier: confirmed] Wikipedia's Ryu-te article documents that Oyata trained directly with Shigeru Nakamura, learning the 12 basic empty-hand kata practised in Ryu-te and helping develop bogu kumite in Okinawa Kenpo.",edge_additions.csv
edge_addition,Shigeru Nakamura -> Shian Toma (low),[lineage completion:Okinawa Kenpo and the Toma/Odo; verifier: plausible] Seidokan biographies list Nakamura Shigeru among Toma's five instructors and state Toma studied under him while Toma's dojo belonged to Nakamura's Okinawa Kenpo Renmei in the early 1960s.,edge_additions.csv
edge_addition,Shigeru Nakamura -> Shinkichi Nakamura (medium),"[Bishop, Okinawan Karate; tradition] Both in dataset; edge absent",edge_additions.csv
edge_addition,Shigeru Nakamura -> Taketo Nakamura (medium),"[lineage completion:Okinawa Kenpo and the Toma/Odo; verifier: confirmed] Taketo was Shigeru's son, trained under him, built the Nago dojo in 1953 and headed the Okinawa Kenpo Karate-Do Association lineage in Nago after the succession dispute with Odo.",edge_additions.csv
edge_addition,Shigeru Nakamura -> Tatsunori Matsuda (medium),"[Bishop, Okinawan Karate; tradition] Both in dataset; edge missing.",edge_additions.csv
edge_addition,Shigeru Nakamura -> Teruyuki Higa (medium),"[Bishop, Okinawan Karate; tradition] Both in dataset; no edge.",edge_additions.csv
edge_addition,Shigeru Nakamura -> Tomei Tsuha (high),"[Bishop, Okinawan Karate; interview] Both in dataset; no edge.",edge_additions.csv
edge_addition,Shigeru Nakamura -> Toru Urasoko (medium),"[Bishop, Okinawan Karate; tradition] Both in dataset; edge absent.",edge_additions.csv
edge_addition,Shigeru Nakamura -> Toshimitsu Kina (medium),"[Bishop, Okinawan Karate; tradition] Both in dataset; no edge.",edge_additions.csv
edge_addition,Shigeru Nakamura -> Yuichi Kuda (medium),"[branch completion:Matsumura Seito / Orthodox Sho; verifier: confirmed] Consistently reported that Kuda studied Okinawan Kenpo under Shigeru Nakamura until Nakamura's death in 1970, before moving to Soken.",edge_additions.csv
edge_addition,Shigeru Oyama -> Yasuhiko Oyama (low),"[branch completion:Mainland Japan gaps (JKA senio; verifier: plausible] Wikipedia confirms Yasuhiko is Shigeru's younger brother and successor as head of World Oyama Karate, but does not explicitly call him Shigeru's student; drawn dashed as an organisational succession within the family.",edge_additions.csv
edge_addition,Shinbi Kaneshima -> Shinyei Kaneshima (low),"[audit:orphans-2; verifier: plausible] Ishimine-ryu accounts describe the art passing within the Kaneshima family from Shinbi (who learned from Old Ishimine) to his son Shin'ei, who named the school; I could not read an explicit 'father taught son' sentence in the OKIC article (",edge_additions.csv
edge_addition,Shingo Araki -> Seitoku Higa (medium),"[Bishop, Okinawan Karate; tradition] Student matched; Shingo Araki missing from dataset (chart places him between Choshin Chibana and Seitoku Higa).",edge_additions.csv
edge_addition,Shinken Taira -> Yuchoku Higa (low),"[wave4:Japanese-language sweep: Okina; verifier: plausible] ja.wikipedia article on Taira Shinken lists 比嘉祐直 (Higa Yuchoku, kanji variant of 佑直) among his kobudo students; medium because of the kanji variant in the listing.",edge_additions.csv
edge_addition,Shinkichi Kuniyoshi -> Heisaburo Nakamura (high),"[Bishop, Okinawan Karate; interview] Student genuinely absent from dataset (karate, kobudo and kumi dances).",edge_additions.csv
edge_addition,Shinkichi Kuniyoshi -> Shigeru Nakamura (high),"[lineage completion:Early masters' full connectivi; verifier: confirmed] Official Okinawa Kenpo history: after returning to Nago, Nakamura Shigeru (1891-1969) challenged Bushi Kuniyoshi, 'admired Kuniyoshi's strength and became his disciple'. This is the founding transmission of Okinawa Kenpo.",edge_additions.csv
edge_addition,Shinko Matayoshi -> Matayoshi Shinpo (high),[lineage completion:Kobudo lines: Taira Shinken / ; verifier: confirmed] Shinpo was taught by and succeeded his father Shinko as head of the Matayoshi kobudo tradition after Shinko's death in 1947.,edge_additions.csv
edge_addition,Shinpan Gusukuma -> Horoku Ishikawa (medium),[branch completion:Shito-ryu schools (Mabuni line; verifier: confirmed] Wikipedia: Horoku Ishikawa continued Gusukuma's branch of Shito-ryu after his death in 1954. Reuses orphan C00129.,edge_additions.csv
edge_addition,Shinpan Gusukuma -> Koshin Shiroma (medium),"[Bishop, Okinawan Karate; tradition] Both in dataset (Shinpan Shiroma = Shinpan Gusukuma); no edge. Relationship inferred from chart placement only.",edge_additions.csv
edge_addition,Shinpan Gusukuma -> Seiichi Iju (medium),[branch completion:Shito-ryu schools (Mabuni line; verifier: confirmed] Wikipedia lists Seiichi Iju as a notable student of Gusukuma.,edge_additions.csv
edge_addition,Shinpan Gusukuma -> Seikichi Iha (medium),"[branch completion:Shito-ryu schools (Mabuni line; verifier: confirmed] Wikipedia article on Gusukuma identifies Seikichi Iha (10th dan, Shidokan) as his student; Iha began karate under Gusukuma in Shuri before joining Miyahira.",edge_additions.csv
edge_addition,Shinpan Gusukuma -> Shinsuke Kaneshima (high),"[Bishop, Okinawan Karate; interview] Shinpan Shiroma = Shinpan Gusukuma (Q3482287). No existing edge.",edge_additions.csv
edge_addition,Shinpo Matayoshi -> Haruo Tamaki (medium),"[Bishop, Okinawan Karate; tradition] Both in dataset; no edge exists.",edge_additions.csv
edge_addition,Shinpo Matayoshi -> Katsuyoshi Kanei (medium),"[Bishop, Okinawan Karate; tradition] No existing edge; both in dataset.",edge_additions.csv
edge_addition,Shinpo Matayoshi -> Kenichi Kinjo (medium),"[Bishop, Okinawan Karate; tradition] Both in dataset; edge absent (dataset has Takashi Kinjo as a different student)",edge_additions.csv
edge_addition,Shinpo Matayoshi -> Koei Iha (medium),"[Bishop, Okinawan Karate; tradition] Both present; edge absent. Matayoshi kobudo chart.",edge_additions.csv
edge_addition,Shinpo Matayoshi -> Koki Miyagi (medium),"[Bishop, Okinawan Karate; tradition] Both in dataset; edge absent",edge_additions.csv
edge_addition,Shinpo Matayoshi -> Mark Bishop (high),"[Bishop, Okinawan Karate; interview] Both in dataset; no edge. First-person account.",edge_additions.csv
edge_addition,Shinpo Matayoshi -> Nobuhide Asato (medium),"[Bishop, Okinawan Karate; tradition] Teacher matched; Nobuhide Asato (Pangai-noon-ryu) absent from dataset. See matching person_new item.",edge_additions.csv
edge_addition,Shinpo Matayoshi -> Seiko Itokazu (medium),"[Bishop, Okinawan Karate; tradition] Both in dataset; no edge for Seiko Itokazu (C00483). Dataset does have Shinpo Matayoshi -> Seisho Itokazu (A0121); possible duplicate identity worth checking.",edge_additions.csv
edge_addition,Shinpo Matayoshi -> Shinsei Omine (medium),"[Bishop, Okinawan Karate; tradition] Both in dataset; edge absent.",edge_additions.csv
edge_addition,Shinsuke Kaneshima -> Komei Tsuha (medium),"[Bishop, Okinawan Karate; tradition] Both in dataset; edge absent. Relationship inferred from garbled OCR chart placement, so treat as low confidence.",edge_additions.csv
edge_addition,Shinsuke Kaneshima -> Kyuyu Kinjo (high),"[Bishop, Okinawan Karate; interview] Both in dataset; no edge exists. 20-year top student.",edge_additions.csv
edge_addition,Shinsuke Kaneshima -> Seiki Toma (low),"[lineage completion:Okinawa Kenpo and the Toma/Odo; verifier: confirmed] Shuriway biography names Shinsuke Kaneshima, founder of Tozan-ryu, among Seiki Toma's teachers and Tozan-ryu among the arts Toma synthesised; single source.",edge_additions.csv
edge_addition,Shinsuke Kaneshima -> Tomei Tsuha (high),"[Bishop, Okinawan Karate; interview] Both in dataset; edge absent.",edge_additions.csv
edge_addition,Shintaro Yoshizato -> Joji Tokuhiga (medium),"[Bishop, Okinawan Karate; tradition] Both in dataset; no edge. OCR of chart garbled; treat as low confidence.",edge_additions.csv
edge_addition,Shintaro Yoshizato -> Kazuo Miyazato (medium),"[Bishop, Okinawan Karate; tradition] Both in dataset; no edge. OCR of chart garbled; treat as low confidence.",edge_additions.csv
edge_addition,Shintaro Yoshizato -> Kunio Higa (medium),"[Bishop, Okinawan Karate; tradition] Both in dataset; edge absent. Kushin-ryu chart OCR garbled; relationship uncertain, treat as low confidence.",edge_additions.csv
edge_addition,Shintaro Yoshizato -> Mitsuo Miyazato (medium),"[Bishop, Okinawan Karate; tradition] Both in dataset; edge absent; OCR garbled and relationship uncertain, treat as low confidence",edge_additions.csv
edge_addition,Shintaro Yoshizato -> Nobuo Miyazato (medium),"[Bishop, Okinawan Karate; tradition] Both present; edge absent. Same OCR-garbled chart caveat; suggest low confidence.",edge_additions.csv
edge_addition,Shintaro Yoshizato -> Sadao Miyazato (medium),"[Bishop, Okinawan Karate; tradition] Both in dataset; edge missing. Source chart OCR-garbled, relationship uncertain: record at low confidence.",edge_additions.csv
edge_addition,Shintaro Yoshizato -> Seken Akamine (medium),"[Bishop, Okinawan Karate; tradition] Both in dataset; edge missing. Source chart OCR-garbled, relationship uncertain: record at low confidence.",edge_additions.csv
edge_addition,Shintaro Yoshizato -> Toshimasa Matsumoto (medium),"[Bishop, Okinawan Karate; tradition] Both present; edge absent. Kushin-ryu chart OCR-garbled, relationship uncertain; suggest low confidence.",edge_additions.csv
edge_addition,Shinyei Kyan -> Kiichi Nakamoto (high),[branch completion:Kobudo systems: Ryukyu Kobudo ; verifier: confirmed] Kiichi Nakamoto continued under Kyan Shinyei and was named 2nd president of the Ryukyu Dento Kobujutsu preservation body after Kyan's death in 1997.,edge_additions.csv
edge_addition,Shinyei Kyan -> Masakazu Miyagi (high),"[Bishop, Okinawan Karate; interview] Both in dataset; edge absent. Karate and kobudo (sai).",edge_additions.csv
edge_addition,Shinyei Kyan -> Toshihiro Oshiro (low),"[lineage completion:Shorin-ryu lines (Chibana Chos; verifier: plausible] Dojo lineage page states the saijutsu of sai master Kyan Shin'ei was taught at the Matsubayashi hombu dojo, 'where Oshiro Shihan learned it'; single source.",edge_additions.csv
edge_addition,Shiroma (Gusukuma) of Tomari -> Anko Itosu (high),"[Bishop, Okinawan Karate; interview] Student matched; the early Shiroma (Gusukuma) of Tomari is genuinely missing from the dataset.",edge_additions.csv
edge_addition,Shogo Kuniba -> Chuzo Kotaka (medium),[branch completion:Shito-ryu schools (Mabuni line; verifier: confirmed] Kotaka trained under Shogo Kuniba in high school and won the All Japan Seishinkai championships 1960-62 before founding IKF Hawaii and Kotaka-ha Shito-ryu (1966).,edge_additions.csv
edge_addition,Shogo Kuniba -> Kozo Kuniba (low),[branch completion:Shito-ryu schools (Mabuni line; verifier: plausible] Son of Shogo; after Shogo's death the family established Kuniba-kai in Japan (1999) headed by Kozo Kuniba; direct instruction inferred from family succession.,edge_additions.csv
edge_addition,Shogo Kuniba -> William H. Price (medium),[branch completion:Shito-ryu schools (Mabuni line; verifier: confirmed] Kuniba's US student whom he named second soke of Kuniba-ryu Karate-do and Kuniba-ryu Goshindo on 16 March 1992.,edge_additions.csv
edge_addition,Shoi Sai -> Isei Kojo (low),"[kojo-motobu-ryuei:Kojo (Kogusuku) family system ; verifier: plausible] Koshinkan chart draws Saisho (Cai Changwei, 1816-1906) -> Isei Kojo (1832-1891); ja-Wikipedia succession has 2nd generation Sai Shoi followed by 3rd generation Isei. Dates are compatible, but the teaching relationship rests on lineage-chart successio",edge_additions.csv
edge_addition,Shoi Sai -> Taitei Kojo (low),"[kojo-motobu-ryuei:Kojo (Kogusuku) family system ; verifier: plausible] Chierchini's detailed Kojo-ryu history describes Taitei (1837-1917) as grandson of Shoi and third-generation successor of the family system Shoi headed; Koshinkan chart places Taitei in the same generation line. Family-succession transmission, single",edge_additions.csv
edge_addition,Shokei Matsui -> Hajime Kazumi (low),[branch completion:Mainland Japan gaps (JKA senio; verifier: plausible] Wikipedia notes Shokei Matsui was instructing at the Kyokushin General Headquarters dojo when the young Kazumi trained there before moving to the Jonan branch.,edge_additions.csv
edge_addition,Shoko Itokazu -> Eiichi Miyazato (high),"[Bishop, Okinawan Karate; interview] Both in dataset; edge absent. Judo teacher, not karate.",edge_additions.csv
edge_addition,Shosei Kina -> Kaishu Isa (high),"[branch completion:Kobudo systems: Ryukyu Kobudo ; verifier: confirmed] Isa Kaishu trained under Kina from 1952, received menkyo kaiden (1971) and the sokeship certificate (1976), becoming 3rd soke of Ufuchiku-den Ryukyu Kobujutsu.",edge_additions.csv
edge_addition,Shosei Kina -> Kantoku Izumikawa (low),[branch completion:Kobudo systems: Ryukyu Kobudo ; verifier: plausible] Kantoku Izumikawa is listed among Kina Shosei's Ufuchiku-den students.,edge_additions.csv
edge_addition,Shosei Kina -> Kiichi Nakamoto (high),"[branch completion:Kobudo systems: Ryukyu Kobudo ; verifier: confirmed] Kiichi Nakamoto (10th dan Goju-ryu and 10th dan Ryukyu Dento Kobujutsu, distinct from Masahiro Nakamoto) trained under Kina in the 1970s.",edge_additions.csv
edge_addition,Shosei Kina -> Masahiro Nakamoto (high),[branch completion:Kobudo systems: Ryukyu Kobudo ; verifier: confirmed] Nakamoto Masahiro began learning Ryukyu Traditional Kobujutsu Ufuchiku-den from Kina Shosei in May 1956; Kina promoted him to Hanshi 9th dan in January 1981.,edge_additions.csv
edge_addition,Shosei Kina -> Shinyei Kyan (high),[lineage completion:Kobudo lines: Taira Shinken / ; verifier: confirmed] Wikipedia lists Shinyei Kyan first among Kina Shosei's students in Ufuchiku kobudo.,edge_additions.csv
edge_addition,Shoshin Nagamine -> Ansei Ueshiro (high),"[branch completion:Matsubayashi-ryu (Shoshin Naga; verifier: confirmed] Ueshiro enrolled in Nagamine's dojo, became chief instructor at the honbu in Naha, and was sent by Nagamine to the USA in 1962, founding Shorin-Ryu Karate USA.",edge_additions.csv
edge_addition,Shoshin Nagamine -> Chokei Kishaba (high),"[branch completion:Matsubayashi-ryu (Shoshin Naga; verifier: confirmed] Wikipedia states Chokei Kishaba, founder of Shorin-ryu Kishaba Juku (1998), was a student of Hohan Soken, Shoshin Nagamine and Seigi Nakamura.",edge_additions.csv
edge_addition,Shoshin Nagamine -> Chotoku Omine (high),"[branch completion:Matsubayashi-ryu (Shoshin Naga; verifier: confirmed] Omine began training under Nagamine in 1947, became head instructor at the Nagamine (Kodokan) dojo, and accompanied Nagamine to the US in 1969, staying as head instructor for the US organisation.",edge_additions.csv
edge_addition,Shoshin Nagamine -> Eihachi Ota (low),"[branch completion:Matsubayashi-ryu (Shoshin Naga; verifier: plausible] Ota trained at Nagamine's home dojo on weekends; now Hanshi 10th dan teaching Matsubayashi Shorin-ryu in Los Angeles since 1973, described as the highest-ranked practitioner outside Okinawa.",edge_additions.csv
edge_addition,Shoshin Nagamine -> Frank Grant (medium),"[branch completion:Matsubayashi-ryu (Shoshin Naga; verifier: confirmed] Grant regarded Nagamine as his sensei, was graded before him, and headed the World Shorin-Ryu Karate-Do Federation preserving Nagamine's system; awarded 10th dan by the WSKF board.",edge_additions.csv
edge_addition,Shoshin Nagamine -> Harumi Takami (medium),"[Bishop, Okinawan Karate; tradition] Both in dataset; edge absent.",edge_additions.csv
edge_addition,Shoshin Nagamine -> Ichiro Shirasaka (medium),"[Bishop, Okinawan Karate; tradition] Both in dataset; no edge exists.",edge_additions.csv
edge_addition,Shoshin Nagamine -> Isoroku Katagiri (medium),"[Bishop, Okinawan Karate; tradition] Both in dataset; edge absent.",edge_additions.csv
edge_addition,Shoshin Nagamine -> James Wax (high),"[branch completion:Matsubayashi-ryu (Shoshin Naga; verifier: confirmed] American serviceman who trained at Nagamine's dojo, described as the first American black belt in the style, and brought Matsubayashi-ryu to Dayton, Ohio in 1959; his students sponsored Ueshiro's 1962 visa.",edge_additions.csv
edge_addition,Shoshin Nagamine -> Jokei Kushi (high),[lineage completion:Shorin-ryu lines (Chibana Chos; verifier: confirmed] Okinawa Karate Information Center archive: Kushi received instruction from Nagamine and taught juniors at the Nagamine dojo as a Matsubayashi-ryu instructor; he also appears with Nagamine in the 1965 hombu film.,edge_additions.csv
edge_addition,Shoshin Nagamine -> Kaoru Kinjo (medium),"[Bishop, Okinawan Karate; tradition] Both in dataset; edge missing.",edge_additions.csv
edge_addition,Shoshin Nagamine -> Katsuhiko Shinzato (high),"[branch completion:Matsubayashi-ryu (Shoshin Naga; verifier: confirmed] Shinzato joined Nagamine's dojo in 1967, trained extensively in Matsubayashi-ryu under him until 1981, and translated Nagamine's The Essence of Okinawan Karate-do into English; listed as a notable student on Nagamine's Wikipedia page.",edge_additions.csv
edge_addition,Shoshin Nagamine -> Kazuo Tabata (medium),"[Bishop, Okinawan Karate; tradition] Both in dataset; edge missing. Do not confuse with Kazumi Tabata Q6381580.",edge_additions.csv
edge_addition,Shoshin Nagamine -> Keiichi Suji (medium),"[Bishop, Okinawan Karate; tradition] No existing edge; both in dataset.",edge_additions.csv
edge_addition,Shoshin Nagamine -> Kensei Taba (high),"[branch completion:Matsubayashi-ryu (Shoshin Naga; verifier: confirmed] Senior student of Nagamine and head of the Matsubayashi-ryu organisation (first WMKA president) at Nagamine's death; later founded Shogen-ryu, named in honour of Shoshin Nagamine.",edge_additions.csv
edge_addition,Shoshin Nagamine -> Kiyoshi Arakaki (low),"[lineage completion:Shorin-ryu lines (Chibana Chos; verifier: plausible] Kodansha author biography for 'The Secrets of Okinawan Karate' states Arakaki studied under masters including Shoshin Nagamine; publisher bio only, so single-source.",edge_additions.csv
edge_addition,Shoshin Nagamine -> Kunihiro Kato (medium),"[Bishop, Okinawan Karate; tradition] Both in dataset; no edge.",edge_additions.csv
edge_addition,Shoshin Nagamine -> Masakatsu Inezuka (medium),"[Bishop, Okinawan Karate; tradition] Both in dataset; edge absent.",edge_additions.csv
edge_addition,Shoshin Nagamine -> Masanori Ishikawa (medium),"[Bishop, Okinawan Karate; tradition] Teacher matched; Masanori Ishikawa absent from dataset (only Horoku Ishikawa C00129 present, different person).",edge_additions.csv
edge_addition,Shoshin Nagamine -> Masao Kobayashi (medium),"[Bishop, Okinawan Karate; tradition] Teacher in dataset; Masao Kobayashi genuinely missing from dataset.",edge_additions.csv
edge_addition,Shoshin Nagamine -> Masao Mizutani (medium),"[Bishop, Okinawan Karate; tradition] Both in dataset; edge absent",edge_additions.csv
edge_addition,Shoshin Nagamine -> Masao Shima (low),"[branch completion:Matsubayashi-ryu (Shoshin Naga; verifier: plausible] Shima Masao is described as one of the most important students of O'Sensei Nagamine, running a Matsubayashi-ryu school in Okinawa.",edge_additions.csv
edge_addition,Shoshin Nagamine -> Seigi Nakamura (high),[branch completion:Matsubayashi-ryu (Shoshin Naga; verifier: confirmed] Seigi Nakamura is listed on Shoshin Nagamine's Wikipedia page as one of his notable students.,edge_additions.csv
edge_addition,Shoshin Nagamine -> Seiki Toma (low),[lineage completion:Okinawa Kenpo and the Toma/Odo; verifier: confirmed] Shuriway biography lists Shoshin Nagamine (Matsubayashi-ryu) among Seiki Toma's teachers; single source.,edge_additions.csv
edge_addition,Shoshin Nagamine -> Shinsaku Minami (medium),"[Bishop, Okinawan Karate; tradition] Both present; edge absent.",edge_additions.csv
edge_addition,Shoshin Nagamine -> Shinyei Kyan (low),"[lineage completion:Shorin-ryu lines (Chibana Chos; verifier: plausible] Kyan Shin'ei taught (notably saijutsu) at the Matsubayashi hombu dojo and appears alongside Nagamine, Omine and Kushi in the official Matsubayashi film credits; senior-instructor status under Nagamine is credible tradition rather than explicit docume",edge_additions.csv
edge_addition,Shoshin Nagamine -> Tadashi Nakagawa (medium),"[Bishop, Okinawan Karate; tradition] Both in dataset; edge missing.",edge_additions.csv
edge_addition,Shoshin Nagamine -> Takasuga Kitamura (medium),"[Bishop, Okinawan Karate; tradition] Both in dataset; edge absent",edge_additions.csv
edge_addition,Shoshin Nagamine -> Takayoshi Nagamine (high),"[branch completion:Matsubayashi-ryu (Shoshin Naga; verifier: confirmed] Son of the founder, trained under his father, succeeded him as second soke of Matsubayashi-ryu in 1997, Hanshisei 10th dan, led WMKA until his death in 2012.",edge_additions.csv
edge_addition,Shoshin Nagamine -> Teruo Hayashi (medium),[branch completion:Shito-ryu schools (Mabuni line; verifier: confirmed] During his Okinawa research years Hayashi trained under Shoshin Nagamine (Matsubayashi-ryu).,edge_additions.csv
edge_addition,Shoshin Nagamine -> Toshimitsu Arakaki (medium),"[branch completion:Matsubayashi-ryu (Shoshin Naga; verifier: confirmed] Named on Wikipedia as one of the direct students of Shoshin Nagamine elected to WMKA leadership (vice-president, later co-leader) after 2012.",edge_additions.csv
edge_addition,Shoshin Nagamine -> Toshizo Egawa (medium),"[Bishop, Okinawan Karate; tradition] Both in dataset; edge absent.",edge_additions.csv
edge_addition,Shoshin Nagamine -> Yoshiaki Iwanishi (medium),"[Bishop, Okinawan Karate; tradition] No existing edge; both in dataset.",edge_additions.csv
edge_addition,Shoshin Nagamine -> Yoshitaka Taira (high),"[branch completion:Matsubayashi-ryu (Shoshin Naga; verifier: confirmed] Direct student of Shoshin Nagamine, Hanshi 10th dan, elected WMKA president in 2012 after Takayoshi Nagamine's death; heads the Kodokan Taira dojo in Urasoe, the current WMKA headquarters.",edge_additions.csv
edge_addition,Shoshin Nagamine -> Yukio Adachi (medium),"[Bishop, Okinawan Karate; tradition] Both in dataset; no edge exists.",edge_additions.csv
edge_addition,Shu Shi Wa -> Kanbun Uechi (high),"[lineage completion:General sweep: notable orphans; verifier: confirmed] Wikipedia Uechi-ryu: Kanbun Uechi trained about 13 years in Fuzhou under Shu Shiwa (Zhou Zihe), the basis of Uechi-ryu.",edge_additions.csv
edge_addition,Shu Shiwa (Zhou Zihe) -> Kanbun Uechi (high),"[lineage completion:Uechi-ryu succession (Kanbun U; verifier: confirmed] Wikipedia: Kanbun Uechi trained ~13 years in Fuzhou under Shu Shiwa (Zhou Zihe), receiving his Pangai-noon teaching licence in 1904; the Uechi-ryu Europe chronology dates Shu Shiwa 1874-1926.",edge_additions.csv
edge_addition,Shugoro Nakazato -> Bob Hurten (low),[lineage completion:Shorin-ryu lines (Chibana Chos; verifier: plausible] Shorinkan histories list Robert 'Bob' Herten among the 'Original Seven' black belts trained directly by Shugoro Nakazato; 'Bob Hurten' appears to be a spelling variant of the same person.,edge_additions.csv
edge_addition,Shugoro Nakazato -> Bunsaku Yosekawa (medium),"[Bishop, Okinawan Karate; tradition] No existing edge; both in dataset.",edge_additions.csv
edge_addition,Shugoro Nakazato -> Bus Martin (medium),"[Bishop, Okinawan Karate; tradition] Both in dataset; no edge.",edge_additions.csv
edge_addition,Shugoro Nakazato -> Choshin Ahagon (medium),"[Bishop, Okinawan Karate; tradition] Both present; edge absent (dataset has Shugoro Nakazato -> Naonobu Ahagon, a different Ahagon).",edge_additions.csv
edge_addition,Shugoro Nakazato -> Doug Perry (high),"[branch completion:Kobayashi Shorin-ryu (Chibana ; verifier: confirmed] Documented in multiple biographies: Perry trained directly under Shugoro Nakazato from 1981, appointed North American representative of the Shorinkan Kyokai (1997), promoted to 9th dan by Nakazato in Okinawa in 2009, first non-Okinawan at that rank i",edge_additions.csv
edge_addition,Shugoro Nakazato -> Eddie Bethea (high),"[branch completion:Kobayashi Shorin-ryu (Chibana ; verifier: confirmed] Wikipedia names Eddie Bethea as a Nakazato student who trained directly under him from the early 1960s, one of the 'Original 7' who brought Shorinkan to America.",edge_additions.csv
edge_addition,Shugoro Nakazato -> Emory Turner (medium),"[Bishop, Okinawan Karate; tradition] Both in dataset; edge absent.",edge_additions.csv
edge_addition,Shugoro Nakazato -> Ernest Estrada (high),[branch completion:Kobayashi Shorin-ryu (Chibana ; verifier: confirmed] Wikipedia lists Ernest J. Estrada among Nakazato's notable students. Reuses orphan C00055.,edge_additions.csv
edge_addition,Shugoro Nakazato -> Franklin DR Hargrove (high),[lineage completion:Shorin-ryu lines (Chibana Chos; verifier: confirmed] Frank Hargrove trained under Shugoro Nakazato in Okinawa from 1964; Nakazato was his personal teacher for 48 years and one of the 'Original Seven' Shorinkan black belts sent to the USA.,edge_additions.csv
edge_addition,Shugoro Nakazato -> Gamini Soysa (low),"[audit:orphans-1; verifier: plausible] Gamini Soysa, the pioneer of Shorin-ryu Shorinkan in Sri Lanka and South Asia and the first Sri Lankan to train in Okinawa, trained under Shugoro Nakazato and served as Shorinkan's Sri Lanka representative. Consistently reported across inde",edge_additions.csv
edge_addition,Shugoro Nakazato -> Geiji Morisono (medium),"[Bishop, Okinawan Karate; tradition] Both in dataset; edge missing.",edge_additions.csv
edge_addition,Shugoro Nakazato -> Isao Oshiro (medium),"[Bishop, Okinawan Karate; tradition] Both in dataset; edge absent.",edge_additions.csv
edge_addition,Shugoro Nakazato -> Jesus Martinez (medium),"[Bishop, Okinawan Karate; tradition] Teacher matched; Jesus Martinez absent from dataset.",edge_additions.csv
edge_addition,Shugoro Nakazato -> Jiro Shiroma (low),"[lineage completion:Shorin-ryu lines (Chibana Chos; verifier: plausible] A Jiro Shiroma is documented among Nakazato's 'Original Seven' Shorinkan black belts (alongside Hargrove and Bob Herten, both also in this orphan list), and heads the Shorinkan OBI dojo in Virginia Beach. Low because the name collides with an earlier",edge_additions.csv
edge_addition,Shugoro Nakazato -> Kazumasa Yokoyama (low),"[branch completion:Kobayashi Shorin-ryu (Chibana ; verifier: plausible] Wikipedia lists Kazumasa Yokoyama among Nakazato's notable students; single-source listing, hence medium.",edge_additions.csv
edge_addition,Shugoro Nakazato -> Kenyu Chinen (high),[lineage completion:Kobudo lines: Taira Shinken / ; verifier: confirmed] Kenyu Chinen began Shorin-ryu karate under Nakazato Shugoro in 1959.,edge_additions.csv
edge_addition,Shugoro Nakazato -> Lee Bates (medium),"[Bishop, Okinawan Karate; tradition] Both present; edge absent.",edge_additions.csv
edge_addition,Shugoro Nakazato -> Masaru Yonamine (medium),"[Bishop, Okinawan Karate; tradition] Both in dataset; no edge exists.",edge_additions.csv
edge_addition,Shugoro Nakazato -> Minoru Nakazato (high),"[lineage completion:Shorin-ryu lines (Chibana Chos; verifier: confirmed] Minoru Nakazato, son of Shugoro, was trained by his father from a young age and succeeded him as head of Shorin-ryu Shorinkan.",edge_additions.csv
edge_addition,Shugoro Nakazato -> Naonobu Ahagon (high),"[audit:shorin-kobayashi; verifier: confirmed] Ahagon's Wikipedia article documents that after Chibana's death in 1969 he trained under Shugoro Nakazato until 1991, reaching 8th dan. Both nodes already exist in the file but this well-documented edge is missing.",edge_additions.csv
edge_addition,Shugoro Nakazato -> Noboyuki Iguchi (medium),"[Bishop, Okinawan Karate; tradition] Both in dataset; no edge exists.",edge_additions.csv
edge_addition,Shugoro Nakazato -> Noel Smith (high),"[branch completion:Kobayashi Shorin-ryu (Chibana ; verifier: confirmed] Wikipedia's Shorinkan article names Noel Smith (8th dan, later senior US teacher) as having trained directly under Nakazato in the early 1960s, one of the 'Original 7'.",edge_additions.csv
edge_addition,Shugoro Nakazato -> Noriyasu Kinjo (medium),"[Bishop, Okinawan Karate; tradition] Both in dataset; no edge.",edge_additions.csv
edge_addition,Shugoro Nakazato -> Rod Lipka (medium),"[Bishop, Okinawan Karate; tradition] Both in dataset; edge missing.",edge_additions.csv
edge_addition,Shugoro Nakazato -> Shiyu Toma (medium),"[Bishop, Okinawan Karate; tradition] No existing edge; both in dataset (Shiyu Toma C00520, distinct from Shian/Seiki Toma).",edge_additions.csv
edge_addition,Shugoro Nakazato -> Sokuichi Gibu (high),"[lineage completion:Shorin-ryu lines (Chibana Chos; verifier: confirmed] Gibu (b. 1941) began under Shugoro Nakazato in 1956, received the first 8th dan in Shorinkan history and served as vice-president before founding the Butokukan in 1991. New person, needed to wire orphan Masanobu Kikukawa.",edge_additions.csv
edge_addition,Shugoro Nakazato -> Tadashi Yamashita (high),[branch completion:Kobayashi Shorin-ryu (Chibana ; verifier: confirmed] Wikipedia lists Yamashita among Nakazato's notable students and as one of the 'Original 7' Shorinkan black belts who brought the style to America.,edge_additions.csv
edge_addition,Shugoro Nakazato -> Tsugio Yonezawa (medium),"[Bishop, Okinawan Karate; tradition] Edge absent; dataset has Choshin Chibana -> Tsugio Yonezawa instead.",edge_additions.csv
edge_addition,Shugoro Nakazato -> Yeiko Nakahara (medium),"[Bishop, Okinawan Karate; tradition] Both in dataset; no edge.",edge_additions.csv
edge_addition,Shugoro Nakazato -> Yusuke Horiyama (medium),"[Bishop, Okinawan Karate; tradition] Both in dataset; edge absent.",edge_additions.csv
edge_addition,Shuren Kojo -> Kafu Kojo (low),"[kojo-motobu-ryuei:Kojo (Kogusuku) family system ; verifier: confirmed] Japanese Wikipedia lists Shuren Kojo (1883-1945, alias 'Oni Bucho') as 5th-generation dual-line head preceding 6th-generation Kafu; the Koshinkan chart draws Shuren -> Kafu explicitly. Chart-based teaching arrow: low.",edge_additions.csv
edge_addition,So Nei Chu -> Mas Oyama (high),"[audit:goju-japan-world; verifier: confirmed] So Nei Chu was Oyama's principal Goju-ryu teacher and mentor in Japan, consistently recorded in Oyama's Wikipedia biography and Kyokushin histories; this is the key missing node between Japanese Goju and Kyokushin, and it contextualises the",edge_additions.csv
edge_addition,So Nei-chu -> Mas Oyama (high),"[audit:kyokushin-lines; verifier: confirmed] So Nei-chu (曺寧柱, 1908-1996), senior Goju-ryu figure and fellow Korean, taught Oyama Goju-ryu after WWII and urged him toward the mountain training that shaped Kyokushin. Consistently documented in Oyama biographies and en.wiki; the file has",edge_additions.csv
edge_addition,Sogen Sakiyama -> Shoshin Nagamine (medium),"[Bishop, Okinawan Karate; tradition] Both in dataset; edge absent. NB the book states this is Zen Buddhist instruction, not karate; flag if the graph is karate-only.",edge_additions.csv
edge_addition,Sokaku Takeda -> Morihei Ueshiba (high),"[audit:judo-aikido-koryu; verifier: confirmed] Ueshiba's single most important teacher is absent. He met Takeda in Engaru, Hokkaido in 1915, is recorded in the Daito-ryu eimeiroku (enrolment registers), and received kyoju dairi certification in 1922. Node styles already tag daito-ryu, b",edge_additions.csv
edge_addition,Sokishi Shinzato -> Shian Toma (medium),"[audit:shorin-shobayashi-seibukan; verifier: confirmed] The official Seidokan biography names Shinzato Sokishi as Toma's first and longest teacher (over 20 years from his post-WWII return to Okinawa, teaching only Seisan, Sanchin, Chinto and Bo), and Wikipedia's Okinawa Seidokan article lists Sh",edge_additions.csv
edge_addition,Soko Kishimoto -> Seiken Shukumine (medium),"[audit:early-shuri-tomari; verifier: confirmed] Well-documented gap: Kishimoto Soko's two last students are consistently reported as Higa Seitoku and Seiken Shukumine (1925-2001), founder of Gensei-ryu and Taido; Genseiryu histories trace the style's Shuri-te core to Kishimoto's teaching",edge_additions.csv
edge_addition,Soko Kishimoto -> Seitoku Higa (medium),"[lineage completion:Early masters' full connectivi; verifier: confirmed] 'KishimotoDi was handed down to Higa Seitoku (1921-2006), founder of the Bugeikan..., by Kishimoto Soko (1866-1945)'. A 20th-century, consistently reported relationship; Kishimoto's historicity is corroborated independently (the official Okinawa Kenp",edge_additions.csv
edge_addition,Sokon Matsumura -> Chogi Yoshimura (high),"[wave4:Japanese-language sweep: Okina; verifier: confirmed] ja.wikipedia lists Yoshimura Chogi (義村朝義, 1866-1945) among Matsumura's disciples; Yoshimura's own article states he studied Kusanku, Gojushiho, bo and sword under Matsumura from his late teens.",edge_additions.csv
edge_addition,Sokon Matsumura -> Ishimine Pechin (medium),"[Bishop, Okinawan Karate; tradition] No existing edge; both in dataset.",edge_additions.csv
edge_addition,Sokon Matsumura -> Kiyuna Pechin (high),[audit:orphans-1] official Motobu-ryu blog profiles Kiyuna Pechin explicitly as a senior disciple of Matsumura Sokon,edge_additions.csv
edge_addition,Sokuichi Gibu -> Masanobu Kikukawa (high),"[lineage completion:Shorin-ryu lines (Chibana Chos; verifier: confirmed] Wikipedia: Kikukawa was a longtime student of Sokuichi Gibu-hanshi (and of Seiki Toma-hanshi, who is not in the dataset).",edge_additions.csv
edge_addition,Son Duk-sung (Duk Sung Son) -> Han Cha-kyo (high),"[wave4:Korean-language sweep: taekwon; verifier: confirmed] Han Cha-kyo trained under three named masters: Nam Tae-hi, Duk Sung Son and Woon Kyu Um (Chung Do Kwan line), per his Wikipedia biography and the original-masters reference.",edge_additions.csv
edge_addition,Sosui Ichikawa -> Tadahiko Otsuka (high),"[lineage completion:General sweep: notable orphans; verifier: confirmed] Otsuka began Goju-ryu in 1955 at age 15 under Sosui Ichikawa in Tokyo, reaching 5th dan by 1965 before founding Gojukensha.",edge_additions.csv
edge_addition,Sugaya Ueshima -> Sannosuke Ueshima (medium),"[wave4:Japanese-language sweep, mainl; verifier: confirmed] English Wikipedia (Kushin-ryu) names Sugaya Ueshima, an Ako police officer originally from Okinawa, as the karate teacher of Kushin-ryu founder Sannosuke Ueshima; Japanese Wikipedia corroborates an Okinawan policeman named Ueshima teaching him Pinan",edge_additions.csv
edge_addition,T'ung Gee Hsing -> Robert Trias (low),"[island 5; verifiers: plausible,plausible] Wikipedia states Trias met Hsing (a Chinese missionary practising xingyiquan) while stationed on Tulagi in 1944, and after Hsing defeated him in sparring 'Trias then asked Hsing to instruct him in the martial arts'; the Shuri-ryu article says 'In 1944, Robert",edge_additions.csv
edge_addition,Tachimura no Peichin -> Soko Kishimoto (low),"[lineage completion:Early masters' full connectivi; verifier: plausible] KishimotoDi tradition: 'It was from Tachimura that Kishimoto Soko learned the koryu kata... Naihanchi, Passai, and Kusanku' (Kishimoto Soko 1866-1945). Single-lineage oral tradition, so low, but the chain is the style's own documented history.",edge_additions.csv
edge_addition,Tadao Okuyama -> Mitsusuke Harada (low),"[branch completion:Mainland Japan gaps (JKA senio; verifier: plausible] Wikipedia says Harada also trained under Tadao Okuyama at Waseda, who significantly influenced his style; Okuyama is otherwise sparsely documented, so medium.",edge_additions.csv
edge_addition,Taiji Kase -> Hiroshi Shirai (medium),"[branch completion:Mainland Japan gaps (JKA senio; verifier: confirmed] Kase appears in Shirai's Wikipedia teacher list; the two later toured and taught together in Europe, but the page gives no detail of the instruction, so graded medium.",edge_additions.csv
edge_addition,Taiji Kase -> Keinosuke Enoeda (high),[branch completion:Mainland Japan gaps (JKA senio; verifier: confirmed] Wikipedia names Taiji Kase as the instructor who directed Enoeda's kumite training at the JKA honbu.,edge_additions.csv
edge_addition,Taiji Kase -> Mario Topolsek (low),"[audit:orphans-1; verifier: plausible] Topolsek began karate in Paris in 1965 under Taiji Kase (Shotokan, then 7th dan) before switching to Uechi-ryu. Consistently reported in his Czech Wikipedia article and biographical profiles.",edge_additions.csv
edge_addition,Taira Shinken -> Eisuke Akamine (high),[lineage completion:Kobudo lines: Taira Shinken / ; verifier: confirmed] Akamine was Taira's student and successor as 2nd president of Ryukyu Kobudo Hozon Shinkokai; Taira awarded him shihan in 1970.,edge_additions.csv
edge_addition,Taira Shinken -> Eizo Shimabukuro (medium),[branch completion:Kyan Chotoku lines: Shobayashi; verifier: confirmed] Eizo studied Ryukyu kobudo weapons under Taira Shinken.,edge_additions.csv
edge_addition,Taira Shinken -> Fumio Demura (high),"[branch completion:Kobudo systems: Ryukyu Kobudo ; verifier: confirmed] Demura trained kobudo (bo, sai, kama, nunchaku, tonfa) under Taira Shinken at Sakagami's Itosu-kai dojo.",edge_additions.csv
edge_addition,Taira Shinken -> Masahiro Nakamoto (high),[lineage completion:Shorin-ryu lines (Chibana Chos; verifier: confirmed] Nakamoto became Taira Shinken's kobudo student at 24 and was assigned to run a branch dojo for Taira before founding the Bunbukan.,edge_additions.csv
edge_addition,Taira Shinken -> Motokatsu Inoue (high),[lineage completion:Shorin-ryu lines (Chibana Chos; verifier: confirmed] Wikipedia: Inoue studied Ryukyu Kobujutsu under Taira Shinken and was the first man awarded Hanshi (Menkyo Kaiden) by Taira.,edge_additions.csv
edge_addition,Taira Shinken -> Ryusho Sakagami (high),"[lineage completion:Kobudo lines: Taira Shinken / ; verifier: confirmed] Sakagami studied Ryukyu Kobudo under Taira Shinken, who lived with the Sakagami family from 1957 and awarded him shihan (1959) and 8th dan (1963).",edge_additions.csv
edge_addition,Taira Shinken -> Sadaaki Sakagami (high),[branch completion:Shito-ryu schools (Mabuni line; verifier: confirmed] Official Itosu-ryu biography: Sadaaki studied Ryukyu kobudo under Master Shinken Taira from February 1960.,edge_additions.csv
edge_addition,Taira Shinken -> Tatsuo Shimabuku (high),"[branch completion:Kobudo systems: Ryukyu Kobudo ; verifier: confirmed] Wikipedia: in the late 1950s-early 1960s Shimabuku studied kobudo with Taira Shinken, learning Shishi nu Kun, Chatan Yara nu Sai and other weapon kata (basis of Isshin-ryu kobudo).",edge_additions.csv
edge_addition,Taitei Kojo -> Akahige Kojo (low),"[kojo-motobu-ryuei:Kojo (Kogusuku) family system ; verifier: plausible] 'Akahige' (Red Beard) is the documented alias of Kojo Homei (1861-1919), 4th-generation line per Japanese Wikipedia; the Koshinkan chart draws Taitei (1837-1917) -> Homei Kojo (1861-1916). C00001 is Homei under his alias; the teaching arrow itself ap",edge_additions.csv
edge_addition,Taitei Kojo -> Gichin Funakoshi (low),"[kojo-motobu-ryuei:Kojo (Kogusuku) family system ; verifier: plausible] Koshinkan history: 'it is said that he [Taitei] taught Karate to Gichin Funakoshi for the first time'; the shorinjiryu Kume study says Funakoshi learned Suparinpei/Peichurin from Kogusuku Taitei. Credible tradition only, not in Funakoshi's mainstream",edge_additions.csv
edge_addition,Taitei Kojo -> Higaonna Kanryo (medium),"[kojo-motobu-ryuei:Kojo (Kogusuku) family system ; verifier: confirmed] Wikipedia (Goju-ryu): Arakaki 'recommended Higaonna to Kojo Taitei, under whom Higaonna began training'; Wikipedia (Higaonna): Arakaki gave him an introduction to Kojo Taitei, whose dojo was in Fuzhou, and he probably studied there before Ryu Ryu Ko;",edge_additions.csv
edge_addition,Takaji Shimizu -> Donn F Draeger (high),[branch completion:general-10th-dan-and-pioneer-s; verifier: confirmed] Draeger was Shimizu Takaji's first foreign jodo student and co-founded the International Jodo Federation with him in the 1970s.,edge_additions.csv
edge_addition,Takaji Shimizu -> Shoji Nishio (high),"[branch completion:general-10th-dan-and-pioneer-s; verifier: confirmed] Nishio trained in Shinto Muso-ryu jojutsu under headmaster Takaji Shimizu from around 1957-58, per his Wikipedia biography.",edge_additions.csv
edge_addition,Takayoshi Nagamine -> Jerry Figgiani (low),[branch completion:Matsubayashi-ryu (Shoshin Naga; verifier: plausible] Figgiani trained with Grandmaster Takayoshi Nagamine and demonstrated at the 1991 Nagamine dojo anniversary; direct instruction reported by his own dojo biography only.,edge_additions.csv
edge_addition,Takayoshi Nagamine -> Joseph Carbonara (low),"[branch completion:Matsubayashi-ryu (Shoshin Naga; verifier: plausible] SRKDI lineage statement places Carbonara directly under Soke Takayoshi Nagamine in the line O'Sensei, Takayoshi Nagamine, Carbonara, Figgiani.",edge_additions.csv
edge_addition,Takayuki Kubota -> Takemasa Okuyama (high),"[lineage completion:Shotokan's spread: Funakoshi, ; verifier: confirmed] Wikipedia states Okuyama trained for three years under Takayuki Kubota after arriving in the US in 1966, and Kubota awarded him the Kancho title and 8th dan in 1992.",edge_additions.csv
edge_addition,Takeo Maruta -> Gogen Yamaguchi (medium),"[audit:goju-japan-world; verifier: confirmed] Both English and Japanese Wikipedia record that Yamaguchi's actual day-to-day Goju-ryu instruction began under Takeo Maruta, an Okinawan carpenter, from around age 14; his direct time with Miyagi was minimal. Noble's research repeats the ac",edge_additions.csv
edge_addition,Taro Shimabuku -> Shoshin Nagamine (high),"[lineage completion:Shorin-ryu lines (Chibana Chos; verifier: confirmed] Taro Shimabuku is listed among Nagamine's teachers in the Wikipedia biography (training after his move to Shuri, 1928).",edge_additions.csv
edge_addition,Tatsuo Shimabuku -> Angi Uezu (high),[wave4:Modern era Okinawa: current he; verifier: confirmed] Son-in-law and principal student who represented Tatsuo abroad and became a leading Isshin-ryu master (Wikipedia on Tatsuo Shimabuku).,edge_additions.csv
edge_addition,Tatsuo Shimabuku -> Eiko Kaneshi (high),"[branch completion:Kobudo systems: Ryukyu Kobudo ; verifier: confirmed] Kaneshi trained under Shimabuku from 1947-48, was his senior student and 'right-hand man', present at the 1956 naming of Isshin-ryu and considered for the succession. Note: the suggested Ufuchiku link (Kina -> Kaneshi) could not be corroborated in an",edge_additions.csv
edge_addition,Tatsuo Shimabuku -> Eizo Shimabukuro (medium),"[lineage completion:Shorin-ryu lines (Chibana Chos; verifier: confirmed] Eizo began karate under his elder brother Tatsuo before training with Tatsuo's masters (Kyan, Motobu, Miyagi).",edge_additions.csv
edge_addition,Tatsuo Shimabuku -> Harold Long (high),[lineage completion:General sweep: notable orphans; verifier: confirmed] Wikipedia: Long studied Isshinryu under Tatsuo Shimabuku in Okinawa 1957-58 and received his dan grades from Shimabuku up to 8th dan.,edge_additions.csv
edge_addition,Tatsuo Shimabuku -> Kichiro Shimabuku (high),"[lineage completion:Shorin-ryu lines (Chibana Chos; verifier: confirmed] Kichiro (b. 1939), Tatsuo's eldest son, trained under his father, became chief instructor at the Agena dojo in 1972 and inherited Isshin-ryu leadership (IWKA) on Tatsuo's death in 1975.",edge_additions.csv
edge_addition,Tatsuo Shimabuku -> Seiki Toma (low),[lineage completion:Okinawa Kenpo and the Toma/Odo; verifier: confirmed] Shuriway biography states Seiki Toma studied under Tatsuo Shimabuku (Isshin-ryu) and that his karate synthesised Isshin-ryu among other arts; single detailed secondary source.,edge_additions.csv
edge_addition,Tatsuo Shimabuku -> Sherman Harrill (high),"[audit:isshin-ryu; verifier: confirmed] Harrill is named in the notable-students list of the Tatsuo Shimabuku Wikipedia article and is the most influential first-generation US student missing from the file: stationed at Camp Courtney from 6 March 1959, trained ~14 months at the A",edge_additions.csv
edge_addition,Tatsuo Shimabuku -> Steve Armstrong (high),"[branch completion:general-10th-dan-and-pioneer-s; verifier: confirmed] Armstrong trained with Shimabuku on Okinawa as a US Marine, was one of his senior American students, was promoted to 8th dan during Shimabuku's 1966 visit to Armstrong's Tacoma dojo, and later held 10th dan in Isshin-ryu.",edge_additions.csv
edge_addition,Tatsuo Suzuki -> Jon Wicks (high),"[branch completion:Wado-ryu spread: Otsuka family; verifier: confirmed] Wicks trained under Suzuki from the start of his Wado career including private tuition, was awarded 8th dan by Suzuki, was appointed his successor as WIKF World Chief Instructor in 2009, and took over on Suzuki's death in 2011; documented by the offi",edge_additions.csv
edge_addition,Tatsuo Suzuki -> Masafumi Shiomitsu (low),"[branch completion:Wado-ryu spread: Otsuka family; verifier: plausible] Shiomitsu went to England in 1965 as Assistant Chief Instructor in the UK Wado organisation headed by Suzuki, working and training under the senior Suzuki for years before founding his own Wado Academy in 1989; consistently reported in secondary biog",edge_additions.csv
edge_addition,Tatsuo Suzuki -> Ticky Donovan (high),[branch completion:Wado-ryu spread: Otsuka family; verifier: confirmed] Suzuki's Wikipedia biography names Ticky Donovan as one of his notable students from his years teaching Wado-ryu in Britain.,edge_additions.csv
edge_addition,Tawata PECHIN -> Moden Yabiku (medium),[lineage completion:Kobudo lines: Taira Shinken / ; verifier: confirmed] Yabiku trained in kobudo (sai) under Tawata (Tawada) Shinboku Pechin per Ryukyu Kobudo lineage page.,edge_additions.csv
edge_addition,Teiichi Nakamura -> Shigeru Nakamura (low),[lineage completion:Okinawa Kenpo and the Toma/Odo; verifier: plausible] USAdojo biography states Shigeru was introduced to karate as a boy by his father and his uncle Teiichi Nakamura; single-source family tradition.,edge_additions.csv
edge_addition,Ten Senshi -> Seikichi Hokama (high),"[Bishop, Okinawan Karate; interview] Teacher (Chinese merchant at Tomari) genuinely absent from dataset.",edge_additions.csv
edge_addition,Terry Maccarrone -> Robert Scaglione (high),"[branch completion:Matsubayashi-ryu (Shoshin Naga; verifier: confirmed] Official Ueshiro Karate USA biography states Scaglione continued his training under Sensei Terry Maccarrone, shihan of the Hegashi (St James) karate dojo on Long Island.",edge_additions.csv
edge_addition,Teruo Hayashi -> Akio Minakami (high),[branch completion:Shito-ryu schools (Mabuni line; verifier: confirmed] Introduced to Hayashi in 1974 by Chuzo Kotaka; became president of US Hayashi-ha Shitoryu-kai and carries Hayashi's lineage in Seattle (8th dan).,edge_additions.csv
edge_addition,Teruo Hayashi -> Shogo Kuniba (low),"[branch completion:Shito-ryu schools (Mabuni line; verifier: plausible] Hayashi ran Seishin-kai from Kosei's death until 1970 while Shogo matured, acting as his senior instructor; mentorship reported rather than a formally documented teacher-student certification.",edge_additions.csv
edge_addition,Teruo Hayashi -> Yoshimi Inoue (medium),[lineage completion:General sweep: notable orphans; verifier: confirmed] WKF: Inoue founded Inoue-ha Shito-ryu Keishin-kai in 2004 as a direct descendant of Hayashi-ha Shito-ryu; Inoue trained in Hayashi-ha under Teruo Hayashi.,edge_additions.csv
edge_addition,Terutomo Yamazaki -> Seiji Isobe (low),"[branch completion:Mainland Japan gaps (JKA senio; verifier: plausible] Isobe's Wikipedia page says that during his Tokyo honbu training 'he was receiving guidance' from seniors Terutomo Yamazaki and Yasuhiko Oyama; senior-junior guidance rather than a formal teacher post, so drawn dashed.",edge_additions.csv
edge_addition,Terutomo Yamazaki -> Takashi Azuma (medium),"[audit:kyokushin-lines; verifier: confirmed] en.wiki on Yamazaki lists Azuma (Kudo founder, 9th All-Japan champion) among his students at the honbu, alongside the Yamazaki student edges already in the file.",edge_additions.csv
edge_addition,Tetsuhiko Asai -> Masao Kagawa (high),"[wave4:Modern era: mainland Japan + i; verifier: confirmed] Japanese Wikipedia documents Kagawa following Asai (first chief instructor of the Japan Karate Shoto Federation, founded 2000) in the JKA split and succeeding him as JKS shuseki shihan (chief instructor) from April 2010.",edge_additions.csv
edge_addition,Tokumine Pechin -> Choki Motobu (medium),"[Bishop, Okinawan Karate; tradition] Chokki = Choki Motobu. Dataset has Tokumine Pechin -> Chotoku Kyan only.",edge_additions.csv
edge_addition,Tokumine Pechin -> Chotoku Kyan (low),[lineage completion:Shorin-ryu lines (Chibana Chos; verifier: plausible] Wikipedia's Chotoku Kyan article lists Tokumine Pechin among Kyan's instructors (source of the Tokumine no kun bo tradition).,edge_additions.csv
edge_addition,Tomei Tsuha -> Seijin Inamine (high),"[Bishop, Okinawan Karate; interview] Both in dataset; no edge exists. 1951-1957 at Nago.",edge_additions.csv
edge_addition,Toru Arakawa -> Seiji Nishimura (high),"[branch completion:Wado-ryu spread: Otsuka family; verifier: confirmed] Arakawa's Wikipedia biography states he trained numerous successful competitors in the 1980s, naming Seiji Nishimura (Wado-ryu, later Japanese national kumite coach) among them.",edge_additions.csv
edge_addition,Tsuguo Sakumoto -> Arata Kinjo (high),[wave4:Modern era Okinawa: current he; verifier: confirmed] Ryuei-ryu Ryuhokai kata specialist coached by Sakumoto; with Kiyuna and Uemura won world team kata titles; named as one of Sakumoto's main students on Japanese Wikipedia and in JKF material.,edge_additions.csv
edge_addition,Tsuguo Sakumoto -> Ryo Kiyuna (high),[lineage completion:General sweep: notable orphans; verifier: confirmed] Kiyuna began training under Sakumoto at the Sakumoto Karate Academy in 2005; Sakumoto was his coach at the Tokyo Olympics where Kiyuna won kata gold.,edge_additions.csv
edge_addition,Tsuguo Sakumoto -> Takuya Uemura (high),[wave4:Modern era Okinawa: current he; verifier: confirmed] Ryuei-ryu Ryuhokai kata specialist coached by Sakumoto; world team kata champion alongside Kiyuna and Kinjo; listed among Sakumoto's main students on Japanese Wikipedia.,edge_additions.csv
edge_addition,Tsuken Hantaka -> Ushi Komesu (medium),"[Bishop, Okinawan Karate; tradition] Both in dataset; no edge exists. Book also gives Tsuken Hantaka (Chikin Kuraka) dates 1829-1898; dataset has none.",edge_additions.csv
edge_addition,Tsuken Shosoku Oyakata -> Tsuken Akachu (low),"[lineage completion:Kobudo lines: Taira Shinken / ; verifier: plausible] Kobudo tradition (basis of the eku kata Tsuken Akachu no eku de): the bojutsu expert Chikin (Tsuken) Shosoku Oyakata, exiled to Tsuken-jima, taught bo to the fisherman Akachu, who fused it with oar techniques. Legendary but consistently retold.",edge_additions.csv
edge_addition,Tsunetoshi Iikubo -> Jigoro Kano (high),"[audit:judo-aikido-koryu; verifier: confirmed] Kano's Kito-ryu teacher is missing while his first Tenjin Shinyo-ryu teacher (Hachinosuke Fukuda) is present. Iikubo taught Kano Kito-ryu from 1881, taught at the early Kodokan, and awarded Kano the Kito-ryu densho in 1883; kito-ryu is alre",edge_additions.csv
edge_addition,Tsuyoshi Chitose -> Katsuoh Yamamoto (high),"[lineage completion:General sweep: notable orphans; verifier: confirmed] Yamamoto began serious Chito-ryu training at 15 under Tsuyoshi Chitose, became All Japan champion, then founded Yoshukai after separating from Chitose.",edge_additions.csv
edge_addition,Tsuyoshi Chitose -> Seitoku Higa (high),"[Bishop, Okinawan Karate; interview] 'Kyochoku Chitose of Chito-ryu on the Japanese mainland' = Tsuyoshi Chitose, Chito-ryu founder. Edge absent (kata transmission of Sesan).",edge_additions.csv
edge_addition,Tsuyoshi Chitose -> William J. Dometrich (high),"[island 5; verifiers: confirmed,confirmed] Well documented in multiple biographies: Dometrich began Chito-ryu training in Beppu, Kyushu in 1952 (initially under Chitose's student Ichiro Shirahama), was accepted as a direct student of founder Tsuyoshi Chitose, was promoted to sandan before leaving Japan",edge_additions.csv
edge_addition,Tsuyoshi Chitose -> Yasuhiro Chitose (high),"[wave4:Japanese-language sweep, mainl; verifier: confirmed] English Wikipedia and the official International Chito-ryu Karate Federation sites document that his son Yasuhiro trained from early childhood and became 2nd generation Soke in August 1984, taking his father's name.",edge_additions.csv
edge_addition,Tsuyoshi Hiroshige -> Hajime Kazumi (high),[branch completion:Mainland Japan gaps (JKA senio; verifier: confirmed] Wikipedia: 'he transferred to the Tokyo Jonan Kawasaki branch near his home and studied under Tsuyoshi Hiroshige'.,edge_additions.csv
edge_addition,Tsuyoshi Hiroshige -> Kenji Midori (high),[branch completion:Mainland Japan gaps (JKA senio; verifier: confirmed] Wikipedia infobox lists Tsuyoshi Hiroshige alongside Mas Oyama as Midori's teacher (Hiroshige's Jonan branch produced Midori's generation of champions).,edge_additions.csv
edge_addition,Tsuyoshi Hiroshige -> Kenji Yamaki (high),[branch completion:Mainland Japan gaps (JKA senio; verifier: confirmed] Yamaki joined Hiroshige's Jonan branch dojo in June 1980 at age 15 and was developed there through to his 1995 world title and 100-man kumite (also confirmed by IKO official history).,edge_additions.csv
edge_addition,Tsuyoshi Hiroshige -> Norichika Tsukamoto (high),[audit:kyokushin-lines; verifier: confirmed] Hiroshige's obituary and ja.wiki name Tsukamoto among the world champions he trained at the Jonan Kawasaki branch. His actual trainer edge is missing while only the organisational Oyama edge exists.,edge_additions.csv
edge_addition,Tsuyoshi Hiroshige -> Tatsuya Iwasaki (high),[audit:kyokushin-lines; verifier: confirmed] Hiroshige's obituary and ja.wiki name Iwasaki (already in the graph as Q11474560) among the champions he trained at the Jonan branch.,edge_additions.csv
edge_addition,Tung Chin -> Akio Kinjo (medium),"[Bishop, Okinawan Karate; tradition] Kinryu = dataset 'Tung Chin' (Tung Chin Tsan). Edge absent. NB the art taught was Jukendo in Taiwan.",edge_additions.csv
edge_addition,Uhm Woon-kyu -> Han Cha-kyo (high),"[wave4:Korean-language sweep: taekwon; verifier: confirmed] Same documentation: Han Cha-kyo trained under Nam Tae-hi, Duk Sung Son and Woon Kyu Um.",edge_additions.csv
edge_addition,Uhugushiku -> Seiyu Oyata (low),"[audit:okinawa-kenpo-ryute; verifier: confirmed] Core of the Ryu-te lineage account: Uhugushiku, a retired Okinawan bushi and palace guard, taught Oyata weapons and tuite after WWII. Documented in the cited Wikipedia article, but known only through Oyata's own account with no independent",edge_additions.csv
edge_addition,Ulf Karlsson -> Noah Legel (low),[branch completion:Bugeikan (Higa Seitoku) / Kish; verifier: plausible] Noah Legel has studied KishimotoDi under Ulf Karlsson since 2014 (including two-week intensives with his late sensei Richard Poage) and is the first American authorised to teach the art (three of its four kata as of 2024). Reported mainly on Legel's,edge_additions.csv
edge_addition,Ushi Komesu -> Hohan Soken (high),"[Bishop, Okinawan Karate; interview] Both in dataset; no edge exists. Kobudo (Tsuken no Bo staff kata).",edge_additions.csv
edge_addition,Wai Shin Zan -> Arakaki Seisho (high),[lineage completion:Early masters' full connectivi; verifier: confirmed] Wikipedia: 'His only recorded martial arts instructor from this period was Wai Xinxian from Fuzhou'. Wai Shin Zan is the Japanese reading of Wai Xinxian; goju/koshinkan histories repeat 'Wai Shinzan was said to be teacher to Seisho Aragaki'. Clearly,edge_additions.csv
edge_addition,Wai Shin Zan -> Higaonna Kanryo (medium),"[kojo-motobu-ryuei:Kojo (Kogusuku) family system ; verifier: confirmed] Wikipedia (Higaonna Kanryo): in his first years in Fuzhou he 'probably studied with Wai Xinxian, Kojo Taitei and or Iwah at the Kojo Dojo'; okinawankarate.org lists 'Hijaunna' (Higaonna) among Waishinzan's students. Consistently reported in Goju-ryu",edge_additions.csv
edge_addition,Wai Shin Zan -> Kaho Kojo (low),"[kojo-motobu-ryuei:Kojo (Kogusuku) family system ; verifier: plausible] Koshinkan lineage chart draws 'Wahn Shin Shan' (Wai Xinxian) teaching Kaho Kojo (1849-1925) as well as Taitei. Single-organisation chart, not corroborated elsewhere: low.",edge_additions.csv
edge_addition,Wai Shin Zan -> Matsumura Sokon (low),"[lineage completion:Early masters' full connectivi; verifier: confirmed] worldbudokan lists Wai Shin Zan among the Chinese masters Matsumura trained with in Fuzhou; not corroborated by Wikipedia's Matsumura article (which names Iwah and Annan). Single secondary source, so low.",edge_additions.csv
edge_addition,Wai Shin Zan -> Norisato Nakaima (medium),"[Bishop, Okinawan Karate; tradition] Wan Shin Zan = Wai Shin Zan. No edge exists (dataset already has Wai Shin Zan -> Taitei Kojo and -> Kanryo Higaonna, the other two names in the same quote).",edge_additions.csv
edge_addition,Wai Shin Zan -> Ryosei Kuwae (medium),"[Bishop, Okinawan Karate; tradition] Wan Shin Zan = Wai Shin Zan (C00639). 'Kuwae' is surname only; dataset's only Kuwae is Ryosei Kuwae (C00436), the usual identification of Funakoshi's list. No s",edge_additions.csv
edge_addition,Wai Shin Zan -> Taitei Kojo (medium),[kojo-motobu-ryuei:Kojo (Kogusuku) family system ; verifier: confirmed] Japanese Wikipedia (Kojo-ryu): 'Isei's cousin Taitei studied under Waishinzan'; the shorinjiryu article gives Wai Xinxian as Taitei's teacher per the Kojo family's own account; Chierchini and the Koshinkan chart concur. Consistent across independent,edge_additions.csv
edge_addition,Wakinaguri -> Seiyu Oyata (low),"[audit:okinawa-kenpo-ryute; verifier: confirmed] Same lineage account: Wakinaguri, a bushi of Chinese descent, taught Oyata pressure-point striking, the foundation of Ryu-te's kyusho method. Documented in the cited Wikipedia article but attested only via Oyata's account; low (credible tra",edge_additions.csv
edge_addition,Werner Schenker -> Andy Hug (high),"[island 3; verifiers: confirmed,confirmed] Hug's Wikipedia biography states that at ten years old he 'started practising Kyokushinkai karate at Wohlen karate school under Werner Schenker'; Schenker was his foundational Kyokushin instructor and Hug represented the Wohlen Karate School in the 1977 Nation",edge_additions.csv
edge_addition,William J. Dometrich -> Vic Moore (medium),"[island 5; verifiers: confirmed,confirmed] Vic Moore's Wikipedia article lists William J. Dometrich among his named instructors, teaching him Chito-ryu; the Legends of Carolina Martial Arts profile likewise records that Moore 'studied and trained with William J. Dometrich in the style of Chito-ryu'. Se",edge_additions.csv
edge_addition,William Kwai Sun Chow -> Adriano Emperado (high),"[audit:kenpo-hawaii-us; verifier: confirmed] Major gap: Emperado trained daily under Chow in Honolulu, became one of his first black belts (1949, later 5th dan from Chow), and co-founded Kajukenbo (1947-49), the most influential Hawaii kenpo offshoot after Parker's line. Requires new",edge_additions.csv
edge_addition,Won Kuk Lee -> Hwang Kee (low),"[island 1; verifiers: plausible,plausible] Won Kuk Lee (Chung Do Kwan founder, Funakoshi student, already in the main tree) claimed Hwang Kee trained under him at the Chungdohwe from 1944-1947, reaching roughly the equivalent of a green belt with only occasional attendance. Hwang Kee disputed this and",edge_additions.csv
edge_addition,Won Kuk Lee -> Jhoon Rhee (low),"[island 4; verifiers: plausible,plausible] Secondary biography states ""In 1947, when Rhee was 15, he enrolled in Chung Do Kwan, Grandmaster Won Kook Lee's Tae Kwon Do academy in Seoul"", during the period Lee still headed the school (until 1950); Wikipedia confirms Rhee graduated from the Chung Do Kwan",edge_additions.csv
edge_addition,Won Kuk Lee -> Lee Yong-woo (high),[wave4:Korean-language sweep: taekwon; verifier: confirmed] Lee Yong-woo listed among Won Kuk Lee's first-generation Chung Do Kwan students (1944-1950); he founded the Jung Do Kwan in 1956 as a Chung Do Kwan offshoot.,edge_additions.csv
edge_addition,Won Kuk Lee -> Nam Tae-hi (high),"[island 4; verifiers: confirmed,confirmed] Wikipedia biography of Nam Tae-hi states directly that ""Nam's training continued in the Chung Do Kwan under Lee Won-kuk""; Nam was a senior Chung Do Kwan graduate before co-founding the Oh Do Kwan with Choi Hong-hi.",edge_additions.csv
edge_addition,Won Kuk Lee -> Son Duk-sung (Duk Sung Son) (high),"[branch completion:general-10th-dan-and-pioneer-s; verifier: confirmed] Son began Tang Soo Do training under Lee Won-kuk in 1942, earned his black belt in the first-generation Chung Do Kwan class, and succeeded Lee as head of the Chung Do Kwan (1950-59).",edge_additions.csv
edge_addition,Won Kuk Lee -> Uhm Woon-kyu (high),[branch completion:general-10th-dan-and-pioneer-s; verifier: confirmed] Uhm was one of Lee Won Kuk's original first students at the Chung Do Kwan; he succeeded Son Duk-sung as its president in 1959 and later led the Kukkiwon.,edge_additions.csv
edge_addition,Xie Zongxiang -> Kanryo Higaonna (low),[wave4:Chinese-language sweep: Fujian; verifier: plausible] zh-wiki Minghequan lists 東恩納寬量 (Higaonna Kanryo) among Xie Zongxiang's disciples. This encodes the disputed Tokashiki Iken identification of Xie with Ryu Ryu Ko; zh-wiki Xie article cites Lin Jingfeng's research against it and en-wiki notes the death,edge_additions.csv
edge_addition,Yang Kuk-jin -> Hwang Kee (medium),[audit:korean-arts; verifier: confirmed] Hwang Kee's only acknowledged formal teacher: he studied Chinese martial arts (kuk sool / Yang-style taijiquan) under master Yang Kuk-jin in Manchuria (c. 1936-37) while working for the Manchurian railway. Consistently reported (from Hwang',edge_additions.csv
edge_addition,Yashichiro Ijuin -> Sokon Matsumura (medium),"[Bishop, Okinawan Karate; tradition] Both in dataset; no edge. Jigen-ryu swordsmanship, not karate, but a lineage link.",edge_additions.csv
edge_addition,Yasuhiro Chitose -> Naoyuki Chitose (medium),"[wave4:Japanese-language sweep, mainl; verifier: confirmed] Official ICKF national federation histories record that on 14 August 2023 the Chito-ryu Soke title passed from Yasuhiro Chitose (Nidaime) to his son Naoyuki Chitose (Sandaime), a documented in-family training and succession line.",edge_additions.csv
edge_addition,Yasuhiro Konishi -> Kiyoshi Yamazaki (high),"[audit:shito-ryu; verifier: confirmed] Konishi's Wikipedia article lists Yamazaki first among his students; Yamazaki began at the Ryobu-kan under Konishi in 1956, received his teaching licence from Konishi in 1962, and became international chief instructor of Japan Karate-do Ryo",edge_additions.csv
edge_addition,Yasuhiro Konishi -> Motokatsu Inoue (medium),"[lineage completion:Kobudo lines: Taira Shinken / ; verifier: confirmed] Wikipedia lists Konishi among Inoue's teachers (karate), without further detail.",edge_additions.csv
edge_addition,Yasuhiro Konishi -> Robert Trias (medium),"[island 5; verifiers: confirmed,confirmed] Wikipedia (Robert Trias, Shuri-ryu) states Konishi and Makoto Gima acted as mentors to Trias rather than formal daily instructors: Konishi suggested the formal designation 'Okinawan Shuri-ryu' in 1964 and recognised and countersigned Trias's promotion certific",edge_additions.csv
edge_addition,Yasuhiro Uema -> Takeshi Uema (high),"[branch completion:Kobayashi Shorin-ryu (Chibana ; verifier: confirmed] Official Shubukan site: Uema Takeshi, third-generation head, inherited the tradition from his father Yasuhiro and now leads the Shubukan.",edge_additions.csv
edge_addition,Yasunari Ishimi -> Jesus del Moral (medium),"[island anchor] del Moral's first-person account: 'joined Sensei Yashunari Ishimi dojo... a turning point in my karate journey'; corroborating independent source not found, hence medium",edge_additions.csv
edge_addition,Yoon Byung-in -> Hong Jong-pyo (medium),"[wave4:Korean-language sweep: taekwon; verifier: confirmed] Same documentation: Hong Jong-pyo, co-founder of Kang Duk Won, was a former YMCA Kwon Bop Bu student under Yoon Byung-in.",edge_additions.csv
edge_addition,Yoon Byung-in -> Lee Nam-suk (medium),"[wave4:Korean-language sweep: taekwon; verifier: confirmed] Documented succession: after Yoon Byung-in went north in 1950, Lee Nam-suk, a member of Yoon's YMCA Kwon Bop Bu, took over as head of the kwan circa 1953 and renamed it Chang Moo Kwan.",edge_additions.csv
edge_addition,Yoon Byung-in -> Park Chul-hee (medium),[wave4:Korean-language sweep: taekwon; verifier: confirmed] Wikipedia's Kang Duk Won article states the co-founders were former students of the YMCA Kwon Bop Bu whose instructor was Yoon Byung-in; Park co-founded Kang Duk Won in 1956.,edge_additions.csv
edge_addition,Yoshiaki Gakiya -> Franco Sanguinetti (low),[lineage completion:Kobudo lines: Taira Shinken / ; verifier: plausible] After Matayoshi Shinpo's death in 1997 Sanguinetti continued training with Gakiya Yoshiaki and other Kodokan seniors.,edge_additions.csv
edge_addition,Yoshimi Inoue -> Antonio Diaz (high),"[wave4:Modern era: mainland Japan + i; verifier: confirmed] English Wikipedia documents Diaz training under Yoshimi Inoue from January 2008 in Tottori, adopting Inoue-ha Shito-ryu and representing the organisation in Venezuela; he became WKF world kata champion in 2010 and 2012 under this tutelage.",edge_additions.csv
edge_addition,Yoshimi Inoue -> Atsuko Wakai (low),"[wave4:Japanese-language sweep, mainl; verifier: plausible] Inoue's organisational biography lists Atsuko Wakai among the world champions he produced; consistently reported in kata-coaching accounts of his Tottori dojo.",edge_additions.csv
edge_addition,Yoshimi Inoue -> Mie Nakayama (high),"[audit:shito-ryu; verifier: confirmed] Nakayama, three-time consecutive WKF world kata champion (1982, 1984, 1986) in Hayashi-ha Shito-ryu, trained under Inoue Yoshimi from the late 1970s; she is the first of the string of world kata champions (before Wakai, Diaz, Usami) consist",edge_additions.csv
edge_addition,Yoshimi Inoue -> Rika Usami (high),[lineage completion:General sweep: notable orphans; verifier: confirmed] Usami trained under Yoshimi Inoue from 2005 until his death in 2015; became 2012 world kata champion under his coaching.,edge_additions.csv
edge_addition,Yoshio Itokazu -> Minoru Yamada (high),"[Bishop, Okinawan Karate; interview] Both in dataset; edge missing.",edge_additions.csv
edge_addition,Yoshio Itokazu -> Shiji Mizokami (high),"[Bishop, Okinawan Karate; interview] Both in dataset; no edge.",edge_additions.csv
edge_addition,Yuchoku Higa -> Fumio Nakama (medium),"[Bishop, Okinawan Karate; tradition] Both in dataset; edge missing.",edge_additions.csv
edge_addition,Yuchoku Higa -> Hirokazu Kanazawa (high),"[Bishop, Okinawan Karate; interview] Context (young JKA teachers Kanazawa and Enoeda) identifies Hirokazu Kanazawa; edge absent. Special tuition, not full discipleship.",edge_additions.csv
edge_addition,Yuchoku Higa -> Iko Oshiro (medium),"[Bishop, Okinawan Karate; tradition] No existing edge; both in dataset.",edge_additions.csv
edge_addition,Yuchoku Higa -> Jintatsu Higa (medium),"[Bishop, Okinawan Karate; tradition] Both in dataset; edge absent. Verify direction: dataset has Jintatsu Higa as a teacher of Benito/Oscar Higa.",edge_additions.csv
edge_addition,Yuchoku Higa -> Jushin Toma (medium),"[Bishop, Okinawan Karate; tradition] Both in dataset; no edge.",edge_additions.csv
edge_addition,Yuchoku Higa -> Katsuhide Shimabuku (medium),"[Bishop, Okinawan Karate; tradition] Both in dataset; edge absent.",edge_additions.csv
edge_addition,Yuchoku Higa -> Masami Nashiro (medium),"[Bishop, Okinawan Karate; tradition] Both in dataset; no edge exists.",edge_additions.csv
edge_addition,Yuchoku Higa -> Tadahiko Otsuka (medium),"[Bishop, Okinawan Karate; tradition] Both in dataset; edge absent (dataset only has Sosui Ichikawa -> Tadahiko Otsuka)",edge_additions.csv
edge_addition,Yuchoku Higa -> Tankichi Nagamine (medium),"[Bishop, Okinawan Karate; tradition] Both present; edge absent.",edge_additions.csv
edge_addition,Yuichi Kuda -> Tomosada Kuda (high),[branch completion:Matsumura Seito / Orthodox Sho; verifier: confirmed] Tomosada Kuda was taught from childhood by his father Yuichi Kuda and on his father's death in 1999 inherited the presidency of the Matsumura Kenpo association and the Kobukan dojo in Urasoe.,edge_additions.csv
edge_addition,Yun Kwae-byung -> Lee Chong-woo (medium),"[audit:korean-arts; verifier: confirmed] Yun Kwae-byung was recruited c. 1950 as full-time head instructor of the Chosun Yeonmugwan Kwon Bop Bu where Lee Chong-woo trained, and after Chun Sang-sup's disappearance Yun was elected first Jidokwan kwanjang with Lee as his student and",edge_additions.csv
edge_addition,Zeng Si -> Zheng Li (medium),"[audit:chinese-antecedents; verifier: confirmed] The Yongchun White Crane article already cited in this file lists Zheng Li among the 'first five tigers' (前五虎), the most accomplished students of Zeng Si's Yongchun school; this is the more consistently reported placement of Zheng Li (the e",edge_additions.csv
edge_addition,Zenpo Shimabukuro -> Dan Smith (high),"[branch completion:Kyan Chotoku lines: Shobayashi; verifier: confirmed] Hanshi 9th dan, one of only two non-Okinawans promoted to Hanshi in Seibukan; studied under Zenpo for over 40 years, President of Seibukan USA and co-author of Zenpo's 2020 book Shorin Ryu Seibukan: Kyan's Karate.",edge_additions.csv
edge_addition,Zenpo Shimabukuro -> Jack Mark (high),"[Bishop, Okinawan Karate; interview] Both in dataset; edge absent.",edge_additions.csv
edge_addition,Zenpo Shimabukuro -> Kim Diginakis (high),"[Bishop, Okinawan Karate; interview] No existing edge; both in dataset.",edge_additions.csv
edge_addition,Zenpo Shimabukuro -> Noboru Isakawa (high),"[Bishop, Okinawan Karate; interview] Both in dataset; no edge.",edge_additions.csv
edge_addition,Zenpo Shimabukuro -> Walter Dailey (high),"[Bishop, Okinawan Karate; interview] Student matched to Walter Dailey (A0045, shorin-ryu-seibukan; spelling variant). Dataset currently links him only to Zenryo Shimabukuro (high); the Zenpo edge i",edge_additions.csv
edge_addition,Zenpo Shimabukuro -> Zenshun Shimabukuro (high),"[branch completion:Kyan Chotoku lines: Shobayashi; verifier: confirmed] Eldest son of Zenpo, teaches at the Seibukan Hombu and Ozato dojo and is the designated next head of Seibukan (Budo Japan dojo visit, 2024).",edge_additions.csv
edge_addition,Zenryo Shimabukuro -> Eizo Shimabukuro (medium),[branch completion:Kyan Chotoku lines: Shobayashi; verifier: confirmed] Zenryo is consistently listed among Eizo's teachers in the Kyan tradition after Kyan's death.,edge_additions.csv
edge_addition,Zenryo Shimabukuro -> Fusei Kise (medium),[lineage completion:Shorin-ryu lines (Chibana Chos; verifier: confirmed] Kise's biographies consistently report he also studied Shorinji-ryu under Zenryo Shimabukuro before joining Soken.,edge_additions.csv
edge_addition,Zenryo Shimabukuro -> Isamu Tamotsu (medium),[branch completion:Kyan Chotoku lines: Shobayashi; verifier: confirmed] After WWII Tamotsu learned Kyan-line karate from Zenryo Shimabukuro before founding Shorinji-ryu Renshinkan in Kagoshima in 1955.,edge_additions.csv
edge_addition,Zenryo Shimabukuro -> Katsuhide Kochi (high),"[Bishop, Okinawan Karate; interview] Both in dataset; edge absent",edge_additions.csv
edge_addition,Zenryo Shimabukuro -> Kosuke Chinen (medium),"[Bishop, Okinawan Karate; tradition] Both in dataset; edge absent.",edge_additions.csv
edge_addition,Zenryo Shimabukuro -> Masao Yonamine (medium),"[Bishop, Okinawan Karate; tradition] Both in dataset; edge missing.",edge_additions.csv
edge_addition,Zenryo Shimabukuro -> Seiki Toma (medium),"[lineage completion:Okinawa Kenpo and the Toma/Odo; verifier: confirmed] Shuriway biography names Zenryo Shimabuku (Kyan-line Shorin-ryu) among Seiki Toma's teachers; Wikipedia's Odo article also describes Toma as a student of a Shimabukuro in the Kyan line (given there as Zenpo, almost certainly an error for Zenryo).",edge_additions.csv
edge_addition,Zenryo Shimabukuro -> Shian Toma (high),[lineage completion:Okinawa Kenpo and the Toma/Odo; verifier: confirmed] Seidokan sources consistently document Toma studying under Zenryo Shimabuku(ro) of Chubu Shorinji-ryu/Seibukan in the early 1960s before moving to Uehara.,edge_additions.csv
edge_addition,Zenryo Shimabukuro -> Walter Dailey (medium),[branch completion:Kyan Chotoku lines: Shobayashi; verifier: confirmed] American serviceman student of Zenryo named in the Seibukan history article; pioneer of Seibukan in the United States (Zenpo went to Philadelphia in 1963 to teach in the US line).,edge_additions.csv
edge_addition,Zenryo Shimabukuro -> Yushin Tomei (medium),"[Bishop, Okinawan Karate; tradition] Both in dataset; no edge.",edge_additions.csv
edge_addition,Zenryo Shimabukuro -> Zenji Shimabukuro (medium),"[branch completion:Kyan Chotoku lines: Shobayashi; verifier: confirmed] Zenryo's nephew, named on Zenryo's Wikipedia page and in the Seibukan history article as one of his core students in the Chatan dojo.",edge_additions.csv
edge_addition,Zenryo Shimabukuro -> Zenpo Shimabukuro (high),[lineage completion:Shorin-ryu lines (Chibana Chos; verifier: confirmed] Zenpo (b. 1943) began karate in 1952 under his father Zenryo and succeeded him as head of the Seibukan.,edge_additions.csv
edge_addition,Zheng Bugong -> Kanbun Uechi (low),"[wave4:Chinese-language sweep: Fujian; verifier: plausible] zh-wiki Huzunquan: '後日本琉球人上地完文求教于虎尊拳門人鄭步恭，虎尊拳因之傳到日本，發展為上地流空手道' - an alternative Chinese account of Uechi's Tiger-fist teacher, alongside (or instead of) the standard Zhou Zihe account; en-wiki also notes recent research questioning whether Zhou Zihe",edge_additions.csv
edge_addition,Zheng Li -> Lin Shixian (low),[wave4:Chinese-language sweep: Fujian; verifier: plausible] zh-wiki Minghequan: '清道光年間，鄭禮叔嫡傳弟子福州鳴鶴拳世祖林世咸（人稱泉州仔）' - Lin Shixian described as direct-line disciple of Zheng Li(shu). Chronology (Kangxi-era Zheng Li vs Daoguang-era Lin) suggests lineage descent rather than personal instruction; recorded as credibl,edge_additions.csv
edge_confidence,Akira Shiomi -> Atsuko Wakai: confidence -> medium,"[audit:goju-okinawa; verifier: confirmed] English Wikipedia on Wakai states she was coached by Akira Shiomi, JKF Gojukai Chief Technical Director; consistently reported in competition profiles.",edge_fixes.csv
edge_confidence,Anan -> Kosaku Matsumora: confidence -> high,[book:Bishop p.85] corroborated by Bishop's own interview record; raise low -> high. Anan = Annan. Edge 'Annan -> Kosaku Matsumora (low)' exists; book supports upgrading confidence. Book also nam,edge_fixes.csv
edge_confidence,Anbun Tokuda -> Katsuya Miyahira: confidence -> high,[book:Bishop p.110-111] corroborated by Bishop's own interview record; raise medium -> high. Edge 'Anbun Tokuda -> Katsuya Miyahira (medium)' exists; interview supports upgrading confidence.,edge_fixes.csv
edge_confidence,Andy Hug -> Bjorn Bregy: confidence -> low,"[audit:judo-aikido-koryu; verifier: confirmed] Sole support is one passing line in Hug's article ('bringing through the next generation of Swiss heavyweights in Xhavit Bajrami, Björn Bregy and Petar Majstorović'). Bregy's own article lists his trainers as Mike Passenier and Klaus Waschk",edge_fixes.csv
edge_confidence,Anko Itosu -> Kanken Toyama: confidence -> high,[audit:wado-chito-shudokan; verifier: confirmed] Clearly documented: Toyama entered Itosu's tutelage c.1897 aged 9 and remained his student until Itosu's death; Itosu was his primary teacher. Raise medium to high.,edge_fixes.csv
edge_confidence,Ansei Ueshiro -> Terry Maccarrone: confidence -> medium,[audit:shorin-matsubayashi; verifier: confirmed] Ueshiro Shorin-Ryu Karate USA org history states Maccarrone became dojo owner and Sensei under Ueshiro in 1969 and that Ueshiro personally awarded him Kyoshi 7th dan and instructor menkyo in 1992. Consistently reported within the founder's,edge_fixes.csv
edge_confidence,Arakaki Seisho -> Kanbun Uechi: confidence -> low,"[audit:uechi-ryu; verifier: confirmed] Only support is the Wikipedia infobox student list on the Arakaki article. No Uechi-ryu history (en/ja Wikipedia on Kanbun and Uechi-ryu, uechi-ryu.com, Motobu Naoki's research on Kanbun's training) names Arakaki as Kanbun's teacher; Kanbun",edge_fixes.csv
edge_confidence,Chatan Yara -> Peichin Takahara: confidence -> medium,"[audit:chinese-antecedents; verifier: confirmed] Reported on en.wikipedia (Yara 'is most noted for teaching Takahara Peichin') but rests entirely on oral tradition with no period documentation, and works only under the 1668-1756 dating of Yara; the widely repeated alternative dating (1740",edge_fixes.csv
edge_confidence,Chogi Kishaba -> Katsuhiko Shinzato: confidence -> high,"[audit:shorin-kobayashi; verifier: plausible] The Shorin-ryu Kishaba Juku Wikipedia article states in the text that Shinzato studied bojutsu with Chogi Kishaba (Chokei's younger brother, student of Masami Chinen); corroborated across Yamanni-ryu lineage sources.",edge_fixes.csv
edge_confidence,Choi Hong-hi -> Choi Chang-keun: confidence -> medium,"[audit:korean-arts; verifier: confirmed] C.K. Choi is one of the twelve original masters of taekwondo who worked directly under Gen. Choi Hong-hi in the ITF and toured on his demonstration teams; consistently reported, so medium rather than low.",edge_fixes.csv
edge_confidence,Chojiro Tani -> Haruyoshi Yamada: confidence -> medium,[audit:shito-ryu; verifier: confirmed] Wikipedia's Shukokai article records Yamada as a senior Tani student selected as inaugural head of the Shito-ryu Shukokai Karate-do Union formed after Tani's death in 1998 (9th dan Hanshi). Consistently reported succession; raise low to med,edge_fixes.csv
edge_confidence,Chojun Miyagi -> Gogen Yamaguchi: confidence -> medium,"[audit:goju-japan-world; verifier: confirmed] Relationship real and direction right: Yamaguchi trained with Miyagi during Miyagi's brief mainland visits (Ritsumeikan, 1930s) and received the name 'Gogen' from him in 1937. But Graham Noble's research notes Miyagi was never in Japan long",edge_fixes.csv
edge_confidence,Chojun Miyagi -> Higa Yuchoku: confidence -> high,[book:Bishop p.113] corroborated by Bishop's own interview record; raise medium -> high. Edge exists (medium); book quote is informal correction rather than formal tuition.,edge_fixes.csv
edge_confidence,Chojun Miyagi -> Jinsei Kamiya: confidence -> high,"[audit:goju-okinawa; verifier: confirmed] English Wikipedia on Goju-ryu records Kamiya Jinsei as one of only four Miyagi students permitted to open a dojo during the master's lifetime (with Higa, Shinzato and Yagi), and a founding member of the 1952 Goju-ryu Shinkokai. Clearly docu",edge_fixes.csv
edge_confidence,Choki Motobu -> Chozo Nakama: confidence -> high,"[book:Bishop p.117] corroborated by Bishop's own interview record; raise medium -> high. Edge 'Choki Motobu -> Chozo Nakama (medium)' exists; first-hand detail (three years, Naihanchi, sparring) supp",edge_fixes.csv
edge_confidence,Chomo Hanashiro -> Nakama Chozo: confidence -> high,"[audit:shorin-kobayashi; verifier: confirmed] Hanashiro's Wikipedia article names Nakama Chozo (1899-1982) among his 'most eminent disciples' in the body text, and the official Motobu-ryu research note documents that Nakama's widely transmitted Gojushiho came from Hanagusuku (Hanashiro",edge_fixes.csv
edge_confidence,Choshin Chibana -> Eizo Shimabukuro: confidence -> medium,"[audit:shorin-kobayashi; verifier: confirmed] Eizo's own account (usadojo bio): from 1962-63 Chibana 'corrected all of my kata'. Consistently reported across his biographies, so medium rather than low.",edge_fixes.csv
edge_confidence,Choshin Chibana -> Katsumi Murakami: confidence -> medium,"[audit:shorin-kobayashi; verifier: confirmed] Murakami Katsumi (author of Karate-do to Ryukyu kobudo) is listed among Chibana's direct disciples in the Chinese Wikipedia Chibana article and in the Motobu-ryu research note on Chibana's students, upgrading this from a single blog source.",edge_fixes.csv
edge_confidence,Choshin Chibana -> Tsugio Yonezawa: confidence -> medium,[audit:shorin-kobayashi; verifier: confirmed] Yonezawa (米沢次男/ツギオ) is named among Chibana's direct disciples in both the Japanese and Chinese Wikipedia articles already cited; two independent-language wiki listings support medium.,edge_fixes.csv
edge_confidence,Choshin Chibana -> Yasuhiro Konishi: confidence -> low,"[audit:shorin-kobayashi; verifier: confirmed] Chibana appears only in Konishi's Wikipedia infobox; the article text discusses training with Funakoshi, Motobu, Mabuni, Miyagi and Ueshiba but never Chibana. Infobox-only with no textual or secondary corroboration does not merit medium.",edge_fixes.csv
edge_confidence,Choshin Chibana -> Yoshihide Shinzato: confidence -> high,"[audit:shorin-kobayashi; verifier: confirmed] Spanish Wikipedia biography and the Shinshukan organisation history document that Shinzato joined Chibana's academy and trained under him until Chibana's death in 1969, before founding Shorin-ryu Shinshukan in Brazil.",edge_fixes.csv
edge_confidence,Chuck Norris -> Johnny Gyro: confidence -> medium,"[audit:korean-arts; verifier: confirmed] The relationship (trained under Norris at the Sherman Oaks school, first black belt 1978) is consistently reported, but Gyro's English Wikipedia article has been deleted (404), leaving only Wikidata and promotional bios; high is no longer j",edge_fixes.csv
edge_confidence,Chuck Norris -> Pat E Johnson: confidence -> low,"[audit:korean-arts; verifier: confirmed] Johnson earned his Tang Soo Do black belt in Korea under a Korean master named Kang Lo Hee; from 1968 he was chief instructor AT Norris's Sherman Oaks school, i.e. a senior colleague within Norris's organisation rather than a clearly docume",edge_fixes.csv
edge_confidence,Ed Parker -> Chuck Norris: confidence -> low,"[audit:korean-arts; verifier: plausible] Norris's Wikipedia article does not list Parker among his teachers; their documented association is through Parker's Long Beach International tournaments. Claims that Parker taught Norris kenpo appear only in anecdote and low-grade sources,",edge_fixes.csv
edge_confidence,Ed Parker -> Dan Inosanto: confidence -> high,"[audit:kenpo-hawaii-us; verifier: confirmed] Inosanto's Wikipedia article states he 'was a student of Ed Parker, from whom he received a shodan rank in American Kenpo'; Parker famously introduced Inosanto to Bruce Lee at the 1964 Long Beach Internationals. Upgrade medium to high.",edge_fixes.csv
edge_confidence,Ed Parker -> Elvis Presley: confidence -> high,"[audit:kenpo-hawaii-us; verifier: confirmed] Clearly documented, not merely infobox-reported: Parker taught Presley kenpo, awarded him black belt rank, and served as one of his bodyguards in his final years; Parker also wrote a book on Presley (Inside Elvis). Upgrade medium to high.",edge_fixes.csv
edge_confidence,Ed Parker -> Jeff Speakman: confidence -> high,"[audit:kenpo-hawaii-us; verifier: confirmed] Speakman's Wikipedia article documents years of American Kenpo training 'under his principal instructor, Larry Tatum, as well as under the system's founder Parker', with first-degree black belt in 1984. Upgrade medium to high. Note his prin",edge_fixes.csv
edge_confidence,Eizo Shimabukuro -> Larry Isaac: confidence -> low,"[audit:okinawa-kenpo-ryute; verifier: confirmed] The only source found is Isaac's own dojo biography ('trained and studied with four of Okinawa's great grandmasters'), a self-promotional page with no independent corroboration for the Shimabukuro claim specifically. Downgrade medium to low",edge_fixes.csv
edge_confidence,Fusei Kise -> Larry Isaac: confidence -> low,"[audit:matsumura-seito; verifier: confirmed] Keep at low: the only evidence remains Isaac's own school biography (he lists Kise among four Okinawan teachers). Plausible for a career Marine on Okinawa, but no independent corroboration found; do not raise.",edge_fixes.csv
edge_confidence,Fusei Kise -> Ronald Lindsey: confidence -> medium,[audit:matsumura-seito; verifier: confirmed] First-person testimony in the Ikigai Way interview: Lindsey trained in Kise's dojo in Okinawa 1968-70 as the only American there and states 'I studied with Kise'. Corroborated by his obituary. Low is too weak for a direct first-person accou,edge_fixes.csv
edge_confidence,Fusei Kise -> Seizan Kinjo: confidence -> medium,"[audit:matsumura-seito; verifier: confirmed] Lindsey's interview describes Kinjo as 'a student of both Hohan Soken and Fusei Kise' and describes Kinjo training in Kise's dojo, from an eyewitness who trained alongside him.",edge_fixes.csv
edge_confidence,Genshin Hironishi -> Mitsusuke Harada: confidence -> high,[audit:shotokan; verifier: confirmed] Harada's Wikipedia biography names Hironishi (then 4th dan) explicitly as his first instructor at the Shotokan dojo. Clearly documented.,edge_fixes.csv
edge_confidence,Gichin Funakoshi -> Choi Hong-hi: confidence -> low,"[audit:korean-arts; verifier: confirmed] Wikipedia states Choi 'claimed to have learned Shotokan karate under Funakoshi Gichin'; his named instructor in Japan was Kim Hyun-soo in Kyoto, and direct tutelage under Funakoshi is a self-reported, unverified claim. Credible tradition, n",edge_fixes.csv
edge_confidence,Gichin Funakoshi -> Mas Oyama: confidence -> medium,"[audit:kyokushin-lines; verifier: confirmed] Standard Oyama biography (Shotokan training at Takushoku under Funakoshi) but details are contested in critical scholarship and evidence here is infobox/wikidata only. Medium (consistently reported) is the fair level, not high.",edge_fixes.csv
edge_confidence,Gichin Funakoshi -> Saito Satoshi: confidence -> high,"[audit:kobudo-systems; verifier: confirmed] Wikipedia's Saito Satoshi article states explicitly that he 'began the study of karate under Funakoshi Gichin'; this is clearly documented biography, not just an infobox artefact.",edge_fixes.csv
edge_confidence,Gogen Yamaguchi -> Nisar Smiler: confidence -> medium,"[audit:goju-japan-world; verifier: confirmed] Smiler's Wikipedia biography states he trained under Gogen Yamaguchi in Japan, but this rests on a single low-traffic biographical article with no independent corroboration in Goju-kai organisational sources found; high overstates the docum",edge_fixes.csv
edge_confidence,Gogen Yamaguchi -> Peter Urban: confidence -> high,[audit:goju-japan-world; verifier: confirmed] Clearly documented: Yamaguchi accepted Urban as a student in Tokyo in 1954 (introduced by Richard Kim) and graded him to 5th dan before Urban left Japan in 1959 to found American Goju. Reported consistently in Urban's Wikipedia biography an,edge_fixes.csv
edge_confidence,Gozo Shioda -> Kyoichi Inoue: confidence -> high,"[audit:early-shuri-tomari; verifier: confirmed] Inoue entered the Yoshinkan in 1955, trained directly under founder Gozo Shioda, and became the second kancho (head) of the Yoshinkan in 2002; clearly documented in Japanese sources.",edge_fixes.csv
edge_confidence,Hatsuo Royama -> Hiroto Okazaki: confidence -> high,[low-conf audit] Strongly documented. Japanese Wikipedia records Okazaki Hiroto becoming an uchi-deshi (live-in student) at the Royama dojo in 1979 ('1979年 盧山道場内弟子'); the WEB Hiden master profile and Kyokushin-kan organisational pages confirm he received in https://ja.wikipedia.org/wiki/%E5%B2%A1%E5%B4%8E%E5%AF%9B%E4%BA%BA https://webhiden.jp/master/okazaki-hiroto/,edge_fixes.csv
edge_confidence,Higaonna Kanryo -> Kenwa Mabuni: confidence -> high,"[audit:goju-okinawa; verifier: confirmed] Mabuni's Naha-te study under Higaonna Kanryo is a cornerstone of Shito-ryu history, stated in Mabuni's own writings and every standard account; the ryu name itself honours Itosu and Higaonna (shi + to). High, not medium.",edge_fixes.csv
edge_confidence,Hironori Otsuka -> Robert Heisner: confidence -> low,"[low-conf audit] Keep only at low confidence. Heisner's Wikipedia article lists both 'Shihan Hironori Otsuka' and Cecil T. Patterson (Otsuka's US East Coast representative) for his Wado-ryu training and nidan grading in Nashville, and records Heisner presen https://en.wikipedia.org/wiki/Robert_Heisner https://en.wikipedia.org/wiki/Hironori_%C5%8Ctsuka",edge_fixes.csv
edge_confidence,Hironori Otsuka II -> Kazutaka Otsuka (Hironori Otsuka III): confidence -> medium,"[audit:wado-chito-shudokan; verifier: plausible] Kazutaka (b. 14 March 1965) is Jiro Otsuka's son, trained in the family honbu and formally succeeded as 3rd soke at the Tokyo ceremony of 28 August 2015. Father-son instruction consistently reported; raise low to medium.",edge_fixes.csv
edge_confidence,Hohan Soken -> Ricky Rose: confidence -> low,"[audit:matsumura-seito; verifier: confirmed] Keep at low: Rose appears in Soken's Wikipedia student roster (body and infobox), but his documented primary teacher in the Matsumura Seito line is Nishihira; direct instruction from Soken rests on the roster listing only.",edge_fixes.csv
edge_confidence,Hohan Soken -> Ronald Lindsey: confidence -> medium,"[audit:matsumura-seito; verifier: confirmed] Lindsey states directly: 'Especially the summer of 1970 I would go with Seizan Kinjo and we would train in Soken's dojo', describing Soken demonstrating and countering. Direct but limited-duration training, so medium (not high) is right.",edge_fixes.csv
edge_confidence,Hohan Soken -> Seiki Arakaki: confidence -> high,[book:Bishop p.59-60] corroborated by Bishop's own interview record; raise medium -> high. Edge exists (medium). Book supports upgrading confidence: longest-serving student.,edge_fixes.csv
edge_confidence,Hohan Soken -> Theodore Lange: confidence -> low,"[audit:matsumura-seito; verifier: confirmed] Keep at low: 'Ted Lange' appears in Soken's Wikipedia student roster but, like Rose, his documented Matsumura Seito teacher is Nishihira; direct Soken instruction is roster-only.",edge_fixes.csv
edge_confidence,Isamu Tamotsu -> Iwao Tamotsu: confidence -> high,"[audit:shorinji-lines; verifier: confirmed] Iwao was the founder's eldest son (長男), trained in the system from childhood, held 10th dan hanshi and succeeded as 2nd soke on his father's death in May 2000; documented by the honbu's own history and Japanese Wikipedia.",edge_fixes.csv
edge_confidence,Isamu Tamotsu -> Yuzo Tamotsu: confidence -> medium,"[audit:shorinji-lines; verifier: confirmed] Yuzo (保勇三) is the founder's third son, born 1957 in Kagoshima, raised and trained within Renshinkan under his father (who led until 2000), taught at the central dojo, and became 3rd soke after Iwao's death in 2016 (formally 19 Feb 2017). Co",edge_fixes.csv
edge_confidence,Ishimine Pechin -> Shinbi Kaneshima: confidence -> high,[book:Bishop p.63] corroborated by Bishop's own interview record; raise medium -> high. Old Man Ishimine = dataset 'Ishimine Pechin'; edge exists (medium),edge_fixes.csv
edge_confidence,Iwah -> Isei Kojo: confidence -> high,[book:Bishop p.47] corroborated by Bishop's own interview record; raise medium -> high. Edge 'Iwah -> Isei Kojo (medium)' exists.,edge_fixes.csv
edge_confidence,Iwah -> Ranho Maezato: confidence -> medium,"[audit:uechi-ryu; verifier: confirmed] Funakoshi's Karate-do Kyohan states explicitly that 'Matsumura of Shuri, and Maesato and Kogusuku of Kume' studied under the military attache Iwah; Maesato of Kume is standardly identified with Maezato Ranpo (1838-1904). Near-primary suppor",edge_fixes.csv
edge_confidence,Jiro Shiroma -> Higa Yuchoku: confidence -> high,[book:Bishop p.113] corroborated by Bishop's own interview record; raise medium -> high. Edge exists (medium); book raises confidence.,edge_fixes.csv
edge_confidence,Joen Nakazato -> Hitoshi Oyakawa: confidence -> high,"[audit:shorinji-lines; verifier: confirmed] Oyakawa Hitoshi (親川仁志), kyoshi 8th dan, heads Okinawa Karatedo Shorinji-ryu Shinkokai; the prefectural Okinawa Karate Navi dojo entry gives his lineage as Kyan Chotoku to Nakazato Joen, and the organisation's own genealogy names him a direc",edge_fixes.csv
edge_confidence,Jon Bluming -> Hideyuki Ashihara: confidence -> low,[audit:kyokushin-lines; verifier: confirmed] Only the en.wiki infobox lists Bluming as a teacher; the article text and all narrative accounts have Ashihara training at the Oyama Dojo/Kyokushin honbu under Oyama. No source documents Bluming instructing Ashihara. Downgrade to low.,edge_fixes.csv
edge_confidence,Juhatsu Kyoda -> Kanki Izumigawa: confidence -> high,"[audit:goju-okinawa; verifier: confirmed] Clearly documented: Kyoda was Izumikawa's first Naha-te teacher, stated on English Wikipedia and in dedicated lineage research; consistent across Senbukan lineage accounts.",edge_fixes.csv
edge_confidence,Kafu Kojo -> Shigeru Kojo: confidence -> high,[book:Bishop p.47] corroborated by Bishop's own interview record; raise low -> high. Existing edge Kafu Kojo -> Shigeru Kojo (low); book corroborates.,edge_fixes.csv
edge_confidence,Kaho Kojo -> Kanbun Uechi: confidence -> high,"[book:Bishop p.41, 46] corroborated by Bishop's own interview record; raise low -> high. Existing edge Kaho Kojo -> Kanbun Uechi (low); book corroborates.",edge_fixes.csv
edge_confidence,Kaho Kojo -> Saikyo Kojo: confidence -> high,"[book:Bishop p.48] corroborated by Bishop's own interview record; raise low -> high. Edge exists: Kaho Kojo -> Saikyo Kojo (low); book raises confidence (interview, father-son).",edge_fixes.csv
edge_confidence,Kanei Uechi -> Kansei Uechi: confidence -> high,[book:Bishop p.43] corroborated by Bishop's own interview record; raise medium -> high. Edge exists (medium).,edge_fixes.csv
edge_confidence,Kanei Uechi -> Kosuke Yonamine: confidence -> high,[book:Bishop p.43] corroborated by Bishop's own interview record; raise low -> high. Edge 'Kanei Uechi -> Kosuke Yonamine (low)' exists.,edge_fixes.csv
edge_confidence,Kanei Uechi -> Mario Topolsek: confidence -> high,[book:Bishop p.43] corroborated by Bishop's own interview record; raise medium -> high. Edge exists: Kanei Uechi -> Mario Topolsek (medium).,edge_fixes.csv
edge_confidence,Kanei Uechi -> Seiki Itokazu: confidence -> high,[book:Bishop p.43-44] corroborated by Bishop's own interview record; raise low -> high. Edge exists: Kanei Uechi -> Seiki Itokazu (low); book raises confidence.,edge_fixes.csv
edge_confidence,Kanei Uechi -> Shigeru Takamiyagi: confidence -> high,[book:Bishop p.43] corroborated by Bishop's own interview record; raise medium -> high. Edge exists: Kanei Uechi -> Shigeru Takamiyagi (medium).,edge_fixes.csv
edge_confidence,Kanei Uechi -> Tsutomu Nakahodo: confidence -> high,[book:Bishop p.43] corroborated by Bishop's own interview record; raise low -> high. Edge 'Kanei Uechi -> Tsutomu Nakahodo (low)' exists.,edge_fixes.csv
edge_confidence,Kanga Sakukawa -> Chinen Umikana: confidence -> high,"[book:Bishop p.154] corroborated by Bishop's own interview record; raise low -> high. Sakugawa Satunushi = Tode Sakugawa = Kanga Sakukawa. Chinen Pechin identified as Chinen Umikana (1797-1881, Ya",edge_fixes.csv
edge_confidence,Kanken Toyama -> Richard Kim: confidence -> medium,[audit:wado-chito-shudokan; verifier: confirmed] En-wiki and Wikidata repeat Kim's self-reported biography (he 'lived with' Yoshida Kotaro and trained with Toyama). Kim's lineage claims are widely questioned in the field and lack independent documentation; consistently reported but not cl,edge_fixes.csv
edge_confidence,Kanki Izumigawa -> Seiichi Akamine: confidence -> high,[audit:goju-okinawa; verifier: confirmed] Japanese Wikipedia states Akamine took shodan under Izumikawa at age 16 and names Izumikawa (with Higa Seko) as his most significant Goju influence.,edge_fixes.csv
edge_confidence,Kano Jigoro -> Minoru Mochizuki: confidence -> high,[audit:judo-aikido-koryu; verifier: confirmed] Mochizuki was a direct Kodokan student under Kano (Kano's kobudo research group) and it was Kano who sent him to Ueshiba in 1930; extensively documented by Aikido Journal.,edge_fixes.csv
edge_confidence,Kano Jigoro -> Shiro Saigo: confidence -> high,"[audit:judo-aikido-koryu; verifier: confirmed] Saigo entered the Kodokan in 1882 as one of Kano's first students and is one of the Kodokan shitenno (Four Guardians); this is core, uncontested Kodokan history and deserves high, not medium.",edge_fixes.csv
edge_confidence,Kano Jigoro -> Vasili Oshchepkov: confidence -> high,[audit:judo-aikido-koryu; verifier: confirmed] Oshchepkov's admission to the Kodokan in 1911 and shodan in 1913 (nidan 1917) are documented in Kodokan records; he was among the first foreigners Kano admitted. Clearly documented.,edge_fixes.csv
edge_confidence,Kazuyoshi Ishii -> Andy Hug: confidence -> medium,"[audit:kyokushin-lines; verifier: confirmed] Hug switched to Seidokaikan in 1992, won the 1992 Seidokaikan Karate World Cup and fought his whole K-1 career under Ishii, who remained his mentor to his deathbed. Consistently reported; raise from low to medium.",edge_fixes.csv
edge_confidence,Kazuyoshi Ishii -> Nobuaki Kakuda: confidence -> medium,[audit:kyokushin-lines; verifier: confirmed] Kakuda has been a Seidokaikan senior instructor under Ishii since joining in the 1980s and served as K-1 executive under him; consistently reported on ja.wiki. Raise from low to medium.,edge_fixes.csv
edge_confidence,Kenji Kurosaki -> Jan Plas: confidence -> high,"[audit:kyokushin-lines; verifier: confirmed] en.wiki on Plas states explicitly he learned kickboxing from Kenji Kurosaki at the original Mejiro Gym in Tokyo and founded Mejiro Gym Amsterdam (1978) on that training. Clearly documented, raise to high.",edge_fixes.csv
edge_confidence,Kenko Nakaima -> Kenji Nakaima: confidence -> high,"[audit:ryuei-kojo; verifier: confirmed] Underrated at medium. The style's own genealogy lists Kenji (b. 1934) as 5th-generation successor to his father Kenko under the isshi soden (one-child transmission) rule, and Japanese Wikipedia gives the succession 4代憲孝 to 5代憲児; father-to-s",edge_fixes.csv
edge_confidence,Kenwa Mabuni -> Yun Kwae-byung: confidence -> medium,"[audit:shito-ryu; verifier: confirmed] Wikipedia states explicitly: 'Yun started Karate under Kenwa Mabuni while attending secondary school in Osaka', and its infobox lists Mabuni alongside Kanken Toyama and Chun Sang Sup. Consistently reported, so low undersells it; raise to me",edge_fixes.csv
edge_confidence,Kijun Kishimoto -> Seitoku Higa: confidence -> medium,"[audit:early-shuri-tomari; verifier: confirmed] Confirmed by the same primary 1966 account: Higa writes he first learned karate in 5th grade of elementary school from Kishimoto Kijun (岸本喜順), a man who worked in his household. This also proves Kijun Kishimoto is a distinct person from Sok",edge_fixes.csv
edge_confidence,Kiyohiko Higa -> Ulf Karlsson: confidence -> medium,"[audit:okinawa-kenpo-ryute; verifier: confirmed] Consistently reported (Karlsson described as the first person granted a shihan licence in KishimotoDi by Higa Kiyohiko), including by a third-party Finnish taido club seminar page, but all sources are practitioner or promotional pages; no s",edge_fixes.csv
edge_confidence,Kodatsu Iha -> Seiyu Nakasone: confidence -> high,[book:Bishop p.85] corroborated by Bishop's own interview record; raise medium -> high. Edge 'Kodatsu Iha -> Seiyu Nakasone (medium)' exists.,edge_fixes.csv
edge_confidence,Kokan Oyadomari -> Kotsu Oyadomari: confidence -> high,[book:Bishop p.83] corroborated by Bishop's own interview record; raise medium -> high. Chart teacher name lost to OCR but aligns with existing edge Kokan Oyadomari -> Kotsu Oyadomari (medium); data,edge_fixes.csv
edge_confidence,Kokuba -> Shogo Kuniba: confidence -> high,"[audit:shito-ryu; verifier: confirmed] Japanese Wikipedia's Kuniba Shogo article lists 國場幸盛 (Kokuba Kosei), his adoptive father/uncle, as his teacher in Motobu-ha karate; Kuniba succeeded him as 3rd Soke after Kokuba's death in 1959. Raise medium to high.",edge_fixes.csv
edge_confidence,Konin Oyadomari -> Seikichi Hokama: confidence -> high,[book:Bishop p.83-84] corroborated by Bishop's own interview record; raise medium -> high. Edge exists (medium),edge_fixes.csv
edge_confidence,Kosaku Matsumora -> Chotoku Kyan: confidence -> high,[book:Bishop p.91] corroborated by Bishop's own interview record; raise medium -> high. Edge exists (medium). Book: Chinto kata from Matsumora (Tomari-te).,edge_fixes.csv
edge_confidence,Kotsu Oyadomari -> Seikichi Hokama: confidence -> high,"[book:Bishop p.83-84] corroborated by Bishop's own interview record; raise medium -> high. Existing edge (medium); book is a first-hand interview, raises confidence.",edge_fixes.csv
edge_confidence,Kusanku -> Chatan Yara: confidence -> medium,"[audit:chinese-antecedents; verifier: confirmed] The only primary source on Kusanku, the 1762 Oshima Hikki, records a demonstration witnessed by Shiohira Peichin and names no students. The Yara link is oral tradition recorded only in modern accounts, and chronology is strained: en.wikiped",edge_fixes.csv
edge_confidence,Kusanku -> Chatan Yara: confidence -> medium,"[audit:chinese-antecedents; verifier: confirmed] The only primary source on Kusanku, the 1762 Oshima Hikki, records a demonstration witnessed by Shiohira Peichin and names no students. The Yara link is oral tradition recorded only in modern accounts, and chronology is strained: en.wikiped",edge_fixes.csv
edge_confidence,Mas Oyama -> Norichika Tsukamoto: confidence -> medium,"[audit:kyokushin-lines; verifier: confirmed] Tsukamoto's documented trainer was Tsuyoshi Hiroshige (Jonan branch); he won his first world title in 1995, after Oyama's death. The Oyama link is organisational (wikidata P802 only), not personal instruction.",edge_fixes.csv
edge_confidence,Masatoshi Nakayama -> Hirokazu Kanazawa: confidence -> high,"[audit:shotokan; verifier: confirmed] Clearly documented: Kanazawa began karate at Takushoku University under then-head instructor Nakayama and completed the JKA instructor programme under him. Should be high, matching the parallel Funakoshi>Kanazawa edge.",edge_fixes.csv
edge_confidence,Masatoshi Nakayama -> Sadamu Uriu: confidence -> high,"[audit:shotokan; verifier: plausible] Clearly documented: Uriu began Shotokan training under Nakayama in 1951 before emigrating to Brazil, per his Wikipedia biography and Brazilian karate histories.",edge_fixes.csv
edge_confidence,Matayoshi Shinpo -> Yasushi Matayoshi: confidence -> medium,"[audit:kobudo-systems; verifier: confirmed] Yasushi is Shinpo's son and successor as head of the Matayoshi Kodokan lineage after Shinpo's death in 1997; father-to-son transmission within the honbu is consistently reported by Matayoshi organisations, so low understates it.",edge_fixes.csv
edge_confidence,Matsumura Sokon -> Gichin Funakoshi: confidence -> medium,[audit:shotokan; verifier: confirmed] Consistently reported (en-wiki infobox lists Matsumura among Funakoshi's teachers) but direct instruction rests on tradition; Funakoshi's own writings name Azato and Itosu as his teachers and describe Matsumura mainly anecdotally. 'High' ov,edge_fixes.csv
edge_confidence,Motobu Choki -> Eizo Shimabukuro: confidence -> low,"[audit:motobu-udun; verifier: confirmed] Claim rests on Eizo's own school bios with an internally inconsistent timeline (one version has him introduced to Motobu in Osaka in 1943, when Motobu had returned to Okinawa and died there in April 1944; Eizo was a teenager). Consistent on",edge_fixes.csv
edge_confidence,Motobu Choki -> Kamesuke Higaonna: confidence -> high,"[audit:motobu-udun; verifier: confirmed] Clearly documented: Higaonna Kamesuke was a regular student at Motobu's Tokyo dojo around 1927, wrote about Motobu, and took karate kenpo to Hawaii in 1933; documented in Henning Wittwer's source-translation volume and the Shudokan heritage",edge_fixes.csv
edge_confidence,Motobu Choki -> Katsuya Miyahira: confidence -> high,[book:Bishop p.111] corroborated by Bishop's own interview record; raise medium -> high. Edge exists (medium),edge_fixes.csv
edge_confidence,Motobu Choki -> Katsuya Miyahira: confidence -> high,[book:Bishop p.111] corroborated by Bishop's own interview record; raise medium -> high. Edge exists (medium),edge_fixes.csv
edge_confidence,Motobu Choki -> Kokuba: confidence -> high,[audit:shito-ryu; verifier: confirmed] Multiple independent Seishinkai-lineage genealogies agree Kokuba Kosei began under Motobu Choki at age 14 in Okinawa and on Motobu's death in 1947 became 2nd Soke of Motobu-ha Karate-do; this succession is the defining fact of Motobu-ha Shi,edge_fixes.csv
edge_confidence,Motobu Choki -> Shinsuke Kaneshima: confidence -> high,[book:Bishop p.128] corroborated by Bishop's own interview record; raise medium -> high. Existing edge Choki Motobu -> Shinsuke Kaneshima (medium); book interview corroborates.,edge_fixes.csv
edge_confidence,Nakama Chozo -> Zenpo Shimabukuro: confidence -> high,"[audit:shorin-shobayashi-seibukan; verifier: confirmed] The English Wikipedia article on Shorin-ryu Seibukan explicitly documents Zenpo (with his cousin Zenji) training under Chozo Nakama, a foremost Chibana disciple, after formal introduction by Zenryo; corroborated by the Ageshio Japan profile",edge_fixes.csv
edge_confidence,Nam Tae-hi -> Kong Young-il: confidence -> medium,"[audit:korean-arts; verifier: confirmed] Kong's Wikipedia article states directly 'Kong trained in taekwondo under Choi Hong-hi and Nam Tae-hi'; the same source underpins the Choi>Kong edge rated high, so low is inconsistent. Raised to medium (single explicit source).",edge_fixes.csv
edge_confidence,Nicholas Pettas -> Leona Pettas: confidence -> high,"[audit:kyokushin-lines; verifier: confirmed] en.wiki: Nicholas Pettas was Leona's first trainer, and Leona (real name Reona Kato) took the ring surname Pettas from him. Clearly documented; raise to high.",edge_fixes.csv
edge_confidence,Nishihira Kosei -> Richard Boyden: confidence -> medium,"[audit:matsumura-seito; verifier: confirmed] Boyden is one of the five students explicitly recognised by Nishihira per the Wikipedia article, in the same sentence as the Meloni/Rose/Lange edges rated medium. Raise for consistency.",edge_fixes.csv
edge_confidence,Nishihira Kosei -> Steve Watson: confidence -> medium,"[audit:matsumura-seito; verifier: confirmed] Wikipedia's Nishihira article names exactly five recognised students: 'Giuseppe Meloni (representative for Europe), Ricky Rose (U.S.A), Theodore Lange (Australia), Steve Watson (Australia), Richard Boyden'. Watson is named in the same sente",edge_fixes.csv
edge_confidence,Nobutake Shingake -> Fusei Kise: confidence -> medium,[audit:matsumura-seito; verifier: confirmed] Kise's own organisation timeline states that in 1955 he became a student of Shingake Nobutake and received his shodan from him; shuriway repeats it. Note the family relation is disputed (shuriway calls Shingake a grandfather in one version;,edge_fixes.csv
edge_confidence,Pan Yuba -> Xie Zongxiang: confidence -> medium,"[audit:chinese-antecedents; verifier: confirmed] Consistently reported in the Minghequan lineage record (Xie Zongxiang 謝崇祥, 'Ru Ru' 如師, as the next-generation master), but attested only through 20th-century lineage tradition and Fuzhou wushu-association compilations, not period documentat",edge_fixes.csv
edge_confidence,Ryu Ryu Ko -> Kitoku Sakiyama: confidence -> high,[book:Bishop p.148] corroborated by Bishop's own interview record; raise medium -> high. Ru Ru Ko = dataset 'Ryu Ryu Ko'; edge exists (medium),edge_fixes.csv
edge_confidence,Saikyo Kojo -> Kafu Kojo: confidence -> high,[book:Bishop p.48] corroborated by Bishop's own interview record; raise medium -> high. Edge exists (medium).,edge_fixes.csv
edge_confidence,Sanda Chinen -> Seiichiro Higa: confidence -> high,[book:Bishop p.159] corroborated by Bishop's own interview record; raise low -> high. Edge 'Sanda Chinen -> Seiichiro Higa (low)' exists; interview supports upgrading confidence.,edge_fixes.csv
edge_confidence,Sanda Kanagusuku -> Moden Yabiku: confidence -> high,[book:Bishop p.158] corroborated by Bishop's own interview record; raise medium -> high. Edge exists (medium),edge_fixes.csv
edge_confidence,Seigo Tada -> Yukari Oshima: confidence -> low,[audit:goju-okinawa; verifier: confirmed] Oshima trained Seigokan Goju-ryu at the Ennouji Dojo in Fukuoka as a schoolgirl; Tada led Seigokan from Kyoto/Gifu. She belongs to his organisation but direct personal instruction by Tada is not documented; only the English infobox links th,edge_fixes.csv
edge_confidence,Seiichiro Higa -> Eisuke Akamine: confidence -> high,[book:Bishop p.159] corroborated by Bishop's own interview record; raise medium -> high. Edge exists (medium). Co-teacher Kisuke Higa (C00250) -> Akamine is not in the edge list.,edge_fixes.csv
edge_confidence,Seiki Toma -> Seifuku Nitta: confidence -> medium,"[audit:okinawa-kenpo-ryute; verifier: confirmed] Attested from both directions: Nitta's biography states he studied Shorin-ryu Seidokan under Seiki Toma for 10 years from 1982 (awarded judan 1992), and Seiki Toma's own biography names Seifuku Nitta among his most notable students. Identit",edge_fixes.csv
edge_confidence,Seikichi Odo -> Larry Isaac: confidence -> low,"[audit:kenpo-hawaii-us; verifier: plausible] Relationship is consistently claimed but only in Isaac's own dojo site (wixsite), LinkedIn promotion and lineage-organisation pages; no independent or scholarly source found. Downgrade medium to low: credible tradition within the Odo-lineag",edge_fixes.csv
edge_confidence,Seikichi Uehara -> Fusei Kise: confidence -> medium,[audit:matsumura-seito; verifier: confirmed] The official Motobu-ryu blog (Motobu Naoki) explicitly names 喜瀬富盛 (Fusei Kise) of the Kenshinkan among the teachers who studied under Uehara Seikichi in the 1950s-60s and later downplayed the connection. This is a near-official organisation,edge_fixes.csv
edge_confidence,Seikichi Uehara -> Seitoku Higa: confidence -> high,[book:Bishop p.170] corroborated by Bishop's own interview record; raise medium -> high. Edge exists (medium); book adds five-year duration and weapons content.,edge_fixes.csv
edge_confidence,Seikichi Uehara -> Seiyu Oyata: confidence -> medium,"[audit:okinawa-kenpo-ryute; verifier: confirmed] The official Motobu-ryu (soke organisation) blog explicitly names Oyata among those who studied under Uehara in the Showa 30s-40s, learning tuite and bojutsu, and explains why the students did not publicly acknowledge it. This is a near-pri",edge_fixes.csv
edge_confidence,Seiko Fujita -> Saito Satoshi: confidence -> high,"[audit:kobudo-systems; verifier: confirmed] Wikipedia documents that Saito trained under Fujita Seiko from 1949, receiving Shingetsu-ryu shurikenjutsu; a dated, named transmission justifies high.",edge_fixes.csv
edge_confidence,Seiko Fukuchi -> Yuken Tokashiki: confidence -> high,"[audit:goju-okinawa; verifier: confirmed] Okinawa Times profile (4 July 2021, reproduced in the Goju research blog) documents that Tokashiki joined Fukuchi's Senbukan Goju-ryu dojo in 1967 and succeeded him as second chairman of Senbukan in 1975. Established newspaper sourcing just",edge_fixes.csv
edge_confidence,Seitoku Higa -> Kiyohiko Higa: confidence -> high,"[book:Bishop p.171, 174] corroborated by Bishop's own interview record; raise medium -> high. Edge exists (medium)",edge_fixes.csv
edge_confidence,Seiyei Miyahira -> Higa Yuchoku: confidence -> high,[book:Bishop p.113-114] corroborated by Bishop's own interview record; raise medium -> high. Edge exists (medium). Book supports it: Shuri-te Seisan and Sanchin.,edge_fixes.csv
edge_confidence,Seko Higa -> Chihan Yohena: confidence -> high,[book:Bishop p.37] corroborated by Bishop's own interview record; raise low -> high. Existing edge Seko Higa -> Chihan Yohena (low); book raises confidence.,edge_fixes.csv
edge_confidence,Seko Higa -> Choyu Kiyuna: confidence -> high,[book:Bishop p.37] corroborated by Bishop's own interview record; raise medium -> high. Edge exists: Seko Higa -> Choyu Kiyuna (medium); Choyo/Choyu romanisation variant.,edge_fixes.csv
edge_confidence,Seko Higa -> Eikichi Fukumoto: confidence -> high,[book:Bishop p.37] corroborated by Bishop's own interview record; raise low -> high. Edge Seko Higa -> Eikichi Fukumoto exists (low); book raises confidence.,edge_fixes.csv
edge_confidence,Seko Higa -> Juei Tamaki: confidence -> high,[book:Bishop p.37] corroborated by Bishop's own interview record; raise medium -> high. Seiko Higa = Seko Higa. Edge 'Seko Higa -> Juei Tamaki (medium)' exists.,edge_fixes.csv
edge_confidence,Seko Higa -> Seikichi Toguchi: confidence -> high,"[low-conf audit] Strongly documented. Toguchi's Wikipedia states he began his lifelong Goju-ryu study at Seko Higa's dojo in 1930 (age 15), studied under Higa for over 33 years (and under Miyagi for over 25), and that after WWII Higa moved in with Toguchi.  https://en.wikipedia.org/wiki/Seikichi_Toguchi",edge_fixes.csv
edge_confidence,Seko Higa -> Seikichi Toguchi: confidence -> high,"[low-conf audit] Strongly documented. Toguchi's Wikipedia states he began his lifelong Goju-ryu study at Seko Higa's dojo in 1930 (age 15), studied under Higa for over 33 years (and under Miyagi for over 25), and that after WWII Higa moved in with Toguchi.  https://en.wikipedia.org/wiki/Seikichi_Toguchi",edge_fixes.csv
edge_confidence,Shigeru Nakamura -> Shian Toma: confidence -> medium,"[audit:shorin-shobayashi-seibukan; verifier: plausible] English Wikipedia lists Nakamura Shigeru among Toma's teachers, and the Motobu-ryu soke organisation's official blog independently states Toma Shian of Seidokan came out of the Okinawa Kempo (Nakamura) lineage before joining Uehara. Two ind",edge_fixes.csv
edge_confidence,Shigeru Nakamura -> Taketo Nakamura: confidence -> high,[book:Bishop p.149] corroborated by Bishop's own interview record; raise medium -> high. Edge 'Shigeru Nakamura -> Taketo Nakamura (medium)' exists.,edge_fixes.csv
edge_confidence,Shinbi Kaneshima -> Shinyei Kaneshima: confidence -> high,"[book:Bishop p.63] corroborated by Bishop's own interview record; raise low -> high. Edge 'Shinbi Kaneshima -> Shinyei Kaneshima (low)' exists; book (father-son, from age seven) supports upgradin",edge_fixes.csv
edge_confidence,Shinpan Gusukuma -> Horoku Ishikawa: confidence -> high,"[book:Bishop p.108] corroborated by Bishop's own interview record; raise medium -> high. Shinpan Shiroma = Shinpan Gusukuma (same kanji, alternative reading). Edge exists: Shinpan Gusukuma -> Horoku",edge_fixes.csv
edge_confidence,Shogo Kuniba -> Kozo Kuniba: confidence -> medium,[audit:shito-ryu; verifier: confirmed] Japanese Wikipedia's Kuniba Shogo article names 国場浩三 (Kuniba Kozo) as leader of the Kuniba-kai organisation continuing Shogo's line; father-son transmission within the family school is consistently reported. Raise low to medium.,edge_fixes.csv
edge_confidence,Shokei Matsui -> Hajime Kazumi: confidence -> medium,[audit:kyokushin-lines; verifier: confirmed] ja.wiki on Kazumi explicitly describes Matsui instructing him at the Kyokushin honbu in his early years. Raise from low to medium.,edge_fixes.csv
edge_confidence,Shokei Matsui -> Kenji Yamaki: confidence -> low,[audit:kyokushin-lines; verifier: confirmed] Yamaki's documented trainer was Tsuyoshi Hiroshige (Jonan branch); Matsui was his organisational head (IKO1 kancho) only one year his senior. Only evidence is wikidata P802; no source shows actual instruction. High is unfair.,edge_fixes.csv
edge_confidence,Shoshin Nagamine -> Eihachi Ota: confidence -> medium,"[audit:shorin-matsubayashi; verifier: plausible] Ota trained weekends at Nagamine's home dojo while a student of Shima Masao, and the English Wikipedia Matsubayashi-ryu article lists Ota as director of the SKKA North American organisation, i.e. a recognised Nagamine-line senior. Consisten",edge_fixes.csv
edge_confidence,Shoshin Nagamine -> Shinyei Kyan: confidence -> high,"[audit:goju-okinawa; verifier: confirmed] Japanese Wikipedia on Kyan Shinei (1912-1997) records him as a senior student of Nagamine Shoshin, 9th dan in Matsubayashi-ryu and vice-president of the World Matsubayashi-ryu Karate-do Federation; two sai kata in Matsubayashi-ryu are attri",edge_fixes.csv
edge_confidence,Shuren Kojo -> Kafu Kojo: confidence -> high,"[book:Bishop p.49] corroborated by Bishop's own interview record; raise low -> high. Uncle identified as Shuren Kojo from the p48 passage ('Kafu Kojo's father and uncle, Shuren Kojo, took over th",edge_fixes.csv
edge_confidence,Soko Kishimoto -> Seitoku Higa: confidence -> high,"[audit:early-shuri-tomari; verifier: confirmed] Confirmed by a primary source: Higa Seitoku's own 1966 account (archived on motobu-ryu.org) states he trained under Kishimoto Soko (岸本祖孝), then aged 65-66, from his first year of middle school. Upgrade from medium to high; the current evide",edge_fixes.csv
edge_confidence,Tachimura no Peichin -> Soko Kishimoto: confidence -> high,"[book:Bishop p.170] corroborated by Bishop's own interview record; raise low -> high. Takemura = Tachimura no Peichin (A0018, 1814-1899; book's 'died aged 85' fits exactly). Edge exists: Tachimura",edge_fixes.csv
edge_confidence,Tadao Okuyama -> Mitsusuke Harada: confidence -> medium,"[audit:shotokan; verifier: confirmed] Harada's Wikipedia biography lists Okuyama among his teachers and states Harada trained under Okuyama (then 3rd dan) at Waseda, where Okuyama strongly influenced his karate. Consistently reported, so medium rather than low.",edge_fixes.csv
edge_confidence,Taiji Kase -> Hideo Ochi: confidence -> medium,[low-conf audit] Kase's Wikipedia article explicitly states that in his JKA instructor-training role 'amongst his students were Keinosuke Enoeda and Hiroshi Shirai as well as Hideo Ochi'. This is consistent chronologically: Kase was a senior JKA instructor  https://en.wikipedia.org/wiki/Taiji_Kase https://en.wikipedia.org/wiki/Hideo_Ochi,edge_fixes.csv
edge_confidence,Takayuki Kubota -> Chuck Norris: confidence -> low,[audit:korean-arts; verifier: confirmed] Only support is Norris's inclusion in a celebrity-client list on Kubota's Wikipedia page. Norris's own article lists his teachers as Shin Jae-chul and the Machado brothers only; Kubota's documented 1964 Long Beach encounter with Norris was,edge_fixes.csv
edge_confidence,Tatsuo Shimabuku -> Arcenio James Advincula: confidence -> high,"[audit:isshin-ryu; verifier: confirmed] Advincula's Wikipedia article documents training with Shimabuku in detail: first met 1 December 1958 at the Agena dojo, trained ~14 months, resumed on later Okinawa postings (1961-1964), relationship maintained until Shimabuku's death in 19",edge_fixes.csv
edge_confidence,Tawata PECHIN -> Moden Yabiku: confidence -> high,[book:Bishop p.158] corroborated by Bishop's own interview record; raise medium -> high. Edge exists (medium),edge_fixes.csv
edge_confidence,Teruo Hayashi -> Yoshimi Inoue: confidence -> high,[audit:shito-ryu; verifier: confirmed] Inoue's own organisation records that at 18 he became Hayashi Teruo's only live-in disciple (uchi-deshi) in Osaka; the Inoue-ha Shito-ryu Keishin-kai lineage descends directly from Hayashi-ha. Clearly documented; raise medium to high.,edge_fixes.csv
edge_confidence,Terutomo Yamazaki -> Seiji Isobe: confidence -> high,"[audit:kyokushin-lines; verifier: confirmed] Both en.wiki articles agree: Isobe received guidance from Yamazaki from 1970, and Yamazaki's article lists Isobe among his notable students. Raise to high.",edge_fixes.csv
edge_confidence,Terutomo Yamazaki -> Seiji Isobe: confidence -> high,"[audit:kyokushin-lines; verifier: confirmed] Both en.wiki articles agree: Isobe received guidance from Yamazaki from 1970, and Yamazaki's article lists Isobe among his notable students. Raise to high.",edge_fixes.csv
edge_confidence,Tokumine Pechin -> Chotoku Kyan: confidence -> high,[book:Bishop p.91] corroborated by Bishop's own interview record; raise low -> high. Existing edge (low). Note Nakama's variant: Tokumine had died and the landlord taught the kata.,edge_fixes.csv
edge_confidence,Toshiro Daigo -> Jon Bluming: confidence -> medium,"[low-conf audit] Documented on the same basis as the Osawa edge: Bluming's Wikipedia names Toshiro Daigo among his Kodokan judo instructors. Same caveats: judo rather than karate lineage, and institutional Kodokan instruction; medium confidence. https://en.wikipedia.org/wiki/Jon_Bluming",edge_fixes.csv
edge_confidence,Tsuyoshi Chitose -> Henry Slomanski: confidence -> high,[audit:wado-chito-shudokan; verifier: plausible] En-wiki article text (not just infobox) states Slomanski began karate under Dr Tsuyoshi Chitose. Raise medium to high.,edge_fixes.csv
edge_confidence,Tsuyoshi Chitose -> Masami Tsuruoka: confidence -> high,"[audit:wado-chito-shudokan; verifier: confirmed] Clearly documented beyond the infobox: began Chito-ryu under Chitose in Kumamoto in 1946, shodan 1949, appointed Chitose's Chief Representative for Canada in 1962.",edge_fixes.csv
edge_confidence,Wai Shin Zan -> Higaonna Kanryo: confidence -> high,[book:Bishop p.27] corroborated by Bishop's own interview record; raise medium -> high. Edge exists as 'Wai Shin Zan -> Kanryo Higaonna' (medium); Wan/Wai Shin Zan same person.,edge_fixes.csv
edge_confidence,Wai Shin Zan -> Taitei Kojo: confidence -> high,[book:Bishop p.48] corroborated by Bishop's own interview record; raise medium -> high. Edge exists: Wai Shin Zan -> Taitei Kojo (medium).,edge_fixes.csv
edge_confidence,Wong Chung-Yoh -> Chatan Yara: confidence -> medium,"[audit:kobudo-systems; verifier: confirmed] The relationship rests on 18th-century oral tradition transmitted through the Yara family kata line; Wikipedia states Yara mastered bo and sai under Wong Chung-Yoh in China, but a wikidata claim plus tradition cannot support high for a 1700",edge_fixes.csv
edge_confidence,Xie Zongxiang -> Higaonna Kanryo: confidence -> low,"[audit:goju-okinawa; verifier: confirmed] This edge rests entirely on Tokashiki Iken's 2003 hypothesis identifying Ryu Ryu Ko as Xie Zongxiang. The identification is contested in scholarship (Quast, McCarthy treat it as unproven) and chronologically strained: Xie (b.1852) was only",edge_fixes.csv
edge_confidence,Xie Zongxiang -> Kanryo Higaonna: confidence -> low,"[audit:goju-okinawa; verifier: confirmed] This edge rests entirely on Tokashiki Iken's 2003 hypothesis identifying Ryu Ryu Ko as Xie Zongxiang. The identification is contested in scholarship (Quast, McCarthy treat it as unproven) and chronologically strained: Xie (b.1852) was only",edge_fixes.csv
edge_confidence,Yasuhiro Konishi -> Shoji Nishio: confidence -> high,"[audit:judo-aikido-koryu; verifier: confirmed] Nishio's Wikipedia biography states in text and infobox that he 'trained under Yasuhiro Konishi, the founder of Shindo jinen-ryu karate'; consistently reported in Aikido Journal interviews as well. Merits high.",edge_fixes.csv
edge_confidence,Yoon Byung-in -> Hong Jong-pyo: confidence -> high,"[audit:korean-arts; verifier: confirmed] Korean kwan histories state Kang Duk Won was founded in 1956 by Hong Jong-pyo and Park Chul-hee, 'two men who trained at the YMCA Kwon Bop Bu' under Yoon Byung-in, with Hong as first kwanjang; clearly documented.",edge_fixes.csv
edge_confidence,Yoon Byung-in -> Lee Nam-suk: confidence -> high,[audit:korean-arts; verifier: confirmed] Korean accounts consistently name Lee Nam-suk (with Kim Soon-bae) as the YMCA Kwon Bop Bu student who rebuilt Yoon's school as Chang Moo Kwan after Yoon's abduction to the North; clearly documented.,edge_fixes.csv
edge_confidence,Yoon Byung-in -> Park Chul-hee: confidence -> high,[audit:korean-arts; verifier: confirmed] Park's mookas obituary states outright that he was a student of Yoon Byung-in of the YMCA Kwon Bop Bu ('YMCA 권법부 윤병인 선생의 제자') who co-founded Kang Duk Won in 1956; clearly documented.,edge_fixes.csv
edge_confidence,Yoshimi Inoue -> Atsuko Wakai: confidence -> medium,"[audit:goju-okinawa; verifier: confirmed] Consistently reported: Inoue Yoshimi's Tottori dojo trained Wakai among his roster of world kata champions (with Usami, Diaz, Nakayama); reported in multiple independent profiles of both figures.",edge_fixes.csv
edge_confidence,Yoshimi Osawa -> Jon Bluming: confidence -> medium,"[low-conf audit] Documented: Bluming's Wikipedia states that at the Kodokan he 'trained under names like Toshiro Daigo, Yoshimi Osawa and Kazuo Ito'. Genuine teacher-student instruction, but note two caveats for the graph: this is a judo edge (Kodokan), not https://en.wikipedia.org/wiki/Jon_Bluming",edge_fixes.csv
edge_confidence,Zenryo Shimabukuro -> Isamu Tamotsu: confidence -> high,"[audit:shorinji-lines; verifier: confirmed] Official Renshinkan honbu history states explicitly that Tamotsu Isamu acquired Kyan Chotoku's direct lineage from Shimabukuro Zenryo (沖縄空手界で名人キャンと謳われた喜屋武朝徳先生の直流を島袋善良先生より修得し). This is the soke organisation's own genealogy, so high is warran",edge_fixes.csv
edge_confidence,Zenryo Shimabukuro -> Walter Dailey: confidence -> high,"[audit:shorin-shobayashi-seibukan; verifier: confirmed] Dailey's documented interview in Tales from the Western Generation and the US Rengokai biography record him joining Zenryo Shimabukuro's training in Okinawa in early 1960 and opening the first US Seibukan dojo in Norwood, PA in 1962. Clearl",edge_fixes.csv
edge_drop,Ankichi Arakaki -> Richard Kim,"[audit:early-shuri-tomari; verifier: confirmed] Wrong namesake. Richard Kim's Hawaii karate teacher was Arakaki SADAO, 'who represented Yabu in Hawaii' (post-1927), per the en-Wikipedia article Richard Kim (karate), whose teacher list includes Arakaki Sadao and never mentions Arakaki Ank",edge_fixes.csv
edge_drop,Arakaki Seisho -> Chojun Miyagi,"[low-conf audit] Name-confusion artefact. Chojun Miyagi's first teacher was Ryuko Aragaki (a different Aragaki), who taught him from age 11 and introduced him to Kanryo Higaonna at 14; Miyagi then trained under Higaonna for ~15 years. Arakaki Seisho's Wikip https://en.wikipedia.org/wiki/Ch%C5%8Djun_Miyagi https://en.wikipedia.org/wiki/Seish%C5%8D_Arakaki",edge_fixes.csv
edge_drop,Arakaki Seisho -> Kanken Toyama,"[audit:wado-chito-shudokan; verifier: confirmed] The cited source (en-wiki Kanken Toyama) names 'Ankichi Aragaki' as his Tomari-te teacher, not Seisho Arakaki (1840-1918, Naha-te). The mapping to Q584466 is a namesake error; no source ties Seisho Arakaki to Toyama.",edge_fixes.csv
edge_drop,Chatan -> Chatan Yara,"Non-person endpoint: Q1351759 is Chatan, the Okinawan town from which Chatan Yara takes his name. Scrape noise from text mentioning the place name; not a teacher-student relationship.",edge_fixes.csv
edge_drop,Chatan Yara -> Chatan,"Reverse of the same noise edge: Chatan is a town, not a person. Chatan Yara cannot have taught a municipality.",edge_fixes.csv
edge_drop,Chomo Hanashiro -> Seikichi Odo,"[audit:shotokan; verifier: confirmed] Odo (b. 1926) began karate at age 23 (c. 1949) under Shigeru Nakamura; his kobudo teachers were Kakazu, Nakaima, Matayoshi and Toma. Hanashiro died in 1945 and appears in no reliable account of Odo's training; the edge rests only on an info",edge_fixes.csv
edge_drop,Chomo Hanashiro -> Zenryo Shimabukuro,[audit:shotokan; verifier: confirmed] Zenryo Shimabukuro trained under Chotoku Kyan from 1932 until Kyan's death; his son Zenpo states explicitly 'My father only trained with Kyan sensei. He had no other teacher.' No reliable source connects him to Hanashiro.,edge_fixes.csv
edge_drop,Choshin Chibana -> Chomo Hanashiro,"Not a teacher-student pair in either direction. Both were students of Anko Itosu; Hanashiro (b. 1869) was the senior, serving as Itosu's assistant, and on Hanashiro's death in 1945 Chibana became the acknowledged successor of the Itosu line. The 'learned_from' text pattern almost certainly picked up this succession/seniority context (or their joint 1918 Karate Kenkyukai membership), not direct tuition. Flipping would assert Hanashiro formally taught Chibana, which standard sources (Chibana's teacher is given as Itosu) do not support.",edge_fixes.csv
edge_drop,Choshin Chibana -> Seiichi Iju,[audit:shito-ryu; verifier: confirmed] Wikipedia's Seiichi Iju article names only Shinpan Gusukuma as his teacher. Chibana appears in the Nakazato article solely as Shugoro Nakazato's LATER teacher after Iju ('who then went on to become a student of Chosin Chibana'); the text_pa,edge_fixes.csv
edge_drop,Chotoku Omine -> Frank Grant,"[audit:shorin-matsubayashi; verifier: confirmed] Grant's biographies (Matsunoki/WSKF, Finding Karate search extracts) name his teachers as James Wax (1959), Ansei Ueshiro (1962) and Shoshin Nagamine (Okinawa, 1966). Omine is documented only as accompanying Nagamine on a 1969 visit to Gran",edge_fixes.csv
edge_drop,Eiichi Miyazato -> Higaonna Kanryo,"Reverse of the same impossible pairing: Higaonna died in 1915 before Miyazato's birth, so neither taught the other. Scrape noise from lineage prose on the Miyazato/Jundokan page.",edge_fixes.csv
edge_drop,Eizo Shimabukuro -> Bill Wallace,"[audit:shorin-shobayashi-seibukan; verifier: plausible] Wallace's own Wikipedia biography states he began Shorin-ryu in February 1967 under Michael Gneck (a US Air Force instructor in the Shobayashi lineage), not under Eizo Shimabukuro. No reliable source documents direct training under Eizo; th",edge_fixes.csv
edge_drop,Gichin Funakoshi -> Henry Plee,"[audit:goju-okinawa; verifier: confirmed] Plee never trained directly under Funakoshi. Funakoshi never taught in Europe and Plee never studied in Japan under him; his actual instructors were Tetsuji Murakami, Hiroo Mochizuki, Taiji Kase, Fukuda Rikutaro and others. The Wikipedia in",edge_fixes.csv
edge_drop,Gozo Shioda -> Thomas H Makiyama,"[audit:judo-aikido-koryu; verifier: plausible] Wikipedia describes Shioda as Makiyama's 'close friend and professional acquaintance since 1948'; Makiyama opened the first overseas Yoshinkan branch at Shioda's request and held Yoshinkan 8th dan, but no source documents him as Shioda's st",edge_fixes.csv
edge_drop,Higaonna Kanryo -> Eiichi Miyazato,"Chronologically impossible and historically false: Higaonna Kanryo died in 1915, seven years before Miyazato was born (1922). Miyazato's teacher was Chojun Miyagi. The 'learned_from' text on Miyazato's page describes Miyagi learning from Higaonna (grand-teacher context), which the scraper misattributed. The true chain Higaonna -> Miyagi -> Miyazato is already present as separate edges, so nothing needs repointing.",edge_fixes.csv
edge_drop,James Mitose -> Ed Parker,"[audit:kenpo-hawaii-us; verifier: confirmed] Parker trained under William Chow, not Mitose. The Ed Parker Wikipedia article names Mitose only as Chow's teacher ('a student of James Mitose') and explicitly has Parker training with Chow while in the Coast Guard; no source shows direct M",edge_fixes.csv
edge_drop,Kanken Toyama -> Seitoku Higa,"[audit:wado-chito-shudokan; verifier: confirmed] Only forum/blog evidence (e-budo thread, kcdw.de). Higa Seitoku's (1921-2006, Bugeikan) documented lineage is Kishimoto Soko (Tachimura-ha Shuri-te); no acceptable source places him under Toyama.",edge_fixes.csv
edge_drop,Kano Jigoro -> Gunji Koizumi,"[audit:judo-aikido-koryu; verifier: confirmed] Koizumi's documented jujutsu teachers were Tago Nobushige, Yamada Nobukatsu and Akishima Tsunejiro. He first met Kano in July 1920 when Kano visited the Budokwai en route to Antwerp and awarded him 2nd dan on affiliation. An award of rank a",edge_fixes.csv
edge_drop,Kano Jigoro -> Kenji Kano,"[audit:judo-aikido-koryu; verifier: confirmed] Q17225688 is Kano Kenji (1881-1947), a Kobe yakuza boss and boxing promoter ('Pisuken'). Jigoro Kano was his guardian and possibly a cousin, but neither Wikidata nor the Japanese Wikipedia article documents any judo instruction under Jigoro",edge_fixes.csv
edge_drop,Kata guruma -> Kano Jigoro,"Non-person endpoint: Kata guruma is a judo throw (one Kano famously developed from a wrestling fireman's carry), not a person.",edge_fixes.csv
edge_drop,Kenji Midori -> Hajime Kazumi,"[low-conf audit] Kenji Midori was Hajime Kazumi's senpai (senior), not his teacher. Kazumi's Wikipedia article lists Midori among 'his seniors in Kyokushin' alongside Sakai, Yamaki, Kaneko and Iwasaki, and identifies Kazumi's actual teacher as Tsuyoshi Hiro https://en.wikipedia.org/wiki/Hajime_Kazumi",edge_fixes.csv
edge_drop,Kosaku Matsumora -> Matsumura Sokon,"Historically false in both directions, almost certainly name-confusion noise (Matsumora vs Matsumura). Kosaku Matsumora (1829-1898) was a Tomari-te master taught by Karyu Uku and Kishin Teruya; Matsumura Sokon (b. 1809) was the senior Shuri-te master. Neither taught the other; they led parallel traditions. Low-confidence single 'student_keyword' evidence supports dropping rather than flipping.",edge_fixes.csv
edge_drop,Mas Oyama -> Bobby Lowe,"Spurious duplicate: the real Mas Oyama -> Bobby Lowe edge already exists on Q221797; this one targets the baseball player QID, which is dropped.",edge_fixes.csv
edge_drop,Motobu Choki -> James Mitose,"[audit:motobu-udun; verifier: confirmed] English Wikipedia treats the Motobu connection as an assumption inferred from a photograph in Mitose's book, not verified training; Mitose's Okinawan material more plausibly derives from Mutsu Mizuho's 1933 book and Higaonna Kamesuke's Hawa",edge_fixes.csv
edge_drop,Motobu Choki -> T'ung Gee Hsing,"[audit:motobu-udun; verifier: confirmed] The claim that Hsing cross-trained with Motobu Choki in Kume village derives solely from Robert Trias's self-promotional lineage story; no independent or primary source corroborates it, and Motobu lived on mainland Japan (Osaka/Tokyo) throu",edge_fixes.csv
edge_drop,Peoples Republic of China -> Kenwa Mabuni,"Non-person endpoint: a state cannot be a teacher. Likely misparsed text about Chinese origins of kata Mabuni preserved in Shito-Ryu. Mabuni's actual teachers (Itosu, Higaonna) should already be separate edges.",edge_fixes.csv
edge_drop,Shinpan Gusukuma -> Yoshio Nakamura,"[wave4 quality] wrong-entity scrape artefact: Q8056246 (en-wiki Yoshio Nakamura, b.1970, judoka) cannot be a student of Shinpan Gusukuma (d.1954); the Wikidata P802 claim matched the wrong namesake",edge_fixes.csv
edge_drop,Shoshin Nagamine -> Matsumura Sokon,"False in both directions: Matsumura died around 1899 and Nagamine was born in 1907, so no direct tuition was possible either way; a flip would still be chronologically impossible. The 'student_keyword' hit is from lineage prose (Nagamine's Matsubayashi-ryu traces to Matsumura, and Nagamine wrote biographical accounts of him in Tales of Okinawa's Great Masters). This is the edge that creates the five-node cycle; dropping it resolves the cycle cleanly.",edge_fixes.csv
edge_drop,Tadashi Yamashita -> Shugoro Nakazato,"Reverse duplicate of the true Nakazato -> Yamashita edge, produced by a 'student_keyword' misparse on one of the two pages. Yamashita did not teach Nakazato. Dropping (rather than flipping) avoids creating a duplicate of the kept edge.",edge_fixes.csv
edge_drop,Taiji Kase -> Hirokazu Kanazawa,"[low-conf audit] Taiji Kase (b. 1929) and Hirokazu Kanazawa (b. 1931) were JKA contemporaries, not teacher and student. Kanazawa's Wikipedia names his teachers as Masatoshi Nakayama and Gichin Funakoshi and never mentions Kase. Kase's own article mentions K https://en.wikipedia.org/wiki/Hirokazu_Kanazawa https://en.wikipedia.org/wiki/Taiji_Kase",edge_fixes.csv
edge_drop,Taiji Kase -> West Germany,Non-person endpoint: West Germany is a country. Misparsed text about Kase teaching Shotokan in Europe/Germany. Not a teacher-student relationship.,edge_fixes.csv
edge_drop,Tatsuo Shimabuku -> Seiki Toma,"[audit:isshin-ryu; verifier: confirmed] Only source is the hobbyist Shuriway site (personal site, not acceptable). Wikipedia's Okinawa Seidokan article does not name Tatsuo Shimabuku among Toma's teachers, and there is clear identity confusion in lineage bios between Seiki Toma (",edge_fixes.csv
edge_drop,Tsuyoshi Chitose -> Michael G Foster,"[low-conf audit] Tsuyoshi Chitose was not Michael G. Foster's direct teacher. Foster's Wikipedia article states his karate training was under Mamoru Yamamoto (Yoshukai founder, then still affiliated with Chitose's Chito-ryu): Foster lived and trained in Yam https://en.wikipedia.org/wiki/Michael_G._Foster",edge_fixes.csv
edge_drop,Tsuyoshi Chitose -> Western culture,"Non-person endpoint: 'Western culture' is a concept, misparsed from prose about Chito-Ryu's spread to the West. Not a relationship.",edge_fixes.csv
edge_drop,Wai Shin Zan -> Matsumura Sokon,"[audit:uechi-ryu; verifier: confirmed] Funakoshi's Karate-do Kyohan (near-primary) assigns Matsumura of Shuri to the Chinese attache Iwah, and the Naha group (Sakiyama, Gushi, Tomoyori) to Ason, not Waishinzan. Waishinzan's documented Okinawan students are the Arakaki/Higaonna/K",edge_fixes.csv
edge_drop,Zen -> Zen,"Self-loop on a non-person entity (Zen Buddhism), pure scrape noise from philosophical context on a karate page.",edge_fixes.csv
edge_drop,bo -> Chatan Yara,Non-person endpoint: 'bo' (Q11064618) is the staff weapon. Text on Chatan Yara's page about the bo (e.g. the kata Chatan Yara no Kon) was misparsed as a teacher relationship.,edge_fixes.csv
edge_drop,bo -> Tatsuo Shimabuku,"Non-person endpoint: 'bo' is the staff weapon, misparsed from text about the kobudo (bo kata) Shimabuku incorporated into Isshin-Ryu. His actual weapons teachers (Taira Shinken, Moden Yabiku line) would be separate person edges.",edge_fixes.csv
edge_drop,catch wrestling -> Kano Jigoro,"Non-person endpoint: 'catch wrestling' is a grappling style, not a teacher. Misparsed text about judo's relationship to Western wrestling.",edge_fixes.csv
edge_drop,rickshaw -> Kano Jigoro,"Non-person endpoint: 'rickshaw' is a vehicle, presumably misparsed from an anecdote on Kano's page. Not a relationship.",edge_fixes.csv
edge_drop,sai -> Chatan Yara,"Non-person endpoint: 'sai' (Q845354) is the weapon, misparsed from text about the kata Chatan Yara no Sai. Not a person, not a relationship.",edge_fixes.csv
edge_repoint,Kusanku -> Kanga Sakukawa: target -> A0017,"[early-masters research] Chronologically impossible as scraped (Kusanku died before Kanga Sakukawa's birth in 1786): per Wikipedia's Takahara/Sakugawa articles the student was Sakugawa Kangi (c.1733-1815), Kanga's father. Edge repointed to Kangi.",edge_fixes.csv
edge_repoint,Motobu Choki -> Tatsuo Yamada: target -> Q11470681,Verified by two curators: Q2943981 is a Japanese actor (1956-2009); Motobu Choki's student is the karateka Tatsuo Yamada Q11470681 (1905-1967).,edge_fixes.csv
edge_repoint,Peichin Takahara -> Kanga Sakukawa: target -> A0017,"[early-masters research] Chronologically impossible as scraped (Peichin Takahara died before Kanga Sakukawa's birth in 1786): per Wikipedia's Takahara/Sakugawa articles the student was Sakugawa Kangi (c.1733-1815), Kanga's father. Edge repointed to Kangi.",edge_fixes.csv
merge,Angi Uezu (C00004) merged into (Q4763171),C00004 duplicates the QID. Angi Uezu (b. 1935) is the Isshin-Ryu master and son-in-law of Tatsuo Shimabuku; the QID already carries the Shimabuku teacher edge. Note the QID's death=1935 is a data error (he died 2024).,node_merges.csv
merge,Brian Fitkin (C00008) merged into (Q28466388),"C00008 duplicates the QID. Brian Fitkin (b. 1946) is the Kyokushin pioneer (student of Mas Oyama, brought Kyokushin to Sweden); QID carries the correct lineage edge.",node_merges.csv
merge,Bunyei Okuhara (C00011) merged into (C00009),[branch completion] 'Bunei Okuhira' and 'Bunyei Okuhara' are romanisation variants of the same Okinawan name appearing adjacently in the same scraped source list; no evidence exists of two distinct karateka with these near-identical names.,node_merges.csv
merge,Chikin Kuraka (C00014) merged into (C00179),"[panel] 'Chikin Kuragwa' is the Okinawan-dialect rendering of Tsuken Kuragwa (Koragwa Tsuken, C00179).",node_merges.csv
merge,Chofu Kyan (C00019) merged into (Q99517310),C00019 duplicates the QID. Chofu Kyan (1839-1910) was the father and first teacher of Chotoku Kyan and a student of Matsumura Sokon; the QID carries both lineage edges.,node_merges.csv
merge,Chokki Motobu (C00027) merged into (Q1147708),"[lineage completion] 'Chokki Motobu' is a period romanisation of Motobu Choki (Q1147708), used in 1920s-30s publications; not a separate member of the Motobu family.",node_merges.csv
merge,Chokyu Motobu (C00029) merged into (C00020),"Two manual C-ids, identical name and style: duplicate entry of one Motobu family figure.",node_merges.csv
merge,Chomei Motobu (C00030) merged into (C00021),"Two manual C-ids, identical name and style: duplicate entry of one Motobu family figure.",node_merges.csv
merge,Choyo Kiyuna (C00043) merged into (C00044),"[branch completion] 'Choyu Kiyuna' (C00044, connected) and 'Choyo Kiyuna' (C00043, orphan) are romanisation variants of the same student of Seko Higa (Kiyuna Choyu), listed on the Seko Higa Wikipedia page and the Seiko Higa lineage history. Note also: C00184 K",node_merges.csv
merge,Dr Shiji Mizokami (C00048) merged into (C00031),"Two manual C-ids, identical name including the 'Dr' honorific: duplicate entry.",node_merges.csv
merge,Eikichi Fukumoto (C00049) merged into (C00032),"Two manual C-ids, identical name and style, no conflicting data: duplicate entry.",node_merges.csv
merge,Eisuke Akamine (C00050) merged into (C00035),Identical C-id pair. Eisuke Akamine (1925-1999) is the Ryukyu kobudo master who succeeded Taira Shinken; only one such person.,node_merges.csv
merge,Eizo Shimabuku (C00033) merged into (C00034),[lineage completion] 'Eizo Shimabuku' and 'Eizo Shimabukuro' are alternate romanisations of the same Okinawan shorin-ryu master; Shimabukuro is the fuller standard form.,node_merges.csv
merge,Eizo Shimabuku (C00051) merged into (C00033),"Two manual C-ids, identical name: duplicate entry. Note: this group and the 'eizo shimabukuro' group are romanisation variants of the same person, Eizo Shimabukuro (1925-2017), Shorin-Ryu Shobayashi grandmaster and brother of Tatsuo Shimabuku; a cross-group merge with C00034/C00052 is warranted.",node_merges.csv
merge,Eizo Shimabukuro (C00052) merged into (C00034),"Two manual C-ids, identical name: duplicate entry. Note: same historical person as the 'eizo shimabuku' group (spelling variant); recommend a cross-group merge with C00033/C00051 as well.",node_merges.csv
merge,Emory Turner (C00053) merged into (C00036),"Two manual C-ids, identical distinctive Western name and style: duplicate entry.",node_merges.csv
merge,Franklin DR Hargrove (C00058) merged into (C00039),"Two manual C-ids, identical unusual name form 'Franklin DR Hargrove': duplicate entry.",node_merges.csv
merge,Fumio Nagaishi (C00062) merged into (C00040),"Two manual C-ids, identical name and style, no conflicting data: duplicate entry.",node_merges.csv
merge,Fumio Nakama (C00063) merged into (C00041),"Two manual C-ids, identical name and style, no conflicting data: duplicate entry.",node_merges.csv
merge,Genkai Nakaima (C00071) merged into (C00045),"Two manual C-ids, identical name: duplicate entry of the Ryuei-Ryu family figure Genkai Nakaima.",node_merges.csv
merge,George E Mattson (C00073) merged into (Q18230165),"[lineage completion] 'George E Mattson' (C00073) is the same person as George Mattson (Q18230165, b. 1937), the first American Uechi-ryu black belt; the middle initial E appears on his own site uechi-ryu.com ('George E. Mattson').",node_merges.csv
merge,Gushikawa Tiragwa (C00088) merged into (C00087),[lineage completion] 'Gushikawa Tiragwa' (C00088) duplicates 'Gushikawa no Tiragwa' (C00087): identical Okinawan epithet ('Tiragwa of Gushikawa') with and without the genitive particle.,node_merges.csv
merge,Harold Mitchum (C00091) merged into (Q5661611),"[lineage completion] Orphan 'Harold Mitchum' duplicates connected Harold M Mitchum (Q5661611), the isshin-ryu pioneer.",node_merges.csv
merge,Hiroshi Oshiro (C00115) merged into (C00074),"Two manual C-ids, identical name and style, no conflicting data: duplicate entry.",node_merges.csv
merge,Hiroshi Shinya (C00116) merged into (C00077),"Two manual C-ids, identical name and style, no conflicting data: duplicate entry.",node_merges.csv
merge,Hiroshi Sugihara (C00121) merged into (C00078),"Two manual C-ids, identical name and style, no conflicting data: duplicate entry.",node_merges.csv
merge,Hirotaka Arashiro (C00122) merged into (C00079),"Two manual C-ids, identical name and style, no conflicting data: duplicate entry.",node_merges.csv
merge,Hiroyuki Shinkai (C00123) merged into (C00080),"Two manual C-ids, identical name, same generic style, no distinguishing data: double entry of one person.",node_merges.csv
merge,Hisao Aizawa (C00124) merged into (C00081),"Two manual C-ids, identical name and style, no conflicting data: same person entered twice.",node_merges.csv
merge,Isao Oshiro (C00140) merged into (C00089),"Two manual C-ids, identical name and style, no conflicting data: same person entered twice.",node_merges.csv
merge,Isugio Yonezawa (C00143) merged into (C00623),[panel] 'Isugio Yonezawa' is an OCR corruption of Tsugio Yonezawa (C00623).,node_merges.csv
merge,Jin'an Shinzato (A0163) merged into (C00148),"[audit:shorin-kobayashi] 'Jinan Shinzato' (C00148, 新里仁安) and 'Jin'an Shinzato' (A0163) are the same person: the Goju-ryu senior disciple of Chojun Miyagi (1901-1945) who taught Yuchoku Higa. Both IDs carry an identical teacher edge to Yuchoku Higa (C00148 cited to",node_merges.csv
merge,Jiro Shiroma (C00154) merged into (C00094),"Two manual C-ids, identical name and style, no conflicting data: same person entered twice.",node_merges.csv
merge,Jiro Uehara (C00155) merged into (C00095),"Two manual C-ids, identical name and style, no conflicting data: same person entered twice.",node_merges.csv
merge,Joen Nakazato (C00158) merged into (C00098),"Joen Nakazato is a single well-known figure (Okinawan Shorinji-ryu founder, student of Chotoku Kyan); two bare C-ids are a double entry.",node_merges.csv
merge,Joji Tokuhiga (C00160) merged into (C00100),"Two manual C-ids, identical rare name, same style: same person entered twice.",node_merges.csv
merge,Jokei Kushi (C00161) merged into (C00099),"Two manual C-ids, identical rare Okinawan name, same style: same person entered twice.",node_merges.csv
merge,Juei Tamaki (C00163) merged into (C00101),"Two manual C-ids, identical name and style, no conflicting data: same person entered twice.",node_merges.csv
merge,Junjiro Nishime (C00166) merged into (C00102),"Two manual C-ids, identical rare name, same style: same person entered twice.",node_merges.csv
merge,Jushin Kohama (C00167) merged into (C00103),"Two manual C-ids, identical rare name, same style: same person entered twice.",node_merges.csv
merge,Jushin Toma (C00168) merged into (C00104),"Two manual C-ids, identical rare name, same style: same person entered twice.",node_merges.csv
merge,Kafu Kojo (C00171) merged into (C00107),Kafu Kojo is a single figure in the Kojo-ryu family lineage; two bare C-ids are a double entry.,node_merges.csv
merge,Kaho Kojo (C00172) merged into (C00108),Kaho Kojo is a single figure in the Kojo-ryu family lineage; two bare C-ids are a double entry.,node_merges.csv
merge,Kanaa Kanagusuku (C00175) merged into (C00111),"Two manual C-ids, identical rare Okinawan lineage name, same style: same person entered twice.",node_merges.csv
merge,Kanbun Uechi Jnr (C00177) merged into (Q1728269),"[panel] 'Kanbun Uechi Jnr' denotes Kanei Uechi (1911-1991), Kanbun's son; a proper node already exists.",node_merges.csv
merge,Kanichi Izumigawa (C00184) merged into (Q16006586),"[lineage completion] 'Kanichi Izumigawa' (C00184, described in Goju histories as Seiko Higa's student) is the same person as Kanki Izumigawa (Q16006586, 1908-1967, Senbukan founder, Seiko Higa's student who spread Goju-ryu in the Kawasaki area). 'Kanichi' is a",node_merges.csv
merge,Kanken Oyadomari (C00185) merged into (Q3772405),"[audit:duplicate-hunt (whole-dataset name deduplication)] Kanken Oyadomari (C00185) is the birth name of Kanken Toyama (Q3772405, 1888-1966, Shudokan founder): he was born Oyadomari Kanken in Shuri and later adopted the Japanese surname Toyama (kanji 遠山寛賢, original family name 親泊). The distinctive",node_merges.csv
merge,Kanmei Uechi (C00186) merged into (C00117),"Three unconnected C-ids for one person (Kanmei Uechi, son of Kanei Uechi in the Uechi-Ryu line); C00065 is the same name in Japanese surname-first order. Survivor C00117 carries the canonical name order.",node_merges.csv
merge,Kanyei Uechi (C00199) merged into (Q1728269),"[lineage completion] 'Kanyei Uechi' is an older romanisation of Kan'ei (Kanei) Uechi: a consulted biography (usjjf.org/alexander-velaquez.html) describes training at the Uechi-ryu honbu dojo 'under the Founders' son, Sensei Kanyei Uechi', i.e. Q1728269; no sepa",node_merges.csv
merge,Kaoru Kinjo (C00203) merged into (C00105),"Two manual C-ids, identical name and style, no conflicting data: same person entered twice.",node_merges.csv
merge,Kaoru Kojo (C00204) merged into (C00106),Kaoru Kojo belongs to the Kojo-ryu family lineage; two bare C-ids are a double entry of one person.,node_merges.csv
merge,Kayei Akamine (C00215) merged into (C00133),"Two manual C-ids, identical name and style, no conflicting data: duplicate entry.",node_merges.csv
merge,Kenchu Nakaima (C00224) merged into (C00075),Kenchu Nakaima is a single figure in the Ryuei-Ryu Nakaima family lineage; two bare C-ids are a double entry.,node_merges.csv
merge,Kentoku Kaneshiro (C00237) merged into (C00147),"Two manual C-ids, identical name and style, no conflicting data: same person entered twice.",node_merges.csv
merge,Kinjo Ufuchiku (A0164) merged into (C00450),"[audit:kobudo-systems] 'Kinjo Ufuchiku' (A0164) and 'Sanda Kanagusuku' (C00450) are the same person: Kanagusuku Sanda (1841-1921), the police official (ufuchiku) who founded Ufuchiku kobudo. Kinjo and Kanagusuku are the Japanese and Okinawan readings of the same",node_merges.csv
merge,Kodatsu Tha (C00262) merged into (C00261),"[panel] 'Kodatsu Tha' is a garble of Kodatsu Iha (C00261), Tomari-te student of Kosaku Matsumora.",node_merges.csv
merge,Koei Iha (C00264) merged into (C00165),"Two manual C-ids, identical Okinawan name and style, no conflicting data: same person entered twice.",node_merges.csv
merge,Konin Oyadomari (C00288) merged into (C00178),Oyadomari is a Tomari-te lineage family; identical rare name on two bare C-ids is a double entry of one person.,node_merges.csv
merge,Koragwa Tsuken (C00289) merged into (C00179),"Two manual C-ids, identical rare Okinawan name, same style: same person entered twice.",node_merges.csv
merge,Kosuke Chinen (C00299) merged into (C00182),"Two manual C-ids, identical name and style, no conflicting data: duplicate entry.",node_merges.csv
merge,Kosuke Henna (C00300) merged into (C00183),"Two manual C-ids, identical name and style, no conflicting data: duplicate entry.",node_merges.csv
merge,Kotsu Oyadomari (C00302) merged into (C00187),Oyadomari Kotsu is a single Tomari-te lineage figure; two bare C-ids are a double entry.,node_merges.csv
merge,Kunihiro Kato (C00303) merged into (C00191),"Two manual C-ids, identical name and style, no conflicting data: same person entered twice.",node_merges.csv
merge,Kunio Furugen (C00305) merged into (C00188),"Two manual C-ids, identical name and style, no conflicting data: duplicate entry.",node_merges.csv
merge,Kunio Higa (C00306) merged into (C00189),"Two manual C-ids, identical name and style, no conflicting data: duplicate entry.",node_merges.csv
merge,Kunio Sunagawa (C00307) merged into (C00190),"Two manual C-ids, identical name and style, no conflicting data: same person entered twice.",node_merges.csv
merge,Kyuyu Kinjo (C00311) merged into (C00192),"Two manual C-ids, identical rare name, same style: same person entered twice.",node_merges.csv
merge,Lee Bates (C00312) merged into (C00193),"Two manual C-ids, identical name and style, no conflicting data: duplicate entry.",node_merges.csv
merge,Lu Ta-ting (C00314) merged into (C00194),Lu Ta-ting is a single Chinese master appearing in Okinawan (Kojo family) lineage charts; two bare C-ids are a double entry.,node_merges.csv
merge,Maeda PECHIN (C00316) merged into (C00195),Maeda Pechin is a single Tomari-te era figure (Pechin is a rank title); two bare C-ids are a double entry.,node_merges.csv
merge,Makabe UDUN (C00318) merged into (C00196),"Identical manual entries from the double ingest. Makabe Udun (Makabe Choken, 'Tobi Makabe') is a single historical 18th-century Shuri-te figure; there is only one such person in karate history.",node_merges.csv
merge,Mario Topolsek (C00324) merged into (C00200),Identical manual entries from the double ingest; Mario Topolsek is a single Croatian karate figure. Same person entered twice.,node_merges.csv
merge,Masahiro Nakamoto (C00326) merged into (C00201),Identical manual entries from the double ingest. Masahiro Nakamoto (b. 1938) is the well-known Okinawan kobudo hanshi (Bunbukan); a single person.,node_merges.csv
merge,Masakazu Inezuka (C00328) merged into (C00327),[lineage completion] 'Masakatsu Inezuka' and 'Masakazu Inezuka' differ by a single kana romanisation; almost certainly the same person entered twice.,node_merges.csv
merge,Minoru Kinjo (C00367) merged into (C00228),"Two manual C-ids, identical name and style, no conflicting data: same person entered twice.",node_merges.csv
merge,Motobu Saru (C00376) merged into (Q1147708),[panel] 'Motobu no Saru' (Motobu the Monkey) is the nickname of Choki Motobu; merge into his main node.,node_merges.csv
merge,Noboru Amakawa (C00389) merged into (C00238),"Two manual C-ids, identical name and style, no conflicting data: duplicate entry.",node_merges.csv
merge,Noboru Miyagi (C00391) merged into (C00239),Identical manual entries from the double ingest. Same person entered twice.,node_merges.csv
merge,Noboru Teruya (C00392) merged into (C00240),Identical manual entries from the double ingest. Same person entered twice.,node_merges.csv
merge,Noboru Uchima (C00393) merged into (C00241),Identical manual entries from the double ingest. Same person entered twice.,node_merges.csv
merge,Noboyuki Iguchi (C00394) merged into (C00242),"Two manual C-ids, identical name and style, no conflicting data: same person entered twice.",node_merges.csv
merge,Nobuo Miyazato (C00395) merged into (C00243),Identical manual entries from the double ingest. Same person entered twice.,node_merges.csv
merge,Norisato Nakaima (C00396) merged into (C00244),"Identical manual entries from the double ingest. Norisato Nakaima, founder of the Ryuei-Ryu lineage (studied under Ryu Ryu Ko in Fuzhou), is a single historical person.",node_merges.csv
merge,Richard Kim (Q7327071) merged into (Q2149940),"Q2149940 is the karate master Richard Kim (1917-2001, student of Ankichi Arakaki and Kanken Toyama). Q7327071 is verified on Wikidata as a Wikimedia disambiguation page, not a person; the scraper attached identical karate lineage and the same Wikipedia link to it with spurious 1932-2009 dates. Both nodes represent the same karateka in this graph, so merge into the real person QID.",node_merges.csv
merge,Robert Donnely (C00429) merged into (C00249),"Two manual C-ids, identical name (including the same 'Donnely' spelling) and style: duplicate entry.",node_merges.csv
merge,Saburo Miyagi (C00442) merged into (C00259),Identical manual entries from the double ingest. Same person entered twice.,node_merges.csv
merge,Saburo Tokashiki (C00443) merged into (C00260),Identical manual entries from the double ingest. Same person entered twice.,node_merges.csv
merge,Saikyo Kojo (C00447) merged into (C00263),Saikyo Kojo belongs to the Kojo-ryu family lineage; two bare C-ids are a double entry of one person.,node_merges.csv
merge,Sakugawa Kangi (A0017) merged into (Q921673),"[branch completion] Both entries are Sakugawa Kanga (Tode Sakugawa): Q921673 'Kanga Sakukawa' (b. 1786, Wikidata-backed) and A0017 'Sakugawa Kangi' (te|shuri-te|chuan-fa) are name variants of the same historical figure; keeping the Wikidata-linked record.",node_merges.csv
merge,Seigi Shiroma (C00465) merged into (C00271),Identical manual entries from the double ingest. Same person entered twice.,node_merges.csv
merge,Seigoro Koizumi (C00466) merged into (C00272),"Two manual C-ids, identical rare name, same style: same person entered twice.",node_merges.csv
merge,Seiichi Shiroma (C00468) merged into (C00273),Identical manual entries from the double ingest. Same person entered twice.,node_merges.csv
merge,Seiichi Taba (C00469) merged into (C00274),Identical manual entries from the double ingest. Same person entered twice.,node_merges.csv
merge,Seiichiro Higa (C00467) merged into (C00275),"Two manual C-ids, identical name and style, no conflicting data: duplicate entry.",node_merges.csv
merge,Seiji Inamine (C00470) merged into (C00276),"Two manual C-ids, identical name and style, no conflicting data: same person entered twice.",node_merges.csv
merge,Seijiro Maehara (C00472) merged into (C00277),"Identical manual entries (same name, same generic Karate style, both disconnected); part of a systematic double ingest of the manual list (C003xx range duplicated into C004xx-C006xx range). Same person entered twice.",node_merges.csv
merge,Seiken Tamanaha (C00473) merged into (C00278),Identical manual entries from the double ingest. Seiken Tamanaha (Shorin-Ryu line) is a single person.,node_merges.csv
merge,Seiki Arakaki (C00474) merged into (C00279),"Two manual C-ids, identical name and style, no conflicting data: duplicate entry.",node_merges.csv
merge,Seiki Ire (C00479) merged into (C00280),"Two manual C-ids, identical rare Okinawan name, same style: same person entered twice.",node_merges.csv
merge,Seikichi Iha (C00477) merged into (Q7446770),Seikichi Iha (b. 1932) is the Shorin-ryu Shido-kan master under Katsuya Miyahira; the bare C-id duplicates the connected Wikidata node. Survivor is the QID.,node_merges.csv
merge,Seiyei Miyagi (C00496) merged into (C00290),Identical manual entries from the double ingest. Same person entered twice.,node_merges.csv
merge,Seiyei Miyahira (C00497) merged into (C00291),Identical manual entries from the double ingest. Same person entered twice.,node_merges.csv
merge,Seiyu Arashiro (C00498) merged into (C00292),"Two manual C-ids, identical name and style, no conflicting data: duplicate entry.",node_merges.csv
merge,Seiyu Nakamura (C00499) merged into (C00294),Identical manual entries from the double ingest. Same person entered twice.,node_merges.csv
merge,Seiyu Nakasone (C00500) merged into (C00293),"Identical manual entries from the double ingest. Seiyu Nakasone, the Tomari-te master, is a single historical person.",node_merges.csv
merge,Seken Akamine (C00502) merged into (C00295),"Two manual C-ids, identical name and style, no conflicting data: duplicate entry.",node_merges.csv
merge,Shingo Hayashi (Q105016253) merged into (Q48762989),"Both QIDs verify on Wikidata as the same person: Shingo Hayashi, Japanese equestrian (dressage), born 25 January 1985, same English Wikipedia article; duplicate Wikidata items. Merge, but flag for removal: this person is an equestrian, not a karateka, so the merged node is likely a wrong entity in the karate dataset (neither node has any lineage connection).",node_merges.csv
merge,Shosin Nagamine (C00530) merged into (Q1963468),"[lineage completion] 'Shosin Nagamine' (C00530) is a spelling variant duplicating the connected Shoshin Nagamine (Q1963468), founder of Matsubayashi-ryu.",node_merges.csv
merge,Shu Shi Wa (C00547) merged into (A0007),"[branch completion] A0007 'Shu Shiwa (Zhou Zihe)' (b. 1874) and C00547 'Shu Shi Wa' are the same person, the Chinese teacher of Kanbun Uechi; A0007 carries the birth year and Chinese name.",node_merges.csv
merge,Soko Toguchi (C00551) merged into (C00330),Identical manual entries from the double ingest. Same person entered twice.,node_merges.csv
merge,Sonko Tamaki (C00552) merged into (C00331),Identical manual entries from the double ingest. Same person entered twice.,node_merges.csv
merge,Soryu Furugen (C00553) merged into (C00332),"Two manual C-ids, identical name and style, no conflicting data: duplicate entry.",node_merges.csv
merge,Susumu Tamamura (C00554) merged into (C00333),Identical manual entries from the double ingest. Same person entered twice.,node_merges.csv
merge,Tadahiko Otsuka (C00555) merged into (C00334),"Identical manual entries from the double ingest. Tadahiko Otsuka (Goju-kensha founder, Goju-Ryu) is a single person.",node_merges.csv
merge,Tadashi Nakagawa (C00556) merged into (C00335),Identical manual entries from the double ingest. Same person entered twice.,node_merges.csv
merge,Tadashi Nakamura (Q1040902) merged into (Q706955),"Verified on Wikidata: Q706955 is the karateka Tadashi Nakamura b. 1942-02-22 (Seido Juku founder, Kyokushin under Mas Oyama; no death date on Wikidata, the 2019 death in the dataset is contamination). Q1040902 is a Wikimedia disambiguation page mis-ingested as a person; its 1929/2019 dates are spurious and its edges (teacher Mas Oyama, same Wikipedia URL) duplicate the karateka's. Not a second person, so merge into the real QID.",node_merges.csv
merge,Takenobu Uehara (C00571) merged into (C00348),Identical manual entries from the double ingest. Same person entered twice.,node_merges.csv
merge,Tankichi Nagamine (C00576) merged into (C00349),Identical manual entries from the double ingest. Same person entered twice.,node_merges.csv
merge,Taro Shimabuku (C00577) merged into (C00350),"Identical manual entries from the double ingest. Taro Shimabuku (elder brother of Isshin-Ryu founder Tatsuo Shimabuku, appears in early Isshin-Ryu lineage accounts) is a single person.",node_merges.csv
merge,Taruu Kanagusuku (C00578) merged into (C00351),"Two manual C-ids, identical rare Okinawan lineage name, same style: same person entered twice.",node_merges.csv
merge,Tatsumi Kojo (C00579) merged into (C00352),Tatsumi Kojo belongs to the Kojo-ryu family lineage; two bare C-ids are a double entry of one person.,node_merges.csv
merge,Tatsunori Matsuda (C00580) merged into (C00353),"Identical manual entries (same name, style, both disconnected) from the double ingest. Same person entered twice.",node_merges.csv
merge,Tatsuo Yamada (Q2943981) merged into (Q11470681),"[lineage completion] Roster rows share name 'Tatsuo Yamada' and birth 1905; the martial artist is the connected Q11470681. Wikidata Q2943981 is actually an actor born 1956 (https://www.wikidata.org/wiki/Q2943981), so the orphan row is a mis-scrape duplicating t",node_merges.csv
merge,Tawata PECHIN (C00581) merged into (C00354),"Identical manual entries from the double ingest. Tawata Pechin, the 19th-century Shuri figure known in kobudo (sai) lineage, is a single historical person.",node_merges.csv
merge,Teiichi Nakamura (C00583) merged into (C00355),Identical manual entries from the double ingest. Same person entered twice.,node_merges.csv
merge,Teikichi China (C00584) merged into (C00356),"Two manual C-ids, identical name and style, no conflicting data: duplicate entry.",node_merges.csv
merge,Ten Senshi (C00585) merged into (C00357),"Identical manual entries from the double ingest, so they are the same record and should merge. Note: 'Ten Senshi' does not look like a real Japanese personal name and is probably a garbled scrape artifact; flag the merged node for a later name-validity review.",node_merges.csv
merge,Tetsunosuke Yasuda (C00590) merged into (C00361),Identical manual entries from the double ingest. Same person entered twice.,node_merges.csv
merge,Tode Sakugawa (C00603) merged into (A0017),"[reconciliation, revised] 'Tode Sakugawa' is the sobriquet of the elder Sakugawa (Kangi, c.1733-1815) in the two-Sakugawa model adopted from the sources; merged into the Kangi node.",node_merges.csv
merge,Toshizo Egawa (C00620) merged into (C00372),"Two manual C-ids, identical name and style, no conflicting data: duplicate entry.",node_merges.csv
merge,Toyama (Q295085) merged into (Q3772405),"[lineage completion] Q295085 'Toyama' is a Wikidata disambiguation page, not a person (https://www.wikidata.org/wiki/Q295085); the roster row's birth 1888 matches Kanken Toyama (Q3772405), the Shudokan founder, so it is a scrape artefact of him.",node_merges.csv
merge,Tsugo Sakumoto (C00624) merged into (C00625),[lineage completion] 'Tsugo Sakumoto' is a misspelling of 'Tsuguo Sakumoto' (Ryuei-ryu master); same person entered twice.,node_merges.csv
merge,Uechi Kanmei (C00065) merged into (C00117),"Three unconnected C-ids for one person (Kanmei Uechi, son of Kanei Uechi in the Uechi-Ryu line); C00065 is the same name in Japanese surname-first order. Survivor C00117 carries the canonical name order.",node_merges.csv
merge,Wan Shin Zan (C00640) merged into (C00639),"[lineage completion] 'Wai Shin Zan' and 'Wan Shin Zan' are variant romanisations of Wai Xinxian, the Fuzhou master associated with Ryu Ryu Ko's school; same figure.",node_merges.csv
merge,William Bill Wallace (C00644) merged into (Q862634),"[lineage completion] Obvious duplicate outside my core area, flagged in passing: 'William Bill Wallace' (C00644) duplicates the existing Bill Wallace entry (Q862634); 'Bill' is the standard nickname for William and both denote the American karate/kickboxing cha",node_merges.csv
merge,Willie Williams (Q1493062) merged into (Q8021897),"Verified on Wikidata: Q8021897 is the American karateka and professional wrestler Willie Williams (1951-07-14 to 2019-06-08), the Kyokushin heavyweight who trained under Kenji Kurosaki. Q1493062 is a Wikimedia disambiguation page mis-ingested as a person; its 1925/2011 dates are spurious and its edges (teacher Kenji Kurosaki, same Wikipedia URL) duplicate the karateka's. Not a second person, so merge into the real QID.",node_merges.csv
merge,Yasuhiko Oyama (C00647) merged into (Q4340863),"C-id manual entry duplicating a connected QID with the same name and compatible lineage: Yasuhiko 'Yasu' Oyama (b. 1942), Kyokushin uchi-deshi under Mas Oyama and founder of World Oyama Karate. Survivor is the connected Wikidata node.",node_merges.csv
merge,Yoshio Okawa (C00661) merged into (C00399),Identical manual entries from the double ingest. Same person entered twice.,node_merges.csv
merge,Yoshio Uehara (C00662) merged into (C00400),Identical manual entries from the double ingest. Same person entered twice.,node_merges.csv
name_fix,Ahagon Naonobu -> Naonobu Ahagon,verified via unverified,name_fixes.csv
name_fix,Akahige Kojo -> Homei Kojo (Akahige),"[audit:uechi-ryu] 'Akahige' (red beard) was a nickname; the standard romanisation of 湖城鳳鳴 (the native script already in the file) is Kojo Homei, listed 1861-1919 in the Japanese Wikipedia Kojo-ryu succession. Keep Akah",name_fixes.csv
name_fix,Anan -> Annan,"[entity audit] Q251784 is a Wikimedia disambiguation page (mostly place names such as Anan, Tokushima), so the Wikidata match is wrong. However, the name itself is a legitimate lineage node: Annan/Anan is the Chines",name_fixes.csv
name_fix,Arakaki Seisho -> Seisho Arakaki,verified via wikipedia,name_fixes.csv
name_fix,Dr Minoru Yamada -> Minoru Yamada,[audit:orphans-1] Data hygiene: honorific 'Dr' embedded in the name field should be stripped. Identity could not be verified against any acceptable source; likely scraped from an association roster.,name_fixes.csv
name_fix,Dr Shiji Mizokami -> Shiji Mizokami,[audit:orphans-1] Data hygiene: honorific 'Dr' embedded in the name field should be stripped. Identity could not be verified against any acceptable source; 'Shiji' is also an unusual Japanese given name and may itself,name_fixes.csv
name_fix,Franklin DR Hargrove -> Frank Hargrove,"[panel] Real American Shorin-ryu Shorinkan teacher (student of Shugoro Nakazato, Hampton, Virginia, author on karate history). The embedded 'DR' is a displaced doctoral title from the sour",name_fixes.csv
name_fix,Fukuda Hachinosuke -> Hachinosuke Fukuda,verified via wikipedia,name_fixes.csv
name_fix,Gamani Soysa -> Gamini Soysa,"[audit:orphans-1] Spelling: the person is consistently rendered Gamini Soysa, Sri Lankan pioneer of Shorin-ryu Shorinkan in South Asia, first Sri Lankan to train in Okinawa. 'Gamani' appears to be a scrape typo.",name_fixes.csv
name_fix,George Mattson -> George E. Mattson,"[entity audit] Q18230165 is a Wikimedia disambiguation page; the dataset dates 1908-1997 belong to another George Mattson on that page, not the karateka. The intended person is George E. Mattson (b. c. 1937), the Ue",name_fixes.csv
name_fix,Higa Yuchoku -> Yuchoku Higa,verified via wikipedia,name_fixes.csv
name_fix,Higaonna Kanryo -> Kanryo Higaonna,verified via wikipedia,name_fixes.csv
name_fix,Jitude Moshigwa Ire -> Moshigwa Ire,"[panel] 'Moshigwa' fits the genuine Uchinaaguchi nickname pattern (Mōshi + diminutive -gwa; cf. Motobu Choki's childhood name Mōshi) and Ire/Irei is a real Okinawan surname, so 'Moshigwa I",name_fixes.csv
name_fix,Kanken Toyama -> Kanken Oyadomari,"[audit:orphans-1] Wrong-entity / duplicate flag: Kanken Toyama (1888-1966, founder of Shudokan) was born Oyadomari Kanken and only later took the name Toyama. No independent karateka named 'Kanken Oyadomari' is documen",name_fixes.csv
name_fix,Kano Jigoro -> Jigoro Kano,verified via well-known,name_fixes.csv
name_fix,Kanyo Higaonna -> Kanyu Higaonna,"[audit:orphans-1] Standard romanisation is Kanyu, not Kanyo. This is a real, distinct person ('Higaonna of the East', 1849-1922), NOT a duplicate of Kanryo Higaonna: do not merge with him. Note the English Wikipedia ar",name_fixes.csv
name_fix,Ki Teruya -> Kishin Teruya,"[panel] Almost certainly truncated 'Kishin Teruya' (1804-1864), the documented Tomari-te master who taught Kosaku Matsumora and Kokan Oyadomari (Passai, Rohai, Wanshu); Teruya Kishin has h",name_fixes.csv
name_fix,Kokuba -> Kosei Kokuba,"[audit:shito-ryu] Node is currently just the surname 'Kokuba' with no native script. This is Kokuba Kosei (also romanised Kuniba Kosei), founder of Seishinkai and 2nd Soke of Motobu-ha. Japanese Wikipedia's Kuniba Shog",name_fixes.csv
name_fix,Kotani Sumiyuki -> Sumiyuki Kotani,verified via wikipedia,name_fixes.csv
name_fix,Mabuni Kenei -> Kenei Mabuni,verified via wikipedia,name_fixes.csv
name_fix,Makoto Gima -> Shinkin Gima,[audit:shotokan] The standard romanisation in karate scholarship is Shinkin Gima (儀間真謹); 'Makoto' is an alternative reading of 真謹 but Gima-ha organisations and reference biographies use Shinkin. Native script already,name_fixes.csv
name_fix,Matayoshi Shinpo -> Shinpo Matayoshi,verified via wikidata,name_fixes.csv
name_fix,Matsumura Sokon -> Sokon Matsumura,verified via wikipedia,name_fixes.csv
name_fix,Motobu Choki -> Choki Motobu,verified via wikipedia,name_fixes.csv
name_fix,Motobu Choyu -> Choyu Motobu,verified via wikipedia,name_fixes.csv
name_fix,Nakama Chozo -> Chozo Nakama,verified via wikipedia,name_fixes.csv
name_fix,Nanko Mine -> Nanko Minei,"[panel] Matches Nanko Minei, a real and currently active Okinawan Goju-ryu 10th dan from Nanjo City (Minei Dojo, opened 1973; senior student of Miyasato in the OGKK line). 'Mine' is a trun",name_fixes.csv
name_fix,Nishihira Kosei -> Kosei Nishihira,verified via wikipedia,name_fixes.csv
name_fix,One-Eyed Toguchi -> Seijin Toguchi,"[panel] Nickname entry for Seijin 'One-Eyed' Toguchi (1895-1937), attested in Tomari-te lineage literature as a successor of Kodatsu Iha, who also appears in this dataset (C00261/C00262).",name_fixes.csv
name_fix,Pan Yuba -> Pan Yuba (Lin Dachong),"[audit:chinese-antecedents] The native field currently mixes a toponym-based sobriquet with the personal name ('潘嶼八（林達崇）'). His personal name was Lin Dachong 林達崇; 'Pan Yuba' derives from Panyu (盤嶼/潘嶼), the Fuzhou locality where",name_fixes.csv
name_fix,Peichin Takahara -> Takahara Peichin,"[audit:chinese-antecedents] Peichin (親雲上) is a Ryukyuan court rank, not a given name, so it follows the surname; the scholarly standard form is 'Takahara Peichin', as used in the Chatan Yara and Sakugawa literature. 'Peichin Tak",name_fixes.csv
name_fix,Roy Y Suenaka -> Roy Y. Suenaka,"[audit:shorin-kobayashi] Standard form includes the full stop after the middle initial, matching his Wikipedia title 'Roy Y. Suenaka'.",name_fixes.csv
name_fix,Ryoichi Onis -> Ryoichi Onishi,"[panel] 'Onis' is a truncated surname; 'Ryoichi Onishi' is a coherent Japanese name and a martial artist of that name (karate background, later Systema Osaka founder) exists. Whether that",name_fixes.csv
name_fix,Saito Satoshi -> Satoshi Saito,verified via wikipedia,name_fixes.csv
name_fix,Shin Jae Chul -> Jae Chul Shin,verified via wikipedia,name_fixes.csv
name_fix,Shionja -> Shiohira Peichin (Shionja),[audit:chinese-antecedents] The native script 潮平親雲上 is correctly read Shiohira Peichin; he is the warehouse-official informant of the 1762 Oshima Hikki. 'Shionja' is a distorted romanisation propagated through secondary karate l,name_fixes.csv
name_fix,Taira Shinken -> Shinken Taira,verified via wikipedia,name_fixes.csv
name_fix,Terada Kiyoyuki -> Kiyoyuki Terada,verified via wikipedia,name_fixes.csv
name_fix,Terry ONeill -> Terry O'Neill,"[entity audit] Q3518915 is a Wikimedia disambiguation page, and the dataset dates 1938-2019 are those of Terry O'Neill the celebrity photographer. The intended person is Terry O'Neill the martial artist (b. 27 Feb 1",name_fixes.csv
name_fix,Tomita Tsunejiro -> Tsunejiro Tomita,verified via wikipedia,name_fixes.csv
name_fix,Wan Shu -> Wang Ji,"[panel] As a lineage node this denotes Wanshu / Wang Ji, the 1683 Qing sapposhi envoy traditionally credited with teaching in Tomari and as namesake of the Wanshu kata. The envoy is histor",name_fixes.csv
name_fix,Yoshimura UDUN -> Chogi Yoshimura,"[panel] 'Udun' designates the Yoshimura princely house, but in karate lineage charts 'Yoshimura Udun' conventionally denotes the house's karate figure Yoshimura Chogi (1866-1945), a studen",name_fixes.csv
node_addition,Adriano Emperado (A0230),"[audit:kenpo-hawaii-us] Essential Hawaii kenpo figure: Chow's first black belt and co-founder/lead figure of Kajukenbo (born 15 June 1926, died April 2009). Needed for the Chow>Emperado edge.",node_additions.csv
node_addition,Akihiko Suzuki (B0005),[book:Bishop p.33] Kyoto-based Jundokan follower; absent from dataset.,node_additions.csv
node_addition,Akihiro Yagi (A0135),[branch completion] Son of Meitatsu Yagi and grandson of Meitoku; vice president of the Meibukan organisation alongside his brother Akihito.,node_additions.csv
node_addition,Akio Minakami (A0088),"[branch completion] President of US Hayashi-ha Shitoryu-kai, 8th dan, leading carrier of Teruo Hayashi's lineage in North America.",node_additions.csv
node_addition,Akira Kitagawa (A0103),"[branch completion] Masaru Shintani's first karate teacher (Shorin-ryu, roughly 20 years from the early 1940s in Canada), named in Shintani's Wikipedia biography; explains Shintani's pre-Wado lineage.",node_additions.csv
node_addition,Akira Shiomi (A0198),"[wave4] JKF Gojukai Chief Technical Director, named on Wikipedia as Atsuko Wakai's primary mentor; needed as her documented teacher.",node_additions.csv
node_addition,Al Tracy (A0232),"[audit:kenpo-hawaii-us] Founder of the Tracy Kenpo branch (early Parker-lineage school); named on Jay T. Will's Wikipedia page as Will's teacher who promoted him to 8th dan. Years not reliably documented in acceptable sources, so left blank.",node_additions.csv
node_addition,Allen Tackett (A0109),[branch completion] Seidokan 9th dan listed among Shian Toma's senior students on the Okinawa Seidokan Wikipedia article.,node_additions.csv
node_addition,An'ichi Miyagi (A0011),"[lineage completion] Needed to complete the documented chain Chojun Miyagi -> An'ichi Miyagi -> Morio Higaonna (Q2599967, connected). Trained at Miyagi's garden dojo 1948-1953 (per IOGKF and Wikipedia's Chojun Miyagi student list; extent dis",node_additions.csv
node_addition,Antonio Diaz (A0197),"[wave4] Venezuelan two-time WKF world kata champion, documented student of Yoshimi Inoue (Inoue-ha Shito-ryu); extends the Inoue line internationally.",node_additions.csv
node_addition,Arakaki no TANMEI (B0021),[book:Bishop p.174] Absent from dataset; Naha ti figure known by honorific nickname ('old man Arakaki').,node_additions.csv
node_addition,Arata Kinjo (A0191),"[wave4] Needed to show Ryuei-ryu continuing beyond Ryo Kiyuna: Sakumoto-trained member of Japan's world-champion team kata trio (with Kiyuna and Uemura), documented on Japanese Wikipedia and the JKF site.",node_additions.csv
node_addition,Azad Kazimov (A0205),"[island anchor] First licensed karate coach in Azerbaijan (Burevestnik, Baku); judo master of sport; certified at the first attestation seminar of Alexey Shturmin's Moscow Central School of Karate; teacher of Fizuli Musayev per az-wiki and the Azerbaijan NOC profile",node_additions.csv
node_addition,Bakkies Laubscher (A0016),"[lineage completion] Higaonna's most senior Western student (9th dan), pioneer of Okinawan Goju-ryu in South Africa, TOGKF Vice Chief Instructor. Not in either roster.",node_additions.csv
node_addition,Benito Higa (A0035),[branch completion] Son and student of Jintatsu Higa; credited on Wikipedia's Kyudokan page with establishing Kyudokan branches across South America.,node_additions.csv
node_addition,Bill Bressaw (A0082),[branch completion] Senior Kimura student; head of the American Shukokai Karate Union.,node_additions.csv
node_addition,Bill Hayes (A0051),"[branch completion] Senior American student of Eizo Shimabukuro (US Marine, trained on Okinawa from the 1960s), leader of the Shobayashi Kan study and preservation group and key transmitter of Shobayashi-ryu in the United States.",node_additions.csv
node_addition,Bushi Kunishi (B0013),"[book:Bishop p.28] Absent from dataset; Okinawan te expert (title Bushi), named in the Higaonna chapter. No dates given.",node_additions.csv
node_addition,Byung Jick Ro (A0151),"[branch completion] Founder of the Song Moo Kwan (1944), one of the five original kwans of taekwondo; Shotokan black belt under Funakoshi.",node_additions.csv
node_addition,C. Michial Jones (A0111),[branch completion] Graded Shihan by Shian Toma and Kyoshi by Roy Hobbs in Seidokan Karate and Kobudo; founded the International Karate Kobudo Kyokai (2016) to further Toma's teachings; co-authored the 2002 Seidokan history with Hobbs.,node_additions.csv
node_addition,Ch'en Yu-an (B0004),[book:Bishop p.20] Chinese boxer in the Ryuei-ryu/Nakaima lineage context; absent from dataset.,node_additions.csv
node_addition,Chinen Umikana (A0125),"[branch completion] Aka Aburaya Yamagusuku / Chinen Andaya Pechin; Yamane-ryu progenitor between Sakugawa and Chinen Sanda, uncle and teacher of Sanda Chinen.",node_additions.csv
node_addition,Choei Motobu (A0165),"[wave4] 6th head of the Motobu Udun family (Motobu Oji Choei, per ja.wikipedia 本部御殿); bridging node required to connect orphaned udundi heads Chokyu and Chosho in the traditional transmission chain.",node_additions.csv
node_addition,Choi Chang-keun (A0182),[wave4] One of the twelve original masters (C.K. Choi); helped Choi Hong-hi create the Chang Hon patterns from 1961; pioneered taekwondo in Malaysia and Canada.,node_additions.csv
node_addition,Chojiro Tani (A0078),[branch completion] Founder of Tani-ha Shito-ryu (Shukokai); received certificate of succession from Kenwa Mabuni in 1946.,node_additions.csv
node_addition,Chosei Motobu (A0028),"[kojo-motobu-ryuei] Third son of Motobu Choki; trained under his father 1938-1942, under his cousin Chomei after WWII, and under Seikichi Uehara from 1976; second Soke of Motobu-ryu (Motobu Kenpo) and 14th Soke of Motobu Udundi from 2003. E",node_additions.csv
node_addition,Chotoku Inohama (A0166),"[wave4] 7th head of the Motobu Udun family (Inohama Aji Chotoku, per ja.wikipedia 本部御殿); bridging node in the traditional udundi transmission chain between Choei and Chosho.",node_additions.csv
node_addition,Chotoku Omine (A0053),"[branch completion] Senior student of Shoshin Nagamine from 1947 and head instructor of the Nagamine Kodokan dojo; sent to the US in 1969 as head instructor for the American organisation, founded the Omine dojo in San Bruno, California in 1",node_additions.csv
node_addition,Chris Thompson (A0083),[branch completion] Senior Kimura student; co-leader of Kimura Shukokai International.,node_additions.csv
node_addition,Chun Sang-sup (A0155),"[branch completion] Founder of the Chosun Yun Mu Kwan karate school (1946), forerunner of the Jidokwan; disappeared during the Korean War. Birth year inconsistently reported so left blank.",node_additions.csv
node_addition,Chuzo Kotaka (A0089),[branch completion] 1962 All Japan champion from the Seishinkai line; founded the International Karate Federation Hawaii and Kotaka-ha Shito-ryu in 1966; teacher of Akio Minakami.,node_additions.csv
node_addition,Dan Smith (A0044),"[branch completion] Hanshi 9th dan, President of Seibukan USA, over 40 years under Zenpo Shimabukuro, one of only two non-Okinawan Hanshi in Seibukan; brought Seibukan to the United States.",node_additions.csv
node_addition,David Scot (B0024),[book:Bishop p.43] Great Britain representative in the Uechi-ryu association chart. Absent from dataset; spelling possibly 'Scott'.,node_additions.csv
node_addition,Denis Labbé (A0100),"[branch completion] Shintani's named successor and President of the Shintani Wado Kai Karate Federation (Canada's largest Wado organisation) since 2000; 9th dan, per shintani.ca.",node_additions.csv
node_addition,Doug Perry (A0036),"[branch completion] Hanshi, Shorinkan North American representative; trained directly under Shugoro Nakazato from 1981, promoted 9th dan by him in 2009, first non-Okinawan at that rank in the organisation.",node_additions.csv
node_addition,Eddie Bethea (A0038),[branch completion] One of Shorinkan's 'Original 7'; trained directly under Shugoro Nakazato from the early 1960s; named on both the Nakazato and Shorinkan Wikipedia pages.,node_additions.csv
node_addition,Eddie Daniels (A0081),"[branch completion] Senior Kimura student; head of Shukokai Karate Federation, one of four co-leaders of Kimura's organisation after 1995.",node_additions.csv
node_addition,Eihachi Ota (A0064),"[branch completion] Hanshi 10th dan, student of Masao Shima and of Nagamine at the home dojo; moved to the US in 1969, teaching Matsubayashi Shorin-ryu in Los Angeles since 1973, described as the highest-ranking practitioner outside Okinawa",node_additions.csv
node_addition,Eiji Kinjo (B0003),"[book:Bishop p.194] Absent from dataset; a martial arts figure with full dates and styles from the book. Okinawan, administrator in Taiwan during the war.",node_additions.csv
node_addition,Eiki Kaneji (B0009),"[book:Bishop p.131] Absent from dataset; named karate figure in book (name may carry OCR risk, verify spelling before adding).",node_additions.csv
node_addition,Eiki Kurashita (A0133),"[branch completion] Student of Seko Higa, founder of the Eikikan dojo; became president of the Goju-ryu Kokusai Karate Kobudo Renmei after Seikichi Higa's death in 1999.",node_additions.csv
node_addition,Eiko Kaneshi (A0131),[branch completion] Senior student and 'right-hand man' of Tatsuo Shimabuku from 1947-48; central figure in the founding of Isshin-ryu; Shinto priest.,node_additions.csv
node_addition,Eiko Shimabukuro (A0050),"[branch completion] Son of Eizo Shimabukuro, 10th dan, ran the Koza City branch dojo and is the presumed head of Shobayashi Shorin-ryu since Eizo's death in 2017.",node_additions.csv
node_addition,Eizo Onishi (A0168),"[wave4] Founder of Koei-kan karate-do (style founded 1952, first dojo opened 2 April 1954 in Kanagawa). Documented pupil of Kanken Toyama (about ten years, 6th dan) and, on Toyama's recommendation, of Juhatsu Kyoda for Naha-te.",node_additions.csv
node_addition,Ewerton Teixeira (A0147),"[branch completion] Kyokushin world-level competitor and K-1 heavyweight from Isobe's Brazilian school, named as Isobe's student on Isobe's Wikipedia page; absent from both rosters.",node_additions.csv
node_addition,Fang Qiniang (A0185),"[wave4] Founder of Fujian White Crane (白鶴拳); born in the Chongzhen era (1628-1644), active in the Kangxi era. Named in the task as a Chinese antecedent but absent from both rosters; required to head the documented chain down to",node_additions.csv
node_addition,Fang Zhong (A0184),"[wave4] Shaolin master and Ming loyalist, father and teacher of Fang Qiniang; head of the zh-wiki Yongchun White Crane lineage chart. Needed to head the White Crane chain feeding Xie Zongxiang. Active late Ming/early Qing.",node_additions.csv
node_addition,Fizuli Musayev (A0200),[wave4] Azerbaijani coach at the Budokan club who trained Rafael Aghayev; explicitly requested example of a WKF champion's documented coach.,node_additions.csv
node_addition,Frank Grant (A0058),"[branch completion] Hanshi 10th dan, student of James Wax (1959), Ansei Ueshiro and Chotoku Omine, graded before Shoshin Nagamine; chaired the World Shorin-Ryu Karate-Do Federation, leading US Matsubayashi lineage. Sources: https://www.mats",node_additions.csv
node_addition,Frank Ruiz (A0006),"[island research] Co-founder of the Nisei Goju-Ryu system (1969), student of Peter Urban and teacher of Ron van Clief; needed as bridge for the documented Urban -> Ruiz -> van Clief chain. Documented via Nisei Goju organisation biography",node_additions.csv
node_addition,Genshin Hironishi (A0148),[branch completion] Also recorded as Motonobu Hironishi. Student of Gichin and Gigo Funakoshi and president of the Shotokai 1962-1995 (per the Shotokai Wikipedia article); a branch head missing from both rosters and needed to complete the S,node_additions.csv
node_addition,Genzo Iwata (A0092),[branch completion] Son of Manzo Iwata; president of the World Shitoryu Karate Federation (Shito-kai).,node_additions.csv
node_addition,Giuseppe Meloni (A0073),"[branch completion] Officially recognised successor of Nishihira Kosei for Europe (Wikipedia, Nishihira Kosei article); carries the orthodox Matsumura Seito transmission in Italy.",node_additions.csv
node_addition,Glaube Feitosa (A0146),"[branch completion] Brazilian Kyokushin champion and K-1 World GP 2005 (Las Vegas) winner, trained from a young age under Seiji Isobe's Brazilian Kyokushin school; absent from both rosters.",node_additions.csv
node_addition,Glenn Capistrant (A0110),[branch completion] Seidokan 9th dan listed among Shian Toma's senior students on the Okinawa Seidokan Wikipedia article.,node_additions.csv
node_addition,Gosen Yamaguchi (A0136),"[branch completion] Second son of Gogen Yamaguchi (Kishio Gosen); taught Goju-Kai in San Francisco from 1963 and briefly succeeded his father as JKGA/IKGA president in 1989, dying in 1990 aged 49.",node_additions.csv
node_addition,Hajimu Takashima (A0102),"[branch completion] Third of the senior instructors Otsuka dispatched in 1963 with Suzuki and Arakawa to spread Wado-ryu internationally, named in the Wado-ryu and Toru Arakawa Wikipedia articles.",node_additions.csv
node_addition,Han Cha-kyo (A0178),"[wave4] One of the twelve original masters of taekwondo; trained under Nam Tae-hi, Son Duk-sung and Uhm Woon-kyu; helped establish the Oh Do Kwan; pioneer instructor in Singapore and Chicago.",node_additions.csv
node_addition,Haruyoshi Yamada (A0080),[branch completion] 9th dan hanshi; inaugural head of the Shito-ryu Shukokai Karate-do Union founded 28 June 1998 after Tani's death.,node_additions.csv
node_addition,Heisaburo Nakamura (B0015),"[book:Bishop p.152] Absent from dataset. Died 1975 aged 81 (so born c. 1894); of Toguchi, Motobu; teacher in Masakazu Miyagi's Honshin-ryu background.",node_additions.csv
node_addition,Herbert Peters (A0161),[branch completion] Documented Shorin-ryu teacher of tournament pioneer Mike Stone at Fort Chaffee (per Stone's Wikipedia biography); added solely to give orphan Q3857461 his sourced teacher edge.,node_additions.csv
node_addition,Hideho Takagi (A0096),[branch completion] Direct student of Hironori Otsuka at Nihon University; chairman of the JKF Wadokai Technical Committee and the organisation's highest technical authority for about thirty years; 8th dan. Documented in the WKSI obituary.,node_additions.csv
node_addition,Hideki Kojo (B0006),[book:Bishop p.72] Kojo family member absent from dataset; no dates given.,node_additions.csv
node_addition,Hidemi Tamayose (A0118),[branch completion] Senior student of Eisuke Akamine; founded Ryukyu Kobudo Tesshinkan (1999); 10th dan Okinawa Ken Kobudo Renmei (2015).,node_additions.csv
node_addition,Hiroshi Akamine (A0117),"[branch completion] Son and student of Eisuke Akamine; 3rd president of Ryukyu Kobudo Hozon Shinkokai, founded Ryukyu Kobudo Shimbukan in 2011; Hanshi 9th dan.",node_additions.csv
node_addition,Hiroshi Shima (B0029),"[book:Bishop p.153] Absent from dataset. Appears in the Kuniyoshi/Okinawa Kenpo chapter; no dates or styles given, add at low confidence.",node_additions.csv
node_addition,Hiroyasu Fujishima (A0023),[lineage completion] JKA/SKIF 8th dan instructor in Los Angeles and 1970 WUKO US team coach; needed as the only documented instructor connection for orphan Shinobu Ichiyanagi (link graded low).,node_additions.csv
node_addition,Hitoshi Oyakawa (A0049),"[branch completion] Head of Okinawa Karate-do Shorinji-ryu Shinkokai (Nishihara Dojo), direct student of Joen Nakazato, preserving the Kyan-to-Nakazato kata transmission.",node_additions.csv
node_addition,Ho Feng (B0023),"[book:Bishop p.19] Monk of the Sazan Kozan Temple, Fukien; root of the Ryuei-ryu tradition. Absent from dataset.",node_additions.csv
node_addition,Hong Jong-pyo (A0175),"[wave4] Co-founder of Kang Duk Won (1956), one of the nine kwans; former YMCA Kwon Bop Bu student under Yoon Byung-in.",node_additions.csv
node_addition,Hwang Hyun-chul (H.C. Hwang) (A0153),"[branch completion] Son and formally designated successor of Hwang Kee as worldwide head of Soo Bahk Do Moo Duk Kwan (2002), 10th dan equivalent; named in the task brief.",node_additions.csv
node_addition,Hwang Kee (A0001),"[island research] Founder of the Moo Duk Kwan and of Tang Soo Do Moo Duk Kwan / Soo Bahk Do; required as the bridge node: documented teacher of Shin Jae-chul (who taught Chuck Norris), and claimed student of Won Kuk Lee at the Chung Do Kw",node_additions.csv
node_addition,Ingo de Jong (A0137),"[branch completion] Hanshi 8th dan, IKGA vice president and head of Goju-Kai in Europe/Scandinavia (appointed by Gogen Yamaguchi in 1986); began under Paul Starling in Sydney.",node_additions.csv
node_addition,Isamu Tamotsu (A0046),"[branch completion] Founder (Shodai Soke) of Shorinji-ryu Renshinkan, established in Kagoshima on 8 November 1955; trained under Zenryo Shimabukuro and Joen Nakazato in the Kyan line.",node_additions.csv
node_addition,Isao Ichikawa (A0227),"[audit:wado-chito-shudokan] Essential to carry the Toyama>Ichikawa edge: founder of Karatedo Doshinkan (Vienna, 1967), Toyama's last inner disciple and designated successor, 10th dan Hanshi from Toyama. Documented on the official Doshinkan honbu si",node_additions.csv
node_addition,Isao Kise (A0068),[branch completion] Son and designated successor of Fusei Kise; 10th dan and president (kaicho) of the All Okinawan Shorin Ryu Matsumura Seito Kenshin Kan Karate and Kobudo Federation.,node_additions.csv
node_addition,Ishimine Pechin (A0236),"[audit:orphans-2] 'Old Ishimine' (Bushi Ishimine), famous 19th-century Shuri master associated with Matsumura's circle; documented teacher of Kaneshima Shinbi (okic.okinawa profile; Motobu-ryu blog article on Ishimine-ryu)",node_additions.csv
node_addition,Iwao Tamotsu (A0047),[branch completion] Son of Isamu Tamotsu; second Soke (Nidaime) of Shorinji-ryu Renshinkan from May 2000 until his death in November 2016.,node_additions.csv
node_addition,James Coffman (A0071),[branch completion] Listed among Hohan Soken's senior students on Wikipedia; one of Soken's early American students and a Matsumura Seito pioneer in the USA.,node_additions.csv
node_addition,James Wax (A0057),"[branch completion] American serviceman who trained at Nagamine's Naha dojo, reported as the first American black belt in Matsubayashi-ryu; brought the style to Dayton, Ohio in 1959 and sponsored Ansei Ueshiro's 1962 visa. Sources: https://",node_additions.csv
node_addition,Jerry Figgiani (A0062),"[branch completion] 9th dan, student of Joseph Carbonara who also trained with Takayoshi Nagamine; founder and president of Shorin Ryu Karate Do International (2009), continuing the Nagamine lineage internationally. Sources: https://srkdi.o",node_additions.csv
node_addition,Jerry Gold (B0014),[book:Bishop p.103] Absent from dataset. No dates given.,node_additions.csv
node_addition,Jesus Martinez (B0007),[book:Bishop p.120] American student listed under Shugoro Nakazato; absent from dataset (Jesus del Moral is a different person).,node_additions.csv
node_addition,Jesus del Moral (A0202),"[wave4] Spanish national kata coach, documented on Wikipedia as Sandra Sanchez's coach; needed as her teacher node.",node_additions.csv
node_addition,Jin'an Shinzato (A0163),[wave4] Miyagi Chojun's leading pre-war disciple whose 1930 Meiji Shrine demonstration led to the naming of Goju-ryu; died in WWII. Needed as the documented Naha-te teacher (from 1934) of Higa Yuchoku per ja.wikipedia.,node_additions.csv
node_addition,John E. Kennedy (A0108),"[branch completion] Senior Shian Toma student who brought Seidokan to the United States; promoted to 9th dan by Toma in 2001 (Wikipedia, Okinawa Seidokan).",node_additions.csv
node_addition,Joki Uema (A0031),"[branch completion] Founder of Shorin-ryu Shubukan, direct student of Chibana Choshin, Hanshi 10th dan; head of one of the four main Kobayashi branches, missing from both rosters.",node_additions.csv
node_addition,Jon Wicks (A0099),"[branch completion] Tatsuo Suzuki's student and appointed successor; WIKF World Chief Instructor since 2009/2011, 8th dan awarded by Suzuki. Current head of the WIKF branch, per the official WIKF site.",node_additions.csv
node_addition,Joseph Carbonara (A0061),"[branch completion] East Northport, New York dojo head who hosted Chotoku Omine as instructor after 1969; direct student under Soke Takayoshi Nagamine per SRKDI lineage, teacher of Jerry Figgiani. Sources: https://ominekarate.com/?p=240, ht",node_additions.csv
node_addition,Juhatsu Kyoda (A0012),"[lineage completion] Founder of To'on-ryu and the most senior student of Kanryo Higaonna (entered the dojo in 1902, one month before Chojun Miyagi, and stayed until Higaonna's death); also an early teacher of Kanki Izumigawa (Q16006586). Abs",node_additions.csv
node_addition,Kaishu Isa (A0127),[branch completion] 3rd soke of Ufuchiku-den Ryukyu Kobujutsu (sokeship 1976 from Kina Shosei); 2nd president of the Ufuchiku-den Hozonkai from 1981.,node_additions.csv
node_addition,Kanei Uechi (Shito-ryu) (B0011),"[book:Bishop p.203] Distinct from Uechi-ryu Kanei Uechi (Q1728269, b.1911). Locality Untenbaru, Motobu; dojo in Itoman City. Absent from dataset; needed as teacher of Junjiro Nishime (C00102).",node_additions.csv
node_addition,Kantoku Izumikawa (A0129),[branch completion] Ufuchiku-den student of Kina Shosei; cousin and first kobudo teacher of Senbukan Goju-ryu founder Kanki Izumigawa.,node_additions.csv
node_addition,Kanzo Nakandakari (B0028),[book:Bishop p.131] Karate figure: taught the Pinan kata to Seitoku Higa (p174). Absent from dataset.,node_additions.csv
node_addition,Katsunori Tsuyama (A0022),"[lineage completion] Essential missing hub: long-time head coach of Takushoku University karate and JKA instructor, student of Nakayama, called the 'master of the masters'; needed to wire orphans Tatsuya Naka, Masao Kawasoe and Takemasa Okuy",node_additions.csv
node_addition,Katsuoh Yamamoto (A0027),[lineage completion] Founder of Yoshukai Karate; top student of Tsuyoshi Chitose (Q135222893) and teacher of Michael G. Foster (Q6830460); required to complete the documented Chitose-to-Foster chain. Sources: https://www.usadojo.com/katsuoh-,node_additions.csv
node_addition,Katsuya Izumikawa (A0145),"[branch completion] Second son of Kanki Izumikawa; third soke of the Senbukan from 1982, renamed it the International Karate-do Goju-ryu Senbukai in 2016 and still heads it.",node_additions.csv
node_addition,Kazumasa Yokoyama (A0039),[branch completion] Named on Wikipedia's Shugoro Nakazato page as one of his notable students (Shorinkan).,node_additions.csv
node_addition,Kazuo Terauchi (A0015),"[lineage completion] Senior IOGKF instructor (9th dan), student of Higaonna from the Yoyogi dojo, TOGKF Technical Advisor. Not in either roster. Birth year not found in consulted sources.",node_additions.csv
node_addition,Kazutaka Otsuka (Hironori Otsuka III) (A0095),[branch completion] Grandson of the founder and current (3rd) grandmaster of Wado-ryu since 2015; named in the Wado-ryu Wikipedia article as Jiro Otsuka's son and successor. Needed to bring the Otsuka family line to the present head.,node_additions.csv
node_addition,Kazuya Higa (A0144),[branch completion] Prominent student of Eiichi Miyazato and permanent director of the Jundokan.,node_additions.csv
node_addition,Kei Tsumura (A0087),[branch completion] Notable Sakagami disciple; founded Shito-ryu Itosu-kai Canada in 1969.,node_additions.csv
node_addition,Keihan Ono (B0010),[book:Bishop p.171] Absent from dataset; figure on Seitoku Higa's lineage chart.,node_additions.csv
node_addition,Ken Miyagi (A0013),[lineage completion] Specifically requested by the researcher. Verified: Ken was Chojun Miyagi's fourth son (b. 1931; d. 2003 per an interview with his son Toru Miyagi at https://karateresearch.com/2025/11/18/remembering-miyagi-chojun-a-conv,node_additions.csv
node_addition,Ken Nishimura (A0171),"[wave4] WKF world-ranked kumite competitor (born 31 December 1995), trained from age 3 by his father Seiji Nishimura (Q476441, 1982 world kumite champion). Documented on Japanese Wikipedia and Olympics.com. Extends the Wado-ryu",node_additions.csv
node_addition,Kencho Miyagi (B0016),[book:Bishop p.172] Absent from dataset; named in the Bugeikan (Seitoku Higa) chapter. No dates given.,node_additions.csv
node_addition,Kensei Taba (A0054),"[branch completion] Hanshi 10th dan, senior Nagamine student, head of the Matsubayashi-ryu organisation at Nagamine's death and first WMKA president; left to found Okinawa Shogen-ryu (c. 1999-2001), named in honour of Shoshin Nagamine. Year",node_additions.csv
node_addition,Kenwa Kanna (B0026),"[book:Bishop p.92] Appears in the Chotoku Kyan students passage; plausibly the Okinawan naval officer Kanna Kenwa, documented elsewhere as a Kyan student. Absent from dataset.",node_additions.csv
node_addition,Kenyu Mabuni (A0090),[branch completion] Eldest son of Kenei Mabuni; inaugurated 3rd soke of Shito-ryu in Osaka on 28 February 2016.,node_additions.csv
node_addition,Kiichi Nakamoto (A0128),"[branch completion] 10th dan Goju-ryu and 10th dan Ryukyu Dento Kobujutsu; student of Kina Shosei and Kyan Shinyei, president of the Ryukyu Dento Kobujutsu preservation body from 1997. Distinct from Masahiro Nakamoto (C00201).",node_additions.csv
node_addition,Kijun Kishimoto (A0116),"[branch completion] Higa Seitoku's first karate teacher (elementary-school years), named as 岸本喜順 in Higa's own 1966 essay preserved in the Motobu-ryu archive; distinct from Soko Kishimoto. Note: not the same as orphan C00217 Kazuo Kishimoto",node_additions.csv
node_addition,Kim Ki-whang (A0157),"[branch completion] Shudokan 4th dan under Toyama, US Moo Duk Kwan chairman and 1988 US Olympic taekwondo team chairman; a key American taekwondo pioneer who trained over 25,000 students.",node_additions.csv
node_addition,Kinjo Ufuchiku (A0164),"[wave4] Sai master also rendered Kanagusuku Sanda; head of the Ufuchiku kobudo tradition. Documented (Motobu-ryu honbu notes, WEB Hiden) teacher of Kina Shosei (already in tree) and Yabiku Moden; wires the Ufuchiku line to its r",node_additions.csv
node_addition,Kisho Inoue (A0120),[branch completion] Son and successor of Motokatsu Inoue; president of the Ryukyu Kobujutsu Hozon Shinko Kai and Yuishinkai since 1993.,node_additions.csv
node_addition,Kisshomaru Ueshiba (A0235),[audit:judo-aikido-koryu] Second Aikikai Doshu; required to connect Christian Tissier's documented aikido lineage and Morihei Ueshiba's succession. Create only if not already present in another domain file.,node_additions.csv
node_addition,Kiyoshi Nishime (A0126),"[branch completion] Student of Chogi Kishaba sent to the US in 1979; co-founder and current US director/chief instructor of the RBKD, 9th dan.",node_additions.csv
node_addition,Kiyoshi Yamazaki (A0225),"[audit:shito-ryu] Needed for the Konishi>Yamazaki link. Born 16 August 1940, Chiba; died 28 August 2023. Konishi's senior successor as international chief instructor of Japan Karate-do Ryobu-kai; listed as a student in Konishi's Wikipedia",node_additions.csv
node_addition,Ko Uehara (B0001),[book:Bishop p.33] Absent from dataset. Appears in Eiichi Miyazato's Jundokan lineage chart.,node_additions.csv
node_addition,Kong Young-il (A0183),[wave4] One of the twelve original masters; trained under Choi Hong-hi and Nam Tae-hi; pioneer of taekwondo in the United States.,node_additions.csv
node_addition,Kozo Kuniba (A0094),"[branch completion] Son of Shogo Kuniba; head of Kuniba-kai, established in Japan in 1999.",node_additions.csv
node_addition,Larry Isaac (A0112),"[branch completion] Hanshi, 10th dan Okinawa Kenpo Karate-Kobudo (Jacksonville NC), retired US Marine; explicitly asked about by the owner. Documented teachers are Eizo Shimabukuro, Fusei Kise, Seikichi Odo and Seifuku Nitta, NOT Shian Toma",node_additions.csv
node_addition,Larry Tatum (A0231),"[audit:kenpo-hawaii-us] Senior American Kenpo master in the Parker lineage; named on Jeff Speakman's Wikipedia page as Speakman's principal instructor. Years not reliably documented in acceptable sources, so left blank.",node_additions.csv
node_addition,Lee Chong-woo (A0176),[wave4] Top student of Chun Sang-sup at the Chosun Yun Moo Kwan (entered 1946); proposed the renaming to Jidokwan in 1954; first chairman of the KTA technical committee and founding Secretary-General of the World Taekwondo Feder,node_additions.csv
node_addition,Lee Kyo-yoon (A0172),"[wave4] Founder of Han Moo Kwan, one of the nine kwans of taekwondo; trained at the Chosun Yun Moo Kwan under Chun Sang-sup; died 12 May 2017 aged 87 (birth year inferred c.1930), posthumous Kukkiwon 10th dan.",node_additions.csv
node_addition,Lee Nam-suk (A0177),"[wave4] YMCA Kwon Bop Bu member who succeeded Yoon Byung-in, reopening the school as Chang Moo Kwan in October 1953 and heading one of the nine kwans; born 28 June 1925 Yeoju, died 29 August 2000 Torrance, California.",node_additions.csv
node_addition,Lee Yong-woo (A0173),"[wave4] Founder of Jung Do Kwan (1956), one of the nine kwans; first-generation Chung Do Kwan student of Won Kuk Lee.",node_additions.csv
node_addition,Lin Shixian (A0188),"[wave4] Called 泉州仔; recognised in zh-wiki Minghequan as founding ancestor of Whooping Crane in the Fuzhou region, Daoguang era (1821-1850); teacher of Pan Yuba. Needed to complete the chain above Xie Zongxiang.",node_additions.csv
node_addition,Lionel Marinus (A0084),[branch completion] Senior Kimura student (South Africa); co-leader of Kimura Shukokai International.,node_additions.csv
node_addition,Mamoru Nakamoto (A0130),[branch completion] Son and student of Masahiro Nakamoto; senior instructor of the Bunbukan organisation.,node_additions.csv
node_addition,Manabu Murakami (A0195),"[wave4] SKIF Shuseki Shihan (Chief Instructor) since 2014, long-time assistant and student of Hirokazu Kanazawa, three-time SKIF world champion; needed for SKIF succession.",node_additions.csv
node_addition,Masafumi Shiomitsu (A0098),"[branch completion] 9th dan Hanshi; Otsuka's Nihon University student sent abroad in 1965, central to Wado-ryu's European expansion, founder and head of the worldwide Wado-Ryu Karate-Do Academy (1989).",node_additions.csv
node_addition,Masanobu Shinjo (A0138),"[branch completion] Founder of the Shobukan dojo (1963), Hanshi 10th dan, president of the Okinawa Goju-ryu Goju-kai from 1990; student of Seikichi Toguchi and Seko Higa. Some sources give birth year 1937.",node_additions.csv
node_addition,Masanori Ishikawa (B0027),[book:Bishop p.95] From Nagamine's Matsubayashi-ryu chart; absent from dataset (only Horoku Ishikawa exists).,node_additions.csv
node_addition,Masao Kagawa (A0193),"[wave4] JKS (Japan Karate Shoto Federation) chief instructor from 2010, successor to Tetsuhiko Asai; needed to continue the Asai/JKS Shotokan line.",node_additions.csv
node_addition,Masao Kobayashi (B0019),[book:Bishop p.95] Absent from dataset; listed in Nagamine's Matsubayashi-ryu lineage chart.,node_additions.csv
node_addition,Masao Shima (A0063),[branch completion] Okinawan dojo head described as one of the most important students of Shoshin Nagamine; first teacher of Eihachi Ota. Sources: https://okinawanshorinryuindia.com/Ota%20Eihachi.html,node_additions.csv
node_addition,Masashi Shinjo (A0139),[branch completion] Eldest son of Masanobu Shinjo and current Kancho (head) of the Goju-ryu Shobukan association.,node_additions.csv
node_addition,Matt Larsen (A0052),"[branch completion] Founder of the US Army Modern Combatives programme; listed as a karate student of Eizo Shimabukuro (low-confidence single source, included dashed).",node_additions.csv
node_addition,Meitetsu Yagi (A0134),"[branch completion] Younger son of Meitoku Yagi, vice-president of the Goju-ryu Meibukai from 1976, promoted to Hanshi Judan by his father in 2001.",node_additions.csv
node_addition,Michael Gneck (A0160),[branch completion] Documented Shorin-ryu teacher of Bill 'Superfoot' Wallace (per Wallace's Wikipedia biography); added solely to give orphan Q862634 his sourced teacher edge.,node_additions.csv
node_addition,Mie Nakayama (A0226),"[audit:shito-ryu] Needed for the Inoue>Nakayama link. Three-time consecutive WKF world kata champion (1982, 1984, 1986), the dominant women's kata competitor of the 1980s, trained in Hayashi-ha Shito-ryu under Yoshimi Inoue. Birth year no",node_additions.csv
node_addition,Mir-Ali Seyidov (A0206),"[island anchor] First head coach of the Azerbaijani national karate team (Dinamo school, Baku); ru-wiki lists Fizuli Musayev among his students",node_additions.csv
node_addition,Motobu Chochi (A0209),[motobu genealogy] 3rd head of the Motobu Udun (ja-wiki genealogy),node_additions.csv
node_addition,Motobu Chohei (A0207),"[motobu genealogy] Founder of the Motobu Udun, sixth son of King Sho Shitsu; the house transmitted udundi head to head from him",node_additions.csv
node_addition,Motobu Chokan (A0208),[motobu genealogy] 2nd head of the Motobu Udun (ja-wiki genealogy),node_additions.csv
node_addition,Motobu Chomo (A0219),[audit:motobu-udun] Second son of Motobu Choyu and intended family heir of Motobu Udundi; listed among Choyu's direct students on ja.wiki and received the art via Uehara Seikichi in Wakayama before dying in WWII. Essential endpoint for two,node_additions.csv
node_addition,Motobu Choryu (A0210),"[motobu genealogy] 4th head of the Motobu Udun, brother of Chochi, promoted to oji rank (ja-wiki genealogy)",node_additions.csv
node_addition,Motobu Choshin (A0029),[kojo-motobu-ryuei] 9th head of the House of Motobu (Motobu Aji Choshin) and father of Choyu and Choki; documented as teaching Choyu the family art Motobu Udundi from age six. Essential to complete Choyu's teacher chain. Dates not given in,node_additions.csv
node_addition,Motobu Naoki (A0220),[audit:motobu-udun] Eldest son of Motobu Chosei; became 3rd soke of Motobu Kenpo and head of Motobu Udundi on 14 June 2025 at Chosei's 100th-birthday ceremony (succession name 本部朝行; publishes internationally as Motobu Naoki). Essential for,node_additions.csv
node_addition,Motokuni Sugiura (A0167),"[wave4] Second Chief Instructor (首席師範) of the Japan Karate Association, 1991-2010, between Masatoshi Nakayama and Masaaki Ueki; studied under Gichin Funakoshi and Gigo (Yoshitaka) Funakoshi. Documented on the JKA official site (",node_additions.csv
node_addition,Nam Tae-hi (A0003),"[island research] Bridge person: Chung Do Kwan senior under Won Kuk Lee, co-founder of the Oh Do Kwan with Choi Hong-hi (Q356335, already in tree) and described as Choi's right-hand man, and the documented instructor of Jhoon Rhee. Not pr",node_additions.csv
node_addition,Naoyuki Chitose (A0170),"[wave4] Grandson of the founder; received the Chito-ryu Soke title from his father Yasuhiro Chitose on 14 August 2023, becoming 3rd generation (Sandaime) Soke. Sources: https://usa-ickf.com/history and https://www.ickf.ca/histor",node_additions.csv
node_addition,Noah Legel (A0115),[branch completion] First American authorised to teach KishimotoDi; student of Ulf Karlsson since 2014 and principal English-language documenter of the Bugeikan's Kishimoto-di line (Illinois Practical Karate).,node_additions.csv
node_addition,Nobuaki Kakuda (A0199),"[wave4] Seidokaikan supreme instructor and K-1 executive referee under Kazuyoshi Ishii, part of Seidokaikan from its founding; continues the Ishii/K-1 line.",node_additions.csv
node_addition,Nobuaki Kanazawa (A0194),[wave4] Eldest son and documented student of Hirokazu Kanazawa; Kancho of SKIF since April 2014; needed for SKIF succession.,node_additions.csv
node_addition,Nobuhide Asato (B0002),[book:Bishop p.161] Absent from dataset (distinct from Anko Azato). Student of Shinpo Matayoshi per the Matayoshi kobudo chart; see matching link item.,node_additions.csv
node_addition,Nobutake Shingake (A0072),"[branch completion] Okinawan teacher under whom Fusei Kise received shodan in 1955, per Kise's official biography; single-tradition source.",node_additions.csv
node_addition,Noel Smith (A0037),[branch completion] One of Shorinkan's 'Original 7' who brought the style to America; trained directly under Shugoro Nakazato in the early 1960s; senior US Shorinkan teacher named on Wikipedia.,node_additions.csv
node_addition,One-Eyed Toguchi (B0022),[book:Bishop p.84] Absent from dataset; Tomari-te (Matsumora-type) teacher known only by nickname. Teacher of Seikichi Hokama (see link).,node_additions.csv
node_addition,Oscar Higa (A0034),"[branch completion] 10th dan, World Technical Director / head of the World Shorin-ryu Kyudokan Higa-te Federation; son of Jintatsu Higa and student of his uncle Yuchoku Higa; spread Kyudokan to over 30 countries.",node_additions.csv
node_addition,Pan Yuba (A0189),[wave4] Real name Lin Dachong (林達崇) of Panyu; student of Lin Shixian and founder of Minghe (Whooping Crane) in Fuzhou; teacher of Xie Zongxiang per both zh-wiki Xie Zongxiang and zh-wiki Minghequan. 19th century. Required as Xie,node_additions.csv
node_addition,Park Chul-hee (A0174),"[wave4] Co-founder of Kang Duk Won (1956), one of the nine kwans; former YMCA Kwon Bop Bu student under Yoon Byung-in; stepped down as world head of Kang Duk Won in November 2015 and died 2 April 2016.",node_additions.csv
node_addition,Park Jong-soo (A0180),"[wave4] One of the twelve original masters of taekwondo; trained under Choi Hong-hi; pioneered taekwondo in the Netherlands, Germany and Canada.",node_additions.csv
node_addition,Park Jung-tae (A0181),[wave4] One of the twelve original masters; ITF Secretary-General under Choi Hong-hi; founded the Global Taekwondo Federation (GTF) in 1990.,node_additions.csv
node_addition,Pat Nakata (A0040),[branch completion] Direct student of Chibana Choshin in Okinawa; founded the Okinawa Shorin Ryu Karate Association of Hawaii in 1963; prominent Kobayashi lineage holder documented in Classical Fighting Arts and multiple interviews.,node_additions.csv
node_addition,Rafael Aghayev (A0201),[wave4] Five-time WKF world kumite champion and Olympic silver medallist; documented student of Fizuli Musayev; explicitly requested for the modern international era.,node_additions.csv
node_addition,Rhee Ki-ha (A0179),[wave4] First Grandmaster of the ITF; learned taekwondo from Choi Hong-hi in the South Korean army's 35th Infantry Division; father of taekwondo in the United Kingdom and Ireland; one of the twelve original masters.,node_additions.csv
node_addition,Richard Boyden (A0077),[branch completion] Officially recognised successor of Nishihira Kosei per the Wikipedia Nishihira Kosei article.,node_additions.csv
node_addition,Ricky Rose (A0074),[branch completion] Officially recognised successor of Nishihira Kosei for the USA; also listed among Hohan Soken's senior and notable students on Wikipedia.,node_additions.csv
node_addition,Robert Scaglione (A0059),"[branch completion] Hanshi 10th dan, black belt under Ansei Ueshiro, founder of the Manhattan honbu (1977), hand-picked by Ueshiro to head Ueshiro Shorin-Ryu Karate USA after 2002. Sources: https://www.shorinryu.com/about-hanshi-scaglione,",node_additions.csv
node_addition,Ron Mattie (A0101),"[branch completion] Long-time Shintani student appointed SWKKF Chief Instructor after Shintani's death in 2000; 9th dan, per shintani.ca.",node_additions.csv
node_addition,Ron Nix (A0105),"[branch completion] Okinawa Seidokan senior (9th dan from Shian Toma), President of the Ryukoku Seidokan Karate Kobudo Renmei (RSKKR, founded 2008) and International Ambassador; runs the Nix Seidokan Dojo in Okinawa City, RSKKR internationa",node_additions.csv
node_addition,Ronald Lindsey (A0070),"[branch completion] American Matsumura Seito pioneer in Texas, 10th dan hanshi; author of Okinawa no Bushi no Te; held certificates from Soken, Kise, Kuda and Yabiku.",node_additions.csv
node_addition,Roy J. Hobbs (A0104),"[branch completion] Col. (USAF ret.) Roy Jerry Hobbs, 10th dan Hanshi Shorin-ryu Karate and Kobudo; Shian Toma's most senior/prolific student, President of the Seidokan Shihan Kai, direct student of both Toma Shian and Toma Seiki; founded t",node_additions.csv
node_addition,Ryotaro Kanai (B0008),[book:Bishop p.125] Absent from dataset; mainland Japan context (Shito-ryu/Kushin-ryu chapter); no dates or style given.,node_additions.csv
node_addition,Sadaaki Sakagami (A0085),[branch completion] Son of Ryusho Sakagami; 4th Itosu-ryu soke and president of Japan Karatedo Itosu-kai from 30 April 1994.,node_additions.csv
node_addition,Sakugawa Kangi (A0017),"[lineage completion] The documented 'second Sakugawa': father of Kanga Sakukawa (Q921673). Wikipedia's Sakugawa and Takahara articles, and the KishimotoDi lineage, route the Takahara/Kusanku transmission through him ('Takahara... was the fir",node_additions.csv
node_addition,Sakuma Pechin (A0030),"[kojo-motobu-ryuei] One of Motobu Choki's four documented teachers, instructing him in kakidi (old-style kumite); named on Choki's Wikipedia article. Dates unknown. Source: https://en.wikipedia.org/wiki/Motobu_Ch%C5%8Dki",node_additions.csv
node_addition,Sandra Sanchez (A0203),[wave4] 2020 Olympic kata champion and two-time WKF world champion coached by Jesus del Moral; leading WKF-era international figure.,node_additions.csv
node_addition,Seifuku Nitta (A0113),[branch completion] Okinawan grandmaster named by Shuriway as a student of Seiki Toma and by Larry Isaac's school as one of Isaac's four Okinawan teachers; needed to wire Isaac into the graph.,node_additions.csv
node_addition,Seiken Shukumine (A0211),"[audit:early-shuri-tomari] Needed as student endpoint for the documented Kishimoto Soko lineage; founder of Gensei-ryu karate and Taido, one of Kishimoto's two final students alongside Higa Seitoku. Add only if not already present in another domai",node_additions.csv
node_addition,Seiki Toma (A0021),"[lineage completion] Documented teacher of both Seikichi Odo (per Odo's Wikipedia article) and Shian Toma, and of orphan Masanobu Kikukawa (Q6782576, per his Wikipedia article); ran the original Seidokan dojo. Sometimes romanised Seikichi To",node_additions.csv
node_addition,Seiko Fukuchi (A0132),[branch completion] Senior student and assistant of Seko Higa at the Shodokan; opened his own Naha dojo in 1964; teacher of Tetsuhiro Hokama and Iken (Yuken) Tokashiki. Needed to complete the Shodokan lineage.,node_additions.csv
node_addition,Seiko Suzuki (A0086),"[branch completion] Notable Sakagami disciple; founder of Seiko-kai Shito-ryu, Tokyo.",node_additions.csv
node_addition,Seiko Toyama (A0009),"[lineage completion] Last surviving Wakayama-era direct student of Kanbun Uechi (from 1938), senior under Kanei Uechi, founder of the Uechi-ryu Zankyokai, and a named teacher of Tsutomu Nakahodo. Sources: en.wikipedia.org/wiki/Kanbun_Uechi,",node_additions.csv
node_addition,Seisho Itokazu (A0121),"[branch completion] Student of Matayoshi Shinpo; Kancho of the Matayoshi Kodokan 2002-2014, then founder of the Matayoshi Kobudo Shinbukai.",node_additions.csv
node_addition,Seiyu Oyata (A0019),"[lineage completion] Founder of Ryu-te and populariser of tuite/kyusho in the West; explicitly requested in the brief. Documented student of Shigeru Nakamura (orphan Q38585428) and of Seikichi Uehara, so he is needed to wire the Okinawa Kenp",node_additions.csv
node_addition,Seiyu Shinjo (A0008),"[lineage completion] Second-generation Shinjo: student of Kanbun Uechi (from 1939) and listed student of Kanei Uechi; father and teacher of orphan Kiyohide Shinjo (Q6418995) and teacher of Tsutomu Nakahodo (C00628), so the documented chains",node_additions.csv
node_addition,Seizan Kinjo (A0069),[branch completion] Senior Matsumura Seito student under Hohan Soken and Fusei Kise (listed as Seizen Kinjo on Wikipedia); primary instructor of Ronald Lindsey in Okinawa.,node_additions.csv
node_addition,Sherman Harrill (A0223),"[audit:isshin-ryu] Needed as student node for the new Tatsuo Shimabuku>Sherman Harrill link. Sherman Jordan Harrill, 11 May 1941 - 4 November 2002; first-generation Isshin-ryu student on Okinawa 1959-1960, named on the Tatsuo Shimabuku Wik",node_additions.csv
node_addition,Shian Toma (A0020),"[lineage completion] Founder of Okinawa Seidokan (1984), named in the brief; documented student of Zenryo Shimabukuro, Shigeru Nakamura, Seiki Toma and Seikichi Uehara, and the first to teach Motobu-ryu toide outside Okinawa. Needed to ancho",node_additions.csv
node_addition,Shigemitsu Tamae (A0107),[branch completion] Second headmaster of Okinawa Seidokan from May 2013 on Shian Toma's death; Toma's student since 1963; heads the Okinawa Seidokan Karate Kobudo Renmei from his Yomitan dojo. This is the 'Tamai' 10th dan the owner asked ab,node_additions.csv
node_addition,Shigeru Ishino (A0215),"[audit:shorinji-lines] Direct student of Kori Hisataka, founder of Ishino Shorinjiryu Genbukan and co-founder of the Shorinjiryu Kenyukai federation; needed as the student node for the proposed edge. Kanji and years not reliably sourced, so le",node_additions.csv
node_addition,Shigeru Kimura (A0079),"[branch completion] Tani's most senior student; spread Shukokai to Africa, Europe and the US; head of Kimura Shukokai worldwide until his death.",node_additions.csv
node_addition,Shingo Araki (B0031),"[book:Bishop p.171] Absent from dataset. Appears in the Seitoku Higa/Bugeikan section; no dates or styles given, add at low confidence.",node_additions.csv
node_addition,Shingo Hayashi (B0017),"[book:Bishop p.49] Absent from dataset. Kojo-ryu teacher in Tottori City, Japanese mainland.",node_additions.csv
node_addition,Shinyu Gushi (A0010),[lineage completion] Notable student listed in Kanei Uechi's Wikipedia infobox and explicitly documented student of Saburo Uehara (IUKF biography) and Seiyu Shinjo; founder of the RyuKoKaku line in the USA; died November 2012 per IUKF obitua,node_additions.csv
node_addition,Shionja (A0162),"[wave4] Shionja Peichin of Shuri, named in tradition as one of Kusanku's three Okinawan students. His only near-contemporary documentation is the Oshima Hikki (1762), in which a Ryukyuan official aboard the ship stranded at Tosa",node_additions.csv
node_addition,Shiroma (Gusukuma) of Tomari (B0012),"[book:Bishop p.85] Absent from dataset; 19th-century Tomari-te master (also read Gusukuma of Tomari), named as teacher of Anko Itosu on p106; distinct from Shinpan Gusukuma",node_additions.csv
node_addition,Shu Shiwa (Zhou Zihe) (A0007),"[lineage completion] Kanbun Uechi's documented teacher in Fuzhou, China; essential to root the Uechi-ryu line. Dates per the Uechi-ryu Europe chronology; teaching relationship per Wikipedia (Kanbun Uechi, Uechi-ryu articles).",node_additions.csv
node_addition,Shuji Tasaki (A0216),"[audit:goju-japan-world] Founder of Goju-ryu Seiwakai (1972), student of Gogen Yamaguchi from 1951-52 and first All Japan Goju-kai kumite champion; JKF Gojukai 9th dan (2009). Kanji confirmed on Seiwakai Ibaraki branch site; dates from Seiwakai",node_additions.csv
node_addition,So Nei Chu (A0217),"[audit:goju-japan-world] Korean-born senior Goju-ryu figure in mainland Japan (Ritsumeikan circle), kept the Goju school alive during Yamaguchi's Soviet captivity and was Mas Oyama's principal Goju teacher and mentor. Death year is inconsistentl",node_additions.csv
node_addition,So Nei-chu (A0228),[audit:kyokushin-lines] Mas Oyama's principal Goju-ryu teacher and spiritual mentor after WWII; essential upstream node for the Kyokushin lineage (needed for the So Nei-chu>Mas Oyama edge).,node_additions.csv
node_addition,Soeishi (B0030),"[book:Bishop p.155] Bojutsu figure of Ona village, Shuri; the kobudo kata Soeishi no Kun bears the name. Family name only, but the tradition figure is absent from the dataset.",node_additions.csv
node_addition,Sokaku Takeda (A0233),"[audit:judo-aikido-koryu] Required for the Takeda>Ueshiba edge, the best-documented teacher relationship in aikido history (Daito-ryu eimeiroku records). Create only if no Takeda node exists in another domain file.",node_additions.csv
node_addition,Sokishi Shinzato (A0213),"[audit:shorin-shobayashi-seibukan] Required as teacher node for the new edge Sokishi Shinzato>Shian Toma: the official Seidokan biography identifies him as Toma's first teacher for over 20 years, and Wikipedia lists him among Toma's teachers. Birth/death",node_additions.csv
node_addition,Sokuichi Gibu (A0024),"[lineage completion] Essential intermediate: documented senior student of Shugoro Nakazato (Shorinkan vice-president, first Shorinkan 8th dan, founder of Okinawa Shorin-ryu Butokukan, 1991) and the documented teacher of orphan Masanobu Kikuk",node_additions.csv
node_addition,Son Duk-sung (Duk Sung Son) (A0150),"[branch completion] Second head of the Chung Do Kwan (1950-59), founder-president of the World Tae Kwon Do Association in New York and author of Korean Karate: The Art of Tae Kwon Do; named in the task brief and missing from both rosters.",node_additions.csv
node_addition,Stephen Chan (A0106),"[branch completion] Professor of World Politics at SOAS and Seidokan master: 7th dan/Shihan from Shian Toma, 8th dan/Kyoshi from Seiki Toma, 9th dan/Hanshi from Roy Hobbs; pioneered Seidokan in Zambia (1981-85) and founded the Jindokai orga",node_additions.csv
node_addition,Steve Armstrong (A0158),"[branch completion] One of Tatsuo Shimabuku's senior American students (10th dan), founder of the American Okinawan Karate Association and leading US Isshin-ryu pioneer alongside Nagle, Long and Mitchum; named in the task brief. No English",node_additions.csv
node_addition,Steve Watson (A0076),[branch completion] Officially recognised successor of Nishihira Kosei (Australia) per the Wikipedia Nishihira Kosei article.,node_additions.csv
node_addition,T'ung Gee Hsing (A0004),"[island research] Trias's primary claimed teacher (xingyiquan and Shuri karate kempo, Tulagi 1944) and the traditional bridge to Motobu Choki via Kume Mura. No standalone Wikipedia article; covered within the Robert Trias and Shuri-ryu ar",node_additions.csv
node_addition,Tachimura no Peichin (A0018),"[lineage completion] 'Bushi' Tachimura, listed on Wikipedia's Sakugawa Kanga page as a notable student and recorded in the KishimotoDi lineage (ilpracticalkarate.com, karateobsession.com) as Sakugawa Kanga's student, contemporary of Matsumur",node_additions.csv
node_addition,Tadao Okuyama (A0149),"[branch completion] Waseda-era Shotokan instructor documented on Mitsusuke Harada's Wikipedia page as a formative influence on Harada's Shotokai method; dates not reliably documented, edge drawn medium.",node_additions.csv
node_addition,Takaji Shimizu (A0159),[branch completion] 25th headmaster of Shinto Muso-ryu jodo; needed to wire orphan Donn Draeger into the tree and independently documented as jodo teacher of the already-connected Shoji Nishio.,node_additions.csv
node_addition,Takao Miyagi (B0020),"[book:Bishop p.166, 168] Absent from dataset (no Takao Miyagi among the many Miyagis); Motobu-ryu ti practitioner.",node_additions.csv
node_addition,Takashi Shinjo (A0140),"[branch completion] Youngest son of Masanobu Shinjo, vice president of the Shobukan association.",node_additions.csv
node_addition,Takaya Yabiku (A0065),[branch completion] Senior student of Hohan Soken (twenty years) and founder of the Matsusokan branch of Matsumura Seito; blended Gokenki's white crane material into Konan-ryu.,node_additions.csv
node_addition,Takeo Maruta (A0218),"[audit:goju-japan-world] Okinawan carpenter and Goju-ryu practitioner who gave Gogen Yamaguchi his first sustained Goju-ryu instruction (from c. age 14), per both English and Japanese Wikipedia and Noble's biography of Yamaguchi. Essential to re",node_additions.csv
node_addition,Takeshi Shimoda (A0224),"[audit:shotokan] Funakoshi's senior assistant instructor at the early Shotokan, who led university teaching and demonstration tours until his early death (commonly dated 1934, not given in the cited article, so years left blank); Gigo Fu",node_additions.csv
node_addition,Takeshi Uema (A0033),"[branch completion] Third-generation and current head of Shorin-ryu Shubukan, trained by his father Yasuhiro and grandfather Joki Uema.",node_additions.csv
node_addition,Takuya Uemura (A0192),[wave4] Second member of Sakumoto's world-champion Ryuei-ryu team kata trio; documented on Japanese Wikipedia and the JKF site.,node_additions.csv
node_addition,Ten Senshi (B0025),[book:Bishop p.84] Chinese merchant at Tomari who taught Seikichi Hokama a punching technique. Marginal but martially relevant; absent from dataset.,node_additions.csv
node_addition,Terry Maccarrone (A0060),[branch completion] Shihan of the Hegashi (St James) dojo on Long Island within Ueshiro's Shorin-Ryu Karate USA; teacher of Robert Scaglione. Sources: https://www.shorinryu.com/about-hanshi-scaglione,node_additions.csv
node_addition,Tetsu Gima (A0142),[branch completion] Noteworthy student of Eiichi Miyazato and current chief director of the Jundokan.,node_additions.csv
node_addition,Tetsuhiro Hokama (A0123),"[branch completion] 10th dan Hanshi, founder of Goju-ryu Kenshikai and of the world's first karate museum; kobudo student of Matayoshi Shinpo, Goju-ryu student of Seko Higa.",node_additions.csv
node_addition,Tetsuji Nakamura (A0014),"[lineage completion] IOGKF World Chief Instructor since 2012, Higaonna's designated successor. Not in either roster (the Nakamura orphans are unrelated manual entries).",node_additions.csv
node_addition,Theodore Lange (A0075),[branch completion] Officially recognised successor of Nishihira Kosei for Australia; also listed among Hohan Soken's senior students on Wikipedia.,node_additions.csv
node_addition,Tokashiki Iken (A0212),[audit:shorin-matsubayashi] Born 2 June 1938 in Naha; sole certified successor of Nakasone Seiyu's Matsumora-ha Tomari-te and founder of the Gohakukai (1982). Essential to complete the Matsumora>Iha>Nakasone transmission already present in this fil,node_additions.csv
node_addition,Tomosada Kuda (A0067),"[branch completion] Son and successor of Yuichi Kuda; president of the All Okinawa Shorin Ryu Matsumura Karate and Kobudo Association and head of the Kobukan dojo, Urasoe.",node_additions.csv
node_addition,Toshimitsu Arakaki (A0056),"[branch completion] Direct student of Shoshin Nagamine, elected WMKA vice-president after Takayoshi Nagamine's death in 2012, now co-leader of the WMKA. Sources: https://en.wikipedia.org/wiki/Takayoshi_Nagamine, https://en.wikipedia.org/wik",node_additions.csv
node_addition,Tsukasa Mabuni (A0091),"[branch completion] Eldest daughter of Kenzo Mabuni; announced 3rd soke of Seito Shito-ryu in Osaka, July 2005.",node_additions.csv
node_addition,Tsuken Shosoku Oyakata (A0025),"[lineage completion] Chikin (Tsuken) Shosoku Oyakata, bojutsu expert of the Ryukyu court exiled to Tsuken-jima; required as the documented (traditional) teacher of orphan C00626 Tsuken Akachu in the eku-jutsu origin story. No Wikipedia artic",node_additions.csv
node_addition,Tsuneo Kinjo (A0143),[branch completion] Notable student of Eiichi Miyazato and permanent director of the Jundokan.,node_additions.csv
node_addition,Tsunetoshi Iikubo (A0234),"[audit:judo-aikido-koryu] Required for the Iikubo>Kano edge (Kano's Kito-ryu teacher and early Kodokan instructor, awarded Kano the Kito-ryu densho in 1883). Birth year circa 1835 per Kodokan sources.",node_additions.csv
node_addition,Uhm Woon-kyu (A0156),"[branch completion] Long-time head of the Chung Do Kwan and president of the Kukkiwon until 2008, 10th dan and one of the most senior figures in taekwondo history.",node_additions.csv
node_addition,Uhugushiku (A0221),"[audit:okinawa-kenpo-ryute] Needed only as teacher node for the traditional Ryu-te lineage edge to Oyata. Retired palace guard per Oyata's account; died late 1960s per the Ryu-te article, but no independently verifiable dates, so years left blank.",node_additions.csv
node_addition,Ulf Karlsson (A0114),"[branch completion] Foremost KishimotoDi instructor outside Okinawa; first person granted a Shihan licence in the art by Bugeikan head Higa Kiyohiko; based in Sweden, trains at the Bugeikan on near-annual visits and teaches internationally.",node_additions.csv
node_addition,Wakinaguri (A0222),[audit:okinawa-kenpo-ryute] Needed only as teacher node for the traditional Ryu-te lineage edge to Oyata. Bushi of Chinese descent who taught Oyata pressure-point strikes per the cited Wikipedia article; no verifiable dates; historicity rests solel,node_additions.csv
node_addition,Walter Dailey (A0045),[branch completion] American serviceman student of Zenryo Shimabukuro and pioneer of Seibukan Shorin-ryu in the United States (Philadelphia).,node_additions.csv
node_addition,Werner Schenker (A0002),"[island research] Andy Hug's first and formative Kyokushin karate teacher at the Wohlen karate school in Switzerland, explicitly named in Hug's Wikipedia biography. Swiss Kyokushin instructor; no Wikipedia article of his own and no docume",node_additions.csv
node_addition,William H. Price (A0093),[branch completion] Named second soke of Kuniba-ryu Karate-do and Goshindo by Shogo Kuniba on 16 March 1992.,node_additions.csv
node_addition,William J. Dometrich (A0005),"[island research] American Chito-ryu pioneer, direct student of founder Tsuyoshi Chitose from 1952 in Kyushu, founder of the United States Chito-ryu Karate Federation; documented teacher of Vic Moore, giving the island a second, well-docu",node_additions.csv
node_addition,Yamada (of Tomari) (B0018),[book:Bishop p.85] Absent from dataset (existing Yamadas are unrelated). 19th-century Tomari-te figure named by Funakoshi.,node_additions.csv
node_addition,Yang Kuk-jin (A0229),"[audit:korean-arts] Chinese martial-arts master in Manchuria, the only teacher Hwang Kee ever formally acknowledged; essential to anchor the new Yang Kuk-jin>Hwang Kee edge (Moo Duk Kwan lineage root). Dates not recorded in any reliable sou",node_additions.csv
node_addition,Yasuhiro Chitose (A0169),"[wave4] Son of Tsuyoshi Chitose; trained under his father from early childhood and became 2nd generation Soke of Chito-ryu in August 1984, taking his father's name (Tsuyoshi Chitose II). Sources: https://en.wikipedia.org/wiki/Ts",node_additions.csv
node_addition,Yasuhiro Uema (A0032),"[branch completion] Second-generation head of Shorin-ryu Shubukan, son and student of founder Joki Uema, chairman of Okinawa Shubukan.",node_additions.csv
node_addition,Yasunari Ishimi (A0204),"[island anchor] Pioneer of Shito-ryu in Spain (arrived 1969), founded Spanish Shito-ryu Association 1970, national coach of Spanish Karate Federation; student of Kenei Mabuni per en-wiki; teacher of national kata coach Jesus del Moral",node_additions.csv
node_addition,Yasushi Matayoshi (A0124),[branch completion] Only son of Matayoshi Shinpo; soke/spiritual head of the Matayoshi Kodokan since 1997 (succession rather than practising student).,node_additions.csv
node_addition,Yoon Byung-in (A0154),"[branch completion] Founder of the YMCA Kwon Bop Bu (1946), forerunner of the Chang Moo Kwan; brought Shudokan karate and Manchurian chuan-fa to Korea.",node_additions.csv
node_addition,Yoshiaki Ajari (A0097),"[branch completion] Otsuka's student at Meiji University who pioneered Wado-ryu on the US West Coast from 1957, founded the US Wadokai Karatedo Federation, and made the 1965 legacy films with Otsuka. Named in the Wado-ryu Wikipedia article",node_additions.csv
node_addition,Yoshihide Shinzato (A0041),[branch completion] Listed on Wikipedia's Chibana Choshin page among his notable students; pioneer of Kobayashi Shorin-ryu in Brazil.,node_additions.csv
node_addition,Yoshihiro Miyazato (A0141),[branch completion] Son of Eiichi Miyazato and current Kancho of the Jundokan So-Honbu in Naha.,node_additions.csv
node_addition,Yoshimatsu Akamine (A0214),"[audit:matsumura-seito] Essential Okinawan gap in a domain otherwise dominated by Western students: 22-year direct student of Hohan Soken (1959-1982), shihan certificate from Soken (1980), and current head of the Shorin-ryu Matsumura Seito Kara",node_additions.csv
node_addition,Yoshimi Inoue (A0026),"[lineage completion] Founder of Inoue-ha Shito-ryu Keishin-kai (2004), legendary Japan national kata coach; needed to wire Rika Usami (Q11449100) into the tree via Teruo Hayashi's Hayashi-ha line. Sources: http://findingkarate.com/wordpress/",node_additions.csv
node_addition,Yoshinobu Ohta (A0196),[wave4] Keinosuke Enoeda's assistant at JKA England from 1982 and his successor as JKA England chief instructor from 2003; continues the Enoeda line in the UK.,node_additions.csv
node_addition,Yoshitaka Taira (A0055),"[branch completion] Hanshi 10th dan, direct student of Shoshin Nagamine, WMKA president since 2012 and head of the Kodokan Taira honbu dojo in Urasoe; also president of the Okinawa Prefecture Karatedo Association. Sources: http://matsubayas",node_additions.csv
node_addition,Yuichi Kuda (A0066),[branch completion] Student of Shigeru Nakamura (Okinawan Kenpo) then Hohan Soken; founded Matsumura Kenpo Shorin-ryu Karate Kobudo Association.,node_additions.csv
node_addition,Yukio Kuniyoshi (A0119),[branch completion] Senior student of Eisuke Akamine and current (4th) president of the Ryukyu Kobudo Hozon Shinkokai.,node_additions.csv
node_addition,Yun Kwae-byung (A0152),"[branch completion] First president of the Jidokwan and head of the Kanbukan dojo in Japan, a pioneer of full-contact bogu karate; named in the task brief.",node_additions.csv
node_addition,Yuzo Tamotsu (A0048),"[branch completion] Third Soke (Sandaime) and current Grand Master of Shorinji-ryu Renshinkan, 10th degree black belt.",node_additions.csv
node_addition,Zenei Oshiro (A0122),"[branch completion] Student of Matayoshi Shinpo; 9th dan kobudo and Goju-ryu, head of Matayoshi kobudo in Europe (Academie Internationale de Kobudo d'Okinawa, France).",node_additions.csv
node_addition,Zeng Si (A0186),"[wave4] Yongchun native, accepted as Fang Qiniang's student and later her husband; transmitted White Crane to Yongchun. Kangxi era. Needed for the documented Fang Qiniang succession.",node_additions.csv
node_addition,Zenji Shimabukuro (A0043),[branch completion] Nephew of founder Zenryo Shimabukuro and one of his core students; senior figure of Seibukan named on Zenryo's Wikipedia page.,node_additions.csv
node_addition,Zenshun Shimabukuro (A0042),"[branch completion] Eldest son of Zenpo Shimabukuro, instructor at the Seibukan Hombu Dojo and Ozato Dojo, designated next head of Shorin-ryu Seibukan.",node_additions.csv
node_addition,Zheng Bugong (A0190),"[wave4] Huzunquan (Tiger fist) practitioner named by zh-wiki as the teacher Uechi Kanbun sought out, through whom Tiger fist reached Okinawa and became Uechi-ryu; an alternative account to the Zhou Zihe tradition. Late Qing.",node_additions.csv
node_addition,Zheng Li (A0187),"[wave4] One of the 前五虎 (Former Five Tigers) of the first Yongchun disciple generation; credited by zh-wiki with spreading White Crane across Fujian, and named as the lineage source of Fuzhou Minghe founder-ancestor Lin Shixian.",node_additions.csv
style_assignment,Ahagon Naonobu += shorin-ryu-reihokan,[taxonomy:shorin-ryu-tree/confirmed] Founder of the Reihokan branch of Kobayashi Shorin-ryu.,style_assignments.csv
style_assignment,Akahige Kojo += kojo-ryu,"[taxonomy:kobudo + uechi-ryu + remaining trees (ryuei-ryu, kojo-ryu, toon-ryu, motobu, kishimoto-di, bugeikan, genseiryu/taido)/plausible] Kojō family member ('Akahige', the red-bearded doctor) in the family transmission.",style_assignments.csv
style_assignment,Antonio Diaz += inoue-ha-shito-ryu,[taxonomy:shito-ryu/confirmed] Student of Yoshimi Inoue; 2012 world kata champion and one of the three students who promoted Inoue-ha Shito-ryu after Inoue's death.,style_assignments.csv
style_assignment,Arcenio James Advincula += isshin-ryu-kobudo,"[taxonomy:kobudo + uechi-ryu + remaining trees (ryuei-ryu, kojo-ryu, toon-ryu, motobu, kishimoto-di, bugeikan, genseiryu/taido)/confirmed] Direct student of Shimabuku Tatsuo and leading authority on Isshin-ryū weapons (roster tags isshin-ry",style_assignments.csv
style_assignment,Bakkies Laubscher += iogkf,"[taxonomy:Goju-ryu complete tree (Okinawan branches, Japanese Goju-kai and its offshoots)/confirmed] Long-serving IOGKF senior instructor and Vice Chief Instructor (South Africa).",style_assignments.csv
style_assignment,Bill Bressaw += kimura-shukokai,[taxonomy:shito-ryu/confirmed] One of the four senior Kimura students (spelled Breslaw in Wikipedia) who lead Kimura Shukokai International.,style_assignments.csv
style_assignment,Byung Jick Ro += song-moo-kwan,"[taxonomy:Mainland Japanese + Korean trees (Shotokan, Wado, Chito, Shudokan group, Shindo Jinen-ryu, Kushin-ryu, Koei-kan, Kyokushin tree, Taekwondo kwans, ITF/Kukkiwon, Tang Soo Do/Soo Bahk Do)/confirmed] Founder of the Song Moo Kwan (1944",style_assignments.csv
style_assignment,Choi Chang-keun += itf-taekwondo,"[taxonomy:Mainland Japanese + Korean trees (Shotokan, Wado, Chito, Shudokan group, Shindo Jinen-ryu, Kushin-ryu, Koei-kan, Kyokushin tree, Taekwondo kwans, ITF/Kukkiwon, Tang Soo Do/Soo Bahk Do)/confirmed] Original ITF master",style_assignments.csv
style_assignment,Choi Hong-hi += itf-taekwondo,"[taxonomy:Mainland Japanese + Korean trees (Shotokan, Wado, Chito, Shudokan group, Shindo Jinen-ryu, Kushin-ryu, Koei-kan, Kyokushin tree, Taekwondo kwans, ITF/Kukkiwon, Tang Soo Do/Soo Bahk Do)/confirmed] Founder of the International Taekw",style_assignments.csv
style_assignment,Choi Hong-hi += oh-do-kwan,"[taxonomy:Mainland Japanese + Korean trees (Shotokan, Wado, Chito, Shudokan group, Shindo Jinen-ryu, Kushin-ryu, Koei-kan, Kyokushin tree, Taekwondo kwans, ITF/Kukkiwon, Tang Soo Do/Soo Bahk Do)/confirmed] Co-founder of the army Oh Do Kwan",style_assignments.csv
style_assignment,Chris Thompson += kimura-shukokai,[taxonomy:shito-ryu/confirmed] One of the four senior Kimura students who lead Kimura Shukokai International.,style_assignments.csv
style_assignment,Chun Sang-sup += ji-do-kwan,"[taxonomy:Mainland Japanese + Korean trees (Shotokan, Wado, Chito, Shudokan group, Shindo Jinen-ryu, Kushin-ryu, Koei-kan, Kyokushin tree, Taekwondo kwans, ITF/Kukkiwon, Tang Soo Do/Soo Bahk Do)/confirmed] Founder of the Chosun Yun Mu Kwan",style_assignments.csv
style_assignment,Dan Inosanto += american-kenpo,"[taxonomy:kenpo + international trees (kenpo family, American karate offshoots, Nanbu styles)/confirmed] Named among Ed Parker's notable students; earned his kenpo black belt under Parker before joining Bruce Lee. Upgrades generic roster ta",style_assignments.csv
style_assignment,Eddie Daniels += kimura-shukokai,[taxonomy:shito-ryu/confirmed] One of the four senior Kimura students (Great Britain) who lead Kimura Shukokai International.,style_assignments.csv
style_assignment,Eisuke Akamine += ryukyu-kobudo-akamine,"[taxonomy:kobudo + uechi-ryu + remaining trees (ryuei-ryu, kojo-ryu, toon-ryu, motobu, kishimoto-di, bugeikan, genseiryu/taido)/confirmed] Taira's named successor and second president of the Hozon Shinkō Kai; built the Shinbukan dōjō (1971)",style_assignments.csv
style_assignment,Elvis Presley += american-kenpo,"[taxonomy:kenpo + international trees (kenpo family, American karate offshoots, Nanbu styles)/confirmed] Trained under Ed Parker and is listed among notable American Kenpo practitioners; Parker awarded him black-belt rank. Upgrades generic",style_assignments.csv
style_assignment,Fumio Demura += genbu-kai,[taxonomy:shito-ryu/confirmed] Trained under Ryusho Sakagami (Itosu-kai) from 1952; founded Shito-ryu Karate-do Genbu-kai International c. 1999 and led it until his death in 2023.,style_assignments.csv
style_assignment,Genzo Iwata += shito-kai,[taxonomy:shito-ryu/confirmed] Son of Manzo Iwata; current president (kaicho) of the World Shito-ryu Karatedo Federation / Shito-kai.,style_assignments.csv
style_assignment,George Mattson += uechi-ryu,"[taxonomy:kobudo + uechi-ryu + remaining trees (ryuei-ryu, kojo-ryu, toon-ryu, motobu, kishimoto-di, bugeikan, genseiryu/taido)/confirmed] First American Uechi-ryū black belt; introduced the style to the United States (1958); currently tagg",style_assignments.csv
style_assignment,Gosei Yamaguchi += goju-kai-usa,"[taxonomy:Goju-ryu complete tree (Okinawan branches, Japanese Goju-kai and its offshoots)/confirmed] Eldest son of Gogen Yamaguchi; arrived in San Francisco in 1964 and formally established Gōjū-Kai Karate-dō USA (1965).",style_assignments.csv
style_assignment,Goshi Yamaguchi += goju-kai,"[taxonomy:Goju-ryu complete tree (Okinawan branches, Japanese Goju-kai and its offshoots)/confirmed] Son of Gogen Yamaguchi; president of the International Karate-dō Gōjū-kai Association (IKGA).",style_assignments.csv
style_assignment,Han Cha-kyo += itf-taekwondo,"[taxonomy:Mainland Japanese + Korean trees (Shotokan, Wado, Chito, Shudokan group, Shindo Jinen-ryu, Kushin-ryu, Koei-kan, Kyokushin tree, Taekwondo kwans, ITF/Kukkiwon, Tang Soo Do/Soo Bahk Do)/confirmed] One of the original ITF masters",style_assignments.csv
style_assignment,Haruyoshi Yamada += yamada-ha-shito-ryu-shukokai,[taxonomy:shito-ryu/confirmed] Selected inaugural head of the Shito-ryu Shukokai Karate-do Union on 28 June 1998; now 10th dan soke of the Yamada-ha Shukokai World Union.,style_assignments.csv
style_assignment,Hidemi Tamayose += ryukyu-kobudo-tesshinkan,"[taxonomy:kobudo + uechi-ryu + remaining trees (ryuei-ryu, kojo-ryu, toon-ryu, motobu, kishimoto-di, bugeikan, genseiryu/taido)/confirmed] Senior student of Akamine Eisuke; founded the Ryūkyū Kobudō Tesshinkan in May 1999 with Akamine's per",style_assignments.csv
style_assignment,Higa Yuchoku += shorin-ryu-kyudokan,"[taxonomy:shorin-ryu-tree/confirmed] Founder of the Kyudokan dojo (Naha, 1947), Kobayashi line under Chibana.",style_assignments.csv
style_assignment,Hiroshi Akamine += ryukyu-kobudo-akamine,"[taxonomy:kobudo + uechi-ryu + remaining trees (ryuei-ryu, kojo-ryu, toon-ryu, motobu, kishimoto-di, bugeikan, genseiryu/taido)/confirmed] Son of Eisuke Akamine; led the Hozon Shinkō Kai until 2011, then formed the Ryūkyū Kobudō Shimbukan a",style_assignments.csv
style_assignment,Hohan Soken += matsumura-seito,"[taxonomy:shorin-ryu-tree/confirmed] Head of Matsumura Seito (orthodox) Shorin-ryu, inherited the Matsumura family tradition from Nabe Matsumura.",style_assignments.csv
style_assignment,Hong Jong-pyo += kang-duk-won,"[taxonomy:Mainland Japanese + Korean trees (Shotokan, Wado, Chito, Shudokan group, Shindo Jinen-ryu, Kushin-ryu, Koei-kan, Kyokushin tree, Taekwondo kwans, ITF/Kukkiwon, Tang Soo Do/Soo Bahk Do)/confirmed] Co-founder of the Kang Duk Won (19",style_assignments.csv
style_assignment,Hwang Kee += moo-duk-kwan,"[taxonomy:Mainland Japanese + Korean trees (Shotokan, Wado, Chito, Shudokan group, Shindo Jinen-ryu, Kushin-ryu, Koei-kan, Kyokushin tree, Taekwondo kwans, ITF/Kukkiwon, Tang Soo Do/Soo Bahk Do)/confirmed] Founder of the Moo Duk Kwan (1945)",style_assignments.csv
style_assignment,Isao Kise += kenshinkan,[taxonomy:shorin-ryu-tree/confirmed] Son of Fusei Kise and current head of the Kenshin-kan federation; more precise than his current matsumura-seito tag.,style_assignments.csv
style_assignment,Isei Kojo += kojo-ryu,"[taxonomy:kobudo + uechi-ryu + remaining trees (ryuei-ryu, kojo-ryu, toon-ryu, motobu, kishimoto-di, bugeikan, genseiryu/taido)/plausible] Kojō family head in the 19th-century transmission of the family style.",style_assignments.csv
style_assignment,Jay T Will += tracy-kenpo,"[taxonomy:kenpo + international trees (kenpo family, American karate offshoots, Nanbu styles)/confirmed] Trained under Ed Parker and Al Tracy in American Kenpo; promoted to 8th-degree black belt by Al Tracy. Upgrades generic roster tag kenp",style_assignments.csv
style_assignment,Jhoon Rhee += chung-do-kwan,"[taxonomy:Mainland Japanese + Korean trees (Shotokan, Wado, Chito, Shudokan group, Shindo Jinen-ryu, Kushin-ryu, Koei-kan, Kyokushin tree, Taekwondo kwans, ITF/Kukkiwon, Tang Soo Do/Soo Bahk Do)/confirmed] Trained in the Chung Do Kwan in Ko",style_assignments.csv
style_assignment,Kafu Kojo += kojo-ryu,"[taxonomy:kobudo + uechi-ryu + remaining trees (ryuei-ryu, kojo-ryu, toon-ryu, motobu, kishimoto-di, bugeikan, genseiryu/taido)/confirmed] Son of Saikyō (1910–1996); last head of the family style.",style_assignments.csv
style_assignment,Kaho Kojo += kojo-ryu,"[taxonomy:kobudo + uechi-ryu + remaining trees (ryuei-ryu, kojo-ryu, toon-ryu, motobu, kishimoto-di, bugeikan, genseiryu/taido)/confirmed] Fourth-generation head (1849–1925); introduced the Tenkan, Kūkan and Chikan kata that define the styl",style_assignments.csv
style_assignment,Kanmei Uechi += uechi-ryu,"[taxonomy:kobudo + uechi-ryu + remaining trees (ryuei-ryu, kojo-ryu, toon-ryu, motobu, kishimoto-di, bugeikan, genseiryu/taido)/confirmed] Son of Uechi Kanei; president of the Uechi-ryū Karate-dō Association (Sōke Shūbukai) after the 1991 s",style_assignments.csv
style_assignment,Kansei Uechi += uechi-ryu,"[taxonomy:kobudo + uechi-ryu + remaining trees (ryuei-ryu, kojo-ryu, toon-ryu, motobu, kishimoto-di, bugeikan, genseiryu/taido)/confirmed] Uechi family instructor in the Wakayama/Kansai line per Uechi family histories; currently tagged only",style_assignments.csv
style_assignment,Katsumi Murakami += toon-ryu,"[taxonomy:kobudo + uechi-ryu + remaining trees (ryuei-ryu, kojo-ryu, toon-ryu, motobu, kishimoto-di, bugeikan, genseiryu/taido)/confirmed] Student of Kyoda Jūhatsu who carried the tradition in his Fukuoka branch; currently tagged only karat",style_assignments.csv
style_assignment,Kenchu Nakaima += ryuei-ryu,"[taxonomy:kobudo + uechi-ryu + remaining trees (ryuei-ryu, kojo-ryu, toon-ryu, motobu, kishimoto-di, bugeikan, genseiryu/taido)/confirmed] Son of Norisato; second-generation family transmission in secret.",style_assignments.csv
style_assignment,Kenji Kurosaki += goju-kai,"[taxonomy:Goju-ryu complete tree (Okinawan branches, Japanese Goju-kai and its offshoots)/confirmed] Trained in Gōjū-ryū under So Nei-chu within the Yamaguchi Gōjū-kai line before co-founding Kyokushin.",style_assignments.csv
style_assignment,Kenji Nakaima += ryuei-ryu,"[taxonomy:kobudo + uechi-ryu + remaining trees (ryuei-ryu, kojo-ryu, toon-ryu, motobu, kishimoto-di, bugeikan, genseiryu/taido)/confirmed] Son of Kenkō and fourth-generation head of the Nakaima family line.",style_assignments.csv
style_assignment,Kenko Nakaima += ryuei-ryu,"[taxonomy:kobudo + uechi-ryu + remaining trees (ryuei-ryu, kojo-ryu, toon-ryu, motobu, kishimoto-di, bugeikan, genseiryu/taido)/confirmed] Third-generation head; made the family style public in 1971 and founded the Ryūei-ryū Preservation So",style_assignments.csv
style_assignment,Kenyu Chinen += matayoshi-kobudo,"[taxonomy:kobudo + uechi-ryu + remaining trees (ryuei-ryu, kojo-ryu, toon-ryu, motobu, kishimoto-di, bugeikan, genseiryu/taido)/confirmed] Studied kobudō under Matayoshi Shinpō from 1963; founded the World Oshukai Federation spreading Matay",style_assignments.csv
style_assignment,Kenzo Mabuni += seito-shito-ryu,[taxonomy:shito-ryu/confirmed] Second son of Kenwa Mabuni; inherited the Osaka dojo and Nippon Karate-do Kai in 1952 and led the orthodox (Seito) line until 2005.,style_assignments.csv
style_assignment,Kisho Inoue += ryukyu-kobujutsu-hozon-shinko-kai,"[taxonomy:kobudo + uechi-ryu + remaining trees (ryuei-ryu, kojo-ryu, toon-ryu, motobu, kishimoto-di, bugeikan, genseiryu/taido)/confirmed] Son of Inoue Motokatsu and his successor as head of the Ryūkyū Kobujutsu Hozon Shinkō Kai / Yuishinka",style_assignments.csv
style_assignment,Kiyohide Shinjo += uechi-ryu-kenyukai,"[taxonomy:kobudo + uechi-ryu + remaining trees (ryuei-ryu, kojo-ryu, toon-ryu, motobu, kishimoto-di, bugeikan, genseiryu/taido)/confirmed] Founded the Kenyūkai in 1981 in his father Seiyū's memory and heads the International Kenyūkai Associ",style_assignments.csv
style_assignment,Kiyohiko Higa += bugeikan,"[taxonomy:kobudo + uechi-ryu + remaining trees (ryuei-ryu, kojo-ryu, toon-ryu, motobu, kishimoto-di, bugeikan, genseiryu/taido)/confirmed] Current head of the Bugeikan, son of founder Higa Seitoku.",style_assignments.csv
style_assignment,Kiyohiko Higa += kishimoto-di,"[taxonomy:kobudo + uechi-ryu + remaining trees (ryuei-ryu, kojo-ryu, toon-ryu, motobu, kishimoto-di, bugeikan, genseiryu/taido)/confirmed] Son of Higa Seitoku; continues passing on the KishimotoDī system at the Bugeikan.",style_assignments.csv
style_assignment,Kojo PECHIN += kojo-ryu,"[taxonomy:kobudo + uechi-ryu + remaining trees (ryuei-ryu, kojo-ryu, toon-ryu, motobu, kishimoto-di, bugeikan, genseiryu/taido)/plausible] Kojō family lineage figure in the Kumemura family-art genealogy.",style_assignments.csv
style_assignment,Kojo UEKATA += kojo-ryu,"[taxonomy:kobudo + uechi-ryu + remaining trees (ryuei-ryu, kojo-ryu, toon-ryu, motobu, kishimoto-di, bugeikan, genseiryu/taido)/confirmed] Kojō Uēkata (Cai Zhaogong, 1656–1737), founder figure of the Kojō family art of Kumemura.",style_assignments.csv
style_assignment,Kong Young-il += itf-taekwondo,"[taxonomy:Mainland Japanese + Korean trees (Shotokan, Wado, Chito, Shudokan group, Shindo Jinen-ryu, Kushin-ryu, Koei-kan, Kyokushin tree, Taekwondo kwans, ITF/Kukkiwon, Tang Soo Do/Soo Bahk Do)/confirmed] Original ITF master",style_assignments.csv
style_assignment,Kozo Kuniba += kuniba-ha,"[taxonomy:shito-ryu/confirmed] Son of Shogo Kuniba; co-heads Nihon Karate-do Kuniba-kai (established 1999), the home organisation of Motobu-ha/Kuniba-ha Shito-ryu.",style_assignments.csv
style_assignment,Lee Chong-woo += ji-do-kwan,"[taxonomy:Mainland Japanese + Korean trees (Shotokan, Wado, Chito, Shudokan group, Shindo Jinen-ryu, Kushin-ryu, Koei-kan, Kyokushin tree, Taekwondo kwans, ITF/Kukkiwon, Tang Soo Do/Soo Bahk Do)/confirmed] Senior Jidokwan leader",style_assignments.csv
style_assignment,Lee Chong-woo += kukki-taekwondo,"[taxonomy:Mainland Japanese + Korean trees (Shotokan, Wado, Chito, Shudokan group, Shindo Jinen-ryu, Kushin-ryu, Koei-kan, Kyokushin tree, Taekwondo kwans, ITF/Kukkiwon, Tang Soo Do/Soo Bahk Do)/confirmed] Senior Kukkiwon figure (vice-presi",style_assignments.csv
style_assignment,Lee Kyo-yoon += han-moo-kwan,"[taxonomy:Mainland Japanese + Korean trees (Shotokan, Wado, Chito, Shudokan group, Shindo Jinen-ryu, Kushin-ryu, Koei-kan, Kyokushin tree, Taekwondo kwans, ITF/Kukkiwon, Tang Soo Do/Soo Bahk Do)/confirmed] Founder of the Han Moo Kwan (1954)",style_assignments.csv
style_assignment,Lee Nam-suk += chang-moo-kwan,"[taxonomy:Mainland Japanese + Korean trees (Shotokan, Wado, Chito, Shudokan group, Shindo Jinen-ryu, Kushin-ryu, Koei-kan, Kyokushin tree, Taekwondo kwans, ITF/Kukkiwon, Tang Soo Do/Soo Bahk Do)/confirmed] Second head of the Chang Moo Kwan",style_assignments.csv
style_assignment,Lee Yong-woo += jung-do-kwan,"[taxonomy:Mainland Japanese + Korean trees (Shotokan, Wado, Chito, Shudokan group, Shindo Jinen-ryu, Kushin-ryu, Koei-kan, Kyokushin tree, Taekwondo kwans, ITF/Kukkiwon, Tang Soo Do/Soo Bahk Do)/confirmed] Founder of the Jung Do Kwan (1956,",style_assignments.csv
style_assignment,Leona Pettas += shinkyokushin,"[taxonomy:Mainland Japanese + Korean trees (Shotokan, Wado, Chito, Shudokan group, Shindo Jinen-ryu, Kushin-ryu, Koei-kan, Kyokushin tree, Taekwondo kwans, ITF/Kukkiwon, Tang Soo Do/Soo Bahk Do)/confirmed] WKO Shinkyokushin world champion (",style_assignments.csv
style_assignment,Lionel Marinus += kimura-shukokai,[taxonomy:shito-ryu/confirmed] One of the four senior Kimura students (South Africa) who lead Kimura Shukokai International.,style_assignments.csv
style_assignment,Mabuni Kenei += shito-kai,[taxonomy:shito-ryu/confirmed] President of the West Japan (Nishi-Nihon) headquarters from 1960 and co-leader of the unified All Japan Karatedo Shito-kai from 1964.,style_assignments.csv
style_assignment,Mamoru Nakamoto += bunbukan,"[taxonomy:kobudo + uechi-ryu + remaining trees (ryuei-ryu, kojo-ryu, toon-ryu, motobu, kishimoto-di, bugeikan, genseiryu/taido)/plausible] Son of Nakamoto Masahiro and successor at the Bunbukan honbu in Shuri, per Bunbukan organisation mate",style_assignments.csv
style_assignment,Manzo Iwata += shito-kai,[taxonomy:shito-ryu/confirmed] Led the East Japan (Higashi-Nihon) headquarters from 1960 and co-founded the unified All Japan Karatedo Shito-kai in 1964; later its president.,style_assignments.csv
style_assignment,Mas Oyama += goju-kai,"[taxonomy:Goju-ryu complete tree (Okinawan branches, Japanese Goju-kai and its offshoots)/plausible] Studied Gōjū-ryū under So Nei Chu in the Japanese Gōjū line before founding Kyokushin.",style_assignments.csv
style_assignment,Masahiro Nakamoto += bunbukan,"[taxonomy:kobudo + uechi-ryu + remaining trees (ryuei-ryu, kojo-ryu, toon-ryu, motobu, kishimoto-di, bugeikan, genseiryu/taido)/confirmed] Founder and chairman of the Okinawa Dentō Kobudō Hozonkai Bunbukan; studied Shōrin-ryū under Chibana",style_assignments.csv
style_assignment,Masanobu Kikukawa += kobayashi-shorin-ryu,[taxonomy:shorin-ryu-tree/plausible] Chairman of Shorin-ryu Shinkokai; Kobayashi lineage via Sokuichi Gibu and Seiki Toma.,style_assignments.csv
style_assignment,Matayoshi Shinpo += kingai-ryu,"[taxonomy:kobudo + uechi-ryu + remaining trees (ryuei-ryu, kojo-ryu, toon-ryu, motobu, kishimoto-di, bugeikan, genseiryu/taido)/confirmed] Inherited and transmitted Kingai-ryū within the Matayoshi family curriculum.",style_assignments.csv
style_assignment,Miyuki Miura += world-oyama,"[taxonomy:Mainland Japanese + Korean trees (Shotokan, Wado, Chito, Shudokan group, Shindo Jinen-ryu, Kushin-ryu, Koei-kan, Kyokushin tree, Taekwondo kwans, ITF/Kukkiwon, Tang Soo Do/Soo Bahk Do)/confirmed] Co-founded World Oyama Karate with",style_assignments.csv
style_assignment,Moden Yabiku += ryukyu-kobudo,"[taxonomy:kobudo + uechi-ryu + remaining trees (ryuei-ryu, kojo-ryu, toon-ryu, motobu, kishimoto-di, bugeikan, genseiryu/taido)/confirmed] Taira Shinken's kobudō teacher; founded the predecessor Ryūkyū Kobujutsu Kenkyūkai (1911) that Taira'",style_assignments.csv
style_assignment,Morio Higaonna += iogkf,"[taxonomy:Goju-ryu complete tree (Okinawan branches, Japanese Goju-kai and its offshoots)/confirmed] Founded the International Okinawan Gōjū-ryū Karate-dō Federation in 1979 after training at the Jundōkan under An'ichi Miyagi.",style_assignments.csv
style_assignment,Motokatsu Inoue += ryukyu-kobujutsu-hozon-shinko-kai,"[taxonomy:kobudo + uechi-ryu + remaining trees (ryuei-ryu, kojo-ryu, toon-ryu, motobu, kishimoto-di, bugeikan, genseiryu/taido)/confirmed] Received the first hanshi diploma from Taira Shinken; headed the Ryūkyū Kobujutsu Hozon Shinkō Kai in",style_assignments.csv
style_assignment,Nam Tae-hi += itf-taekwondo,"[taxonomy:Mainland Japanese + Korean trees (Shotokan, Wado, Chito, Shudokan group, Shindo Jinen-ryu, Kushin-ryu, Koei-kan, Kyokushin tree, Taekwondo kwans, ITF/Kukkiwon, Tang Soo Do/Soo Bahk Do)/confirmed] ITF founding pioneer",style_assignments.csv
style_assignment,Nam Tae-hi += oh-do-kwan,"[taxonomy:Mainland Japanese + Korean trees (Shotokan, Wado, Chito, Shudokan group, Shindo Jinen-ryu, Kushin-ryu, Koei-kan, Kyokushin tree, Taekwondo kwans, ITF/Kukkiwon, Tang Soo Do/Soo Bahk Do)/confirmed] Co-founder of the Oh Do Kwan with",style_assignments.csv
style_assignment,Norisato Nakaima += ryuei-ryu,"[taxonomy:kobudo + uechi-ryu + remaining trees (ryuei-ryu, kojo-ryu, toon-ryu, motobu, kishimoto-di, bugeikan, genseiryu/taido)/confirmed] Brought the art from Ryū Ryū Ko in Fuzhou to Okinawa (c. 1870s); first-generation family head.",style_assignments.csv
style_assignment,Park Chul-hee += kang-duk-won,"[taxonomy:Mainland Japanese + Korean trees (Shotokan, Wado, Chito, Shudokan group, Shindo Jinen-ryu, Kushin-ryu, Koei-kan, Kyokushin tree, Taekwondo kwans, ITF/Kukkiwon, Tang Soo Do/Soo Bahk Do)/confirmed] Co-founder of the Kang Duk Won (19",style_assignments.csv
style_assignment,Park Jong-soo += itf-taekwondo,"[taxonomy:Mainland Japanese + Korean trees (Shotokan, Wado, Chito, Shudokan group, Shindo Jinen-ryu, Kushin-ryu, Koei-kan, Kyokushin tree, Taekwondo kwans, ITF/Kukkiwon, Tang Soo Do/Soo Bahk Do)/confirmed] Original ITF master, pioneer in Ca",style_assignments.csv
style_assignment,Park Jung-tae += itf-taekwondo,"[taxonomy:Mainland Japanese + Korean trees (Shotokan, Wado, Chito, Shudokan group, Shindo Jinen-ryu, Kushin-ryu, Koei-kan, Kyokushin tree, Taekwondo kwans, ITF/Kukkiwon, Tang Soo Do/Soo Bahk Do)/confirmed] Senior ITF master (later founded t",style_assignments.csv
style_assignment,Peter Urban += usa-goju,"[taxonomy:Goju-ryu complete tree (Okinawan branches, Japanese Goju-kai and its offshoots)/confirmed] Yamaguchi student who broke away and founded USA Gōjū (American Gōjū) in New York, opening the Chinatown Dojo in 1967.",style_assignments.csv
style_assignment,Rhee Ki-ha += itf-taekwondo,"[taxonomy:Mainland Japanese + Korean trees (Shotokan, Wado, Chito, Shudokan group, Shindo Jinen-ryu, Kushin-ryu, Koei-kan, Kyokushin tree, Taekwondo kwans, ITF/Kukkiwon, Tang Soo Do/Soo Bahk Do)/confirmed] ITF pioneer, father of British tae",style_assignments.csv
style_assignment,Rika Usami += inoue-ha-shito-ryu,[taxonomy:shito-ryu/confirmed] Trained under Yoshimi Inoue from 2005; world kata champion 2012 and one of the three students who promoted Inoue-ha worldwide after his death.,style_assignments.csv
style_assignment,Ron van Clief += chinese-goju,"[taxonomy:Goju-ryu complete tree (Okinawan branches, Japanese Goju-kai and its offshoots)/confirmed] Student of Peter Urban and Frank Ruiz; founded the Chinese Gōjū system on 25 January 1971.",style_assignments.csv
style_assignment,Roy J. Hobbs += shobayashi-shorin-ryu,[taxonomy:shorin-ryu-tree/confirmed] Trained in the Eizo Shimabukuro Shobayashi line per roster tags; also leads Dentokan (Seidokan lineage).,style_assignments.csv
style_assignment,Ryo Kiyuna += ryuei-ryu,"[taxonomy:kobudo + uechi-ryu + remaining trees (ryuei-ryu, kojo-ryu, toon-ryu, motobu, kishimoto-di, bugeikan, genseiryu/taido)/confirmed] Olympic kata champion; Ryūei-ryū practitioner and student of Sakumoto Tsuguo; currently tagged only g",style_assignments.csv
style_assignment,Ryuko Tomoyose += shohei-ryu,"[taxonomy:kobudo + uechi-ryu + remaining trees (ryuei-ryu, kojo-ryu, toon-ryu, motobu, kishimoto-di, bugeikan, genseiryu/taido)/confirmed] Son of Tomoyose Ryūyū and teacher of Mattson; leading founder-figure of Okikukai after Uechi Kanei's",style_assignments.csv
style_assignment,Ryusho Sakagami += itosu-ryu,[taxonomy:shito-ryu/confirmed] 3rd soke of Itosu-ha from 1952; renamed his line Itosu-ryu in 1969 under the Japan Karatedo Itosu-kai.,style_assignments.csv
style_assignment,Ryuyu Tomoyose += uechi-ryu,"[taxonomy:kobudo + uechi-ryu + remaining trees (ryuei-ryu, kojo-ryu, toon-ryu, motobu, kishimoto-di, bugeikan, genseiryu/taido)/confirmed] Kanbun Uechi's first and senior student in Wakayama, who persuaded him to teach publicly.",style_assignments.csv
style_assignment,Saikyo Kojo += kojo-ryu,"[taxonomy:kobudo + uechi-ryu + remaining trees (ryuei-ryu, kojo-ryu, toon-ryu, motobu, kishimoto-di, bugeikan, genseiryu/taido)/confirmed] Grandson of Kaho (1873–1941); integrated other Okinawan methods and sai-jutsu into the family style.",style_assignments.csv
style_assignment,Sanda Chinen += yamanni-ryu,"[taxonomy:kobudo + uechi-ryu + remaining trees (ryuei-ryu, kojo-ryu, toon-ryu, motobu, kishimoto-di, bugeikan, genseiryu/taido)/confirmed] 'Yamane Usumei'; introduced the style's hallmark bouncing bō motion, and the style is named after him",style_assignments.csv
style_assignment,Sanda Kanagusuku += ufuchiku-kobujutsu,"[taxonomy:kobudo + uechi-ryu + remaining trees (ryuei-ryu, kojo-ryu, toon-ryu, motobu, kishimoto-di, bugeikan, genseiryu/taido)/confirmed] Founder of Ufuchiku kobudō (1841–1921); police commissioner ('ufuchiku'), hence the style name.",style_assignments.csv
style_assignment,Seiken Shukumine += genseiryu,"[taxonomy:kobudo + uechi-ryu + remaining trees (ryuei-ryu, kojo-ryu, toon-ryu, motobu, kishimoto-di, bugeikan, genseiryu/taido)/confirmed] Founder of Genseiryū (name first used 1953), built on his training under Sadoyama and Kishimoto Sōkō;",style_assignments.csv
style_assignment,Seiki Itokazu += konan-ryu,"[taxonomy:kobudo + uechi-ryu + remaining trees (ryuei-ryu, kojo-ryu, toon-ryu, motobu, kishimoto-di, bugeikan, genseiryu/taido)/confirmed] Led the 1978 breakaway (initially Pangainoon-ryū) and renamed it Kōnan-ryū; currently tagged only kar",style_assignments.csv
style_assignment,Seikichi Higa += shodokan-goju-ryu,"[taxonomy:Goju-ryu complete tree (Okinawan branches, Japanese Goju-kai and its offshoots)/confirmed] Son of Seko Higa (b. 1927); succeeded his father as head of the Shōdōkan.",style_assignments.csv
style_assignment,Seikichi Odo += ryukyu-hon-kenpo,[taxonomy:shorin-ryu-tree/confirmed] Student of Shigeru Nakamura; renamed his federation Ryukyu Hon Kenpo Kobujutsu in 1998.,style_assignments.csv
style_assignment,Seikichi Uehara += motobu-udundi,"[taxonomy:kobudo + uechi-ryu + remaining trees (ryuei-ryu, kojo-ryu, toon-ryu, motobu, kishimoto-di, bugeikan, genseiryu/taido)/confirmed] Chōyū's student and the post-war preserver and head of Motobu Udundī; currently tagged only karate-ge",style_assignments.csv
style_assignment,Seiko Fukuchi += shodokan-goju-ryu,"[taxonomy:Goju-ryu complete tree (Okinawan branches, Japanese Goju-kai and its offshoots)/confirmed] Top student of Seko Higa in the Shōdōkan line; principal teacher of Tetsuhiro Hokama.",style_assignments.csv
style_assignment,Seiko Suzuki += seiko-kai,[taxonomy:shito-ryu/confirmed] Student of Ryusho Sakagami from 1954; founded Suzuki-ha Shito-ryu Nihon Karatedo Seiko-kai after Sakagami's death in 1993.,style_assignments.csv
style_assignment,Seiryo Shinjo += uechi-ryu,"[taxonomy:kobudo + uechi-ryu + remaining trees (ryuei-ryu, kojo-ryu, toon-ryu, motobu, kishimoto-di, bugeikan, genseiryu/taido)/confirmed] Early student of Uechi Kanbun in Wakayama and patriarch of the Shinjō family line (father of Seiyū).",style_assignments.csv
style_assignment,Seisho Itokazu += kingai-ryu,"[taxonomy:kobudo + uechi-ryu + remaining trees (ryuei-ryu, kojo-ryu, toon-ryu, motobu, kishimoto-di, bugeikan, genseiryu/taido)/confirmed] Documented inheritor of Kingai-ryū methods (featured demonstrating Kingai-ryū karate and kama-jutsu).",style_assignments.csv
style_assignment,Seitoku Higa += bugeikan,"[taxonomy:kobudo + uechi-ryu + remaining trees (ryuei-ryu, kojo-ryu, toon-ryu, motobu, kishimoto-di, bugeikan, genseiryu/taido)/confirmed] Founded the Bugeikan in 1951 to preserve old Okinawan systems (KishimotoDī, Motobu Udundī, Yamane-ryū",style_assignments.csv
style_assignment,Seitoku Higa += kishimoto-di,"[taxonomy:kobudo + uechi-ryu + remaining trees (ryuei-ryu, kojo-ryu, toon-ryu, motobu, kishimoto-di, bugeikan, genseiryu/taido)/confirmed] Inheritor of Kishimoto's art; preserved KishimotoDī within his Bugeikan curriculum.",style_assignments.csv
style_assignment,Shigeru Kimura += kimura-shukokai,[taxonomy:shito-ryu/confirmed] Tani's student from 1957 and eponym of Kimura Shukokai; his method was formalised as Kimura Shukokai International after his death in 1995.,style_assignments.csv
style_assignment,Shigeru Kojo += kojo-ryu,"[taxonomy:kobudo + uechi-ryu + remaining trees (ryuei-ryu, kojo-ryu, toon-ryu, motobu, kishimoto-di, bugeikan, genseiryu/taido)/confirmed] Kojō family member of the post-war generation in the family lineage.",style_assignments.csv
style_assignment,Shinko Matayoshi += kingai-ryu,"[taxonomy:kobudo + uechi-ryu + remaining trees (ryuei-ryu, kojo-ryu, toon-ryu, motobu, kishimoto-di, bugeikan, genseiryu/taido)/confirmed] Learned Kingai-ryū from his teacher Kingai in Fuzhou and passed it down as the Matayoshi family art.",style_assignments.csv
style_assignment,Shinyei Kyan += ufuchiku-kobujutsu,"[taxonomy:kobudo + uechi-ryu + remaining trees (ryuei-ryu, kojo-ryu, toon-ryu, motobu, kishimoto-di, bugeikan, genseiryu/taido)/confirmed] Listed among Kina Shōsei's Okinawan students of Ufuchiku kobujutsu; currently tagged only karate-gene",style_assignments.csv
style_assignment,Shogo Kuniba += kuniba-ha,[taxonomy:shito-ryu/confirmed] Renamed the Motobu-ha system Kuniba-ha Shito-ryu before his death in 1992.,style_assignments.csv
style_assignment,Shosei Kina += ufuchiku-kobujutsu,"[taxonomy:kobudo + uechi-ryu + remaining trees (ryuei-ryu, kojo-ryu, toon-ryu, motobu, kishimoto-di, bugeikan, genseiryu/taido)/confirmed] Second-generation sōke after Kanagusuku's death; trained from 1906 in the system's twenty-five weapon",style_assignments.csv
style_assignment,Shuren Kojo += kojo-ryu,"[taxonomy:kobudo + uechi-ryu + remaining trees (ryuei-ryu, kojo-ryu, toon-ryu, motobu, kishimoto-di, bugeikan, genseiryu/taido)/plausible] Kojō family member in the 20th-century transmission of the family style.",style_assignments.csv
style_assignment,So Nei Chu += goju-kai,"[taxonomy:Goju-ryu complete tree (Okinawan branches, Japanese Goju-kai and its offshoots)/plausible] Senior Gōjū-ryū instructor in Gogen Yamaguchi's mainland organisation; teacher of Mas Oyama.",style_assignments.csv
style_assignment,So Nei-chu += goju-kai,"[taxonomy:Goju-ryu complete tree (Okinawan branches, Japanese Goju-kai and its offshoots)/plausible] Duplicate roster entry for So Nei Chu (A0217); same Gōjū-kai assignment.",style_assignments.csv
style_assignment,Soko Kishimoto += kishimoto-di,"[taxonomy:kobudo + uechi-ryu + remaining trees (ryuei-ryu, kojo-ryu, toon-ryu, motobu, kishimoto-di, bugeikan, genseiryu/taido)/confirmed] Namesake of the system (1862–1945); student of Tachimura, teacher of Higa Seitoku and Shukumine Seike",style_assignments.csv
style_assignment,Son Duk-sung (Duk Sung Son) += chung-do-kwan,"[taxonomy:Mainland Japanese + Korean trees (Shotokan, Wado, Chito, Shudokan group, Shindo Jinen-ryu, Kushin-ryu, Koei-kan, Kyokushin tree, Taekwondo kwans, ITF/Kukkiwon, Tang Soo Do/Soo Bahk Do)/confirmed] Second head of the Chung Do Kwan;",style_assignments.csv
style_assignment,Sosui Ichikawa += senbukan,"[taxonomy:Goju-ryu complete tree (Okinawan branches, Japanese Goju-kai and its offshoots)/confirmed] Senior student of Kanki Izumigawa in the Senbukan line; founded the Sōsuikan dojo in Tokyo and taught Tadahiko Otsuka.",style_assignments.csv
style_assignment,Tachimura no Peichin += kishimoto-di,"[taxonomy:kobudo + uechi-ryu + remaining trees (ryuei-ryu, kojo-ryu, toon-ryu, motobu, kishimoto-di, bugeikan, genseiryu/taido)/plausible] Source of the system: 'Bushi' Tachimura (1814–1899), fellow student line of Sakugawa's Shuri-te, whos",style_assignments.csv
style_assignment,Tadahiko Otsuka += goju-kensha,"[taxonomy:Goju-ryu complete tree (Okinawan branches, Japanese Goju-kai and its offshoots)/confirmed] Founded Gōjū Kensha in Tokyo in 1970 (renaming his Seishinkan dojo); student of Sosui Ichikawa in the Senbukan line.",style_assignments.csv
style_assignment,Taitei Kojo += kojo-ryu,"[taxonomy:kobudo + uechi-ryu + remaining trees (ryuei-ryu, kojo-ryu, toon-ryu, motobu, kishimoto-di, bugeikan, genseiryu/taido)/confirmed] Kojō family head; associated with the family dōjō in Fuzhou where Okinawans trained.",style_assignments.csv
style_assignment,Takashi Kinjo += konan-ryu,"[taxonomy:kobudo + uechi-ryu + remaining trees (ryuei-ryu, kojo-ryu, toon-ryu, motobu, kishimoto-di, bugeikan, genseiryu/taido)/confirmed] Co-led the 1978 breakaway with Itokazu Seiki and the renaming to Kōnan-ryū; currently tagged only kar",style_assignments.csv
style_assignment,Tatsumi Kojo += kojo-ryu,"[taxonomy:kobudo + uechi-ryu + remaining trees (ryuei-ryu, kojo-ryu, toon-ryu, motobu, kishimoto-di, bugeikan, genseiryu/taido)/plausible] Kojō family member in the family lineage charts.",style_assignments.csv
style_assignment,Tatsuo Shimabuku += isshin-ryu-kobudo,"[taxonomy:kobudo + uechi-ryu + remaining trees (ryuei-ryu, kojo-ryu, toon-ryu, motobu, kishimoto-di, bugeikan, genseiryu/taido)/confirmed] Studied kobudō under Taira Shinken (and the Yabiku line) and embedded the weapons kata into Isshin-ry",style_assignments.csv
style_assignment,Teruo Hayashi += hayashi-ha-shito-ryu,[taxonomy:shito-ryu/confirmed] Founded Hayashi-ha Shito-ryu in Osaka in 1970 and led it until his death in 2004.,style_assignments.csv
style_assignment,Teruo Hayashi += motobu-ha-shito-ryu,"[taxonomy:shito-ryu/confirmed] Chief disciple of Kosei Kuniba; president of Motobu-ha Seishin-kai from 1959 until 1970, when he handed leadership to Shogo Kuniba.",style_assignments.csv
style_assignment,Tetsuji Nakamura += iogkf,"[taxonomy:Goju-ryu complete tree (Okinawan branches, Japanese Goju-kai and its offshoots)/confirmed] IOGKF World Chief Instructor, successor to Morio Higaonna.",style_assignments.csv
style_assignment,Toshihiro Oshiro += matsubayashi-ryu,"[taxonomy:shorin-ryu-tree/confirmed] Matsubayashi lineage (Shima-ha Shorin-ryu, via Masao Shima) alongside his Yamanni-ryu kobudo.",style_assignments.csv
style_assignment,Tsuguo Sakumoto += ryuei-ryu,"[taxonomy:kobudo + uechi-ryu + remaining trees (ryuei-ryu, kojo-ryu, toon-ryu, motobu, kishimoto-di, bugeikan, genseiryu/taido)/confirmed] Student of Nakaima Kenkō in the 1970s; world kata champion and the style's most prominent modern mast",style_assignments.csv
style_assignment,Tsutomu Nakahodo += shohei-ryu,"[taxonomy:kobudo + uechi-ryu + remaining trees (ryuei-ryu, kojo-ryu, toon-ryu, motobu, kishimoto-di, bugeikan, genseiryu/taido)/confirmed] Okikukai hanshi 10th dan, one of the senior masters of the 1991 Okikukai/Shōhei-ryū group; currently",style_assignments.csv
style_assignment,Uhm Woon-kyu += chung-do-kwan,"[taxonomy:Mainland Japanese + Korean trees (Shotokan, Wado, Chito, Shudokan group, Shindo Jinen-ryu, Kushin-ryu, Koei-kan, Kyokushin tree, Taekwondo kwans, ITF/Kukkiwon, Tang Soo Do/Soo Bahk Do)/confirmed] Long-time head of the Chung Do Kwa",style_assignments.csv
style_assignment,Uhm Woon-kyu += kukki-taekwondo,"[taxonomy:Mainland Japanese + Korean trees (Shotokan, Wado, Chito, Shudokan group, Shindo Jinen-ryu, Kushin-ryu, Koei-kan, Kyokushin tree, Taekwondo kwans, ITF/Kukkiwon, Tang Soo Do/Soo Bahk Do)/confirmed] President of the Kukkiwon",style_assignments.csv
style_assignment,William H. Price += kuniba-ha,[taxonomy:shito-ryu/confirmed] Named by Shogo Kuniba as second soke of Kuniba-ryu Karate-do and Kuniba-ryu Goshindo on 16 March 1992.,style_assignments.csv
style_assignment,Won Kuk Lee += chung-do-kwan,"[taxonomy:Mainland Japanese + Korean trees (Shotokan, Wado, Chito, Shudokan group, Shindo Jinen-ryu, Kushin-ryu, Koei-kan, Kyokushin tree, Taekwondo kwans, ITF/Kukkiwon, Tang Soo Do/Soo Bahk Do)/confirmed] Founder of the Chung Do Kwan (1944",style_assignments.csv
style_assignment,Yasunari Ishimi += shito-kai,[taxonomy:shito-ryu/confirmed] [repointed on the verifier's ruling] Ishimi trained under Tsuzikawa and Kenei Mabuni and was Shito-kai's European representative; no Sakagami/Itosu-kai link,style_assignments.csv
style_assignment,Yoon Byung-in += chang-moo-kwan,"[taxonomy:Mainland Japanese + Korean trees (Shotokan, Wado, Chito, Shudokan group, Shindo Jinen-ryu, Kushin-ryu, Koei-kan, Kyokushin tree, Taekwondo kwans, ITF/Kukkiwon, Tang Soo Do/Soo Bahk Do)/confirmed] Founder of the YMCA Kwon Bup Bu /",style_assignments.csv
style_assignment,Yoshimi Inoue += inoue-ha-shito-ryu,"[taxonomy:shito-ryu/confirmed] Uchi-deshi of Teruo Hayashi; founded Inoue-ha Shito-ryu Keishin-kai (Tottori) after Hayashi's death, as a direct descendant of Hayashi-ha.",style_assignments.csv
style_assignment,Yukio Kuniyoshi += ryukyu-kobudo-akamine,"[taxonomy:kobudo + uechi-ryu + remaining trees (ryuei-ryu, kojo-ryu, toon-ryu, motobu, kishimoto-di, bugeikan, genseiryu/taido)/confirmed] Senior student of Akamine Eisuke; kaichō (fifth director) of the Ryūkyū Kobudō Hozon Shinkō Kai from",style_assignments.csv
style_assignment,Yun Kwae-byung += ji-do-kwan,"[taxonomy:Mainland Japanese + Korean trees (Shotokan, Wado, Chito, Shudokan group, Shindo Jinen-ryu, Kushin-ryu, Koei-kan, Kyokushin tree, Taekwondo kwans, ITF/Kukkiwon, Tang Soo Do/Soo Bahk Do)/confirmed] First president of the Jidokwan (1",style_assignments.csv
year_fix,Akahige Kojo: birth_year  -> 1861,"[audit:uechi-ryu] Japanese Wikipedia on Kojo-ryu gives 湖城鳳鳴 (Kojo Homei, the master nicknamed Akahige) as 1861-1919; the file has no years.",year_fixes.csv
year_fix,Akahige Kojo: death_year  -> 1919,"[audit:uechi-ryu] Japanese Wikipedia on Kojo-ryu gives 湖城鳳鳴 (Kojo Homei, the master nicknamed Akahige) as 1861-1919; the file has no years.",year_fixes.csv
year_fix,Akio Kinjo: birth_year  -> 1936,"[audit:orphans-1] Kinjo Akio (Kinjo Akio, karate researcher, founder of the Kensei Budokan, author of Karate-den Shinroku) was born 1936 in Hirara, Miyako, Okinawa, per his WEB Hiden (Budo magazine) master profile. No reliable death recor",year_fixes.csv
year_fix,Anbun Tokuda: birth_year  -> 1886,"[book:Bishop p.109, 111] Bishop gives birth 1886 for Anbun Tokuda; dataset had none",year_fixes.csv
year_fix,Anbun Tokuda: death_year  -> 1945,"[book:Bishop p.109, 111] Bishop gives death 1945 for Anbun Tokuda; dataset had none",year_fixes.csv
year_fix,Angi Uezu: death_year 1935 -> 2024,"[audit:early-shuri-tomari] File has death 1935 (equal to birth), clearly a data error. Uezu was born 3 January 1935 and died 11 September 2024, aged 89.",year_fixes.csv
year_fix,Anko Azato: birth_year 1827 -> 1828,"[audit:early-shuri-tomari] Disputed dates flagged for review: English Wikipedia gives 1827-1906, but the authoritative Okinawa Karate Kobudo Encyclopedia (2008) gives 1828-1914, and Motobu Naoki's source research shows the 1906 death date is unsup",year_fixes.csv
year_fix,Anko Azato: death_year 1906 -> 1914,"[audit:early-shuri-tomari] Disputed dates flagged for review: English Wikipedia gives 1827-1906, but the authoritative Okinawa Karate Kobudo Encyclopedia (2008) gives 1828-1914, and Motobu Naoki's source research shows the 1906 death date is unsup",year_fixes.csv
year_fix,Atsuo Yamashita: birth_year 1892 -> null,[audit:wado-chito-shudokan] The 1892-1982 dates are unsupported: fr-wiki has no dates and Wikidata Q18413638 carries no date-of-birth or date-of-death statements. They exactly duplicate Hironori Otsuka's dates and were almost certainly copied in er,year_fixes.csv
year_fix,Atsuo Yamashita: death_year 1982 -> null,[audit:wado-chito-shudokan] The 1892-1982 dates are unsupported: fr-wiki has no dates and Wikidata Q18413638 carries no date-of-birth or date-of-death statements. They exactly duplicate Hironori Otsuka's dates and were almost certainly copied in er,year_fixes.csv
year_fix,Bill Wallace: birth_year 1924 -> 1945,[entity audit] years belonged to the wrong entity; [wave4] en-wiki: born 1 Dec 1945,year_fixes.csv
year_fix,Bill Wallace: death_year 2012 -> null,[entity audit] years belonged to the wrong entity,year_fixes.csv
year_fix,Bjorn Bregy: death_year 2010 -> null,"[audit:judo-aikido-koryu] Bregy is alive. Wikipedia gives born 30 September 1974 and describes him as living (age 51); 2010 is the end of his K-1 competitive career (1999-2010), evidently misread as a death year.",year_fixes.csv
year_fix,Choboku Takamine: birth_year  -> 1908,[book:Bishop p.198-199] Bishop gives birth 1908 for Choboku Takamine; dataset had none,year_fixes.csv
year_fix,Chojin Kuba: birth_year  -> 1904,"[audit:shorin-matsubayashi] Tomari-te successor lists give Kuba Chojin 1904-1989 among Iha Kodatsu's students; chronologically consistent with him teaching the teenage Nagamine in the 1920s. Secondary sourcing only, treat as medium reliability.",year_fixes.csv
year_fix,Chojin Kuba: death_year  -> 1989,"[audit:shorin-matsubayashi] Tomari-te successor lists give Kuba Chojin 1904-1989 among Iha Kodatsu's students; chronologically consistent with him teaching the teenage Nagamine in the 1920s. Secondary sourcing only, treat as medium reliability.",year_fixes.csv
year_fix,Chojo Oshiro: birth_year  -> 1887,"[audit:kobudo-systems] Missing in file. Oshiro Chojo, direct student of Chinen Sanda and noted rokushaku-bo exponent, is dated 1887-1935 (McCarthy, Ryukyu Bugei).",year_fixes.csv
year_fix,Chojo Oshiro: death_year  -> 1935,"[audit:kobudo-systems] Missing in file. Oshiro Chojo, direct student of Chinen Sanda and noted rokushaku-bo exponent, is dated 1887-1935 (McCarthy, Ryukyu Bugei).",year_fixes.csv
year_fix,Chokyu Motobu: birth_year  -> 1741,"[motobu genealogy] ja-wiki: Motobu Aji Chokyu (向国珍), 6th head, celebrated Ryukyuan poet, 1741-1814",year_fixes.csv
year_fix,Chokyu Motobu: death_year  -> 1814,[motobu genealogy] ja-wiki: 1741-1814,year_fixes.csv
year_fix,Chomei Motobu: birth_year  -> 1885,"[motobu genealogy] 12th family head Motobu Chomei, eldest son of Choyu, 1885-1956",year_fixes.csv
year_fix,Chomei Motobu: death_year  -> 1956,[motobu genealogy] 1885-1956,year_fixes.csv
year_fix,Chomo Motobu: death_year  -> 1945,"[motobu genealogy] Motobu Chomo, second son of Choyu, killed in the 1945 Osaka air raid",year_fixes.csv
year_fix,Chun Sang-sup: birth_year  -> 1921,[audit:korean-arts] Birth missing in file; Seo Sung-won's documented research series on the Chosun Yeonmugwan Kwon Bop Bu gives 1921. Death should remain empty: he was abducted/went missing during the Korean War (1950) and his fate is unkno,year_fixes.csv
year_fix,Doug Perry: birth_year  -> 1937,[audit:shorin-kobayashi] Born Marshall Douglas Tuttle on 15 June 1937 per the Legends of Carolina Martial Arts hall-of-fame biography and Finding Karate profile. File has birth missing.,year_fixes.csv
year_fix,Eihachi Ota: birth_year  -> 1945,"[audit:shorin-matsubayashi] Born 23 May 1945 on Yaeyama per his organisation's biography material (mirrored on EverybodyWiki); moved to the US in 1969. Weaker sourcing (org bio), flag as medium reliability but clearly better than the current null.",year_fixes.csv
year_fix,Eiko Kaneshi: birth_year  -> 1914,[audit:isshin-ryu] Birth year missing but findable: Advincula's documented December 1984 interview material with Shimabuku's first-generation Okinawan students records Kaneshi Eiko born 13 October 1914. Advincula is the recognised Isshin-r,year_fixes.csv
year_fix,Eisuke Akamine: birth_year  -> 1925,"[audit:kobudo-systems] Missing in file. Wikipedia's Ryukyu Kobudo article gives 1 May 1925 to 13 January 1999, consistent with Shimbukan records.",year_fixes.csv
year_fix,Eisuke Akamine: death_year  -> 1999,"[audit:kobudo-systems] Missing in file. Wikipedia's Ryukyu Kobudo article gives 1 May 1925 to 13 January 1999, consistent with Shimbukan records.",year_fixes.csv
year_fix,Eizo Shimabukuro: birth_year  -> 1925,[wave4] USAdojo biography + Shobayashi Shorin-ryu wiki: 1925-2017,year_fixes.csv
year_fix,Eizo Shimabukuro: death_year  -> 2017,[wave4] USAdojo biography + Shobayashi Shorin-ryu wiki: 1925-2017,year_fixes.csv
year_fix,Fusei Kise: birth_year  -> 1935,"[audit:matsumura-seito] Birth and death are both missing in the file. Kise was born 4 May 1935 (Kenshin-kan official timeline; shuriway). No obituary or death notice found in English or Japanese as of July 2026, and his federation's pages treat",year_fixes.csv
year_fix,Genkai Nakaima: birth_year  -> 1908,"[audit:goju-okinawa] Missing years. Nakaima Genkai, senior Miyagi student and co-founder of the 1952 Goju-ryu Shinkokai, lived 1908-1984 as given in the published translation of his memoir of Miyagi.",year_fixes.csv
year_fix,Genkai Nakaima: death_year  -> 1984,"[audit:goju-okinawa] Missing years. Nakaima Genkai, senior Miyagi student and co-founder of the 1952 Goju-ryu Shinkokai, lived 1908-1984 as given in the published translation of his memoir of Miyagi.",year_fixes.csv
year_fix,Genwa Nakasone: birth_year  -> 1895,[wave4] ja-wiki: Nakasone Genwa 1895-1978,year_fixes.csv
year_fix,Genwa Nakasone: death_year  -> 1978,[wave4] ja-wiki: Nakasone Genwa 1895-1978,year_fixes.csv
year_fix,George Mattson: birth_year 1908 -> 1937,[entity audit] correct person: George E. Mattson,year_fixes.csv
year_fix,George Mattson: death_year 1997 -> null,[entity audit] wrong-entity death date removed,year_fixes.csv
year_fix,Gigo Funakoshi: birth_year 1907 -> 1906,"[audit:shotokan] English Wikipedia gives 1906 - 24 November 1945 (aged 39, tuberculosis); the file's 1907 conflicts with the cited article. Death year 1945 is correct.",year_fixes.csv
year_fix,Gokenki: birth_year  -> 1886,"[audit:kobudo-systems] Missing in file. Go Kenki (Wu Xianhui), the Fujian White Crane teacher and tea merchant in Naha, lived 1886-1940; consistently dated across the Gokenki scholarship.",year_fixes.csv
year_fix,Gokenki: death_year  -> 1940,"[audit:kobudo-systems] Missing in file. Go Kenki (Wu Xianhui), the Fujian White Crane teacher and tea merchant in Naha, lived 1886-1940; consistently dated across the Gokenki scholarship.",year_fixes.csv
year_fix,Gosei Yamaguchi: birth_year  -> 1935,"[audit:goju-japan-world] Born Norimi Yamaguchi on 29 June 1935 in Kyoto, eldest son of Gogen Yamaguchi; birth year currently missing.",year_fixes.csv
year_fix,Gosen Yamaguchi: birth_year  -> 1940,"[audit:goju-japan-world] Gosen Kishio Yamaguchi, second son of Gogen, born 1940, died 1990; birth year currently missing (death 1990 confirmed).",year_fixes.csv
year_fix,Goshi Yamaguchi: birth_year  -> 1942,"[audit:goju-japan-world] Born Hirofumi (Koshi) Yamaguchi on 28 September 1942 in Manchuria, third son of Gogen; birth year currently missing.",year_fixes.csv
year_fix,Harold M Mitchum: death_year  -> 2016,"[audit:isshin-ryu] Death year missing in file. Obituary: born 17 December 1933 in Stiefeltown, SC; died 11 June 2016 in Fort Walton Beach, FL. Birth 1933 confirmed correct.",year_fixes.csv
year_fix,Hatsuo Royama: death_year 1994 -> null,[audit:kyokushin-lines] Death year 1994 is a scrape artefact (Mas Oyama's death year). Royama is alive (born 31 March 1948); he founded Kyokushin-kan in 2003 and handed the kancho role to Okazaki in 2022.,year_fixes.csv
year_fix,Herbert Peters: birth_year  -> 1931,[wave4] Hawaiian Memorial Park Mortuary obituary: 3 May 1931 - 31 Dec 2022,year_fixes.csv
year_fix,Herbert Peters: death_year  -> 2022,[wave4] Hawaiian Memorial Park Mortuary obituary: 3 May 1931 - 31 Dec 2022,year_fixes.csv
year_fix,Hiroto Okazaki: death_year 1994 -> null,[audit:kyokushin-lines] Death year 1994 is a scrape artefact. Okazaki is alive (born April 1961) and became second kancho of Kyokushin-kan on 17 April 2022.,year_fixes.csv
year_fix,Isamu Tamotsu: death_year  -> 2000,"[audit:shorinji-lines] Death year missing. The Renshinkan honbu history records the founder as born 1919 (Amami, Kagoshima) and dying 31 May 2000, aged 80; Japanese Wikipedia (保勇) agrees.",year_fixes.csv
year_fix,Isei Kojo: birth_year  -> 1832,[wave4] ja-wiki Kojo-ryu: Kojo Isei 1832-1891,year_fixes.csv
year_fix,Isei Kojo: death_year  -> 1891,[wave4] ja-wiki Kojo-ryu: Kojo Isei 1832-1891,year_fixes.csv
year_fix,Iwao Tamotsu: birth_year  -> 1948,"[audit:shorinji-lines] Birth year missing. Japanese Wikipedia (保巖) gives born 6 November 1948 in Naze City, died 29 November 2016 (age 68); death confirmed by WEB Hiden obituary and honbu history.",year_fixes.csv
year_fix,James Coffman: birth_year  -> 1943,"[audit:matsumura-seito] Birth year missing. The Tales from the Western Generation interview (Matthew Apsokardu) records Coffman as born in 1943, consistent with his Air Force service on Okinawa in the early 1960s.",year_fixes.csv
year_fix,Jin'an Shinzato: birth_year  -> 1901,"[audit:goju-okinawa] Birth year missing. Shinzato Jin'an, Miyagi's designated successor killed in the Battle of Okinawa, was born in 1901; 1901-1945 is consistently given across Goju-ryu lineage records.",year_fixes.csv
year_fix,Jinan Shinzato: birth_year  -> 1901,"[audit:shorin-kobayashi] Shinzato Jin'an (新里仁安), Miyagi Chojun's senior disciple whose 1930 Meiji Shrine demonstration prompted the naming of Goju-ryu, lived 1901-1945 (killed in the Battle of Okinawa) per Japanese Wikipedia. File has both years",year_fixes.csv
year_fix,Jinan Shinzato: death_year  -> 1945,"[audit:shorin-kobayashi] Shinzato Jin'an (新里仁安), Miyagi Chojun's senior disciple whose 1930 Meiji Shrine demonstration prompted the naming of Goju-ryu, lived 1901-1945 (killed in the Battle of Okinawa) per Japanese Wikipedia. File has both years",year_fixes.csv
year_fix,Joe Lewis: birth_year 1895 -> 1944,[entity audit] correct person: Joe Lewis,year_fixes.csv
year_fix,Joe Lewis: death_year 1986 -> 2012,[entity audit] correct person: Joe Lewis,year_fixes.csv
year_fix,Joen Nakazato: birth_year  -> 1922,"[audit:shorinji-lines] Both years missing. Nakazato Joen was born 1922 in Chinen village, Okinawa, and died in 2010; designated Intangible Cultural Asset holder in 2000.",year_fixes.csv
year_fix,Joen Nakazato: death_year  -> 2010,"[audit:shorinji-lines] Both years missing. Nakazato Joen was born 1922 in Chinen village, Okinawa, and died in 2010; designated Intangible Cultural Asset holder in 2000.",year_fixes.csv
year_fix,John Corcoran: birth_year 1842 -> null,[entity audit] years belonged to the wrong entity,year_fixes.csv
year_fix,John Corcoran: death_year 1919 -> null,[entity audit] years belonged to the wrong entity,year_fixes.csv
year_fix,Joki Uema: birth_year  -> 1920,[audit:shorin-kobayashi] Uema Joki (上間上輝) lived 1920-2011 per the d3b Okinawa karate column and the JKFan Shubukan 50th anniversary notice. File has both years missing.,year_fixes.csv
year_fix,Joki Uema: death_year  -> 2011,[audit:shorin-kobayashi] Uema Joki (上間上輝) lived 1920-2011 per the d3b Okinawa karate column and the JKFan Shubukan 50th anniversary notice. File has both years missing.,year_fixes.csv
year_fix,Kafu Kojo: birth_year  -> 1909,[wave4] ja-wiki Kojo-ryu: Kojo Kafu 1909-1996,year_fixes.csv
year_fix,Kafu Kojo: death_year  -> 1996,[wave4] ja-wiki Kojo-ryu: Kojo Kafu 1909-1996,year_fixes.csv
year_fix,Kaho Kojo: birth_year  -> 1849,[wave4] ja-wiki Kojo-ryu: Kojo Kaho 1849-1925,year_fixes.csv
year_fix,Kaho Kojo: death_year  -> 1925,[wave4] ja-wiki Kojo-ryu: Kojo Kaho 1849-1925,year_fixes.csv
year_fix,Kamesuke Higaonna: birth_year  -> 1905,[audit:motobu-udun] Higaonna (Higashionna) Kamesuke lived 1905-1968; documented in the Shudokan heritage archive (Toyama Kanken awarded him Hanshi Shihan) and consistent with Henning Wittwer's source study of his karate writings. File curre,year_fixes.csv
year_fix,Kamesuke Higaonna: death_year  -> 1968,[audit:motobu-udun] Higaonna (Higashionna) Kamesuke lived 1905-1968; documented in the Shudokan heritage archive (Toyama Kanken awarded him Hanshi Shihan) and consistent with Henning Wittwer's source study of his karate writings. File curre,year_fixes.csv
year_fix,Kanga Sakukawa: birth_year 1786 -> 1733,[wave4] quality pass: b.1786 impossible against teachers Takahara/Kusanku; classical dates c.1733-1815 for Tode Sakugawa adopted (the later Sakugawa Kangi A0017 carries 1786-1867),year_fixes.csv
year_fix,Kanga Sakukawa: death_year 1867 -> 1815,[wave4] quality pass: b.1786 impossible against teachers Takahara/Kusanku; classical dates c.1733-1815 for Tode Sakugawa adopted (the later Sakugawa Kangi A0017 carries 1786-1867),year_fixes.csv
year_fix,Kanmei Uechi: birth_year  -> 1941,[wave4] Uechi-ryu federation obituary + Wikipedia: 1941-2015,year_fixes.csv
year_fix,Kanmei Uechi: death_year  -> 2015,[wave4] Uechi-ryu federation obituary + Wikipedia: 1941-2015,year_fixes.csv
year_fix,Kanyo Higaonna: birth_year  -> 1849,"[audit:orphans-1] This record is Higaonna Kanyu (Higaonna of the East), 1849-1922, cousin/relative and frequent confusion-partner of Kanryo Higaonna. Years per the English Wikipedia article (titled 'Higaonna Kanryu', a documented misspell",year_fixes.csv
year_fix,Kanyo Higaonna: death_year  -> 1922,"[audit:orphans-1] This record is Higaonna Kanyu (Higaonna of the East), 1849-1922, cousin/relative and frequent confusion-partner of Kanryo Higaonna. Years per the English Wikipedia article (titled 'Higaonna Kanryu', a documented misspell",year_fixes.csv
year_fix,Keikichi Nakamura: death_year  -> 1904,[book:Bishop p.147] Bishop gives death 1904 for Keikichi Nakamura; dataset had none,year_fixes.csv
year_fix,Kenchu Nakaima: birth_year  -> 1856,"[audit:ryuei-kojo] Missing years. Ryuei-ryu genealogy gives 1856/8/10 to 1953/9/20 for the third-generation head Nakaima Kenchu (衛武仁), corroborated by search results aggregating the lineage sites.",year_fixes.csv
year_fix,Kenchu Nakaima: death_year  -> 1953,"[audit:ryuei-kojo] Missing years. Ryuei-ryu genealogy gives 1856/8/10 to 1953/9/20 for the third-generation head Nakaima Kenchu (衛武仁), corroborated by search results aggregating the lineage sites.",year_fixes.csv
year_fix,Kenji Nakaima: birth_year  -> 1934,[audit:ryuei-kojo] Missing birth year. Ryuei-ryu genealogy gives 1934/5/4 for the fifth-generation head Nakaima Kenji; no death recorded (still listed as current soke).,year_fixes.csv
year_fix,Kenko Nakaima: birth_year  -> 1911,[audit:ryuei-kojo] Missing years. Ryuei-ryu genealogy gives 1911/12/23 to 1989/9/21; the Okinawa Times kobudo series headline gives 仲井間憲孝（１９１１～８９年）.,year_fixes.csv
year_fix,Kenko Nakaima: death_year  -> 1989,[audit:ryuei-kojo] Missing years. Ryuei-ryu genealogy gives 1911/12/23 to 1989/9/21; the Okinawa Times kobudo series headline gives 仲井間憲孝（１９１１～８９年）.,year_fixes.csv
year_fix,Kenyu Chinen: birth_year  -> 1944,[audit:kobudo-systems] Missing in file. Chinen Kenyu was born in 1944 in Okinawa per Polish Wikipedia and Oshukai biographies.,year_fixes.csv
year_fix,Kenzo Mabuni: birth_year  -> 1927,"[audit:shito-ryu] Both years missing but well documented: born 30 May 1927 in Shuri, Okinawa; died 26 June 2005. Second son of Kenwa Mabuni and 2nd Soke of Seito Shito-ryu (Shito-ryu International Karate-do Kai).",year_fixes.csv
year_fix,Kenzo Mabuni: death_year  -> 2005,"[audit:shito-ryu] Both years missing but well documented: born 30 May 1927 in Shuri, Okinawa; died 26 June 2005. Second son of Kenwa Mabuni and 2nd Soke of Seito Shito-ryu (Shito-ryu International Karate-do Kai).",year_fixes.csv
year_fix,Ki Teruya: birth_year  -> 1804,[wave4] ja-wiki Tomari-te: Teruya Kishin 1804-1864,year_fixes.csv
year_fix,Ki Teruya: death_year  -> 1864,[wave4] ja-wiki Tomari-te: Teruya Kishin 1804-1864,year_fixes.csv
year_fix,Kichiro Shimabuku: birth_year  -> 1939,"[audit:isshin-ryu] Birth year missing. Isshin-ryu sources give 15 February 1939; corroborated by an Okinawa Times profile of 島袋吉郎 as Isshin-ryu Kokusai Karate-do Renmei president, hanshi 10th dan, aged 81 at publication (c. 2020). Still li",year_fixes.csv
year_fix,Kitoku Sakiyama: birth_year  -> 1830,[wave4] en-wiki Ryu Ryu Ko: Sakiyama Kitoku 1830-1914,year_fixes.csv
year_fix,Kitoku Sakiyama: death_year  -> 1914,[wave4] en-wiki Ryu Ryu Ko: Sakiyama Kitoku 1830-1914,year_fixes.csv
year_fix,Kodatsu Iha: birth_year  -> 1873,"[audit:shorin-matsubayashi] Tomari-te scholarship consistently gives Iha Kodatsu 1873-1928, student of Kosaku Matsumora (Caile/FightingArts, Gohakukai-derived histories). File has no years.",year_fixes.csv
year_fix,Kodatsu Iha: death_year  -> 1928,"[audit:shorin-matsubayashi] Tomari-te scholarship consistently gives Iha Kodatsu 1873-1928, student of Kosaku Matsumora (Caile/FightingArts, Gohakukai-derived histories). File has no years.",year_fixes.csv
year_fix,Kokuba: birth_year  -> 1900,"[audit:shito-ryu] Both years missing: Kokuba Kosei was born in 1900 in Kokuba village (now part of Naha), Okinawa, and died in 1959, after which Shogo Kuniba became 3rd Soke of Motobu-ha. (IKKU alone gives 1901; the ITKKA and Seishinkai l",year_fixes.csv
year_fix,Kokuba: death_year  -> 1959,"[audit:shito-ryu] Both years missing: Kokuba Kosei was born in 1900 in Kokuba village (now part of Naha), Okinawa, and died in 1959, after which Shogo Kuniba became 3rd Soke of Motobu-ha. (IKKU alone gives 1901; the ITKKA and Seishinkai l",year_fixes.csv
year_fix,Koshin Iha: birth_year  -> 1925,[audit:goju-okinawa] Missing years. Iha Koshin was born 24 November 1925 and died 28 January 2012 (farewell service 31 January); he headed the OGKK and founded the Shodokan in Tomari in 1971.,year_fixes.csv
year_fix,Koshin Iha: death_year  -> 2012,[audit:goju-okinawa] Missing years. Iha Koshin was born 24 November 1925 and died 28 January 2012 (farewell service 31 January); he headed the OGKK and founded the Shodokan in Tomari in 1971.,year_fixes.csv
year_fix,Kusanku: birth_year 1670 -> null,[wave4] Kusanku's birth is unrecorded; the only documented anchor is his 1756 arrival (Oshima Hikki). Birth nulled so his position is estimated; commonly cited death c.1762 kept,year_fixes.csv
year_fix,Kusanku: death_year 1762 -> null,"[audit:chinese-antecedents] The file's death year 1762 is spurious: 1762 is the year of the Oshima Hikki incident and Tobe Ryoen's record of the interview about Kusanku's demonstration, not a documented death date. En.wikipedia explicitly gives bot",year_fixes.csv
year_fix,Leona Pettas: death_year 2017 -> null,"[audit:kyokushin-lines] Death year 2017 is wrong: Leona Pettas (Reona Kato, born 29 April 1992) is alive and won the K-1 super featherweight title in 2021.",year_fixes.csv
year_fix,Makoto Gima: birth_year  -> 1896,[audit:shotokan] Gima Shinkin was born 28 September 1896 in Okinawa and died in 1989 aged 93; both years currently missing.,year_fixes.csv
year_fix,Makoto Gima: death_year  -> 1989,[audit:shotokan] Gima Shinkin was born 28 September 1896 in Okinawa and died in 1989 aged 93; both years currently missing.,year_fixes.csv
year_fix,Makoto Nakamura: birth_year 1970 -> null,[entity audit] years belonged to the wrong entity,year_fixes.csv
year_fix,Mario Topolsek: birth_year  -> 1942,"[audit:orphans-1] Mario Topolsek, European Uechi-ryu pioneer, born 12 September 1942, died 21 January 2021, per Czech Wikipedia and the European Uechi-ryu federation obituary.",year_fixes.csv
year_fix,Mario Topolsek: death_year  -> 2021,"[audit:orphans-1] Mario Topolsek, European Uechi-ryu pioneer, born 12 September 1942, died 21 January 2021, per Czech Wikipedia and the European Uechi-ryu federation obituary.",year_fixes.csv
year_fix,Masahiko Tanaka: birth_year 1954 -> null,[entity audit] years belonged to the wrong entity,year_fixes.csv
year_fix,Masahiro Nakamoto: birth_year  -> 1938,[audit:kobudo-systems] Missing in file. Nakamoto Masahiro was born 15 January 1938 in Shuri; first kobudo hanshi 10th dan and intangible cultural asset holder.,year_fixes.csv
year_fix,Masakazu Miyagi: birth_year  -> 1921,[book:Bishop p.204] Bishop gives birth 1921 for Masakazu Miyagi; dataset had none,year_fixes.csv
year_fix,Masao Kawasoe: birth_year  -> 1945,"[audit:shotokan] Born 13 June 1945 (family from Saga, born in Japanese-occupied Korea); birth year currently missing.",year_fixes.csv
year_fix,Matsutaro Ire: birth_year  -> 1879,[book:Bishop p.104-105] Bishop gives birth 1879 for Matsutaro Ire; dataset had none,year_fixes.csv
year_fix,Matsutaro Ire: death_year  -> 1971,[book:Bishop p.104-105] Bishop gives death 1971 for Matsutaro Ire; dataset had none,year_fixes.csv
year_fix,Michael McDonald: death_year 2024 -> null,"[audit:early-shuri-tomari] Death 2024 not supported: Wikipedia (updated 2026) describes the Canadian kickboxer 'The Black Sniper' (b. 6 February 1965) as retired, with no death recorded. Remove death year.",year_fixes.csv
year_fix,Mike Stone: birth_year 1951 -> 1943,[entity audit] years belonged to the wrong entity; [wave4] en-wiki: born 29 Jun 1943,year_fixes.csv
year_fix,Mike Stone: death_year 2002 -> null,[entity audit] years belonged to the wrong entity,year_fixes.csv
year_fix,Mir-Ali Seyidov: birth_year  -> 1956,"[audit:judo-aikido-koryu] Russian Wikipedia: born 20 May 1956 in Baku, died 27 January 2026 in Baku. Both years currently missing from the node.",year_fixes.csv
year_fix,Mir-Ali Seyidov: death_year  -> 2026,"[audit:judo-aikido-koryu] Russian Wikipedia: born 20 May 1956 in Baku, died 27 January 2026 in Baku. Both years currently missing from the node.",year_fixes.csv
year_fix,Moden Yabiku: birth_year  -> 1878,[audit:kobudo-systems] Missing in file. Yabiku Moden was born 1878 and died 1941; standard dating in Ryukyu kobudo lineage literature.,year_fixes.csv
year_fix,Moden Yabiku: death_year  -> 1941,[audit:kobudo-systems] Missing in file. Yabiku Moden was born 1878 and died 1941; standard dating in Ryukyu kobudo lineage literature.,year_fixes.csv
year_fix,Norisato Nakaima: birth_year  -> 1819,[wave4] en-wiki Ryu Ryu Ko: Nakaima Norisato 1819-1879,year_fixes.csv
year_fix,Norisato Nakaima: death_year  -> 1879,[wave4] en-wiki Ryu Ryu Ko: Nakaima Norisato 1819-1879,year_fixes.csv
year_fix,Osamu Ozawa: birth_year  -> 1925,"[audit:shotokan] Born 25 November 1925 in Kobe; died 14 April 1998 in Las Vegas, two days after his annual tournament. Both years currently missing.",year_fixes.csv
year_fix,Osamu Ozawa: death_year  -> 1998,"[audit:shotokan] Born 25 November 1925 in Kobe; died 14 April 1998 in Las Vegas, two days after his annual tournament. Both years currently missing.",year_fixes.csv
year_fix,Park Chul-hee: birth_year  -> 1933,"[audit:korean-arts] Birth missing in file. Contemporaneous mookas obituary: died 2 April 2016 aged 83 (hyangnyeon), giving birth c. 1933; Korean accounts state '1933년 생' (kangdukwon.org gives 1932 and misdates the death as 2015, contradicte",year_fixes.csv
year_fix,Patrick McCarthy: birth_year 1848 -> null,[entity audit] years belonged to the wrong entity,year_fixes.csv
year_fix,Patrick McCarthy: death_year 1921 -> null,[entity audit] years belonged to the wrong entity,year_fixes.csv
year_fix,Paul Herbert: death_year 1983 -> null,"[audit:early-shuri-tomari] Death 1983 is impossible with birth 1974 and belongs to a different Paul Herbert. The Shotokan karateka, Enoeda's last senior student, is alive, currently 6th/7th dan, still teaching courses in England. Remove death year",year_fixes.csv
year_fix,Peter Chong: death_year 1985 -> null,"[audit:early-shuri-tomari] Identity conflation: death 1985 belongs to Peter Chong the Chinese-American actor (1898-1985) on the disambiguation page. The Kyokushin karateka (Mas Oyama's student, Singapore pioneer, b. 1941) is living per his Wikiped",year_fixes.csv
year_fix,Ranho Maezato: birth_year  -> 1838,[wave4] en-wiki Ryu Ryu Ko: Maezato Ranpo 1838-1904,year_fixes.csv
year_fix,Ranho Maezato: death_year  -> 1904,[wave4] en-wiki Ryu Ryu Ko: Maezato Ranpo 1838-1904,year_fixes.csv
year_fix,Robert John Burke: death_year 2013 -> null,"[audit:shorin-kobayashi] The actor Robert John Burke (born 12 September 1960) is alive (Wikipedia 'Living people', age 65); the recorded death year 2013 is spurious. He holds a black belt in Matsubayashi Shorin-ryu, so the identity is otherwise",year_fixes.csv
year_fix,Robert Scaglione: birth_year  -> 1938,"[audit:shorin-matsubayashi] Ueshiro Shorin-Ryu Karate USA official biography: born 1938 in Brooklyn, New York. File has no birth year.",year_fixes.csv
year_fix,Ryosei Kuwae: birth_year  -> 1853,"[audit:early-shuri-tomari] Missing birth year: Kuwae Ryosei (桑江良正), recipient of Matsumura's 1882 handwritten precepts (the only surviving Matsumura autograph document), was born 1853 per Motobu Naoki's research on the Kuwae family documents.",year_fixes.csv
year_fix,Ryu Ryu Ko: birth_year 1852 -> 1793,[wave4] zh sources + quality pass: Ryu Ryu Ko kept distinct from Xie Zongxiang; c.1793-1882 is the better-supported range and restores chronology with students Arakaki (b.1840) and Higaonna,year_fixes.csv
year_fix,Ryu Ryu Ko: death_year 1930 -> 1882,[wave4] zh sources + quality pass: Ryu Ryu Ko kept distinct from Xie Zongxiang; c.1793-1882 is the better-supported range and restores chronology with students Arakaki (b.1840) and Higaonna,year_fixes.csv
year_fix,Ryuko Tomoyose: birth_year  -> 1928,"[audit:early-shuri-tomari] Missing years: Tomoyose Ryuko, Uechi-ryu grandmaster, born 10 December 1928, died 9 April 2019.",year_fixes.csv
year_fix,Ryuko Tomoyose: death_year  -> 2019,"[audit:early-shuri-tomari] Missing years: Tomoyose Ryuko, Uechi-ryu grandmaster, born 10 December 1928, died 9 April 2019.",year_fixes.csv
year_fix,Ryusho Sakagami: birth_year  -> 1915,[wave4] ja-wiki: Sakagami Ryusho 1915-1993,year_fixes.csv
year_fix,Ryusho Sakagami: death_year  -> 1993,[wave4] ja-wiki: Sakagami Ryusho 1915-1993,year_fixes.csv
year_fix,Saburo Tokashiki: birth_year  -> 1877,[audit:kobudo-systems] Missing in file. Wikipedia's Ufuchiku Kobudo article dates Tokashiki Saburo 1877-1967.,year_fixes.csv
year_fix,Saburo Tokashiki: death_year  -> 1967,[audit:kobudo-systems] Missing in file. Wikipedia's Ufuchiku Kobudo article dates Tokashiki Saburo 1877-1967.,year_fixes.csv
year_fix,Saikyo Kojo: birth_year  -> 1873,[wave4] ja-wiki Kojo-ryu: Kojo Saikyo 1873-1941,year_fixes.csv
year_fix,Saikyo Kojo: death_year  -> 1941,[wave4] ja-wiki Kojo-ryu: Kojo Saikyo 1873-1941,year_fixes.csv
year_fix,Sanda Chinen: birth_year  -> 1842,"[audit:kobudo-systems] Missing in file. Chinen Sanda (Sanra), the Yamane-ryu bojutsu master, is dated 1842-1925 in Wikipedia's Yamanni-ryu article and McCarthy's Yamane-ryu material.",year_fixes.csv
year_fix,Sanda Chinen: death_year  -> 1925,"[audit:kobudo-systems] Missing in file. Chinen Sanda (Sanra), the Yamane-ryu bojutsu master, is dated 1842-1925 in Wikipedia's Yamanni-ryu article and McCarthy's Yamane-ryu material.",year_fixes.csv
year_fix,Sanda Kanagusuku: birth_year  -> 1841,"[audit:kobudo-systems] Wikipedia's Ufuchiku Kobudo article gives Kanagusuku Sanda (Kinjo Ufuchiku) 1841-1921; the merged duplicate record carried 1834-1916, which matches no published source. Some secondary sources give death as 1926, but 1841",year_fixes.csv
year_fix,Sanda Kanagusuku: death_year  -> 1921,"[audit:kobudo-systems] Wikipedia's Ufuchiku Kobudo article gives Kanagusuku Sanda (Kinjo Ufuchiku) 1841-1921; the merged duplicate record carried 1834-1916, which matches no published source. Some secondary sources give death as 1926, but 1841",year_fixes.csv
year_fix,Seifuku Nitta: birth_year  -> 1942,"[audit:okinawa-kenpo-ryute] Missing in file. Nitta's biography gives born 5 April 1942 in Chatan, Okinawa, died 4 July 2012 in Okinawa (cancer); usadojo carries the same biography.",year_fixes.csv
year_fix,Seifuku Nitta: death_year  -> 2012,"[audit:okinawa-kenpo-ryute] Missing in file. Nitta's biography gives born 5 April 1942 in Chatan, Okinawa, died 4 July 2012 in Okinawa (cancer); usadojo carries the same biography.",year_fixes.csv
year_fix,Seiichi Iju: birth_year 2011 -> null,[wave4] b.2011 is a scrape artefact; Wikidata holds no date of birth for Seiichi Iju (fl. 1935-1940); nulled so his position is estimated from his students,year_fixes.csv
year_fix,Seiki Itokazu: birth_year  -> 1915,"[audit:uechi-ryu] Born 20 November 1915 in Nishihara, died 2006; founder of Konan-ryu, designated intangible cultural asset holder of Okinawa Prefecture in 1997. File has no years.",year_fixes.csv
year_fix,Seiki Itokazu: death_year  -> 2006,"[audit:uechi-ryu] Born 20 November 1915 in Nishihara, died 2006; founder of Konan-ryu, designated intangible cultural asset holder of Okinawa Prefecture in 1997. File has no years.",year_fixes.csv
year_fix,Seikichi Higa: birth_year  -> 1927,"[audit:goju-okinawa] Missing years. Higa Seikichi, son and successor of Higa Seko, lived 1927-1999 per the Okinawa Karate Information Center's record of the Higa father-and-son commemorative monument.",year_fixes.csv
year_fix,Seikichi Higa: death_year  -> 1999,"[audit:goju-okinawa] Missing years. Higa Seikichi, son and successor of Higa Seko, lived 1927-1999 per the Okinawa Karate Information Center's record of the Higa father-and-son commemorative monument.",year_fixes.csv
year_fix,Seikichi Hokama: birth_year  -> 1896,[book:Bishop p.83-84] Bishop gives birth 1896 for Seikichi Hokama; dataset had none,year_fixes.csv
year_fix,Seikichi Uehara: birth_year  -> 1904,"[motobu genealogy] Seikichi Uehara, 13th soke of Motobu Udundi, 1904-2004 (motobu-ryu.org)",year_fixes.csv
year_fix,Seikichi Uehara: death_year  -> 2004,[motobu genealogy] 1904-2004,year_fixes.csv
year_fix,Seiko Suzuki: birth_year  -> 1936,"[audit:shito-ryu] Birth year missing but findable: Seiko-kai organisational histories record Suzuki born 1936 in Chiba-ken; he began under Sakagami in 1954, ran the Tokyo dojo from 1957, and founded Suzuki-ha Shito-ryu Seiko-kai after Sak",year_fixes.csv
year_fix,Seiryo Shinjo: birth_year  -> 1908,"[audit:uechi-ryu] Born 10 June 1908 on Ie island, died 5 March 1976 (Kenyukai North America, the Shinjo family organisation's genealogy pages). File has no years.",year_fixes.csv
year_fix,Seiryo Shinjo: death_year  -> 1976,"[audit:uechi-ryu] Born 10 June 1908 on Ie island, died 5 March 1976 (Kenyukai North America, the Shinjo family organisation's genealogy pages). File has no years.",year_fixes.csv
year_fix,Seitoku Higa: birth_year  -> 1921,"[audit:early-shuri-tomari] Missing years: Higa Seitoku (比嘉清徳), Bugeikan founder and president of the Okinawa Kobudo Association, 1921-2006 (some Western sources give 1920).",year_fixes.csv
year_fix,Seitoku Higa: death_year  -> 2006,"[audit:early-shuri-tomari] Missing years: Higa Seitoku (比嘉清徳), Bugeikan founder and president of the Okinawa Kobudo Association, 1921-2006 (some Western sources give 1920).",year_fixes.csv
year_fix,Seiyei Miyahira: birth_year  -> 1894,[book:Bishop p.113-114] Bishop gives birth 1894 for Seiyei Miyahira; dataset had none,year_fixes.csv
year_fix,Seiyei Miyahira: death_year  -> 1958,[book:Bishop p.113-114] Bishop gives death 1958 for Seiyei Miyahira; dataset had none,year_fixes.csv
year_fix,Shigeru Kojo: birth_year  -> 1934,[wave4] ja-wiki Kojo-ryu: Kojo Shigeru b.1934,year_fixes.csv
year_fix,Shigeru Takamiyagi: birth_year  -> 1935,"[audit:uechi-ryu] Born 1935 in Chatan, died 17 October 2014 aged 79 (Okinawa Traditional Karate Liaison Bureau obituary; uechi-ryu.com notice). File has no years.",year_fixes.csv
year_fix,Shigeru Takamiyagi: death_year  -> 2014,"[audit:uechi-ryu] Born 1935 in Chatan, died 17 October 2014 aged 79 (Okinawa Traditional Karate Liaison Bureau obituary; uechi-ryu.com notice). File has no years.",year_fixes.csv
year_fix,Shinbi Kaneshima: birth_year  -> 1868,[book:Bishop p.63] Bishop gives birth 1868 for Shinbi Kaneshima; dataset had none,year_fixes.csv
year_fix,Shinbi Kaneshima: death_year  -> 1921,[book:Bishop p.63] Bishop gives death 1921 for Shinbi Kaneshima; dataset had none,year_fixes.csv
year_fix,Shingo Ohgami: death_year  -> 2019,[audit:wado-chito-shudokan] Ohgami died in October 2019 after a long illness; JKF Wadokai-affiliated obituary published 11 October 2019 and memorial pages by his own Swedish organisations. File currently lists him as living.,year_fixes.csv
year_fix,Shinkichi Kuniyoshi: birth_year  -> 1848,"[audit:early-shuri-tomari] Missing years: Kuniyoshi Shinkichi (国吉真吉), 'Tomari Bushi Kuniyoshi', 1848-1926, per the official Okinawa Kenpo lineage history.",year_fixes.csv
year_fix,Shinkichi Kuniyoshi: death_year  -> 1926,"[audit:early-shuri-tomari] Missing years: Kuniyoshi Shinkichi (国吉真吉), 'Tomari Bushi Kuniyoshi', 1848-1926, per the official Okinawa Kenpo lineage history.",year_fixes.csv
year_fix,Shinsuke Kaneshima: birth_year  -> 1902,[book:Bishop p.127] Bishop gives birth 1902 for Shinsuke Kaneshima; dataset had none,year_fixes.csv
year_fix,Shintaro Yoshizato: birth_year  -> 1913,[book:Bishop p.203] Bishop gives birth 1913 for Shintaro Yoshizato; dataset had none,year_fixes.csv
year_fix,Shinyei Kyan: birth_year  -> 1912,"[audit:goju-okinawa] Missing years. Kyan Shinei was born 25 July 1912 and died 16 July 1997; educator, Diet member ('Mr Okinawa') and sai master of the Ufuchiku line.",year_fixes.csv
year_fix,Shinyei Kyan: death_year  -> 1997,"[audit:goju-okinawa] Missing years. Kyan Shinei was born 25 July 1912 and died 16 July 1997; educator, Diet member ('Mr Okinawa') and sai master of the Ufuchiku line.",year_fixes.csv
year_fix,Shinyu Gushi: birth_year  -> 1939,"[audit:uechi-ryu] Born 25 May 1939, died 21 November 2012 (Find a Grave memorial and Rose Hills obituary, Whittier CA; his organisation Ryukokaku gives the same). File has birth missing.",year_fixes.csv
year_fix,Shoi Sai: birth_year  -> 1816,[book:Bishop p.46-47] Bishop gives birth 1816 for Shoi Sai; dataset had none,year_fixes.csv
year_fix,Shoi Sai: death_year  -> 1906,[book:Bishop p.46-47] Bishop gives death 1906 for Shoi Sai; dataset had none,year_fixes.csv
year_fix,Shokei Matsui: death_year 1994 -> null,"[audit:kyokushin-lines] Death year 1994 is a scrape artefact (the year Matsui became IKO1 kancho on Oyama's death). Matsui is alive, born 15 January 1963.",year_fixes.csv
year_fix,Shosei Kina: birth_year  -> 1882,[wave4] Motobu-ryu honbu notes: Kina Shosei 1882-1981,year_fixes.csv
year_fix,Shosei Kina: death_year  -> 1981,[wave4] Motobu-ryu honbu notes: Kina Shosei 1882-1981,year_fixes.csv
year_fix,Shugoro Nakazato: birth_year 1919 -> 1920,"[audit:shorin-kobayashi] Wikipedia gives born 14 August 1920, died 24 June/August 2016 aged 96; the d3b Okinawa karate column also gives 1920-2016. File has 1919.",year_fixes.csv
year_fix,Shuren Kojo: birth_year  -> 1883,[wave4] ja-wiki Kojo-ryu: Kojo Shuren 1883-1945,year_fixes.csv
year_fix,Shuren Kojo: death_year  -> 1945,[wave4] ja-wiki Kojo-ryu: Kojo Shuren 1883-1945,year_fixes.csv
year_fix,Skipper Mullins: birth_year 1945 -> 1946,"[audit:korean-arts] File has 1945; his funeral-home obituary (Dignity Memorial, Dallas) and memorial record give born 25 April 1946, died 15 May 2020. The 1945 figure circulating on Wikipedia/press headlines is contradicted by the primary o",year_fixes.csv
year_fix,Soko Kishimoto: birth_year  -> 1862,"[audit:early-shuri-tomari] Missing years: Kishimoto Soko (岸本祖孝), 1862-1945 (some sources give 1868 for birth; Higa Seitoku's 1966 primary account, giving Kishimoto's age as 65-66 around 1933, favours c. 1867-68). Killed in the Battle of Okinawa, 1",year_fixes.csv
year_fix,Soko Kishimoto: death_year  -> 1945,"[audit:early-shuri-tomari] Missing years: Kishimoto Soko (岸本祖孝), 1862-1945 (some sources give 1868 for birth; Higa Seitoku's 1966 primary account, giving Kishimoto's age as 65-66 around 1933, favours c. 1867-68). Killed in the Battle of Okinawa, 1",year_fixes.csv
year_fix,Sokuichi Gibu: death_year  -> 2012,[audit:shorin-kobayashi] Born 7 December 1941 in Chinen; died 28 August 2012 per the Butokukan memorial and Shoryukan history. File has death missing.,year_fixes.csv
year_fix,Tadahiko Otsuka: birth_year  -> 1940,[audit:goju-okinawa] Missing years. Otsuka Tadahiko (Gojukensha) was born 10 June 1940 in Tokyo and died 27 November 2012.,year_fixes.csv
year_fix,Tadahiko Otsuka: death_year  -> 2012,[audit:goju-okinawa] Missing years. Otsuka Tadahiko (Gojukensha) was born 10 June 1940 in Tokyo and died 27 November 2012.,year_fixes.csv
year_fix,Tadashi Nakamura: death_year 2019 -> null,"[audit:early-shuri-tomari] Death 2019 is wrong: Kaicho Tadashi Nakamura (b. 22 February 1942), founder of World Seido Karate, is alive and still teaching at Seido Honbu in New York. Remove death year.",year_fixes.csv
year_fix,Taira Shinken: birth_year 1898 -> 1897,"[audit:kobudo-systems] File has birth 1898; Wikipedia and the standard biographies (born Maezato Shinken, 12 June 1897, Kume Island; died September 1970) give 1897.",year_fixes.csv
year_fix,Taitei Kojo: birth_year  -> 1837,[wave4] ja-wiki Kojo-ryu: Kojo Taitei 1837-1917,year_fixes.csv
year_fix,Taitei Kojo: death_year  -> 1917,[wave4] ja-wiki Kojo-ryu: Kojo Taitei 1837-1917,year_fixes.csv
year_fix,Taketo Nakamura: birth_year  -> 1934,[book:Bishop p.203-204] Bishop gives birth 1934 for Taketo Nakamura; dataset had none,year_fixes.csv
year_fix,Tatsuo Yamada: birth_year 1956 -> 1905,[entity audit] correct person: Tatsuo Yamada,year_fixes.csv
year_fix,Tatsuo Yamada: death_year 2009 -> 1967,[entity audit] correct person: Tatsuo Yamada,year_fixes.csv
year_fix,Terry ONeill: birth_year 1938 -> 1948,[entity audit] correct person: Terry O'Neill,year_fixes.csv
year_fix,Terry ONeill: death_year 2019 -> null,[entity audit] wrong-entity death date removed,year_fixes.csv
year_fix,Teruo Hayashi: birth_year  -> 1924,[wave4] Hayashi-ha Shito-ryu federation biography: 1924-2004,year_fixes.csv
year_fix,Teruo Hayashi: death_year  -> 2004,[wave4] Hayashi-ha Shito-ryu federation biography: 1924-2004,year_fixes.csv
year_fix,Tetsunosuke Yasuda: birth_year  -> 1926,[wave4] Jundokan NZ biography: Yasuda b.1926 (single organisational source),year_fixes.csv
year_fix,Tino Ceberano: birth_year 1942 -> 1941,[audit:goju-okinawa] File has 1942-1989. Ceberano was born 24 September 1941 and is alive: no obituary exists and he was reported actively teaching as of January 2026. The 1989 death year appears to be Gogen Yamaguchi's death year misattribu,year_fixes.csv
year_fix,Tino Ceberano: death_year 1989 -> null,[audit:goju-okinawa] File has 1942-1989. Ceberano was born 24 September 1941 and is alive: no obituary exists and he was reported actively teaching as of January 2026. The 1989 death year appears to be Gogen Yamaguchi's death year misattribu,year_fixes.csv
year_fix,Tokusaburo Matsuda: birth_year  -> 1877,[wave4] en-wiki Ryu Ryu Ko: Matsuda Tokusaburo 1877-1931,year_fixes.csv
year_fix,Tokusaburo Matsuda: death_year  -> 1931,[wave4] en-wiki Ryu Ryu Ko: Matsuda Tokusaburo 1877-1931,year_fixes.csv
year_fix,Toyama: birth_year  -> 1888,[entity audit] correct person: Kanken Toyama,year_fixes.csv
year_fix,Toyama: death_year  -> 1966,[entity audit] correct person: Kanken Toyama,year_fixes.csv
year_fix,Tsuguo Sakumoto: birth_year  -> 1947,[wave4] ja-wiki: Sakumoto Tsuguo b. 13 Dec 1947,year_fixes.csv
year_fix,Tsuken Hantaka: birth_year  -> 1829,[book:Bishop p.61] Bishop gives birth 1829 for Tsuken Hantaka; dataset had none,year_fixes.csv
year_fix,Tsuken Hantaka: death_year  -> 1898,[book:Bishop p.61] Bishop gives death 1898 for Tsuken Hantaka; dataset had none,year_fixes.csv
year_fix,Tsuneo Ando: death_year 1997 -> null,"[audit:early-shuri-tomari] Death 1997 is wrong: Ando Tsuneo (b. 1956), Yoshinkan aikido 9th dan, founded his Ryu dojo in 1996 and remains active; Wikipedia records no death. Remove death year.",year_fixes.csv
year_fix,Tsutomu Nakahodo: birth_year  -> 1933,"[audit:uechi-ryu] Born 25 November 1933 (Okikukai/UechiRyu.eu biography; Classical Fighting Arts noted him as 85 in 2018, consistent). File has birth missing.",year_fixes.csv
year_fix,Vasili Oshchepkov: birth_year 1892 -> 1893,[audit:chinese-antecedents] Standard modern (New Style) birth date is 6 January 1893 (25 December 1892 Old Style); en.wikipedia gives 1893-1937. The file's 1892 reflects the Julian calendar date and should be normalised to 1893.,year_fixes.csv
year_fix,Wan Shu: birth_year  -> 1636,"[audit:orphans-2] Wang Ji (汪楫) is the Qing investiture envoy (sapposhi) who led the 1683 mission to Ryukyu and is traditionally associated with the kata Wanshu. Chinese Wikipedia, citing period records, gives 1636 (Chongzhen 9) to 1699 (K",year_fixes.csv
year_fix,Wan Shu: death_year  -> 1699,"[audit:orphans-2] Wang Ji (汪楫) is the Qing investiture envoy (sapposhi) who led the 1683 mission to Ryukyu and is traditionally associated with the kata Wanshu. Chinese Wikipedia, citing period records, gives 1636 (Chongzhen 9) to 1699 (K",year_fixes.csv
year_fix,Yasuhiro Uema: birth_year  -> 1945,"[audit:shorin-kobayashi] Okinawa Times obituary: Uema Yasuhiro, head of the Shuri Karate Kobudo Preservation Society, died 2 January 2025 aged 79 (hence born 1945). File has both years missing.",year_fixes.csv
year_fix,Yasuhiro Uema: death_year  -> 2025,"[audit:shorin-kobayashi] Okinawa Times obituary: Uema Yasuhiro, head of the Shuri Karate Kobudo Preservation Society, died 2 January 2025 aged 79 (hence born 1945). File has both years missing.",year_fixes.csv
year_fix,Yoshiaki Ajari: death_year  -> 2022,"[audit:wado-chito-shudokan] Ajari (b. 1933, Minato Mura) died on Sunday 2 January 2022, announced by his own East Bay Wado Kai dojo. File currently lists no death year.",year_fixes.csv
year_fix,Yoshihide Shinzato: birth_year  -> 1927,"[audit:shorin-kobayashi] Spanish Wikipedia and Shinshukan organisation history: born 15 March 1927 in Haebaru, Okinawa; died 13 January 2008 in Santos, Brazil. File has both years missing.",year_fixes.csv
year_fix,Yoshihide Shinzato: death_year  -> 2008,"[audit:shorin-kobayashi] Spanish Wikipedia and Shinshukan organisation history: born 15 March 1927 in Haebaru, Okinawa; died 13 January 2008 in Santos, Brazil. File has both years missing.",year_fixes.csv
year_fix,Yoshimura UDUN: birth_year  -> 1866,[wave4] ja-wiki: Yoshimura Chogi 1866-1945,year_fixes.csv
year_fix,Yoshimura UDUN: death_year  -> 1945,[wave4] ja-wiki: Yoshimura Chogi 1866-1945,year_fixes.csv
year_fix,Yoshio Itokazu: birth_year  -> 1896,[book:Bishop p.199] Bishop gives birth 1896 for Yoshio Itokazu; dataset had none,year_fixes.csv
year_fix,Yoshitaka Taira: birth_year  -> 1943,"[audit:shorin-matsubayashi] WMKA-affiliated official pages title him 'Taira Yoshitaka Hanshi, 10.Dan 1943 -'. File has no birth year.",year_fixes.csv
year_fix,Yukari Oshima: death_year 1995 -> null,"[audit:goju-okinawa] File records death 1995; Oshima is alive. Born 31 December 1963, she resides in Fukuoka where she promotes city tourism. 1995 is roughly when her Hong Kong film career wound down, not a death year.",year_fixes.csv
year_fix,Yuken Tokashiki: birth_year  -> 1940,"[audit:goju-okinawa] Birth year missing. Okinawa Times profile of July 2021 gives his age as 81, placing his birth in 1940 (also stated as 1940 in the Okinawa karate interview site); he was alive at that date.",year_fixes.csv
year_fix,Yutaka Toyama: death_year 2011 -> null,[audit:wado-chito-shudokan] Death year 2011 is unsupported: fr-wiki treats him as living (born 30 January 1938) and Wikidata Q4023282 has no death statement; no obituary found. Remove the death year.,year_fixes.csv
year_fix,Yuzo Tamotsu: birth_year  -> 1957,"[audit:shorinji-lines] Birth year missing. Official Renshinkan branch pages record the 3rd soke born 1957 (Showa 32) in Kagoshima City, third son of founder Tamotsu Isamu.",year_fixes.csv
year_fix,Zenpo Shimabukuro: birth_year  -> 1943,[wave4] Seibukan profile: Zenpo Shimabukuro b. 11 Oct 1943,year_fixes.csv
