name,native,variants,family,styles,meaning,era,origin_person,origin_place,modifier,modified_era,introduced_by,disputed,provenance,sources
Aoyagi,青柳,Aoyanagi; Seiryu; Seiryū (alternative reading of the same kanji),japanese,shito-ryu|shito-kai|shindo-jinen-ryu|itosu-ryu|hayashi-ha-shito-ryu,"'Green willow' (Aoyagi and Seiryu are alternative readings of the same characters): the willow that yields and springs back, an image chosen for a kata designed around a woman's build and self-defence needs.",c. 1935-1940,"Kenwa Mabuni and Yasuhiro Konishi, with advice from Morihei Ueshiba","Tokyo/Osaka, Japan",,,Kenwa Mabuni (created); Yasuhiro Konishi (created),,"Commissioned as a women's self-defence form (taught among others to female railway employees), it blends Shito-ryu and Shindo Jinen-ryu technique with aikido-informed adjustments suggested by Ueshiba. Practised as Aoyagi in Shito-ryu lines and as Seiryu in Konishi's Shindo Jinen-ryu.",https://en.wikipedia.org/wiki/Yasuhiro_Konishi | https://aoinagikenshukai.com/4-kenwa-mabuni-and-his-kata/ | https://en.wikipedia.org/wiki/Shind%C5%8D_jinen-ry%C5%AB | https://www.karatephilosophy.com/a-complete-list-of-shito-ryu-kata-with-videos-p-3/
Chinto (Wado-ryu),チントウ,Chintou; Gankaku (Shotokan cognate),japanese,wado-ryu,"Named, per established folklore, after the stranded Chinese sailor Chinto whose fighting methods Matsumura recorded; Otsuka kept the Okinawan name where Funakoshi had substituted Gankaku.","Wado version 1930s (declared among the nine official kata, 1977)",attributed to Sokon Matsumura (folklore); Wado adaptation by Hironori Otsuka,"Okinawa; adapted in Tokyo, Japan",,,Sokon Matsumura (created); Hironori Otsuka (standardised),,"Otsuka's Chinto keeps the straight-line embusen and crane stances but re-engineers the form around Wado principles of evasion and body-shifting rather than Shotokan's deep power line, making it the most advanced of the nine official Wado kata.",https://en.wikipedia.org/wiki/Wad%C5%8D-ry%C5%AB | https://www.karatephilosophy.com/a-complete-list-of-wado-ryu-katas-with-videos/ | https://en.wikipedia.org/wiki/Chint%C5%8D
Empi,燕飛,Enpi; Wanshu; Wansu,japanese,shotokan|shotokai|gosoku-ryu,"'Flying swallow': named for the kata's swift rising and dropping movements and darting changes of level, likened to a swallow in flight.",renamed 1935 (Wanshu lineage traditionally dated 1683),Tomari-te lineage attributed to the Chinese envoy Wang Ji (Wanshu); renamed by Gichin Funakoshi,"Tomari, Okinawa; renamed in Tokyo, Japan",,,Gichin Funakoshi (renamed),,"Funakoshi's Japanese rename of the Tomari kata Wanshu, traditionally (folklore) traced to the 1683 Chinese sapposhi Wang Ji. The Shotokan version follows the Itosu line of the kata and was further polished during the 1930s-40s reforms associated with Gigo Funakoshi.",https://en.wikipedia.org/wiki/Wansh%C5%AB | https://www.historyoffighting.com/shotokan-kata-history-part-one.php | https://www.shotokankarateonline.com/blog/the-27-shotokan-kata/
Gankaku,岩鶴,Chinto; Chintou,japanese,shotokan|shotokai|gosoku-ryu,"'Crane on a rock': named for the repeated one-legged (crane) stance from which the kata strikes, replacing the untranslatable Chinese-derived name Chinto.",renamed 1935 (Chinto lineage mid-19th century),attributed to Sokon Matsumura from the teachings of the shipwrecked Chinese sailor Chinto (folklore); renamed by Gichin Funakoshi,"Tomari/Shuri, Okinawa; renamed in Tokyo, Japan",,,Sokon Matsumura (created); Gichin Funakoshi (renamed),,"Funakoshi's rename of Chinto; the Shotokan version, with its rotated embusen, descends through Itosu. The tale of the sailor-pirate Chinto teaching Matsumura in exchange for clemency is established folklore rather than documented history.",https://en.wikipedia.org/wiki/Chint%C5%8D | https://www.historyoffighting.com/shotokan-kata-history-part-one.php | https://www.shotokankarateonline.com/blog/the-27-shotokan-kata/
Hangetsu,半月,Seisan; Seishan; Sesan,japanese,shotokan|shotokai|gosoku-ryu,'Half moon': named for the crescent-shaped stepping and the inward-tensed hangetsu-dachi stance that replaces the Okinawan seisan-dachi; the old name Seisan means 'thirteen'.,renamed 1935 (Seisan among the oldest kata on Okinawa),old Okinawan/Chinese lineage (creator unknown); renamed by Gichin Funakoshi,"Okinawa (Fujian roots); renamed in Tokyo, Japan",,,Gichin Funakoshi (renamed),,"Shotokan's only breathing-and-tension kata, Funakoshi's rename of the Shuri-te version of Seisan, probably the oldest kata name recorded on Okinawa. The rename is the clearest example of Funakoshi substituting a descriptive Japanese image for a Chinese numeric name.",https://en.wikipedia.org/wiki/Seisan | https://www.historyoffighting.com/shotokan-kata-history-part-one.php | https://www.shotokankarateonline.com/blog/the-27-shotokan-kata/
Heian,平安,Heian Shodan-Godan; Pinan; Pyung Ahn (Korean),japanese,shotokan|shotokai|gosoku-ryu|shuri-ryu,"'Peace and tranquillity' (the on'yomi reading of the same characters as Pinan): Funakoshi glossed it as the confidence of one who, having mastered these forms, can defend himself calmly anywhere.",originals c. 1904; renamed 1935 (Karate-do Kyohan),Anko Itosu (created the Pinan series); Gichin Funakoshi (Japanese renaming),"Shuri, Okinawa; renamed in Tokyo, Japan",,,Anko Itosu (created); Gichin Funakoshi (renamed),,"Part of Funakoshi's 1930s programme of replacing Okinawan and Chinese-sounding kata names with Japanese ones, to make karate acceptable to nationalist mainland Japan and to the Dai Nippon Butokukai. Funakoshi also swapped the order of the first two forms, so Shotokan's Heian Shodan corresponds to Itosu's Pinan Nidan.",https://en.wikipedia.org/wiki/Pinan | https://fightingarts.com/roots-of-shotokan-funakoshis-original-15-kata-part-2-pinan-naihanchi-kushanku-passai-kata/ | https://www.historyoffighting.com/shotokan-kata-history-part-one.php
Junro,順路,Junro Shodan-Godan,japanese,shotokan,"'Ordered path' or 'following the route in sequence': five kata forming a graded route through Asai's body-dynamics method of relaxation, whip-like snap and rotational power.",c. 1990s-2000s,Tetsuhiko Asai,"Tokyo, Japan (Japan Karate Shoto Federation, JKS)",,,Tetsuhiko Asai (created),,"The core of the roughly dozen kata Asai created for his JKS curriculum after leaving the JKA, designed to reintroduce whipping, one-legged and rotational actions he felt standard Shotokan had lost; they are now examined kata within JKS worldwide. (Note: Junro is Asai Shotokan, not an Ashihara or Enshin form.)",https://www.mkshotokankarate.com/jks-katas | https://en.wikipedia.org/wiki/Tetsuhiko_Asai
Kihon Kumite (Wado-ryu),基本組手,Kihon Kumite Ipponme-Jupponme; Yakusoku Kumite kata,japanese,wado-ryu,"'Fundamental paired forms': ten prearranged two-person sequences that Otsuka regarded as kata in their own right, encoding Wado's core principles of nagasu (flowing), inasu (evading) and noru (riding) an attack.",1930s-1940s (refined from an original set of 36),Hironori Otsuka,"Tokyo, Japan",,,Hironori Otsuka (created),,"Otsuka fused Shindo Yoshin-ryu jujutsu pairwork with karate striking to create these paired kata, the most distinctive Japanese-created element of the Wado syllabus and the clearest expression of the style's jujutsu inheritance. They sit alongside, not below, the solo kata in Wado pedagogy.",https://en.wikipedia.org/wiki/Wad%C5%8D-ry%C5%AB | https://www.karatephilosophy.com/a-complete-list-of-wado-ryu-katas-with-videos/ | https://en.wikipedia.org/wiki/Hironori_%C5%8Ctsuka
Kyoku series,,Kyoku Ichi-Nana; Kyoku kata,japanese,shudokan,"Kyoku is usually rendered 'ultimate' or 'reach the limit'; the seven forms progress from very basic technique to long, complex black-belt forms expressing the fighting method of the Shudokan school.",c. 1930s-1950s,Kanken Toyama and senior students of the Shudokan,"Shudokan dojo, Tokyo, Japan",,,Kanken Oyadomari (created),,"The signature Japanese-created kata set of Toyama Kanken's Shudokan (the roster lists him under his Okinawan birth name Oyadomari), originally treated as in-house forms and still taught mainly at brown and black belt; the school also created the meditative forms Soshin, Kakushin and Choshin. Precise authorship within the dojo is not fully documented, so attribution to Toyama personally should be t",https://en.wikipedia.org/wiki/Kanken_T%C5%8Dyama | https://emeraldcitykarate.com/history-of-shudokan-karate/ | https://basinkarate.wordpress.com/about/brief-history/
Matsukaze,松風,Okan; Wankan,japanese,shito-ryu|shito-kai|shukokai|itosu-ryu|hayashi-ha-shito-ryu,"'Wind in the pines': Mabuni's poetic rename of the Tomari-te kata Wankan ('king's crown'), evoking calm resilience.",renamed c. 1930s-1940s,Tomari-te lineage (Matsumora line); renamed and arranged by Kenwa Mabuni,"Tomari, Okinawa; renamed in Osaka, Japan",,,Kosaku Matsumora (standardised); Kenwa Mabuni (renamed),,"Mabuni preserved the fuller Tomari Wankan within Shito-ryu but gave it a Japanese literary name, paralleling Funakoshi's renaming programme; the truncated Shotokan Wankan of Gigo Funakoshi is its cognate. The rename is documented in Shito-ryu organisational kata lists.",https://www.kofukankarate.com/wp-content/uploads/2022/11/kata-name-meanings-in-kofukan.original.pdf | https://www.karatephilosophy.com/a-complete-list-of-shito-ryu-kata-with-videos-p-3/ | https://en.wikipedia.org/wiki/Wankan
Meikyo,明鏡,Lohai; Meikyo Nidan/Sandan (Asai lineage); Meikyo Nidan/Sandan (later Shotokai/JKA extensions); Meikyō; Rohai; Rohai (parent kata),japanese,shotokan|shotokai,"'Bright (polished) mirror': named for the opening movements likened to smoothing the surface of a mirror, and often linked to the sacred mirror that drew Amaterasu from her cave in Shinto myth (a symbolic gloss, not documented intent).",renamed 1935; Shotokan version reworked late 1930s-40s,"Rohai lineage from Tomari-te (Matsumora line), arranged by Anko Itosu; renamed and reworked for Shotokan","Tomari, Okinawa; renamed in Tokyo, Japan",,,Anko Itosu (standardised); Gichin Funakoshi (renamed); Gigo Funakoshi (standardised),,"Funakoshi's rename of Rohai ('vision of a heron'); the Shotokan form condenses Itosu's three Rohai into one kata, a reworking generally associated with Gigo Funakoshi, and includes the distinctive sankaku-tobi triangular jump. Tetsuhiko Asai later added Meikyo Nidan and Sandan in his JKS lineage.",https://en.wikipedia.org/wiki/R%C5%8Dhai | https://www.shotokankarateonline.com/blog/the-27-shotokan-kata/ | https://www.historyoffighting.com/shotokan-kata-history-part-one.php
Seishan (Wado-ryu),セイシャン,Seisan; Sesan,japanese,wado-ryu,"'Thirteen' (hands or steps), the old Okinawan numeric name, which Otsuka retained rather than adopting Funakoshi's rename Hangetsu.",Wado version 1930s (style founded 1934),old Okinawan lineage; Wado adaptation by Hironori Otsuka,"Okinawa; adapted in Tokyo, Japan",,,Hironori Otsuka (standardised),,"One of the nine kata Otsuka declared official for Wado-ryu in 1977; he stripped out Okinawan dynamic tension and rooted stances, refitting the kata with Wado's fluid seishan-dachi, taisabaki and the body dynamics of his Shindo Yoshin-ryu jujutsu. He learned the base forms from Funakoshi and refined them through study with Motobu Choki and Mabuni.",https://en.wikipedia.org/wiki/Wad%C5%8D-ry%C5%AB | https://www.karatephilosophy.com/a-complete-list-of-wado-ryu-katas-with-videos/ | https://en.wikipedia.org/wiki/Seisan
Shihohai,四方拝,Shiho Hai; Shihou Hai,japanese,chito-ryu|yoshukai,'Salute to the four directions': by Chito-ryu tradition the bowing sequence derives from ceremonies of the Ryukyuan royal court in which obeisance was made to all four quarters (this courtly origin is folklore).,19th-century Okinawa; fixed in Chito-ryu from 1946,disputed: learned by Tsuyoshi Chitose from Hanashiro Chomo (per Chitose's Kempo Karate-do) or from Aragaki Seisho,"Shuri, Okinawa; preserved in Kumamoto, Japan",,,Chomo Hanashiro (brought); Tsuyoshi Chitose (standardised),,"The opening kata of Chito-ryu and effectively unique to it, making it a de facto Chitose standardisation whatever its Okinawan source; his own book credits Hanashiro Chomo at Sogen-ji, while some lineage accounts point to Aragaki. The royal-ceremony narrative is transmitted tradition, flagged as such.",https://en.wikipedia.org/wiki/Chit%C5%8D-ry%C5%AB | https://www.chitoryu.ca/cottreau/kata.html | https://www.chito-ryu.com/history/history01.html
Sochin (Shotokan),壮鎮,"Hakko (Funakoshi's proposed rename, not adopted); Sochin",japanese,shotokan|shotokai|gosoku-ryu,"'Tranquil strength' or 'preserve the peace': strength held in stillness, expressed through the rooted sochin-dachi (fudo-dachi), the 'immovable stance' that dominates the kata.",late 1930s-early 1940s,"Yoshitaka (Gigo) Funakoshi, reworking the Aragaki-line Sochin","Shotokan dojo, Tokyo, Japan",,,Gigo Funakoshi (created),,"The Shotokan Sochin differs so extensively from Aragaki Seisho's Naha/Tomari Sochin (kept in Shito-ryu) that it is treated as Gigo Funakoshi's creation, exemplifying his deep-stance, powerful reform of Shotokan. Gichin Funakoshi's proposed Japanese rename Hakko never displaced the old name.",https://en.wikipedia.org/wiki/S%C5%8Dchin | https://en.wikipedia.org/wiki/Gig%C5%8D_Funakoshi | https://www.historyoffighting.com/shotokan-kata-history-part-one.php
Taikyoku,太極,Kihon Kata; Taikyoku Nidan; Taikyoku Sandan; Taikyoku Shodan,japanese,shotokan|shotokai|gosoku-ryu|shudokan,"'Grand ultimate' or 'first cause', from the Chinese taiji: the kata embodies the beginner's mind, and Funakoshi wrote that the advanced student should return to it once mastery is achieved.","c. 1940 (published in Karate-do Nyumon, 1943)",Gichin Funakoshi with his son Yoshitaka (Gigo) Funakoshi,"Tokyo, Japan",,,Gichin Funakoshi (created); Gigo Funakoshi (created),,"A set of three (in some lineages six) elementary kata built from a simple I-shaped embusen, published under Gichin Funakoshi's name but widely credited in Shotokan scholarship to Gigo Funakoshi's late-1930s reforms. It spread far beyond Shotokan, seeding the Kyokushin Taikyoku and early taekwondo Kicho forms.",https://en.wikipedia.org/wiki/Taikyoku | https://www.historyoffighting.com/shotokan-kata-history-part-one.php | https://www.shotokankarateonline.com/blog/the-27-shotokan-kata/
Tekki,鉄騎,Chulgi (Korean); Naifanchi; Naihanchi; Tekki Shodan-Sandan,japanese,shotokan|shotokai|gosoku-ryu,"'Iron horseman' or 'iron horse riding': named for the kata's rooted horse-riding stance (kiba-dachi), and, by Nakayama's account, in homage to the power of Funakoshi's teacher Itosu, who shaped the form.",renamed 1935 (Naihanchi originals 19th century or earlier),old Shuri-te lineage (creator unknown); Anko Itosu (three-kata arrangement); Gichin Funakoshi (renaming),"Shuri, Okinawa; renamed in Tokyo, Japan",,,Anko Itosu (standardised); Gichin Funakoshi (renamed),,"Funakoshi's Japanese rename of Naihanchi, the sideways-fighting kata he himself spent roughly ten years studying under Azato and Itosu. The lateral straight-line embusen and kiba-dachi were retained; the three-part division (Shodan to Sandan) follows Itosu's late Okinawan arrangement.",https://en.wikipedia.org/wiki/Naihanchi | https://fightingarts.com/roots-of-shotokan-funakoshis-original-15-kata-part-2-pinan-naihanchi-kushanku-passai-kata/ | https://www.historyoffighting.com/shotokan-kata-history-part-one.php
Ten no Kata,天の形,Ten no Kata Omote; Ten no Kata Ura,japanese,shotokan|shotokai,"'Kata of heaven' (or 'of the universe'): part of a projected heaven-earth-man (ten-chi-jin) series of which only 'heaven' was completed, expressing fundamentals as the root of everything above them.","early 1940s (published in Karate-do Nyumon, 1943)",Gichin Funakoshi with Yoshitaka (Gigo) Funakoshi,"Shotokan dojo, Tokyo, Japan",,,Gichin Funakoshi (created); Gigo Funakoshi (created),,"A wartime training innovation in two halves: omote, performed solo, and ura, performed with a partner, making it one of the first Japanese karate kata designed explicitly around paired application. Development is generally attributed to Gigo Funakoshi under his father's name; it remains central in Shotokai and is preserved in parts of Shotokan.",https://en.wikipedia.org/wiki/Ten_no_kata | https://www.historyoffighting.com/shotokan-kata-history-part-one.php | https://en.wikipedia.org/wiki/Gig%C5%8D_Funakoshi
Tenshin,,Ten Shin,japanese,chito-ryu|yoshukai,"Commonly glossed as 'turning/rolling the body', reflecting the kata's characteristic evasive rotation; kanji and translation are not consistently documented.",mid-20th century (after 1946),Tsuyoshi Chitose (probable creation),"Kumamoto, Japan",,,Tsuyoshi Chitose (created),,"Chito-ryu lineage research treats Tenshin as probably Chitose's own composition, alongside his distinctive reworkings of Rohai and Sochin which differ enough from Okinawan versions to be considered his creations. It encapsulates the style's medical-anatomical rationale for lighter, rotational body mechanics.",https://www.chitoryu.ca/cottreau/kata.html | https://en.wikipedia.org/wiki/Chit%C5%8D-ry%C5%AB | https://www.chito-ryu.com/history/history01.html
Wankan (Shotokan),王冠,"Matsukaze (Shito-ryu cognate); Okan; Shofu (Funakoshi's proposed rename, not adopted); Wankuan",japanese,shotokan|shotokai,'King's crown': a name of Tomari-te origin sometimes linked (folklore) to Ryukyuan court patronage; Funakoshi's proposed rename Shofu ('pine wind') did not survive.,Shotokan version late 1930s-1940s,Tomari-te lineage (Matsumora line); Shotokan version by Yoshitaka (Gigo) Funakoshi,"Tomari, Okinawa; Shotokan version Tokyo, Japan",,,Gigo Funakoshi (created),,"Shotokan's shortest kata, generally attributed to Gigo Funakoshi as an unfinished reworking of the Tomari Wankan; it entered the standard JKA syllabus after the war. The Shito-ryu line preserves the fuller Tomari form under Mabuni's name Matsukaze.",https://en.wikipedia.org/wiki/Wankan | https://en.wikipedia.org/wiki/Gig%C5%8D_Funakoshi | https://www.shotokankarateonline.com/blog/the-27-shotokan-kata/
Akamine no Nunchaku,赤嶺のヌンチャク,Akamine no Nunchiyaku,kobudo,ryukyu-kobudo-akamine|ryukyu-kobudo-tesshinkan,"'Akamine's nunchaku'. Composed by Akamine Eisuke (1925-1999), Taira Shinken's successor as head of the Ryukyu Kobudo Hozon Shinko Kai, as a second, more elaborate nunchaku kata for his Shinbukan curriculum.",second half of the 20th century,Akamine Eisuke,"Tomigusuku, Okinawa",,,Eisuke Akamine (created),,"Akamine, who inherited Taira's organisation in 1970, added several forms of his own; this kata passed into the Tesshinkan through his student Tamayose Hidemi.",https://en.wikipedia.org/wiki/Okinawan_kobud%C5%8D | https://en.wikipedia.org/wiki/Nunchaku | https://ja.wikipedia.org/wiki/%E7%90%89%E7%90%83%E5%8F%A4%E6%AD%A6%E8%A1%93
Chatan Yara no Kon,北谷屋良の棍,Chatanyara no Kon; Yara nu Kun,kobudo,ryukyu-kobudo|ryukyu-kobudo-akamine|ryukyu-kobudo-tesshinkan|ryukyu-kobujutsu-hozon-shinko-kai|bunbukan,"'Staff of Yara of Chatan'. Named for Chatan Yara (traditionally 1668-1756), the Chatan bushi who studied martial arts in China and is a pivotal early figure of Okinawan weapon arts; the kata preserves the bojutsu of his line.",early 18th century (traditional attribution),Chatan Yara,"Chatan, Okinawa (methods attributed to study in Fuzhou, China)",,,Chatan Yara (created); Shinken Taira (standardised),,"Attributed to Chatan Yara by all major lineage histories, though the connection is traditional; the surviving form was fixed within Taira Shinken's Ryukyu Kobudo.",https://en.wikipedia.org/wiki/Chatan_Yara | https://en.wikipedia.org/wiki/Okinawan_kobud%C5%8D | https://ja.wikipedia.org/wiki/%E7%90%89%E7%90%83%E5%8F%A4%E6%AD%A6%E8%A1%93
Chatan Yara no Sai,北谷屋良の釵,Chatanyara no Sai,kobudo,ryukyu-kobudo|ryukyu-kobudo-akamine|ryukyu-kobudo-tesshinkan|ryukyu-kobujutsu-hozon-shinko-kai|isshin-ryu-kobudo|bunbukan,"'Sai of Yara of Chatan'. Attributed to Chatan Yara, the early 18th-century Chatan bushi trained in China; today the most famous sai kata in the world through its use in elite kata competition.",early 18th century (traditional attribution),Chatan Yara,"Chatan, Okinawa",,,Chatan Yara (created); Moden Yabiku (brought); Shinken Taira (standardised),,Preserved in Taira Shinken's compilation and also taught by Shimabuku Tatsuo within Isshin-ryu kobudo; the attribution to Chatan Yara himself is traditional. A karate kata of the same name (Chatan Yara Kusanku) shares the eponym.,https://en.wikipedia.org/wiki/Chatan_Yara | https://en.wikipedia.org/wiki/Sai_(weapon) | https://en.wikipedia.org/wiki/Okinawan_kobud%C5%8D
Chinen Shikiyanaka no Kon,知念志喜屋仲の棍,Chinen Shichanaka no Kon; Shichanaka nu Kun,kobudo,ryukyu-kobudo|ryukyu-kobudo-akamine|ryukyu-kobudo-tesshinkan|ryukyu-kobujutsu-hozon-shinko-kai|yamanni-ryu,"'Staff of Chinen of Shikiyanaka'. Named for a 19th-century bo master of the Chinen family (the family behind the Yamane-ryu bo tradition), identified by his residence at Shikiyanaka; the kata preserves his personal bojutsu.",19th century,"Chinen Shikiyanaka, bo master of the Chinen family","Shuri, Okinawa",,,Sanda Chinen (brought); Shinken Taira (standardised),,"Preserved both within Taira Shinken's Ryukyu Kobudo and in the Yamane line, where the Chinen family transmission ran Chinen Umikana to Chinen Sanda to Chinen Masami, who named the style Yamane-ryu.",https://en.wikipedia.org/wiki/Okinawan_kobud%C5%8D | https://ja.wikipedia.org/wiki/%E7%90%89%E7%90%83%E5%8F%A4%E6%AD%A6%E8%A1%93 | https://www.wikidata.org/wiki/Q6782517
Hamahiga no Sai,浜比嘉の釵,Hama Higa no Sai,kobudo,ryukyu-kobudo|ryukyu-kobudo-akamine|ryukyu-kobudo-tesshinkan|ryukyu-kobujutsu-hozon-shinko-kai,"'Sai of Hamahiga'. Named for Hamahiga Pechin, a martial artist of Hamahiga Island (17th-18th century by tradition) credited with both a sai and a tonfa kata; the paired attribution makes him one of the earliest named kobudo figures.",17th to 18th century (traditional attribution),Hamahiga Pechin of Hamahiga Island,"Hamahiga Island, Okinawa",,,Higa Peechin (created); Shinken Taira (standardised),,"Tradition links Hamahiga (Hama Higa) to a demonstration before Satsuma officials, but his biography is folkloric; the surviving kata was fixed within Taira Shinken's Ryukyu Kobudo.",https://www.wikidata.org/wiki/Q1909096 | https://en.wikipedia.org/wiki/Okinawan_kobud%C5%8D | https://en.wikipedia.org/wiki/Sai_(weapon)
Hamahiga no Tonfa,浜比嘉のトンファー,Hama Higa no Tonfa; Hamahiga no Tuifa; Hamahiga no Tunfa,kobudo,ryukyu-kobudo|ryukyu-kobudo-akamine|ryukyu-kobudo-tesshinkan|ryukyu-kobujutsu-hozon-shinko-kai|isshin-ryu-kobudo,"'Tonfa of Hamahiga'. The classical tonfa kata attributed to Hamahiga Pechin of Hamahiga Island, the same traditional figure credited with Hamahiga no Sai; the oldest named tonfa form in Okinawan kobudo.",17th to 18th century (traditional attribution),Hamahiga Pechin of Hamahiga Island,"Hamahiga Island, Okinawa",,,Higa Peechin (created); Shinken Taira (standardised),,Fixed in Taira Shinken's Ryukyu Kobudo and carried into Isshin-ryu (as Hamahiga no Tuifa) by Shimabuku Tatsuo; Hamahiga's biography is folkloric.,https://en.wikipedia.org/wiki/Tonfa | https://www.wikidata.org/wiki/Q1909096 | https://en.wikipedia.org/wiki/Okinawan_kobud%C5%8D
Hantagwa no Sai,ハンタグヮーの釵,Hantagwa Koragwa no Sai; Tsuken Hantagwa no Sai,kobudo,ryukyu-kobudo|ryukyu-kobudo-akamine,"'Sai of Hantagwa' ('the little one from the cliff edge' in Okinawan). Named for Tsuken Hantagwa (also linked with Tsuken Koragwa), a sai man of the Tsuken Island tradition.",19th century (traditional attribution),Tsuken Hantagwa of Tsuken Island,"Tsuken Island, Okinawa",,,Tsuken Hantaka (created); Shinken Taira (standardised),,"A rare kata of the Tsuken Island cluster preserved in Taira-line dojo; the identities of Hantagwa and Koragwa rest wholly on oral tradition (folklore). [Verifier: Kata confirmed in the RKHSK sai list (Hantagwa no Sai) and linked to the Tsuken tradition; the specific Okinawan etymology ('little one from the cliff edge') and Koragwa link are lore-level, unverified.]",https://en.wikipedia.org/wiki/Okinawan_kobud%C5%8D | https://ja.wikipedia.org/wiki/%E7%90%89%E7%90%83%E5%8F%A4%E6%AD%A6%E8%A1%93 | https://en.wikipedia.org/wiki/Sai_(weapon)
Jigen no Sai,ジゲンの釵,Jigen no Sai Sho/Dai,kobudo,ryukyu-kobudo|ryukyu-kobudo-akamine,"'Sai of Jigen'. An advanced sai kata of the Ryukyu Kobudo compilation whose eponym is obscure; sometimes explained as a personal name, sometimes given a Buddhist reading ('eye of compassion').",19th to 20th century (transmission unclear),,Okinawa,,,Shinken Taira (standardised),,"Taught at senior level in the Akamine (Shinbukan) line; its pre-Taira history is undocumented and the name's origin is disputed. [Verifier: Confirmed in the RKHSK sai list; the eponym genuinely is obscure, so the hedged meaning is fair, but neither explanation could be verified.]",https://en.wikipedia.org/wiki/Okinawan_kobud%C5%8D | https://ja.wikipedia.org/wiki/%E7%90%89%E7%90%83%E5%8F%A4%E6%AD%A6%E8%A1%93 | https://en.wikipedia.org/wiki/Taira_Shinken
Kama nu Ti,鎌の手,Kama no Te; Matayoshi no Kama Dai Ichi; Matayoshi no Kama Dai Ni,kobudo,matayoshi-kobudo,"'Hand (art) of the sickle' in Okinawan. The Matayoshi kama kata codifying peasant twin-sickle methods, with the rope-and-sickle (kusarigama-like) usage retained in advanced practice.",early to mid 20th century (methods older),Matayoshi Shinko,Naha and rural Okinawa,,,Shinko Matayoshi (created); Shinpo Matayoshi (standardised),,Matayoshi Shinko gathered village kama methods during his early 20th-century travels; Shinpo fixed the numbered forms taught in the Zen Okinawa Kobudo Renmei.,https://www.wikidata.org/wiki/Q1908088 | https://en.wikipedia.org/wiki/Kama_(weapon) | https://okic.okinawa/en/
Kanegawa no Nichogama,鐘川の二丁鎌,Kanegawa no Kama; Kanigawa no Kama; Nichogama,kobudo,ryukyu-kobudo|ryukyu-kobudo-akamine|ryukyu-kobudo-tesshinkan,"'Kanegawa's pair of sickles'. Named for a kama expert remembered as Kanegawa (Kanigawa); nichogama means 'two sickles', the paired farming implements wielded together. The principal classical kama kata of Ryukyu Kobudo.",19th century (traditional attribution),"Kanegawa (Kanigawa), biographical details lost",Okinawa,,,Shinken Taira (standardised),,The same traditional figure is credited with the tinbe kata Kanegawa no Tinbe; both reached the present through Taira Shinken's compilation and continue in the Akamine and Tesshinkan lines.,https://en.wikipedia.org/wiki/Kama_(weapon) | https://en.wikipedia.org/wiki/Okinawan_kobud%C5%8D | https://ja.wikipedia.org/wiki/%E7%90%89%E7%90%83%E5%8F%A4%E6%AD%A6%E8%A1%93
Kanegawa no Tinbe,鐘川のティンベー,Kanegawa no Timbe; Kanigawa no Tinbe,kobudo,ryukyu-kobudo|ryukyu-kobudo-akamine|ryukyu-kobudo-tesshinkan,"'Kanegawa's shield'. The tinbe-rochin kata of Ryukyu Kobudo, pairing a small shield (historically turtle shell or woven cane) with the short spear rochin; named for the same traditional figure as Kanegawa no Nichogama.",19th century (traditional attribution),"Kanegawa (Kanigawa), biographical details lost",Okinawa,,,Shinken Taira (standardised),,"The only classical shield kata in the Taira compilation; its survival is credited to Taira's preservation work, with the eponymous Kanegawa known solely from oral tradition.",https://en.wikipedia.org/wiki/Tinbe-rochin | https://en.wikipedia.org/wiki/Okinawan_kobud%C5%8D | https://ja.wikipedia.org/wiki/%E7%90%89%E7%90%83%E5%8F%A4%E6%AD%A6%E8%A1%93
Kojo no Sai,湖城の釵,Kojo no Sai Dai; Kugusuku no Sai,kobudo,ryukyu-kobudo|ryukyu-kobudo-akamine|kojo-ryu,"'Sai of the Kojo family'. Named for the Kojo (Kugusuku) family of Kume village, Naha, descendants of Chinese immigrants who maintained a private family martial tradition (Kojo-ryu); the kata preserves their saijutsu.",19th century (family tradition older),"Kojo family of Kume (Kuninda), Naha","Kume village, Naha, Okinawa",,,Shinken Taira (standardised),,The Kojo family arts descend from the 36 families of Kume; the sai kata bearing their name entered Taira Shinken's compilation and is taught at senior level in the Akamine line.,https://en.wikipedia.org/wiki/Okinawan_kobud%C5%8D | https://en.wikipedia.org/wiki/Sai_(weapon) | https://ja.wikipedia.org/wiki/%E7%90%89%E7%90%83%E5%8F%A4%E6%AD%A6%E8%A1%93
Kongo no Kon,金剛の棍,Kongo no Kun,kobudo,ryukyu-kobudo|ryukyu-kobudo-akamine|ryukyu-kobudo-tesshinkan,"'Staff of the vajra (diamond thunderbolt)'. The Buddhist term kongo connotes indestructibility; the kata is Taira Shinken's own synthesis, composed as a summative advanced bo form for his Ryukyu Kobudo.",mid 20th century (c. 1950s),Taira Shinken,Okinawa/Japan,,,Shinken Taira (created),,One of the few kata Taira openly composed himself rather than compiled; transmitted through Akamine Eisuke's Shinbukan and the Tesshinkan as a senior grading kata.,https://en.wikipedia.org/wiki/Taira_Shinken | https://en.wikipedia.org/wiki/Okinawan_kobud%C5%8D | https://ja.wikipedia.org/wiki/%E5%B9%B3%E4%BF%A1%E8%B3%A2
Kusanku Sai,公相君釵,Kusanku no Sai; Kyan Chotoku no Sai? (misnomer),kobudo,isshin-ryu-kobudo,"'Kusanku with sai'. Shimabuku Tatsuo's transposition of the empty-hand kata Kusanku (named for the 18th-century Chinese envoy Kong Xiangjun) onto the sai, retaining its night-fighting associations while exploiting the sai's trapping and flipping actions.",c. 1950s-1960s,Shimabuku Tatsuo,"Agena/Chun village, Okinawa",,,Tatsuo Shimabuku (created),,"A modern creation unique to Isshin-ryu kobudo, built on the Kusanku kata Shimabuku learned from Kyan Chotoku and the saijutsu he learned from Taira Shinken and Kina Shosei.",https://en.wikipedia.org/wiki/Isshin-ry%C5%AB | https://www.wikidata.org/wiki/Q27363 | https://en.wikipedia.org/wiki/Sai_(weapon)
Kuwa nu Ti,鍬の手,Kue no Kata; Kuwa no Te; Matayoshi no Kuwa,kobudo,matayoshi-kobudo,"'Hand (art) of the hoe'. The Matayoshi kata for the farmer's hoe (kuwa), turning digging, dragging and handle-butt actions into fighting technique; a showpiece of the peasant-implement side of Okinawan kobudo.",early 20th century (methods older),Matayoshi Shinko,rural Okinawa,,,Shinko Matayoshi (created); Shinpo Matayoshi (standardised),,"Almost unique to the Matayoshi line; Shinko is said to have codified village hoe methods, and Shinpo standardised the kata taught today.",https://www.wikidata.org/wiki/Q1908088 | https://en.wikipedia.org/wiki/Okinawan_kobud%C5%8D | https://okic.okinawa/en/
Kyan no Sai,喜屋武の釵,Kyan Sai,kobudo,isshin-ryu-kobudo,"'Kyan's sai'. Isshin-ryu sai kata named in honour of Kyan Chotoku, Shimabuku Tatsuo's principal karate teacher; it encodes the sai basics Shimabuku attributed to Kyan's circle.",first half of the 20th century; fixed c. 1956,attributed to the circle of Kyan Chotoku; assembled by Shimabuku Tatsuo,Okinawa,,,Chotoku Kyan (brought); Tatsuo Shimabuku (standardised),,The attribution is debated: some Isshin-ryu historians trace the material to Kina Shosei's Ufuchiku line rather than to Kyan himself. Treated here as an Isshin-ryu codification with a traditional eponym.,https://en.wikipedia.org/wiki/Isshin-ry%C5%AB | https://en.wikipedia.org/wiki/Ch%C5%8Dtoku_Kyan | https://www.wikidata.org/wiki/Q27363
Maezato no Nunchaku,前里のヌンチャク,Maezato no Nunchiyaku; Taira no Nunchaku,kobudo,ryukyu-kobudo|ryukyu-kobudo-akamine|ryukyu-kobudo-tesshinkan|ryukyu-kobujutsu-hozon-shinko-kai,"'Maezato's nunchaku'. Maezato was Taira Shinken's birth surname (he took his mother's name Taira later), so the kata is self-named: his own codification of the horse-bridle flail into a formal kata.",mid 20th century (c. 1930s-1950s),Taira Shinken (born Maezato Shinken),Okinawa/Japan,,,Shinken Taira (created),,Little classical nunchaku kata survived into the 20th century; Taira composed this form (and Maezato no Tekko) under his birth name to fill the gap in his 1955 Ryukyu Kobudo syllabus.,https://en.wikipedia.org/wiki/Taira_Shinken | https://en.wikipedia.org/wiki/Nunchaku | https://ja.wikipedia.org/wiki/%E5%B9%B3%E4%BF%A1%E8%B3%A2
Maezato no Tekko,前里の鉄甲,Maezato no Tecchu (distinct weapon); Tekko,kobudo,ryukyu-kobudo|ryukyu-kobudo-akamine|ryukyu-kobudo-tesshinkan,"'Maezato's knuckle-dusters'. Tekko are stirrup- or horseshoe-derived fist-load weapons; Taira Shinken composed this, the only widely practised tekko kata, under his birth name Maezato.",mid 20th century (c. 1930s-1950s),Taira Shinken (born Maezato Shinken),Okinawa/Japan,,,Shinken Taira (created),,Composed by Taira to give the tekko a formal kata within his 42-kata Ryukyu Kobudo compilation; performed today in the Akamine and Tesshinkan lines and adopted by many karate schools.,https://en.wikipedia.org/wiki/Tekko | https://en.wikipedia.org/wiki/Taira_Shinken | https://ja.wikipedia.org/wiki/%E5%B9%B3%E4%BF%A1%E8%B3%A2
Manji no Sai,卍の釵,Manji Sai,kobudo,ryukyu-kobudo|ryukyu-kobudo-akamine|ryukyu-kobudo-tesshinkan,"'Swastika sai', from the manji (卍) silhouette formed when the sai are held in reverse grip with arms extended in opposite directions. Composed by Taira Shinken as an advanced synthesis of his sai material.",mid 20th century (c. 1950s),Taira Shinken,Okinawa/Japan,,,Shinken Taira (created),,"Along with Kongo no Kon, one of Taira's acknowledged own compositions; a capstone sai kata in the Akamine and Tesshinkan syllabi.",https://en.wikipedia.org/wiki/Taira_Shinken | https://en.wikipedia.org/wiki/Sai_(weapon) | https://ja.wikipedia.org/wiki/%E5%B9%B3%E4%BF%A1%E8%B3%A2
Matayoshi no Nunchaku,又吉のヌンチャク,Nunchaku (Matayoshi); Nunchaku Dai Ichi,kobudo,matayoshi-kobudo,"'Matayoshi nunchaku'. The Matayoshi line's flail kata, shorter and more utilitarian than the Taira-line forms, reflecting the weapon's origin as a horse bridle or threshing tool.",early to mid 20th century,Matayoshi Shinko,"Naha, Okinawa",,,Shinko Matayoshi (created); Shinpo Matayoshi (standardised),,"Codified within the family curriculum and fixed by Matayoshi Shinpo after 1960 for the Zen Okinawa Kobudo Renmei. [Verifier: The Matayoshi line does have its own nunchaku kata, shorter than Taira-line forms, and the bridle/threshing origin is standard lore; details of Shinko's authorship are traditional rather than documented.]",https://www.wikidata.org/wiki/Q1908088 | https://en.wikipedia.org/wiki/Nunchaku | https://www.wikidata.org/wiki/Q1908090
Matayoshi no Sai,又吉の釵,Sai Dai Ichi; Sai Dai Ni; Sancho Sai (三丁釵); Shinbaru no Sai,kobudo,matayoshi-kobudo|kingai-ryu,"'Matayoshi sai'. The graded sai kata of the Matayoshi curriculum (dai ichi and dai ni, plus the three-sai form Sancho Sai in which a third sai is carried for throwing), blending Okinawan saijutsu with Chinese methods from the Kingai-ryu inheritance.",early to mid 20th century,Matayoshi Shinko,"Naha, Okinawa (with Chinese elements from Fuzhou)",,,Shinko Matayoshi (created); Shinpo Matayoshi (standardised),,"Matayoshi Shinko assembled the family sai material from Okinawan teachers (including the Agena/Gushikawa tradition) and his studies in China; his son Shinpo fixed the numbered kata taught today through the Zen Okinawa Kobudo Renmei. [Verifier: Matayoshi sai kata exist (commonly listed as Nicho Sai and Sancho Sai, the latter with a third throwing sai); the 'dai ichi/dai ni' naming is branch-depende",https://www.wikidata.org/wiki/Q1908088 | https://www.wikidata.org/wiki/Q1908090 | https://en.wikipedia.org/wiki/Sai_(weapon)
Matayoshi no Tunkua,又吉のトゥンクヮー,Matayoshi no Tonfa Dai Ichi; Matayoshi no Tonfa Dai Ni; Tunkua Ichi/Ni,kobudo,matayoshi-kobudo,"'Matayoshi tonfa' (tunkua is the Okinawan name of the millstone-handle weapon). The paired kata dai ichi and dai ni codify the Matayoshi family's tonfa method, marked by circular flywheel strikes and simultaneous double-arm actions.",early to mid 20th century,Matayoshi Shinko,"Naha, Okinawa",,,Shinko Matayoshi (created); Shinpo Matayoshi (standardised),,Assembled by Matayoshi Shinko from rural Okinawan tonfa methods and fixed as two numbered kata by Matayoshi Shinpo for the Zen Okinawa Kobudo Renmei curriculum.,https://www.wikidata.org/wiki/Q1908088 | https://en.wikipedia.org/wiki/Tonfa | https://www.wikidata.org/wiki/Q1908090
Nunti,ヌンティ,Nunti Bo; Nunti no Kata; Nuntibo,kobudo,matayoshi-kobudo,"'Nunti' (a six-foot staff mounted with a manji-shaped sai head, derived from a fishing gaff). The kata codifies thrusting, hooking and trapping methods unique to this fisherman's weapon, with paired manji sai often thrown or held in the belt.",early 20th century (methods older),Matayoshi Shinko,Okinawa (fishing communities),,,Shinko Matayoshi (created); Shinpo Matayoshi (standardised),,The nunti is emblematic of the Matayoshi school's preservation of fishing- and farming-implement arts; Shinko gathered the methods during his travels and Shinpo fixed the kata for the Zen Okinawa Kobudo Renmei.,https://www.wikidata.org/wiki/Q1908088 | https://en.wikipedia.org/wiki/Okinawan_kobud%C5%8D | https://okic.okinawa/en/
Sakugawa no Kon,佐久川の棍,Sakugawa no Kon Chu; Sakugawa no Kon Dai; Sakugawa no Kon Koshiki (Yamane); Sakugawa no Kon Sho; Sakugawa nu Kun,kobudo,ryukyu-kobudo|ryukyu-kobudo-akamine|ryukyu-kobudo-tesshinkan|ryukyu-kobujutsu-hozon-shinko-kai|bunbukan|yamanni-ryu|matayoshi-kobudo,"'Sakugawa's staff'. Named for Sakugawa Kanga ('Tode' Sakugawa), the Shuri bushi who studied in Qing China and stands at the head of the Shuri-te lineage; the kata preserves the bojutsu credited to him and is a cornerstone of every major kobudo line.",late 18th to early 19th century,Sakugawa Kanga (Tode Sakugawa),"Shuri, Okinawa (methods attributed to study in Qing China)",,,Kanga Sakukawa (created); Moden Yabiku (brought); Shinken Taira (standardised),,Taira's Ryukyu Kobudo transmits sho/chu/dai versions; the Yamane-ryu line transmits its own fluid version through Chinen Sanda and Chinen Masami. Direct authorship by Sakugawa is traditional rather than documented.,https://en.wikipedia.org/wiki/Sakugawa_Kanga | https://en.wikipedia.org/wiki/Okinawan_kobud%C5%8D | https://ja.wikipedia.org/wiki/%E7%90%89%E7%90%83%E5%8F%A4%E6%AD%A6%E8%A1%93
Sansetsukon Dai Ichi,三節棍 第一,San Setsu Kon; Sansetsukon no Kata,kobudo,matayoshi-kobudo|kingai-ryu,"'Three-section staff, number one'. Kata for the Chinese sanjiegun, three staves linked by cord or chain; its presence in Okinawan kobudo comes from Matayoshi Shinko's training in Fuzhou under the monk Kingai.",learned c. 1911-1934; codified mid 20th century,"Matayoshi Shinko (from Kingai-ryu, Fuzhou)","Fuzhou, Fujian, China; codified in Naha, Okinawa",,,Shinko Matayoshi (brought); Shinpo Matayoshi (standardised),,"Part of the Kingai-ryu inheritance (with tinbe, suruchin and nunti) that distinguishes Matayoshi kobudo from the Taira compilation; accounts of Shinko's Chinese travels blend documented fact with family tradition. [Verifier: The Matayoshi line does practise a sansetsukon kata from Shinko's Kingai-ryu training in Fuzhou, which matches; the 'Dai Ichi' numbering and the precise 1911-1934 China dates ",https://en.wikipedia.org/wiki/Three-section_staff | https://www.wikidata.org/wiki/Q1908088 | https://www.wikidata.org/wiki/Q1908090
Sesoko no Kon,瀬底の棍,Sesoko nu Kun; Shishiku no Kon,kobudo,ryukyu-kobudo|ryukyu-kobudo-akamine|ryukyu-kobudo-tesshinkan,"'Staff of Sesoko'. Named for Sesoko Island (Motobu) or a bo man from it; a rare, advanced kata of the Taira compilation.",19th century (traditional attribution),"Sesoko, biographical details lost","Sesoko Island, Motobu, Okinawa",,,Shinken Taira (standardised),,One of the rarer bo kata preserved by Taira Shinken and carried on in the Akamine line; its pre-Taira transmission is undocumented.,https://en.wikipedia.org/wiki/Okinawan_kobud%C5%8D | https://ja.wikipedia.org/wiki/%E7%90%89%E7%90%83%E5%8F%A4%E6%AD%A6%E8%A1%93 | https://en.wikipedia.org/wiki/Taira_Shinken
Shirotaru no Kon,白樽の棍,Shirataru nu Kun; Shirotaru no Kon Dai; Shirotaru no Kon Sho,kobudo,ryukyu-kobudo|ryukyu-kobudo-akamine|ryukyu-kobudo-tesshinkan|ryukyu-kobujutsu-hozon-shinko-kai|yamanni-ryu|bunbukan,"'Shirotaru's staff'. Named for Shirotaru (Shirataru), a bo expert of the old Ryukyu kingdom whose biography is lost; some traditions place him in Tomari or as a student in the Sakugawa line.",18th to 19th century (traditional attribution),"Shirotaru (Shirataru), biographical details uncertain",Okinawa (Tomari by some traditions),,,Shinken Taira (standardised); Sanda Chinen (brought),,"Exists in sho and dai versions in Taira Shinken's Ryukyu Kobudo and in distinct Yamane-ryu versions transmitted through Chinen Sanda and Chinen Masami. The attribution to a person named Shirotaru is traditional. [Verifier: Real kata (Shirotaru sho/dai in Taira line, Shirataru in Yamanni-ryu, supporting the Chinen Sanda 'brought' role); the Tomari/Sakugawa-line biography is speculative lore, correc",https://en.wikipedia.org/wiki/Okinawan_kobud%C5%8D | https://ja.wikipedia.org/wiki/%E7%90%89%E7%90%83%E5%8F%A4%E6%AD%A6%E8%A1%93 | https://www.wikidata.org/wiki/Q6782517
Shoun no Kon,朝雲の棍,Choun no Kon; Choun no Kun; Shuun no Kon,kobudo,ryukyu-kobudo|ryukyu-kobudo-akamine|matayoshi-kobudo|yamanni-ryu,"'Shoun's staff' (read Choun in the Matayoshi line). Named for a master remembered only as Shoun/Choun, by some accounts a Chinese sailor or settler; an old-style (koryu) kata with distinctive circular strikes.",19th century (traditional attribution),"Shoun (Choun), identity uncertain, possibly a Chinese settler",Okinawa (Chinese attribution traditional),,,Shinko Matayoshi (brought); Shinken Taira (standardised),,"The Matayoshi line transmits Choun no Kun as a senior bo kata; a cognate Shoun no Kon survives in Ryukyu Kobudo lines and a version is also claimed in the Yamane tradition. The eponym is known only from oral tradition (folklore). [Verifier: Real kata (Choun no Kon in Matayoshi and Taira lines, Shoun in the Inoue line). But Motobu Naoki attributes it to Choun Uekata, a Tomari samurai c. 250 years a",https://en.wikipedia.org/wiki/Okinawan_kobud%C5%8D | https://www.wikidata.org/wiki/Q1908088 | https://ja.wikipedia.org/wiki/%E7%90%89%E7%90%83%E5%8F%A4%E6%AD%A6%E8%A1%93
Shushi no Kon Dai,周氏の棍 大,Shuji no Kon Dai; Shushi no Kun (Matayoshi); Suuji nu Kun (Yamane),kobudo,ryukyu-kobudo|ryukyu-kobudo-akamine|ryukyu-kobudo-tesshinkan|ryukyu-kobujutsu-hozon-shinko-kai|bunbukan|matayoshi-kobudo|yamanni-ryu,"'Shushi's staff, major': the longer, more advanced of the paired versions attributed to the Chinese master Shushi (Zhou). One of the most widely practised bo kata in Okinawa and a standard competition form.",19th century (traditional attribution),"Shushi (Zhou), a Chinese settler in Okinawa (traditional attribution)","Shuri/Naha, Okinawa",,,Moden Yabiku (brought); Shinken Taira (standardised),,"The Matayoshi line (Shushi no Kun) and the Yamane line (Suuji nu Kun, via Chinen Sanda) each transmit a single independent version that predates Taira's sho/dai split; the three versions differ markedly in rhythm and technique.",https://en.wikipedia.org/wiki/Okinawan_kobud%C5%8D | https://ja.wikipedia.org/wiki/%E7%90%89%E7%90%83%E5%8F%A4%E6%AD%A6%E8%A1%93 | https://en.wikipedia.org/wiki/Taira_Shinken
Shushi no Kon Sho,周氏の棍 小,Shuji no Kon Sho; Shushi no Kun; Suuji nu Kun,kobudo,ryukyu-kobudo|ryukyu-kobudo-akamine|ryukyu-kobudo-tesshinkan|ryukyu-kobujutsu-hozon-shinko-kai|bunbukan,"'Shushi's staff, minor'. Named for Shushi (Zhou, 周), traditionally a Chinese master resident in Okinawa; 'kon' is the Okinawan reading for the six-foot staff. Sho denotes the shorter of the paired versions fixed by Taira Shinken, usually the first bo kata taught in Ryukyu Kobudo.",19th century (traditional attribution),"Shushi (Zhou), a Chinese settler in Okinawa (traditional attribution)","Shuri/Naha, Okinawa",,,Moden Yabiku (brought); Shinken Taira (standardised),,"Transmitted through Yabiku Moden's Ryukyu Kobujutsu Kenkyukai to Taira Shinken, who codified the sho/dai pair within his 1955 syllabus. The identity of Shushi rests on oral tradition only (folklore).",https://en.wikipedia.org/wiki/Okinawan_kobud%C5%8D | https://ja.wikipedia.org/wiki/%E7%90%89%E7%90%83%E5%8F%A4%E6%AD%A6%E8%A1%93 | https://en.wikipedia.org/wiki/Taira_Shinken
Soeishi no Kon,添石の棍,Shishi no Kun (Isshin-ryu); Soeishi no Kon Dai; Soeishi no Kon Sho; Soeishi nu Kun,kobudo,ryukyu-kobudo|ryukyu-kobudo-akamine|ryukyu-kobudo-tesshinkan|ryukyu-kobujutsu-hozon-shinko-kai|isshin-ryu-kobudo,"'Soeishi's staff'. Named for Soeishi Ryotoku, an 18th-century Shuri official said to have served the Ryukyuan king as secretary and bojutsu instructor; the kata is regarded as a court (samurai-class) staff tradition rather than a village one.",18th century (traditional attribution),Soeishi Ryotoku (Soeishi Uekata) of Shuri,"Shuri, Okinawa",,,Soeishi (created); Shinken Taira (standardised); Tatsuo Shimabuku (renamed),,"Preserved in sho and dai versions in Taira Shinken's syllabus. Isshin-ryu's bo kata Shishi no Kun is generally held to derive from Soeishi no Kon, which Shimabuku Tatsuo learned from Taira in the late 1950s.",https://en.wikipedia.org/wiki/Okinawan_kobud%C5%8D | https://en.wikipedia.org/wiki/Isshin-ry%C5%AB | https://ja.wikipedia.org/wiki/%E7%90%89%E7%90%83%E5%8F%A4%E6%AD%A6%E8%A1%93
Sueyoshi no Kon,末吉の棍,Shiiyushi no Kon; Sueyoshi nu Kun,kobudo,ryukyu-kobudo|ryukyu-kobudo-akamine|ryukyu-kobudo-tesshinkan,'Sueyoshi's staff'. Named for a bo expert associated with Sueyoshi in Shuri; an advanced Ryukyu Kobudo kata characterised by unusual grips and thrusting work.,19th century (traditional attribution),"Sueyoshi (Shuri), biographical details lost","Sueyoshi, Shuri, Okinawa",,,Shinken Taira (standardised),,Preserved through Taira Shinken's compilation and taught mainly at senior level in the Akamine (Shinbukan) and Tesshinkan lines; nothing verifiable is recorded of the eponymous Sueyoshi.,https://en.wikipedia.org/wiki/Okinawan_kobud%C5%8D | https://ja.wikipedia.org/wiki/%E7%90%89%E7%90%83%E5%8F%A4%E6%AD%A6%E8%A1%93 | https://en.wikipedia.org/wiki/Taira_Shinken
Sunakake no Kon,砂掛けの棍,Sunakachi no Kon,kobudo,ryukyu-kobudo|ryukyu-kobudo-akamine,"'Sand-flinging staff'. A bo rendering of the sand-kicking (sunakake) tactic of the oar tradition of Tsuken Island, in which sand is flicked at an opponent's eyes before striking.",19th century (traditional attribution); fixed 20th century,,"Tsuken Island, Okinawa",,,Shinken Taira (standardised),,"Practised in some Ryukyu Kobudo lines as a bo counterpart of Tsuken Sunakake no Eku; its independent history apart from the oar kata is thin and largely a 20th-century codification. [Verifier: A bo kata of this name was listed by Taira in his 1938 Karate-do Taikan chapter (three versions existed), but it was not in the standardised RKHSK syllabus, so 'Taira standardised' overstates; the eku-tactic",https://en.wikipedia.org/wiki/Okinawan_kobud%C5%8D | https://en.wikipedia.org/wiki/Eku | https://ja.wikipedia.org/wiki/%E7%90%89%E7%90%83%E5%8F%A4%E6%AD%A6%E8%A1%93
Tawada no Sai,多和田の釵,Tawada no Sai Sho/Dai; Tawata no Sai,kobudo,ryukyu-kobudo|ryukyu-kobudo-akamine|ryukyu-kobudo-tesshinkan|ryukyu-kobujutsu-hozon-shinko-kai,"'Tawada's sai'. Named for Tawada Shinboku (also given as Shinbuku, c. 1814-1884), a Shuri bushi and student of Matsumura Sokon renowned for his sai; the kata preserves his personal saijutsu.",19th century,Tawada Shinboku (Tawada Pechin) of Shuri,"Shuri, Okinawa",,,Shinken Taira (standardised),,"Lineage histories place Tawada in the circle of Matsumura Sokon; his sai method reached Taira Shinken's compilation via the early 20th-century preservation movement and remains a senior kata in the Akamine line. [Verifier: Real Taira-line kata attributed to Tawada Pechin (Shinboku), a Matsumura student famed for sai; his exact dates (c. 1814-1884) vary across sources and could not be independently",https://en.wikipedia.org/wiki/Okinawan_kobud%C5%8D | https://en.wikipedia.org/wiki/Sai_(weapon) | https://ja.wikipedia.org/wiki/%E7%90%89%E7%90%83%E5%8F%A4%E6%AD%A6%E8%A1%93
Tinbe (Matayoshi),ティンベー,Matayoshi no Tinbe; Tinbe-Rochin,kobudo,matayoshi-kobudo|kingai-ryu,"'Shield (and short spear)'. The Matayoshi line's tinbe-rochin kata, using a turtle-shell shield and short hooked spear; its low, evasive circling is attributed to the Chinese methods Matayoshi Shinko absorbed in Fuzhou.",early 20th century,Matayoshi Shinko,"Naha, Okinawa; Chinese elements from Fuzhou",,,Shinko Matayoshi (brought); Shinpo Matayoshi (standardised),,Part of the material linked to Shinko's studies with the monk Kingai in Fuzhou (the Kingai-ryu inheritance); fixed for public teaching by Shinpo Matayoshi.,https://en.wikipedia.org/wiki/Tinbe-rochin | https://www.wikidata.org/wiki/Q1908088 | https://www.wikidata.org/wiki/Q1908090
Tokumine no Kun,徳嶺の棍,Tokumine no Kon; Tukumine nu Kun,kobudo,isshin-ryu-kobudo,"'Tokumine's staff'. Named for Tokumine Pechin, a Shuri bushi and celebrated bo fighter exiled to Yaeyama in the late 19th century after a brawl; the kata is the signature bo form of Isshin-ryu.",late 19th century,Tokumine Pechin of Shuri,"Shuri, Okinawa; transmitted from Yaeyama exile",,,Chotoku Kyan (brought); Tatsuo Shimabuku (standardised),,"Kyan Chotoku travelled to Yaeyama to learn Tokumine's bo; by the common story Tokumine had died and Kyan learned the kata from Tokumine's landlord (folklore). Kyan taught it to Shimabuku Tatsuo, who fixed it in Isshin-ryu.",https://en.wikipedia.org/wiki/Isshin-ry%C5%AB | https://en.wikipedia.org/wiki/Ch%C5%8Dtoku_Kyan | https://www.wikidata.org/wiki/Q27363
Tsuken Shitahaku no Sai,津堅志多伯の釵,Chikin Shitahaku no Sai; Shitahaku no Sai,kobudo,ryukyu-kobudo|ryukyu-kobudo-akamine|ryukyu-kobudo-tesshinkan|ryukyu-kobujutsu-hozon-shinko-kai|bunbukan,"'Sai of Shitahaku of Tsuken'. Named for Shitahaku, a sai expert associated with Tsuken Island (or a Shuri official of the Shitahaku family); usually the first classical sai kata of Ryukyu Kobudo.",late 18th to 19th century (traditional attribution),"Tsuken Shitahaku, biographical details uncertain","Tsuken Island / Shuri, Okinawa",,,Moden Yabiku (brought); Shinken Taira (standardised),,"Transmitted through Yabiku Moden to Taira Shinken, who placed it at the base of the Ryukyu Kobudo sai curriculum; the historical Shitahaku is known only from lineage tradition.",https://en.wikipedia.org/wiki/Sai_(weapon) | https://en.wikipedia.org/wiki/Okinawan_kobud%C5%8D | https://ja.wikipedia.org/wiki/%E7%90%89%E7%90%83%E5%8F%A4%E6%AD%A6%E8%A1%93
Tsuken Sunakake no Eku,津堅砂掛けのエーク,Chikin Akachu no Eku Dii; Chikin Sunakake no Eku; Sunakake no Kon (bo adaptation); Tsuken Akachu no Eku De,kobudo,ryukyu-kobudo|ryukyu-kobudo-akamine|ryukyu-kobudo-tesshinkan|matayoshi-kobudo,"'Sand-flinging oar of Tsuken'. The classical kata for the eku (fisherman's oar), whose signature technique scoops sand into an attacker's eyes; named for Tsuken Akachu ('the red-faced man of Tsuken'), a legendary oarsman-fighter of Tsuken Island.",19th century (traditional attribution),"Tsuken Akachu, oarsman of Tsuken Island (legendary)","Tsuken Island, Okinawa",,,Tsuken Akachu (created); Shinken Taira (standardised),,"Folklore casts Akachu as a fisherman who defeated an armed bushi with his oar. The Taira line fixed Tsuken Sunakake no Eku; the Matayoshi line transmits its own version as Chikin Akachu no Eku Dii, both claiming the same origin.",https://en.wikipedia.org/wiki/Eku | https://en.wikipedia.org/wiki/Okinawan_kobud%C5%8D | https://ja.wikipedia.org/wiki/%E7%90%89%E7%90%83%E5%8F%A4%E6%AD%A6%E8%A1%93
Tsuken no Kon,津堅の棍,Chikin Bo; Tsuken Bo; Tsuken Hantagwa no Kon; Tsukenbo,kobudo,ryukyu-kobudo|ryukyu-kobudo-akamine|ryukyu-kobudo-tesshinkan|ryukyu-kobujutsu-hozon-shinko-kai|matayoshi-kobudo|bunbukan,"'Staff of Tsuken'. Named for Tsuken Island off the Katsuren peninsula and its famed bo tradition, personified by Tsuken Seisoku (Shosoku) Oyakata, an 18th-century official; a direct, combative kata regarded as one of the oldest bo forms.",18th century (traditional attribution),Tsuken Seisoku (Shosoku) Oyakata of Tsuken Island,"Tsuken Island, Okinawa",,,Tsuken Shosoku Oyakata (created); Shinken Taira (standardised),,Village bo traditions of Tsuken Island produced several named forms (including versions linked to Tsuken Hantagwa and Tsuken Koragwa); Taira Shinken and the Matayoshi line each fixed their own Tsuken bo kata. Attribution to a single creator is folkloric.,https://en.wikipedia.org/wiki/Okinawan_kobud%C5%8D | https://ja.wikipedia.org/wiki/%E7%90%89%E7%90%83%E5%8F%A4%E6%AD%A6%E8%A1%93 | https://okic.okinawa/en/
Ufuchiku no Sai,大筑の釵,Kanagusuku no Sai; Kina no Sai; Ufuchiku Sai Dai/Sho,kobudo,ufuchiku-kobujutsu,"'Sai of the Ufuchiku' (Ufuchiku was the title of the chief of palace police at Shuri). Preserves the saijutsu of Kanagusuku Sanda (1841-1926), the last Ufuchiku, whose duties made the sai a true policing weapon rather than a demonstration piece.",late 19th century,Kanagusuku Sanda (Kinjo Ufuchiku),"Shuri, Okinawa",,,Sanda Kanagusuku (created); Shosei Kina (standardised); Kaishu Isa (standardised),,"Kanagusuku, by tradition a bodyguard of King Sho Tai (folklore embellishes this role), passed his art to Kina Shosei (1882-1981), who preserved it as Ufuchiku Kobujutsu; Isa Kaishu and Kyan Shinyei continued the line. [Verifier: Ufuchiku Kobudo (sai-centred) founded by Kanagusuku/Kinjo Sanda, transmitted via Kina Shosei then Isa Kaishu, is confirmed; a kata under this exact name is attested only i",https://en.wikipedia.org/wiki/Okinawan_kobud%C5%8D | https://okic.okinawa/en/ | https://ja.wikipedia.org/wiki/%E7%90%89%E7%90%83%E5%8F%A4%E6%AD%A6%E8%A1%93
Urashi no Kon,浦添の棍,Ufugushiku no Kon; Ufugusuku no Kun Dai; Urashi Bo; Urasoe no Kon,kobudo,ryukyu-kobudo|ryukyu-kobudo-akamine|ryukyu-kobudo-tesshinkan|ryukyu-kobujutsu-hozon-shinko-kai|isshin-ryu-kobudo|matsumura-seito,"'Staff of Urasoe' (Urashi is the Okinawan pronunciation of Urasoe). Associated by tradition with Uhugushiku (Ufugusuku, 'great castle'), a bushi connected with Urasoe castle; a vigorous kata noted for its jumping strike.",19th century (traditional attribution),"Uhugushiku (Ufugusuku), bushi associated with Urasoe (traditional attribution)","Urasoe, Okinawa",,,Uhugushiku (created); Shinken Taira (standardised),,"Taira Shinken fixed the Ryukyu Kobudo version, which Shimabuku Tatsuo carried into Isshin-ryu as Urashi Bo; the Matsumura Seito line of Soken Hohan preserves a related Ufugushiku no Kun. The link between the Urashi and Ufugushiku traditions is asserted by lineage histories rather than documents. [Verifier: Kata is real (Urasoe no Kon in Taira line, Urashi Bo in Isshin-ryu) with its noted jump; the",https://en.wikipedia.org/wiki/Okinawan_kobud%C5%8D | https://en.wikipedia.org/wiki/Isshin-ry%C5%AB | https://en.wikipedia.org/wiki/H%C5%8Dhan_S%C5%8Dken
Yaka no Sai,屋嘉の釵,Yakaa no Sai,kobudo,ryukyu-kobudo|ryukyu-kobudo-akamine|ryukyu-kobudo-tesshinkan,'Sai of Yaka'. Named for a sai expert from Yaka (Kin district) remembered only by his place name; a compact kata of the Taira compilation.,19th century (traditional attribution),"Yaka (Kin district), biographical details lost","Yaka, Kin, Okinawa",,,Shinken Taira (standardised),,Preserved through Taira Shinken and prominent in the Akamine (Shinbukan) and Tesshinkan grading syllabi; nothing verifiable is recorded of the eponym.,https://en.wikipedia.org/wiki/Okinawan_kobud%C5%8D | https://en.wikipedia.org/wiki/Sai_(weapon) | https://ja.wikipedia.org/wiki/%E7%90%89%E7%90%83%E5%8F%A4%E6%AD%A6%E8%A1%93
Yaraguwa no Tonfa,屋良小のトンファー,Yara Guwa no Tuifa; Yaraguwa no Tunfa; Yaragwa no Tonfa,kobudo,ryukyu-kobudo|ryukyu-kobudo-akamine|ryukyu-kobudo-tesshinkan,"'Tonfa of Yara the younger' (the diminutive -guwa distinguishes him from the elder Chatan Yara). Tradition links the kata to a descendant or junior namesake of Chatan Yara; a fast, close-quarters tonfa form.",18th to 19th century (traditional attribution),"Yaraguwa ('young Yara'), traditionally of the Chatan Yara line","Chatan, Okinawa",,,Chatan Yara (created); Shinken Taira (standardised),,"Whether Yaraguwa was Chatan Yara himself in youth, a grandson, or an unrelated namesake is unresolved in the lineage literature; the form survives through Taira Shinken's compilation. [Verifier: Real Taira-line kata (Yaragwa no Tonfa). But the entry is internally inconsistent: the meaning says a junior namesake of Chatan Yara while introduced_by credits Chatan Yara himself as creator; sources spli",https://en.wikipedia.org/wiki/Tonfa | https://en.wikipedia.org/wiki/Chatan_Yara | https://en.wikipedia.org/wiki/Okinawan_kobud%C5%8D
Yonegawa no Kon,米川の棍,Yonekawa no Kon; Yunigaa nu Kun; Yunigawa no Kon,kobudo,ryukyu-kobudo|ryukyu-kobudo-akamine|ryukyu-kobudo-tesshinkan|ryukyu-kobujutsu-hozon-shinko-kai|yamanni-ryu,"'Yonegawa's staff' (Yunigawa in Okinawan). Named for a bo expert remembered only as Yonegawa; a long, technically demanding kata noted for its one-handed techniques and level changes.",19th century (traditional attribution),"Yonegawa (Yunigawa), biographical details lost",Okinawa (probably Shuri area),,,Moden Yabiku (brought); Shinken Taira (standardised),,Transmitted to Taira Shinken through Yabiku Moden; the Yamane line preserves its own Yunigawa version through the Chinen family. Nothing reliable is recorded of the eponymous Yonegawa.,https://en.wikipedia.org/wiki/Okinawan_kobud%C5%8D | https://ja.wikipedia.org/wiki/%E7%90%89%E7%90%83%E5%8F%A4%E6%AD%A6%E8%A1%93 | https://en.wikipedia.org/wiki/Taira_Shinken
Bassai,발새 / 팔새 (拔塞),Bal Sae; Bassai Dai; Pal Che; Palsek; Passai,korean,tang-soo-do|soo-bahk-do|moo-duk-kwan|chung-do-kwan|song-moo-kwan|taekwondo,"'To extract from (or storm) a fortress': the name evokes breaking through an enemy stronghold, reflected in the kata's driving, penetrating techniques.",Passai 18th-19th century; in Korea from mid-1940s,Attributed variously to Sokon Matsumura and Oyadomari lineages (origin uncertain),"Shuri/Tomari, Okinawa; brought to Seoul, Korea",,,Sokon Matsumura (standardised); Won Kuk Lee (brought); Hwang Kee (brought); Byung Jick Ro (brought),,The Korean form follows Itosu's Passai Dai as transmitted in Shotokan (Bassai Dai); it is the signature mid-dan hyung of Moo Duk Kwan Tang Soo Do and appears as Pal Che or Palsek in kwan-era taekwondo syllabi. Attribution of the original Passai is contested Okinawan tradition rather than documented fact.,https://en.wikipedia.org/wiki/Passai | https://en.wikipedia.org/wiki/Tang_Soo_Do
Chil Sung series,칠성 (七星),Chil Sung Il Ro to Chil Ro; Chil Sung hyung,korean,soo-bahk-do|moo-duk-kwan|tang-soo-do,"'Seven stars', referring to the Big Dipper (seven-star constellation), symbolising guidance and the connection of the practitioner to the cosmos; seven forms blending hard karate-derived technique with soft, breath-led Chinese-style movement.",Created from 1952,Hwang Kee,"Seoul, South Korea",,,Hwang Kee (created),,"Hwang Kee's own creation, drawing on his study of northern Chinese arts and Yang-style-influenced soft movement, designed to express his philosophy of Neh Gung (internal) and Weh Gung (external) energy; they became the signature hyung of Soo Bahk Do Moo Duk Kwan.",https://en.wikipedia.org/wiki/Hwang_Kee | https://en.wikipedia.org/wiki/Soo_Bahk_Do
Choi-Yong,최영 (崔瑩),Choi-Yong tul,korean,itf-taekwondo|taekwondo,"Named for General Choi Yong, premier and commander-in-chief of the Goryeo armed forces, revered for loyalty and patriotism and executed by subordinates led by Yi Song-gye, later first king of Joseon. 46 movements.",By 1972 (ITF canon),Choi Hong-hi and his pattern team,South Korea,,,Choi Hong-hi (created),,Third-dan Chang Hon pattern honouring the incorruptible Goryeo general.,https://taekwondo.fandom.com/wiki/Choi-Yong | https://en.wikipedia.org/wiki/Hyeong
Chon-Ji,천지 (天地),Chon-Ji tul,korean,itf-taekwondo|oh-do-kwan|taekwondo,'Heaven and Earth': in Asian cosmology the creation of the world and the beginning of human history; as the beginner's first pattern its two similar halves represent heaven and earth. 19 movements.,c. 1955-1962,Choi Hong-hi and his pattern team,South Korea,,,Choi Hong-hi (created); Nam Tae-hi (created),,"First of the 24 Chang Hon tul, developed by Choi Hong-hi with military pioneers of the Oh Do Kwan (Nam Tae-hi foremost) to replace the Japanese kata inherited by the kwans.",https://taekwondo.fandom.com/wiki/Chon-Ji | https://en.wikipedia.org/wiki/Hyeong
Chonkwon,천권 (天拳),Cheonkwon,korean,kukki-taekwondo|taekwondo,'Heaven's fist' or sky: heaven as the origin of all creation and the object of ancient Korean reverence; the movements evoke an eagle soaring and pious gestures towards the sky.,1967 (yudanja set),KTA/Kukkiwon poomsae committee,"Seoul, South Korea",,,Lee Chong-woo (created); Lee Kyo-yoon (created),,Seventh-dan Kukkiwon poomsae from the original KTA black-belt set.,https://en.wikipedia.org/wiki/Hyeong | https://www.kukkiwon.or.kr
Choong-Jang,충장 (忠壯),Choong-Jang tul,korean,itf-taekwondo|taekwondo,Pseudonym of General Kim Duk-ryang of the Yi (Joseon) dynasty; the pattern ends with a left-hand attack to symbolise the tragedy of his death at 27 in prison before reaching maturity. 52 movements.,By 1972 (ITF canon),Choi Hong-hi and his pattern team,South Korea,,,Choi Hong-hi (created),,Second-dan pattern; the ITF Encyclopedia dates Kim Duk-ryang to the 14th century though historically he lived 1567-1596.,https://taekwondo.fandom.com/wiki/Choong-Jang | https://en.wikipedia.org/wiki/Hyeong
Choong-Moo,충무 (忠武),Choong-Moo tul; Chung-Mu,korean,itf-taekwondo|oh-do-kwan|taekwondo,"The posthumous title of Admiral Yi Sun-sin (1545-1598), inventor of the armoured turtle ship (1592); the pattern ends with a left-hand attack to symbolise his regrettable death before he could show his full potential. 30 movements.",1955 (among the first tul created),Choi Hong-hi with Nam Tae-hi,South Korea,,,Choi Hong-hi (created); Nam Tae-hi (created),,Among the earliest Chang Hon patterns; the last coloured-belt tul in the ITF syllabus.,https://taekwondo.fandom.com/wiki/Choong-Moo | https://en.wikipedia.org/wiki/Hyeong
Chul Ki series,철기 (鐵騎),Chul Gi; Chulgi Cho Dan / E Dan / Sam Dan; Kima; Naihanchi; Tekki,korean,tang-soo-do|soo-bahk-do|moo-duk-kwan|chung-do-kwan|taekwondo,"'Iron horse(man)': a Korean coinage echoing the Japanese Tekki (iron knight), describing the kata's rooted horse-riding stance performed along a single lateral line.",Naihanchi 19th century or earlier; in Korea from mid-1940s,Unknown Okinawan/Chinese origin; standardised by Anko Itosu,"Shuri, Okinawa; brought to Seoul, Korea",,,Anko Itosu (standardised); Won Kuk Lee (brought); Hwang Kee (brought); Byung Jick Ro (brought),,"Derives from Naihanchi, the old core kata of Shuri-te associated with Sokon Matsumura and split into three by Itosu; the kwans received it as Shotokan's Tekki and renamed it Chul Ki. Still practised at dan level in Tang Soo Do and Soo Bahk Do.",https://en.wikipedia.org/wiki/Naihanchi | https://en.wikipedia.org/wiki/Tang_Soo_Do
Dan Kwon / Jang Kwon / Palgi Kwon,단권 (短拳) / 장권 (長拳) / 팔기권 (八技拳),Dan Kwon; Doju San; Jang Kwon; Palgi Kwon,korean,chang-moo-kwan|kang-duk-won,"'Short fist', 'long fist' and 'eight-technique fist': Korean forms of Chinese quanfa (kwon bup) sets, preserving the changquan/chuan-fa material Yoon Byung-in learned in Manchuria alongside his Shudokan karate.",Taught in Korea 1946-1950s,Yoon Byung-in,"Manchuria/Seoul, Korea",,,Yoon Byung-in (brought); Park Chul-hee (standardised),,"Yoon Byung-in, who studied chuan-fa in Manchuria and karate under Toyama Kanken's Shudokan, taught these quanfa-derived forms in the YMCA Kwon Bup Bu/Chang Moo Kwan; after his disappearance in the Korean War his students Park Chul-hee and Hong Jong-pyo preserved them in the Kang Duk Won. They mark the only substantial non-karate Chinese stream in the kwan-era curriculum. [Verifier: The forms are r",https://en.wikipedia.org/wiki/Chang_Moo_Kwan | https://en.wikipedia.org/wiki/Kang_Duk_Won
Dan-Gun,단군 (檀君),Dan-Gun tul,korean,itf-taekwondo|oh-do-kwan|taekwondo,"Named for Dangun, the legendary founder of Korea in 2333 BC; unusually, all its punches are high section, said to symbolise Dangun scaling a mountain. 21 movements.",c. 1955-1962,Choi Hong-hi and his pattern team,South Korea,,,Choi Hong-hi (created); Nam Tae-hi (created),,"Second Chang Hon pattern; the Dangun founding legend it honours is national mythology, cited as such in the ITF Encyclopedia.",https://taekwondo.fandom.com/wiki/Dan-Gun | https://en.wikipedia.org/wiki/Hyeong
Do-San,도산 (島山),Do-San tul,korean,itf-taekwondo|oh-do-kwan|taekwondo,"Pseudonym of the patriot Ahn Chang-ho (1876-1938), who devoted his life to education and the Korean independence movement; the 24 movements represent his entire life.",c. 1955-1962,Choi Hong-hi and his pattern team,South Korea,,,Choi Hong-hi (created); Nam Tae-hi (created),,Early Chang Hon pattern honouring the independence educator Ahn Chang-ho (Dosan).,https://taekwondo.fandom.com/wiki/Do-San | https://en.wikipedia.org/wiki/Hyeong
Eui-Am,의암 (義菴),Eui-Am tul,korean,itf-taekwondo|taekwondo,"Pseudonym of Son Byong-hi, leader of the 1 March 1919 independence movement; the 45 movements refer to his age when he renamed Donghak as Chondogyo in 1905, and the diagram represents indomitable spirit.",By 1972 (ITF canon),Choi Hong-hi and his pattern team,South Korea,,,Choi Hong-hi (created),,Second-dan Chang Hon pattern honouring the religious and independence leader Son Byong-hi (Uiam).,https://taekwondo.fandom.com/wiki/Eui-Am | https://en.wikipedia.org/wiki/Hyeong
Ge-Baek,계백 (階伯),Gae-Baek; Ge-Baek tul,korean,itf-taekwondo|taekwondo,"Named for Gyebaek, the great general of Baekje (died 660 AD); the diagram represents his severe and strict military discipline. 44 movements.",By the mid-1960s,Choi Hong-hi and his pattern team,South Korea,,,Choi Hong-hi (created),,First-dan pattern honouring the Baekje general who fought to the death at Hwangsanbeol.,https://taekwondo.fandom.com/wiki/Ge-Baek | https://en.wikipedia.org/wiki/Hyeong
Hansu,한수 (漢水),Hansoo,korean,kukki-taekwondo|taekwondo,"'Water' (also evoking the Han river and 'han' as Korea itself): adaptability, continuity and the strength of water that nurtures life yet wears down stone.",1967 (yudanja set),KTA/Kukkiwon poomsae committee,"Seoul, South Korea",,,Lee Chong-woo (created); Lee Kyo-yoon (created),,Eighth-dan Kukkiwon poomsae from the original KTA black-belt set.,https://en.wikipedia.org/wiki/Hyeong | https://www.kukkiwon.or.kr
Hwa Sun,화선 (華善),Hwa Sun hyung,korean,soo-bahk-do|moo-duk-kwan,"Commonly glossed as 'flower goodness' or 'harmonious virtue'; the most advanced Soo Bahk Do hyung, expressing the Kwon Bup (fist method) chapter of the Muye Dobo Tongji in flowing, mature movement.",Late 20th century (after 1957),Hwang Kee,"Seoul, South Korea",,,Hwang Kee (created),,"Hwang Kee's master-level creation derived from his interpretation of the Kwon Bup illustrations in the Muye Dobo Tongji; reserved for senior dan grades in the World Moo Duk Kwan. The name's translation varies across the organisation's own literature. [Verifier: Hwa Sun exists as the most advanced Soo Bahk Do hyung, created by Hwang Kee from the Kwon Bup section of the Muye Dobo Tongji (verified). ",https://en.wikipedia.org/wiki/Soo_Bahk_Do | https://www.worldmoodukkwan.com
Hwa-Rang,화랑 (花郎),Hwa-Rang tul,korean,itf-taekwondo|oh-do-kwan|taekwondo,"Named for the Hwarang, the youth warrior corps of Silla (7th century) whose code inspired Korean martial ethics; the 29 movements refer to the 29th Infantry Division, where taekwondo developed into maturity.",1955 (among the first tul created),Choi Hong-hi with Nam Tae-hi,"Cheju (29th Infantry Division), South Korea",,,Choi Hong-hi (created); Nam Tae-hi (created),,"One of the very first Chang Hon patterns, worked out in the army's 29th Division by Choi Hong-hi and Nam Tae-hi; its military birthplace is encoded in the movement count.",https://taekwondo.fandom.com/wiki/Hwa-Rang | https://en.wikipedia.org/wiki/Nam_Tae-hi
Ilyeo,일여 (一如),Ilyo,korean,kukki-taekwondo|taekwondo,"'Oneness': the thought of the Silla monk Wonhyo that body and mind, spirit and substance are one; the highest state of taekwondo, with a floor pattern based on the Buddhist swastika (卍).",1967 (yudanja set),KTA/Kukkiwon poomsae committee,"Seoul, South Korea",,,Lee Chong-woo (created); Lee Kyo-yoon (created),,"Ninth-dan and final Kukkiwon poomsae, framing mastery as spiritual unification; honours the same monk as the ITF pattern Won-Hyo.",https://en.wikipedia.org/wiki/Hyeong | https://www.kukkiwon.or.kr
Ji On,지온 (慈恩),Ja Eun; Jion; Jion (kata group),korean,tang-soo-do|soo-bahk-do|moo-duk-kwan|taekwondo,"'Mercy and grace' (慈恩): traditionally linked to the Jion-ji Buddhist temple, suggesting monastic transmission of the Jion kata group (Jion, Jiin, Jitte).",19th century; in Korea from mid-1940s,Unknown; Tomari-te temple-kata tradition,"Tomari, Okinawa; brought to Seoul, Korea",,,Won Kuk Lee (brought); Hwang Kee (brought),,Received in Korea through Shotokan's Jion; a dan-level hyung in Moo Duk Kwan Tang Soo Do. The temple origin is tradition rather than documented history.,https://en.wikipedia.org/wiki/Tang_Soo_Do | https://en.wikipedia.org/wiki/Karate_kata
Jin Do,진도 (鎭東),Am Hak; Chinto; Gankaku; Jindo,korean,tang-soo-do|soo-bahk-do|moo-duk-kwan|taekwondo,"Korean reading of Chintō, traditionally the name of a shipwrecked Chinese sailor whose fighting method Sokon Matsumura codified; Funakoshi's rename Gankaku ('crane on a rock') describes its one-legged crane stances.",Chintō mid-19th century; in Korea from mid-1940s,"Attributed to Sokon Matsumura, from the sailor Chintō (folklore)","Tomari/Shuri, Okinawa; brought to Seoul, Korea",,,Sokon Matsumura (created); Hwang Kee (brought); Won Kuk Lee (brought),,"The Tang Soo Do version follows the Itosu/Shito-ryu-line Chinto pattern more than Shotokan's Gankaku, reflecting the mixed Japanese sources of the kwans; the Chintō shipwreck story is Okinawan folklore. A senior dan hyung in Moo Duk Kwan.",https://en.wikipedia.org/wiki/Chinto | https://en.wikipedia.org/wiki/Tang_Soo_Do
Jitae,지태 (地跆),Chitae,korean,kukki-taekwondo|taekwondo,'Earth' (literally 'treading the earth'): all life springs from and returns to the earth; the poomsae depicts a man standing on the ground reaching towards the sky.,1967 (yudanja set),KTA/Kukkiwon poomsae committee,"Seoul, South Korea",,,Lee Chong-woo (created); Lee Kyo-yoon (created),,Sixth-dan Kukkiwon poomsae from the original KTA black-belt set.,https://en.wikipedia.org/wiki/Hyeong | https://www.kukkiwon.or.kr
Joong-Gun,중근 (重根),Joong-Gun tul,korean,itf-taekwondo|oh-do-kwan|taekwondo,"Named for the patriot Ahn Jung-geun, who assassinated Resident-General Ito Hirobumi in 1909; the 32 movements represent his age when he was executed at Lushun prison in 1910.",c. 1955-1962,Choi Hong-hi and his pattern team,South Korea,,,Choi Hong-hi (created); Nam Tae-hi (created),,"Sixth Chang Hon pattern, honouring the independence martyr Ahn Jung-geun.",https://taekwondo.fandom.com/wiki/Joong-Gun | https://en.wikipedia.org/wiki/Hyeong
Juche,주체 (主體),Juche tul,korean,itf-taekwondo|taekwondo,"The philosophical idea that man is master of everything and decides everything, which Choi linked to Baekdu Mountain, symbol of the Korean spirit; the diagram represents the mountain. 45 movements.",c. 1986,Choi Hong-hi with the ITF technical committee,Developed during ITF's Pyongyang-aligned period,,,Choi Hong-hi (created),,"Replaced Ko-Dang in the 24-pattern set in the mid-1980s after Choi's rapprochement with North Korea; because Juche is the DPRK state ideology, several ITF branches and Chang Hon offshoots retain Ko-Dang instead or practise both.",https://taekwondo.fandom.com/wiki/Juche | https://en.wikipedia.org/wiki/International_Taekwon-Do_Federation
Keumgang,금강 (金剛),Geumgang; Kumgang,korean,kukki-taekwondo|taekwondo,"'Diamond' (vajra): hardness that cannot be broken and brightness, also evoking Mt Keumgang; the floor pattern is the Chinese character for mountain (山) and its slow keumgang blocks express immovable spirit.",1967 (yudanja set),KTA/Kukkiwon poomsae committee,"Seoul, South Korea",,,Lee Chong-woo (created); Lee Kyo-yoon (created),,Second-dan Kukkiwon poomsae from the original KTA black-belt set.,https://en.wikipedia.org/wiki/Hyeong | https://www.kukkiwon.or.kr
Kicho Hyung,기초형 (基礎型),Ki Cho Hyung Il Bu / E Bu / Sam Bu; Kibon; Kicho,korean,tang-soo-do|soo-bahk-do|moo-duk-kwan|chung-do-kwan|taekwondo,"'Foundation forms'. Three elementary I-pattern forms teaching low block, middle punch and stance turning; the Korean counterpart of the Shotokan Taikyoku series.",Taikyoku c. 1936-1940; Korean versions mid-1940s,Gichin Funakoshi and Gigo Funakoshi (Taikyoku model); adapted by Hwang Kee and Won Kuk Lee,"Tokyo, Japan; adapted in Seoul, Korea",,,Gichin Funakoshi (created); Hwang Kee (standardised); Won Kuk Lee (brought),,"Modelled on the Taikyoku kata of Shotokan, which the kwan founders learned in Japan or from Funakoshi's books; Hwang Kee formalised them as Ki Cho Hyung Il Bu, E Bu and Sam Bu in the Moo Duk Kwan. Most kwans used equivalents as first-geup forms before the Pyung Ahn series.",https://en.wikipedia.org/wiki/Taikyoku | https://en.wikipedia.org/wiki/Tang_Soo_Do
Ko-Dang,고당 (古堂),Ko-Dang tul,korean,itf-taekwondo|taekwondo,"Pseudonym of the patriot Cho Man-sik (1883-1950), who dedicated his life to the independence movement and education; the 39 movements refer to his imprisonments and his birthplace on the 39th degree of latitude.",By 1972; removed from the official 24 c. 1986,Choi Hong-hi and his pattern team,South Korea,,,Choi Hong-hi (created),,"Original member of the Chang Hon set replaced by Juche in the mid-1980s; ironically Cho Man-sik was executed in North Korea, and many non-ITF Chang Hon organisations (and post-2002 ITF branches) still teach Ko-Dang.",https://taekwondo.fandom.com/wiki/Ko-Dang | https://en.wikipedia.org/wiki/Hyeong
Kong Sang Koon,공상군 (公相君),Kanku Dai; Kong Sahng Koon; Kong Sang Kun; Kusanku; Kushanku,korean,tang-soo-do|soo-bahk-do|moo-duk-kwan|chung-do-kwan|taekwondo,"The Korean reading of the Chinese characters 公相君 (Kusanku), the honorific title of a Chinese envoy to Okinawa c. 1756 whose fighting method inspired the kata; the Koreans preserved the older personal name rather than Funakoshi's rename Kanku ('viewing the sky').",Kata c. 1760s-1800s; in Korea from mid-1940s,"Kata attributed to Tode Sakugawa, after the envoy Kusanku","Okinawa (Chinese influence via Fuzhou); brought to Seoul, Korea",,,Kusanku (created); Won Kuk Lee (brought); Hwang Kee (brought),,Transmitted to Korea as Shotokan's Kanku Dai but retained under its Okinawan name in Korean reading; it is the longest and most senior of the classical Tang Soo Do hyung. The story of the envoy Kusanku teaching his art is early tradition recorded in the Oshima Hikki (1762).,https://en.wikipedia.org/wiki/Kusanku | https://en.wikipedia.org/wiki/Tang_Soo_Do
Koryo,고려 (高麗),Koryeo; Original Koryo (1967 version),korean,kukki-taekwondo|taekwondo,"Named for the Goryeo dynasty (918-1392), which repelled the Mongol invasions and gave Korea its name; symbolises the conviction of the seonbae (learned man). Its floor pattern is the Chinese character for 'scholar' (士).",Original version 1965-1967; current version 1972,KTA/Kukkiwon poomsae committee,"Seoul, South Korea",,,Lee Chong-woo (created); Lee Kyo-yoon (created),,"First-dan Kukkiwon poomsae; the 1967 'Original Koryo' created with the Palgwae set was replaced by the present Koryo when the Taegeuk system was adopted, and the older form survives only as a historical curiosity.",https://en.wikipedia.org/wiki/Hyeong | https://www.kukkiwon.or.kr
Kwang-Gae,광개 (廣開),Kwang-Gae tul,korean,itf-taekwondo|taekwondo,"Named for Gwanggaeto the Great, 19th king of Goguryeo, who recovered lost territories including much of Manchuria; the 39 movements refer to the first two figures of 391 AD, the year he came to the throne.",By the mid-1960s,Choi Hong-hi and his pattern team,South Korea,,,Choi Hong-hi (created),,First-dan Chang Hon pattern honouring the expansionist Goguryeo king.,https://taekwondo.fandom.com/wiki/Kwang-Gae | https://en.wikipedia.org/wiki/Hyeong
Moon-Moo,문무 (文武),Moon-Moo tul,korean,itf-taekwondo|taekwondo,"Honours King Munmu, 30th king of Silla, whose body was buried near the Great King's Rock so his soul would become a sea dragon defending Korea; the 61 movements refer to the last two figures of 661 AD, when he came to the throne.",By 1972 (ITF canon),Choi Hong-hi and his pattern team,South Korea,,,Choi Hong-hi (created),,"Fourth-dan pattern noted for its extremely slow, controlled kicks; the underwater-tomb story is Silla legend attached to a real site (Daewangam).",https://taekwondo.fandom.com/wiki/Moon-Moo | https://en.wikipedia.org/wiki/Hyeong
O Sip Sa Bo,오십사보 (五十四步),Gojushiho; Oh Sip Sa Bo; Useishi,korean,tang-soo-do|soo-bahk-do|moo-duk-kwan,"'Fifty-four steps': direct Korean reading of Gojushiho (五十四歩), the number 54 having Buddhist significance (half of 108); the kata's flowing, drunken-crane movements are among the most advanced in the Shuri-te canon.",19th century; in Korea from mid-1940s,Shuri-te transmission via Sokon Matsumura and Anko Itosu,"Shuri, Okinawa; brought to Seoul, Korea",,,Anko Itosu (standardised); Hwang Kee (brought),,"The highest classical karate-derived hyung in Moo Duk Kwan Tang Soo Do/Soo Bahk Do, deriving from Useishi/Gojushiho of the Matsumura-Itosu line as transmitted in Japanese karate.",https://en.wikipedia.org/wiki/Gojushiho | https://en.wikipedia.org/wiki/Tang_Soo_Do
Palgwae series,팔괘 (八卦),Palgue; Palgwae Il Jang to Pal Jang,korean,kukki-taekwondo|taekwondo|chung-do-kwan|ji-do-kwan,"'Eight trigrams' (palgwae = bagua): eight forms keyed to the eight trigrams of the I Ching, from Keon (heaven) to Gon (earth), representing the full range of natural phenomena.","Created 1965-1967, adopted 1967; superseded 1971-1972",Korea Taekwondo Association poomsae committee,"Seoul, South Korea",,,Lee Chong-woo (created); Lee Kyo-yoon (created),,"The KTA's first unified coloured-belt set, drafted by a committee drawn from a subset of kwans (including Lee Chong-woo of Jidokwan and Lee Kyo-yoon of Hanmookwan, with Kwak Kun-sik, Hyun Jong-myun, Park Hae-man, Kim Soon-bae and others); because major kwans were unrepresented, an expanded committee replaced the set with the Taegeuk poomsae in 1971-1972, though many schools still teach Palgwae.",https://en.wikipedia.org/wiki/Hyeong | https://www.kukkiwon.or.kr
Po-Eun,포은 (圃隱),Po-Eun tul,korean,itf-taekwondo|taekwondo,"Pseudonym of the loyal subject and poet Jeong Mong-ju (1337-1392), famed for the line 'I would not serve a second master though I might be crucified a hundred times'; the diagram represents his unerring loyalty. 36 movements.",By the mid-1960s,Choi Hong-hi and his pattern team,South Korea,,,Choi Hong-hi (created),,"First-dan pattern performed entirely on one line, honouring the Goryeo loyalist Jeong Mong-ju (Poeun).",https://taekwondo.fandom.com/wiki/Po-Eun | https://en.wikipedia.org/wiki/Hyeong
Pyongwon,평원 (平原),Pyungwon,korean,kukki-taekwondo|taekwondo,"'Vast plain': the open, fertile plain that sustains life, expressing majesty and abundance; performed on a single line.",1967 (yudanja set),KTA/Kukkiwon poomsae committee,"Seoul, South Korea",,,Lee Chong-woo (created); Lee Kyo-yoon (created),,Fourth-dan Kukkiwon poomsae from the original KTA black-belt set.,https://en.wikipedia.org/wiki/Hyeong | https://www.kukkiwon.or.kr
Pyung Ahn series,평안 (平安),Heian; Pinan; Pyong An; Pyung Ahn Cho Dan to Oh Dan; Pyung An,korean,tang-soo-do|soo-bahk-do|moo-duk-kwan|chung-do-kwan|song-moo-kwan|taekwondo|chun-kuk-do,"'Peaceful confidence' or 'safety and calm': the Korean reading of Pinan (平安), Itosu's name expressing that mastery of the five forms lets one defend oneself with a calm mind.",Created c. 1904-1907; in Korea from mid-1940s,Anko Itosu,"Shuri, Okinawa; brought to Seoul, Korea",,,Anko Itosu (created); Won Kuk Lee (brought); Byung Jick Ro (brought); Hwang Kee (brought),,"Itosu's five Pinan (drawn largely from Kusanku and Channan) reached Korea as Shotokan's Heian through Won Kuk Lee (Chung Do Kwan) and Byung Jick Ro (Song Moo Kwan), both Funakoshi students, while Hwang Kee learned them substantially from Japanese karate books; Yun Kwae-byung's Ji Do Kwan transmitted Shudokan/Shito-ryu versions. They remain the core geup forms of Tang Soo Do and early taekwondo.",https://en.wikipedia.org/wiki/Pinan | https://en.wikipedia.org/wiki/Tang_Soo_Do
Ro Hai,노해 / 로하이 (鷺牌),Itosu Rohai Shodan/Nidan/Sandan; Lohai; Matsumora Rohai (Tomari); Matsumura no Rohai; Meikyo; Meikyo (Shotokan reworking); No Hai; Rohai; Rōhai,korean,tang-soo-do|soo-bahk-do|moo-duk-kwan|taekwondo,'Sign (vision) of the white heron': the one-legged stances mimic a heron standing in water; Funakoshi renamed his version Meikyo ('bright mirror').,19th century; in Korea from mid-1940s,Tomari-te kata associated with Kosaku Matsumora; three versions standardised by Anko Itosu,"Tomari, Okinawa; brought to Seoul, Korea",,,Anko Itosu (standardised); Hwang Kee (brought); Yun Kwae-byung (brought),,Korean versions derive from the Itosu Rohai line carried through Shito-ryu/Shudokan teachers of the kwan founders (notably Yun Kwae-byung of the Ji Do Kwan) and through Hwang Kee's study; practised at dan level in Tang Soo Do.,https://en.wikipedia.org/wiki/Rohai | https://en.wikipedia.org/wiki/Tang_Soo_Do
Saju Jirugi / Saju Makgi,사주 지르기 / 사주 막기,Four-Direction Block; Four-Direction Punch,korean,itf-taekwondo|oh-do-kwan|taekwondo,"'Four-direction punch' and 'four-direction block': pre-pattern fundamental exercises teaching turning, blocking and punching to the four compass points before the student learns Chon-Ji.",c. 1955-1960s,Choi Hong-hi and early Oh Do Kwan instructors,South Korea,,,Choi Hong-hi (created); Nam Tae-hi (created),,"Introductory exercises of the Chang Hon system, codified in Choi Hong-hi's Taekwon-Do texts and the 1983 Encyclopedia; not counted among the 24 tul.",https://en.wikipedia.org/wiki/Hyeong | https://taekwondo.fandom.com/wiki/Saju_Jirugi
Sam-Il,삼일 (三一),Sam-Il tul,korean,itf-taekwondo|taekwondo,Denotes the 1 March 1919 (Samil) independence movement; the 33 movements stand for the 33 patriots who planned it.,By 1972 (ITF canon),Choi Hong-hi and his pattern team,South Korea,,,Choi Hong-hi (created),,Third-dan Chang Hon pattern commemorating the Samil uprising against Japanese rule.,https://taekwondo.fandom.com/wiki/Sam-Il | https://en.wikipedia.org/wiki/Hyeong
Se-Jong,세종 (世宗),Se-Jong tul,korean,itf-taekwondo|taekwondo,"Honours King Sejong the Great, who invented the Korean alphabet in 1443; the 24 movements refer to the 24 letters of hangul and the diagram represents 'king'.",By 1972 (ITF canon),Choi Hong-hi and his pattern team,South Korea,,,Choi Hong-hi (created),,Fifth-dan Chang Hon pattern honouring Korea's greatest monarch and his alphabet.,https://taekwondo.fandom.com/wiki/Se-Jong | https://en.wikipedia.org/wiki/Hyeong
Sip Soo,십수 (十手),Jitte; Jutte; Ship Soo,korean,tang-soo-do|soo-bahk-do|moo-duk-kwan|taekwondo,"'Ten hands': the Korean reading of Jitte (十手), traditionally meaning one who masters the kata fights with the strength of ten men.",Jitte 19th century; in Korea from mid-1940s,Unknown; Tomari-te kata standardised through Itosu,"Tomari, Okinawa; brought to Seoul, Korea",,,Anko Itosu (standardised); Hwang Kee (brought); Won Kuk Lee (brought),,"Derives from the Tomari-te kata Jitte as codified in Shotokan; in Moo Duk Kwan Tang Soo Do it is a dan-grade hyung noted for its slow, heavy pressing techniques and bo-defence interpretations.",https://en.wikipedia.org/wiki/Tang_Soo_Do | https://en.wikipedia.org/wiki/Karate_kata
Sipjin,십진 (十進),Shipjin,korean,kukki-taekwondo|taekwondo,"'Decimal' or 'ten symbols': refers to the ten traditional symbols of longevity (sun, moon, mountain, water, stone, pine, herb of eternal youth, tortoise, deer and crane), signifying endless development and growth; the floor pattern is the character 十.",1967 (yudanja set),KTA/Kukkiwon poomsae committee,"Seoul, South Korea",,,Lee Chong-woo (created); Lee Kyo-yoon (created),,Fifth-dan Kukkiwon poomsae from the original KTA black-belt set.,https://en.wikipedia.org/wiki/Hyeong | https://www.kukkiwon.or.kr
So-San,서산 (西山),So-San tul,korean,itf-taekwondo|taekwondo,"Pseudonym of the great monk Choi Hyong-ung (Seosan Daesa, 1520-1604); the 72 movements refer to his age when he organised a corps of monk soldiers with his pupil Samyeongdang to repel the Japanese invasion of 1592.",By 1972 (ITF canon),Choi Hong-hi and his pattern team,South Korea,,,Choi Hong-hi (created),,"The longest Chang Hon pattern (72 movements), a fifth-dan tul honouring the warrior monk Seosan.",https://taekwondo.fandom.com/wiki/So-San | https://en.wikipedia.org/wiki/Hyeong
Songahm series,송암 (松岩),Choong Jung 1-2; Chung San; In Wha 1-2; Jung Yul; Shim Jun; Songahm 1-5,korean,taekwondo,"'Pine tree and rock': evergreen strength and unbreakable stability, the pen name concept of ATA founder Haeng Ung Lee; a proprietary set of coloured-belt forms (Songahm 1-5, In Wha 1-2, Choong Jung 1-2) and black-belt forms (Shim Jun onwards) designed so each rank's form uses only that rank's techniques.","Introduced 1983, completed through the 1990s",Haeng Ung Lee,"Little Rock, Arkansas, USA",,,Haeng Ung Lee (created),,"The American Taekwondo Association replaced its earlier Chang Hon patterns with Haeng Ung Lee's Songahm system from 1983, one of the largest bespoke forms curricula outside the ITF and Kukkiwon canons; practised only within ATA/Songahm-affiliated bodies.",https://en.wikipedia.org/wiki/ATA_Martial_Arts | https://www.atamartialarts.com
Taebaek,태백 (太白),Taebaik,korean,kukki-taekwondo|taekwondo,'Great brightness': the sacred mountain (identified with Mt Baekdu) where Dangun is said to have founded the Korean nation; the floor pattern (工) represents the bridge between heaven and earth.,1967 (yudanja set),KTA/Kukkiwon poomsae committee,"Seoul, South Korea",,,Lee Chong-woo (created); Lee Kyo-yoon (created),,Third-dan Kukkiwon poomsae; its founding-myth reference parallels the ITF pattern Dan-Gun.,https://en.wikipedia.org/wiki/Hyeong | https://www.kukkiwon.or.kr
Taegeuk Chil Jang,태극 7장 (太極七章),Taegeuk 7,korean,kukki-taekwondo|taekwondo,"Keyed to the trigram Gan (☶, mountain): stability and firmness, knowing when to move and when to stop.",1971-1972,KTA/Kukkiwon poomsae committee,"Seoul, South Korea",,,Lee Chong-woo (created); Lee Kyo-yoon (created),,Seventh Taegeuk poomsae of the 1971 KTA committee set.,https://en.wikipedia.org/wiki/Taegeuk_(taekwondo) | https://www.kukkiwon.or.kr
Taegeuk Ee Jang,태극 2장 (太極二章),Taegeuk 2; Taegeuk Yi Jang,korean,kukki-taekwondo|taekwondo,"Keyed to the trigram Tae (☱, lake): inner firmness beneath outer softness and joyfulness.",1971-1972,KTA/Kukkiwon poomsae committee,"Seoul, South Korea",,,Lee Chong-woo (created); Lee Kyo-yoon (created),,Second of the eight Taegeuk geup poomsae created by the 1971 KTA committee.,https://en.wikipedia.org/wiki/Taegeuk_(taekwondo) | https://www.kukkiwon.or.kr
Taegeuk Il Jang,태극 1장 (太極一章),Taegeuk 1; Taeguk Il Jang,korean,kukki-taekwondo|taekwondo,"First Taegeuk poomsae, keyed to the trigram Keon (☰, heaven and yang): the beginning of all creation, hence the simplest form for the beginner.",1971-1972,KTA/Kukkiwon poomsae committee,"Seoul, South Korea",,,Lee Chong-woo (created); Lee Kyo-yoon (created),,"The Taegeuk set was created by the expanded KTA poomsae committee representing all major kwans (members documented include Kwak Kun-sik, Lee Chong-woo, Lee Kyo-yoon, Park Hae-man, Hyun Jong-myun, Kim Soon-bae, Lee Yong-sup, Han Young-tae and Bae Young-ki) and became the Kukkiwon/WT geup curriculum.",https://en.wikipedia.org/wiki/Taegeuk_(taekwondo) | https://www.kukkiwon.or.kr
Taegeuk Oh Jang,태극 5장 (太極五章),Taegeuk 5,korean,kukki-taekwondo|taekwondo,"Keyed to the trigram Seon (☴, wind): gentle yet at times forceful, alternating soft flowing movement with sudden power.",1971-1972,KTA/Kukkiwon poomsae committee,"Seoul, South Korea",,,Lee Chong-woo (created); Lee Kyo-yoon (created),,Fifth Taegeuk poomsae of the 1971 KTA committee set.,https://en.wikipedia.org/wiki/Taegeuk_(taekwondo) | https://www.kukkiwon.or.kr
Taegeuk Pal Jang,태극 8장 (太極八章),Taegeuk 8,korean,kukki-taekwondo|taekwondo,"Keyed to the trigram Gon (☷, earth): the receptive root and end of the cycle; the final geup form consolidating all basics before black belt.",1971-1972,KTA/Kukkiwon poomsae committee,"Seoul, South Korea",,,Lee Chong-woo (created); Lee Kyo-yoon (created),,"Eighth and last Taegeuk poomsae of the 1971 KTA committee set, completing the eight-trigram cycle begun with Keon.",https://en.wikipedia.org/wiki/Taegeuk_(taekwondo) | https://www.kukkiwon.or.kr
Taegeuk Sa Jang,태극 4장 (太極四章),Taegeuk 4,korean,kukki-taekwondo|taekwondo,"Keyed to the trigram Jin (☳, thunder): great power and dignity, teaching calm and courage in the face of danger.",1971-1972,KTA/Kukkiwon poomsae committee,"Seoul, South Korea",,,Lee Chong-woo (created); Lee Kyo-yoon (created),,Fourth Taegeuk poomsae of the 1971 KTA committee set.,https://en.wikipedia.org/wiki/Taegeuk_(taekwondo) | https://www.kukkiwon.or.kr
Taegeuk Sam Jang,태극 3장 (太極三章),Taegeuk 3,korean,kukki-taekwondo|taekwondo,"Keyed to the trigram Ri (☲, fire): passion, energy and brightness, expressed in faster combinations.",1971-1972,KTA/Kukkiwon poomsae committee,"Seoul, South Korea",,,Lee Chong-woo (created); Lee Kyo-yoon (created),,Third Taegeuk poomsae of the 1971 KTA committee set.,https://en.wikipedia.org/wiki/Taegeuk_(taekwondo) | https://www.kukkiwon.or.kr
Taegeuk Yuk Jang,태극 6장 (太極六章),Taegeuk 6,korean,kukki-taekwondo|taekwondo,"Keyed to the trigram Gam (☵, water): constant flow and adaptability, overcoming difficulty by yielding like water.",1971-1972,KTA/Kukkiwon poomsae committee,"Seoul, South Korea",,,Lee Chong-woo (created); Lee Kyo-yoon (created),,Sixth Taegeuk poomsae of the 1971 KTA committee set.,https://en.wikipedia.org/wiki/Taegeuk_(taekwondo) | https://www.kukkiwon.or.kr
Toi-Gye,퇴계 (退溪),Toi-Gye tul,korean,itf-taekwondo|oh-do-kwan|taekwondo,"Pen name of the scholar Yi Hwang (1501-1570), authority on neo-Confucianism; the 37 movements refer to his birthplace on the 37th degree of latitude and the diagram represents 'scholar'.",c. 1955-1962,Choi Hong-hi and his pattern team,South Korea,,,Choi Hong-hi (created); Nam Tae-hi (created),,"Seventh Chang Hon pattern, honouring the philosopher Yi Hwang (Toegye).",https://taekwondo.fandom.com/wiki/Toi-Gye | https://en.wikipedia.org/wiki/Hyeong
Tong-Il,통일 (統一),Tong-Il tul,korean,itf-taekwondo|taekwondo,"'Unification': denotes the resolve to reunify Korea, divided since 1945; the diagram symbolises the homogeneous race. 56 movements.",By 1972 (ITF canon),Choi Hong-hi and his pattern team,South Korea,,,Choi Hong-hi (created),,"The final (sixth-dan) pattern of the Chang Hon system, closing the 24-tul cycle that Choi likened to the 24 hours of a day, one lifetime.",https://taekwondo.fandom.com/wiki/Tong-Il | https://en.wikipedia.org/wiki/Hyeong
U-Nam,우남 (雩南),U-Nam tul; Woo-Nam,korean,itf-taekwondo|oh-do-kwan|taekwondo,"Pen name of Syngman Rhee, first president of South Korea, whom the pattern originally honoured.",Published 1959; dropped in the 1960s,Choi Hong-hi and his pattern team,South Korea,,,Choi Hong-hi (created),,"A rare, discontinued tul appearing in Choi Hong-hi's 1959 Korean-language book; it was quietly removed after Rhee's fall from power in 1960 and never entered the 24-pattern canon, surviving only through historical reconstruction.",https://taekwondo.fandom.com/wiki/U-Nam | https://en.wikipedia.org/wiki/Choi_Hong-hi
Ul-Ji,을지 (乙支),Ul-Ji tul,korean,itf-taekwondo|taekwondo,"Named for General Eulji Mundeok, who defended Korea against a Sui invasion of nearly one million men in 612 AD using hit-and-run guerrilla tactics; the diagram represents his surname and the 42 movements Choi's age when he designed the pattern.",c. 1960 (Choi aged 42); in canon by 1972,Choi Hong-hi and his pattern team,South Korea,,,Choi Hong-hi (created),,Fourth-dan pattern honouring the victor of the Salsu River battle.,https://taekwondo.fandom.com/wiki/Ul-Ji | https://en.wikipedia.org/wiki/Hyeong
Won-Hyo,원효 (元曉),Won-Hyo tul,korean,itf-taekwondo|oh-do-kwan|taekwondo,"Named for the monk Wonhyo (617-686), who introduced Buddhism to the Silla dynasty. 28 movements.",c. 1955-1962,Choi Hong-hi and his pattern team,South Korea,,,Choi Hong-hi (created); Nam Tae-hi (created),,"Fourth Chang Hon pattern; Wonhyo's oneness-of-mind philosophy also underlies the WT poomsae Ilyeo, a rare shared reference across the two systems.",https://taekwondo.fandom.com/wiki/Won-Hyo | https://en.wikipedia.org/wiki/Hyeong
Yon-Gae,연개 (淵蓋),Yon-Gae tul,korean,itf-taekwondo|taekwondo,"Named for General Yeon Gaesomun of Goguryeo; the 49 movements refer to the last two figures of 649 AD, when he forced the Tang dynasty out of Korea after destroying nearly 300,000 troops at Ansi Sung.",By 1972 (ITF canon),Choi Hong-hi and his pattern team,South Korea,,,Choi Hong-hi (created),,Fourth-dan pattern honouring the Goguryeo military dictator who repelled Tang invasions.,https://taekwondo.fandom.com/wiki/Yon-Gae | https://en.wikipedia.org/wiki/Hyeong
Yoo-Sin,유신 (庾信),Yoo-Sin tul,korean,itf-taekwondo|taekwondo,"Named for General Kim Yu-sin of Silla; the 68 movements refer to the last two figures of 668 AD, the year of Korea's unification, and the sword-drawing ready posture on the right side symbolises his mistake of following royal orders to fight fellow Koreans with foreign (Tang) forces.",By 1972 (ITF canon),Choi Hong-hi and his pattern team,South Korea,,,Choi Hong-hi (created),,"Third-dan pattern honouring the unifier-general of Silla, with an unusually critical symbolism built into its start.",https://taekwondo.fandom.com/wiki/Yoo-Sin | https://en.wikipedia.org/wiki/Hyeong
Yuk Ro series,육로 (六路),Choong Ro; Du Mun; Jung Jul; Po Wol; Sal Chu; Yang Pyun; Yuk Ro Cho Dan to Yuk Dan,korean,soo-bahk-do|moo-duk-kwan,"'Six paths' or 'six-road' forms: six hyung (Du Mun, Jung Jul, Po Wol, Yang Pyun, Sal Chu, Choong Ro), each named for its governing concept, reconstructing indigenous-Korean-flavoured movement from classical texts.","Created from 1958, after Hwang Kee's 1957 discovery of the Muye Dobo Tongji",Hwang Kee,"Seoul, South Korea",,,Hwang Kee (created),,"Created by Hwang Kee following his study of the Muye Dobo Tongji (1790 Korean military manual) found in the Seoul National University library in 1957; intended to root Soo Bahk Do in Korean rather than Japanese sources. The forms are modern creations inspired by the text, not reconstructions of surviving ancient forms.",https://en.wikipedia.org/wiki/Soo_Bahk_Do | https://en.wikipedia.org/wiki/Muye_Dobo_Tongji
Yul-Gok,율곡 (栗谷),Yul-Gok tul,korean,itf-taekwondo|oh-do-kwan|taekwondo,"Pseudonym of the philosopher Yi I (1536-1584), the 'Confucius of Korea'; the 38 movements refer to his birthplace on the 38th degree of latitude and the diagram represents 'scholar'.",c. 1955-1962,Choi Hong-hi and his pattern team,South Korea,,,Choi Hong-hi (created); Nam Tae-hi (created),,"Fifth Chang Hon pattern, honouring the neo-Confucian scholar Yi I (Yulgok).",https://taekwondo.fandom.com/wiki/Yul-Gok | https://en.wikipedia.org/wiki/Hyeong
Yun Bi,연비 (燕飛),Empi; Enpi; Eun Bi; Wang Shu; Wanshu,korean,tang-soo-do|soo-bahk-do|moo-duk-kwan|chung-do-kwan|taekwondo,"'Flight of the swallow', from the darting, rising and dropping movements; the alternate Korean name Wang Shu preserves the older Okinawan title Wanshu, said to honour the Chinese envoy Wang Ji (1683).",Wanshu 17th-19th century tradition; in Korea from mid-1940s,Traditionally linked to the envoy Wang Ji; Tomari-te transmission,"Tomari, Okinawa; brought to Seoul, Korea",,,Won Kuk Lee (brought); Hwang Kee (brought),,"Reached Korea as Shotokan's Enpi (Funakoshi's rename of Wanshu); Tang Soo Do lineages use both Yun Bi and Wang Shu for essentially the same hyung. The Wang Ji origin story is tradition, not documented history.",https://en.wikipedia.org/wiki/Wanshu | https://en.wikipedia.org/wiki/Tang_Soo_Do
Ashihara kata series,芦原の型,Jissen no Kata; Kihon no Kata 1-3; Kumite no Kata 1-5; Nage no Kata; Shoshinsha no Kata 1-3,kyokushin,ashihara,"Series names are functional Japanese: beginner's forms, basic forms, sparring forms, throwing forms and real-fight forms; together they encode Sabaki, the repositioning method of moving off-line to the opponent's blind side.","1980s (style founded 1980; kata published in Fighting Karate, 1985)",Hideyuki Ashihara,"Matsuyama, Ehime, Japan (Ashihara Kaikan)",,,Hideyuki Ashihara (created),,"Ashihara discarded the traditional Okinawan-Japanese kata canon of his Kyokushin upbringing entirely and composed these modern series so that every movement maps directly onto full-contact fighting at short, middle and long range, performable solo or with a partner. They are documented as kata by the style's own organisations and publications.",https://en.wikipedia.org/wiki/Ashihara_Karate | https://www.ashiharakarate.org/kata/kata-guide/ | https://blackbeltwiki.com/ashihara-katas
Enshin kata series,円心の型,Enshin Kata 1 (white/blue); Enshin Kata 2 (yellow/green); Enshin Kata 3 (brown/black); Nage no Kata,kyokushin,enshin,"Named by grade rather than image: graded sequences expressing Enshin's circle-centre (enshin) principle, using Sabaki to convert an opponent's force by moving to the blind spot and unbalancing.",1988 onwards,Joko Ninomiya,"Denver, Colorado, USA (Enshin honbu)",,,Joko Ninomiya (created),,"Ninomiya, Ashihara's former student, built Enshin's belt-graded kata on the same Sabaki logic as the Ashihara series rather than on classical forms; no kata named Junro is documented in Enshin (that name belongs to Tetsuhiko Asai's Shotokan series). The forms are documented in Enshin organisational material and style references.",https://en.wikipedia.org/wiki/Enshin_kaikan | http://blackbeltwiki.wikidot.com/enshin-katas | https://enshin.com/pages/instructors/joko-ninomiya
Garyu,臥竜,Garyu no kata,kyokushin,kyokushin|shinkyokushin|kyokushin-kan|world-oyama,"'Reclining dragon': a great man who remains humble and unseen, like a dragon lying at rest; in Japanese tradition the garyu is a hidden genius who does not flaunt his power.",c. 1950s-1960s,Masutatsu (Mas) Oyama,"Tokyo, Japan (Kyokushinkaikan)",,,Mas Oyama (created),,"The only advanced Kyokushin kata with no Okinawan antecedent, created by Oyama and named after his pen name Garyu, itself the Japanese reading of the characters for Il Loong, the Korean village of his birth. It showcases Kyokushin-specific fighting technique including sacrifice moves and low sweeps.",http://the-martial-way.com/history-of-kyokushin-kata/ | https://www.karatephilosophy.com/a-complete-list-of-kyokushin-kata-with-videos/ | https://blackbeltwiki.com/kyokushin-katas
Pinan sono ichi-go,平安その一〜五,Heian; Pinan; Pinan sono ichi/ni/san/yon/go; Pinan ura,kyokushin,kyokushin|shinkyokushin|kyokushin-kan|seido-juku|world-oyama|shidokan,"'Peaceful and safe, numbers one to five': Kyokushin retains Itosu's original Okinawan name Pinan rather than Funakoshi's rename Heian.",originals c. 1904; Kyokushin versions 1950s-60s,Anko Itosu (originals); Kyokushin adaptation by Mas Oyama,"Shuri, Okinawa; adapted in Tokyo, Japan",,,Anko Itosu (created); Mas Oyama (standardised),,"Oyama restructured the five Pinan with Kyokushin stances, circular blocks and Goju flavouring, and added ura versions performed with spinning turns, credited to him as a training method for balance and close fighting. The retention of the name Pinan signals Kyokushin's dual Shotokan-Goju parentage.",https://en.wikipedia.org/wiki/Pinan | https://www.karatephilosophy.com/a-complete-list-of-kyokushin-kata-with-videos/ | https://uskyokushin.com/kyokushin-kata
Sanchin (Kyokushin),三戦,Sanchin no kata,kyokushin,kyokushin|shinkyokushin|kyokushin-kan|seido-juku|world-oyama,"'Three battles': the struggle to unify mind, body and technique (or mind, body and spirit) through tension, rooted stepping and ibuki breathing.",Qing-era China and Meiji Okinawa; in Kyokushin from the 1950s,Fujian Chinese lineage via Kanryo Higaonna; closed-fist version by Chojun Miyagi; brought into Kyokushin by Mas Oyama,"Fuzhou, China / Naha, Okinawa; Kyokushin version Tokyo, Japan",,,Chojun Miyagi (standardised); Mas Oyama (brought),,"Oyama absorbed Sanchin through his Goju-ryu training under So Nei Chu (of the Gogen Yamaguchi line) and made it Kyokushin's core conditioning kata, following Miyagi's closed-fist form. The same Goju channel supplied Kyokushin's Gekisai, Saiha (Saifa), Seienchin, Seipai and Tensho.",https://en.wikipedia.org/wiki/Sanchin | https://uskyokushin.com/kyokushin-kata | https://www.karatephilosophy.com/a-complete-list-of-kyokushin-kata-with-videos/ | https://en.wikipedia.org/wiki/Mas_Oyama
Sushiho,五十四歩,Gojushiho; Sushiho no kata; Useshi,kyokushin,kyokushin|shinkyokushin|kyokushin-kan,"'Fifty-four steps': an alternative Japanese reading of the same characters as Gojushiho, the number 54 carrying Buddhist significance (half of 108, the number of worldly desires).",19th-century Okinawa; Kyokushin version 1950s-60s,Shuri-te lineage (Matsumura/Itosu line); Kyokushin version by Mas Oyama,"Shuri, Okinawa; adapted in Tokyo, Japan",,,Mas Oyama (renamed),,"Oyama's rendering of Gojushiho (the old Useshi), reached via its Shotokan transmission and modified to Kyokushin body mechanics; the reading Sushiho distinguishes it from Shotokan's Gojushiho Dai and Sho. It sits among the highest kata of the Kyokushin canon.",http://the-martial-way.com/history-of-kyokushin-kata/ | https://www.karatephilosophy.com/a-complete-list-of-kyokushin-kata-with-videos/ | https://kyokushin.fandom.com/wiki/Kata
Taikyoku sono ichi-san,太極その一〜三,Sokugi Taikyoku sono ichi-san; Taikyoku sono ichi; Taikyoku sono ni; Taikyoku sono san,kyokushin,kyokushin|shinkyokushin|kyokushin-kan|seido-juku|world-oyama|shidokan,"'Grand ultimate, numbers one to three': the Kyokushin rendering of Funakoshi's Taikyoku, taught as the gateway to the style's kata canon.",1950s-1964 (Kyokushinkaikan syllabus),adapted by Mas Oyama from the Shotokan Taikyoku of Gichin and Gigo Funakoshi,"Tokyo, Japan",,,Gichin Funakoshi (created); Gigo Funakoshi (created); Mas Oyama (standardised),,"Oyama, a direct student of Funakoshi, carried the Taikyoku into Kyokushin with modified stances and fighting emphasis, later adding ura (spinning) versions and the Sokugi (kicking) Taikyoku set unique to the Kyokushin lineage. They remain the first kata across nearly all Kyokushin offshoots.",https://www.karatephilosophy.com/a-complete-list-of-kyokushin-kata-with-videos/ | https://uskyokushin.com/kyokushin-kata | https://blackbeltwiki.com/kyokushin-katas
Tensho (Kyokushin),転掌,Rokkishu (antecedent); Tensho no kata,kyokushin,kyokushin|shinkyokushin|kyokushin-kan|seido-juku,"'Rotating palms' (or 'revolving hands'): soft circular open-hand movements over a Sanchin base, the yin counterpart to Sanchin's hardness.",1921; in Kyokushin from the 1950s-60s,"Chojun Miyagi (created 1921, drawing on the Chinese Rokkishu); brought into Kyokushin by Mas Oyama","Naha, Okinawa; Kyokushin version Tokyo, Japan",,,Chojun Miyagi (created); Mas Oyama (brought),,"Oyama prized Tensho above all forms, writing that it was 'the most indispensable of the advanced kata' and the distillation of karate's hard-soft principle; it entered Kyokushin directly from his Goju-ryu training. The kata is Miyagi's composition, so its presence in Kyokushin is transmission, not creation.",https://en.wikipedia.org/wiki/Tensh%C5%8D_(kata) | https://uskyokushin.com/kyokushin-kata | http://the-martial-way.com/history-of-kyokushin-kata/
Tsuki no Kata,突きの型,Kihon Tsuki no kata; Tsuki no kata,kyokushin,kyokushin|shinkyokushin|kyokushin-kan|seigokan,"'Kata of punches' (or 'of thrusts'): a form built almost entirely from stepping punches, symbolising fortune arriving with each decisive strike in Kyokushin lore.",mid-20th century (Seigokan founded 1945); in Kyokushin by the 1960s-70s,"Seigo Tada, founder of Seigokan Goju-ryu",Japan (Seigokan Goju-ryu),,,Seigo Tada (created); Tadashi Nakamura (brought),,"Created by Seigo Tada as Kihon Tsuki no kata, one of two Seigokan founder-kata; how it entered Kyokushin is not securely documented, and the common attribution to Tadashi Nakamura as creator is an error, though he is plausibly the conduit given his Goju background (speculative, flagged as such in Kyokushin histories). [Verifier: Creator confirmed: Seigo Tada of Seigokan Goju-ryu (where it is Kihon",http://the-martial-way.com/history-of-kyokushin-kata/ | https://kyokushin.fandom.com/wiki/Kata | https://www.karatephilosophy.com/a-complete-list-of-kyokushin-kata-with-videos/
Yantsu,安三,Ansan; Hansan; Yansu,kyokushin,kyokushin|shinkyokushin|kyokushin-kan|seido-juku,"Usually written with characters read as 'safe three' and glossed in Kyokushin as 'to keep pure', striving to maintain integrity of principle under pressure; the etymology is debated.",Kyokushin form standardised 1950s-60s,uncertain; plausibly adapted by Mas Oyama from the kata Ansan/Hansan of Motobu-ha Shito-ryu,Japan (Kyokushin syllabus); possible Okinawan/Shito-ryu antecedent,,,Mas Oyama (standardised),,"The most origin-disputed kata in Kyokushin: style histories suggest descent from Ansan (Hansan) preserved in Motobu-ha Shito-ryu, modified by Oyama, but no primary documentation settles the question, so all accounts should be treated as provisional. It appears in no mainstream Okinawan syllabus outside these lines.",http://the-martial-way.com/history-of-kyokushin-kata/ | https://kyokushin.fandom.com/wiki/Kata | https://uskyokushin.com/kyokushin-kata
Anan,安南,Anan Dai (extended competition version); Annan; Ānan,naha-te,ryuei-ryu|hayashi-ha-shito-ryu|inoue-ha-shito-ryu|shito-ryu,"Meaning uncertain: the characters can be read as 'peace in the south' and are often linked to Annan (a historical name for Vietnam) or to a Chinese place or personal name. Ryuei-ryu's most famous kata, noted for lateral evasion and techniques repeated no more than twice.",Qing-era China; brought to Okinawa c. 1840s,Ryu Ryu Ko (transmitted; ultimate creator unknown),"Fuzhou, Fujian, China",,,Norisato Nakaima (brought); Kenko Nakaima (standardised); Teruo Hayashi (brought); Tsuguo Sakumoto (standardised),,"Kept secret within the Nakaima family for four generations until Kenko Nakaima opened Ryuei-ryu in 1971; Teruo Hayashi carried it into Hayashi-ha Shito-ryu, and Tsuguo Sakumoto's WUKO world titles (1984-1988) made it a dominant competition kata. The family origin story (Norisato's c. 7 years with Ryu Ryu Ko in Fuzhou) is tradition with limited external corroboration.",https://en.wikipedia.org/wiki/Ry%C5%ABei-ry%C5%AB | https://www.karatebyjesse.com/ryuei-ryu-history-ramblings-kata-anan/ | https://karatekata.de/shito_ryu_ryueiryu-en.htm
Chikan,,Chi no kata (earth form),naha-te,kojo-ryu,"Earth (chi) form: third elemental kata of Kojo-ryu, grounding the zodiac kamae-te method in low, rooted positions.","imported in the 4th family generation (Kaho Kojo, 1849-1925)",,"Fuzhou, Fujian, China / Kume village, Naha",,,Kaho Kojo (brought),,Completes the heaven-void-earth set attributed to Kaho Kojo's importation from Fuzhou; like all Kojo-ryu material its history rests on family tradition rather than external records.,https://www.karatedomagazine.com/2018/12/14/kojo-ryu-karate/ | https://spiritofthekata.com/karate-kata-chikan-kojo-ryu/
Gekisai dai ichi,撃砕第一,Gekisai (Fukyu) kata I; Geksai dai; Kyokushin: Gekisai dai,naha-te,goju-ryu|goju-kai|iogkf|jundokan|meibukan|shoreikan|shodokan-goju-ryu|kyokushin,"Attack and smash, number one. A deliberately simple popularisation kata: direct blocks, lunging punches and kicks designed to teach schoolchildren and beginners quickly.",1940,Chojun Miyagi,"Naha, Okinawa",,,Chojun Miyagi (created),,"Created in 1940 for the karate promotion committee convened under Okinawa governor Hayakawa Gen, as Naha-te's contribution to a common beginner syllabus alongside Shoshin Nagamine's Fukyugata ichi. Later absorbed into Kyokushin as Gekisai dai.",https://en.wikipedia.org/wiki/Gekisai | https://en.wikipedia.org/wiki/G%C5%8Dj%C5%AB-ry%C5%AB
Gekisai dai ni,撃砕第二,Gekisai (Fukyu) kata II; Kyokushin: Gekisai sho,naha-te,goju-ryu|goju-kai|iogkf|jundokan|meibukan|shoreikan|shodokan-goju-ryu|kyokushin,"Attack and smash, number two. Extends Gekisai dai ichi with open-hand techniques, mawashi-uke and neko-ashi-dachi, introducing the softer receiving methods characteristic of Goju-ryu.",1940,Chojun Miyagi,"Naha, Okinawa",,,Chojun Miyagi (created),,Companion kata to Gekisai dai ichi from the same 1940 popularisation programme; the pair are Miyagi's last compositions and the standard entry point of the modern Goju curriculum.,https://en.wikipedia.org/wiki/Gekisai | https://en.wikipedia.org/wiki/G%C5%8Dj%C5%AB-ry%C5%AB
Hakkaku,白鶴,Hakkaku (white crane); distinct from the Matayoshi/Gokenki Hakkaku-Hakucho crane kata of the same name,naha-te,kojo-ryu,"White crane. Third and highest animal kata of Kojo-ryu, expressing evasive footwork and wing-like simultaneous deflection and strike.",undocumented; family tradition reaches back to the 18th century,Kojo family tradition ascribes the animal kata to the lineage of Kojo Uekata (Cai Zhaogong),"Kume village, Naha / Fuzhou, Fujian, China",,,Kojo UEKATA (brought),,"Completes the tiger-dragon-crane triad; extended Kojo-ryu lists also record Hafa, Nepai, Nunfa, Paichu and other Fujian-named forms, consistent with the family's Kume-village Chinese heritage but thinly documented. Kojo-ryu is grouped here with Naha-te as Kuninda-di for cladogram purposes. [Verifier: Exists; 'white crane', highest animal kata, correct in meaning and character. Same caveat: the Koj",https://www.karatedomagazine.com/2018/12/14/kojo-ryu-karate/ | https://spiritofthekata.com/karate-kata-hakkaku-kojo-ryu/ | https://simonechierchini.com/2020/04/29/kojo-ryu-karate-lo-stile-fantasma-di-okinawa/
Hakko,白虎,Hakko (white tiger),naha-te,kojo-ryu,"White tiger. First of Kojo-ryu's three advanced animal kata (tiger, dragon, crane), expressing hard crushing and clawing method.",undocumented; family tradition reaches back to the 18th century,Kojo family tradition ascribes the animal kata to the lineage of Kojo Uekata (Cai Zhaogong),"Kume village, Naha / Fuzhou, Fujian, China",,,Kojo UEKATA (brought),,"The three 'white beast' kata are the core of the family style; the attribution to the early Kojo generations (and their teacher-relations with Fuzhou masters such as Wai Shin Zan) is folklore preserved by the family, not independently documented. [Verifier: The kata exists and 'white tiger' is correct; Hakko, Hakuryu and Hakkaku are confirmed as Kojo-ryu's advanced animal triad. However, published",https://www.karatedomagazine.com/2018/12/14/kojo-ryu-karate/ | https://simonechierchini.com/2020/04/29/kojo-ryu-karate-lo-stile-fantasma-di-okinawa/
Hakuryu,白龍,Hakuryū (white dragon),naha-te,kojo-ryu,"White dragon. Second animal kata of Kojo-ryu, expressing soft, coiling, whipping method between the tiger's hardness and the crane's lightness.",undocumented; family tradition reaches back to the 18th century,Kojo family tradition ascribes the animal kata to the lineage of Kojo Uekata (Cai Zhaogong),"Kume village, Naha / Fuzhou, Fujian, China",,,Kojo UEKATA (brought),,"Preserved through the Kojo family line (Isei, Taitei, Kaho, Saikyo, Kafu, Shigeru Kojo) and a handful of outside students; the pre-Okinawan history is family folklore. [Verifier: Exists; 'white dragon', second animal kata, correct. Same attribution caveat as Hakko: sources point to Kojo Taitei introducing the animal triad, so the 18th-century Kojo Uekata lineage claim is unverifiable tradition.]",https://www.karatedomagazine.com/2018/12/14/kojo-ryu-karate/ | https://spiritofthekata.com/karate-kata-hakuryu-kojo-ryu/
Heiku,黒虎,Heiko; Heikū,naha-te,ryuei-ryu|hayashi-ha-shito-ryu,"Black tiger. Sister kata to Paiku expressing the darker, heavier side of Fujian tiger boxing; the two share much material and are distinguished by rhythm and emphasis.",Qing-era China; brought to Okinawa c. 1840s,Ryu Ryu Ko (transmitted; ultimate creator unknown),"Fuzhou, Fujian, China",,,Norisato Nakaima (brought); Kenko Nakaima (standardised); Teruo Hayashi (brought),,Nakaima family transmission opened to the public in 1971; entered mainstream competition through Hayashi-ha Shito-ryu and Sakumoto's students. Kanji renderings vary across sources as the names are phonetic Fujian dialect.,https://en.wikipedia.org/wiki/Ry%C5%ABei-ry%C5%AB | https://karatekata.de/shito_ryu_ryueiryu-en.htm | http://www.budopedia.de/wiki/Ry%C5%ABei_ry%C5%AB
Kukan,,Ku no kata (void/sky form),naha-te,kojo-ryu,"Void or sky (ku) form: second of the three elemental kata of Kojo-ryu, continuing the zodiac kamae-te system at intermediate level.","imported in the 4th family generation (Kaho Kojo, 1849-1925)",,"Fuzhou, Fujian, China / Kume village, Naha",,,Kaho Kojo (brought),,"Middle kata of the heaven-void-earth trio said to have been brought from the Kojo family dojo in Fuzhou by Kaho Kojo; preserved only in the nearly extinct Kojo-ryu line (Kafu Kojo, Shigeru Kojo, Hayashi Shingo).",https://www.karatedomagazine.com/2018/12/14/kojo-ryu-karate/ | https://spiritofthekata.com/karate-kata-kukan-kojo-ryu/
Kururunfa,久留頓破,Kururunfā; Kururunha,naha-te,goju-ryu|goju-kai|iogkf|jundokan|meibukan|shoreikan|shodokan-goju-ryu|shito-ryu,"Conventionally 'holding on long and striking suddenly' (the kanji are phonetic). The most fluid of the classical Goju kata, alternating slow sticky-hand control with explosive release; strong White Crane character.",late 19th to early 20th century,,"Fujian, China (attributed); Naha, Okinawa",,,Kanryo Higaonna (brought); Chojun Miyagi (standardised),,"Goju tradition ascribes it to Higaonna via Ryu Ryu Ko, but it is absent from To'on-ryu and its documented history before Miyagi is thin; scholars regard the pre-Okinawan origin as unverified.",https://en.wikipedia.org/wiki/Kururunfa | https://fightingarts.com/unraveling-the-mysteries-of-the-nafadi-tradition-its-kata/
Nepai,二十八,"Neipai; Nijuhachi; Nipaipo (二十八歩, Mabuni's Shito-ryu adaptation)",naha-te,toon-ryu|shito-ryu|kojo-ryu,Twenty-eight (steps). A Fujian Whooping/White Crane form built on fast whipping strikes and crane-wing deflections; in Okinawa it is the signature legacy of the Chinese tea merchant Gokenki.,brought to Okinawa c. 1910s-1920s,Gokenki (Wu Xianhui),"Fuzhou, Fujian, China",,,Gokenki (brought); Juhatsu Kyoda (standardised); Kenwa Mabuni (renamed),,"Kyoda Juhatsu learned Nepai directly from Gokenki and fixed it in the To'on-ryu curriculum; Kenwa Mabuni reworked the same material as Nipaipo in Shito-ryu. A Nepai also appears in extended Kojo-ryu kata lists, consistent with the family's Kume-village White Crane contacts.",https://en.wikipedia.org/wiki/T%C5%8Don-ry%C5%AB | https://ryubukandojo.wordpress.com/2008/10/16/toon-ryu-karate-do/ | https://www.karatedomagazine.com/2018/12/14/kojo-ryu-karate/
Niseishi (Ryuei-ryu),二十四,Niseshi; cognate with Aragaki Niseishi / Nijushiho but a distinct transmission,naha-te,ryuei-ryu,Twenty-four (steps/hands). The Ryuei-ryu version of a Fuzhou form also transmitted separately by Aragaki Seisho (whence Shito-ryu's Niseishi and Shotokan's Nijushiho).,Qing-era China; brought to Okinawa c. 1840s,Ryu Ryu Ko (transmitted; ultimate creator unknown),"Fuzhou, Fujian, China",,,Norisato Nakaima (brought); Kenko Nakaima (standardised),,"Listed in the Ryuei-ryu (Ryuho-kai) curriculum alongside Sanchin, Seisan and Sanseiru; its coexistence with Seisho Arakaki's independent Niseishi line supports a shared Fuzhou source pool rather than a single Okinawan origin.",https://en.wikipedia.org/wiki/Ry%C5%ABei-ry%C5%AB | https://onlinemartialarts.org/okinawa-ryuei-ryu-karate-kobudo-ryuho-kai-kata/ | http://www.budopedia.de/wiki/Ry%C5%ABei_ry%C5%AB
Ohan,,Ohan Dai (extended competition version); Ōhan,naha-te,ryuei-ryu|inoue-ha-shito-ryu,Meaning and kanji uncertain (phonetic Fujian name; sometimes glossed as 'king's crown' or a personal name in style folklore). Alternates heavy rooted techniques with sudden turns and double-hand strikes.,Qing-era China; brought to Okinawa c. 1840s,Ryu Ryu Ko (transmitted; ultimate creator unknown),"Fuzhou, Fujian, China",,,Norisato Nakaima (brought); Kenko Nakaima (standardised),,Nakaima family kata made public in 1971; its extended version Ohan Dai became globally visible when Kiyou Shimizu and other Shito-ryu-trained competitors performed it at WKF finals and the Tokyo 2020 Olympics.,https://en.wikipedia.org/wiki/Ry%C5%ABei-ry%C5%AB | https://onlinemartialarts.org/okinawa-ryuei-ryu-karate-kobudo-ryuho-kai-kata/ | http://www.budopedia.de/wiki/Ry%C5%ABei_ry%C5%AB
Pachu,,Pachu Dai/Sho in some competition listings; Pāchū,naha-te,ryuei-ryu|hayashi-ha-shito-ryu,"Meaning and kanji uncertain (a phonetic Fujian-dialect name). An extremely fast, dynamic kata teaching lateral evasion and moving into the opponent with difficult combinations.",Qing-era China; brought to Okinawa c. 1840s,Ryu Ryu Ko (transmitted; ultimate creator unknown),"Fuzhou, Fujian, China",,,Norisato Nakaima (brought); Kenko Nakaima (standardised); Teruo Hayashi (brought),,"One of the six kata unique to the Nakaima family line (Anan, Paiku, Heiku, Pachu, Ohan, Paiho), secret until 1971 and now on the WKF kata list; the untranslatable name reflects oral Fuzhou transmission.",https://en.wikipedia.org/wiki/Ry%C5%ABei-ry%C5%AB | https://karatekata.de/shito_ryu_ryueiryu-en.htm | https://onlinemartialarts.org/okinawa-ryuei-ryu-karate-kobudo-ryuho-kai-kata/
Paiho,白鳳,Paiho (white phoenix/crane); Paihō,naha-te,ryuei-ryu,"White phoenix (or white crane). A characteristic White Crane kata: light footwork, wing-like simultaneous deflection and strike; its opening closely parallels Hakkaku, Hakucho and other Okinawan crane forms from the Gokenki milieu.",Qing-era China; brought to Okinawa c. 1840s,Ryu Ryu Ko (transmitted; ultimate creator unknown),"Fuzhou, Fujian, China",,,Norisato Nakaima (brought); Kenko Nakaima (standardised),,"The most explicitly crane-styled of the Nakaima family kata, kept within the family until Kenko Nakaima's 1971 opening of the school; rarely seen outside Ryuei-ryu organisations.",https://en.wikipedia.org/wiki/Ry%C5%ABei-ry%C5%AB | https://karatekata.de/shito_ryu_ryueiryu-en.htm | https://onlinemartialarts.org/okinawa-ryuei-ryu-karate-kobudo-ryuho-kai-kata/
Paiku,白虎,Baihu (Mandarin reading); Paikū,naha-te,ryuei-ryu|hayashi-ha-shito-ryu,"White tiger. Embodies Fujian tiger-boxing method within the Nakaima family curriculum: clawing hands, pouncing shifts and hard direct power; paired conceptually with Heiku (black tiger).",Qing-era China; brought to Okinawa c. 1840s,Ryu Ryu Ko (transmitted; ultimate creator unknown),"Fuzhou, Fujian, China",,,Norisato Nakaima (brought); Kenko Nakaima (standardised); Teruo Hayashi (brought),,"Part of the Nakaima family transmission from Ryu Ryu Ko, made public by Kenko Nakaima in 1971 and adopted into Hayashi-ha Shito-ryu and WKF competition lists; very similar in structure to Heiku.",https://en.wikipedia.org/wiki/Ry%C5%ABei-ry%C5%AB | https://karatekata.de/shito_ryu_ryueiryu-en.htm | http://www.budopedia.de/wiki/Ry%C5%ABei_ry%C5%AB
Saifa,砕破,Kyokushin: Saiha; Saifā,naha-te,goju-ryu|goju-kai|iogkf|jundokan|meibukan|shoreikan|shodokan-goju-ryu|kyokushin|shito-ryu,"Smash and tear (destroy and defeat). Teaches escaping from grabs at close quarters with whipping strikes, hammer-fists and tearing hand actions.",late 19th to early 20th century,,"Fuzhou, Fujian, China (attributed); Naha, Okinawa",,,Kanryo Higaonna (brought); Chojun Miyagi (standardised),,"Traditionally credited to Higaonna's Fuzhou study under Ryu Ryu Ko, but its absence from Kyoda Juhatsu's To'on-ryu (which preserves only Sanchin, Sesan, Sanseru and Pechurin from Higaonna) leads scholars such as Mario McKenna to suggest Miyagi introduced it from his own Chinese research; treat the Higaonna attribution as tradition rather than documented fact.",https://en.wikipedia.org/wiki/Saifa | https://fightingarts.com/unraveling-the-mysteries-of-the-nafadi-tradition-its-kata/ | https://en.wikipedia.org/wiki/G%C5%8Dj%C5%AB-ry%C5%AB
Sanchin,三戦,Sam Chien (Fujian saam chin); Sanchin dai ichi / dai ni (Goju); Uechi Sanchin,naha-te,goju-ryu|goju-kai|iogkf|jundokan|meibukan|shoreikan|shodokan-goju-ryu|toon-ryu|ryuei-ryu|uechi-ryu|pangai-noon|shohei-ryu|konan-ryu|uechi-ryu-kenyukai|isshin-ryu|kyokushin|shito-ryu,"Three battles (or conflicts): the struggle to unify mind, body and breath. The foundational conditioning kata of all Naha-lineage karate, built on rooted stance, dynamic tension and controlled breathing.",Qing-era China; taught in Naha from c. 1880s,"Ryu Ryu Ko (transmitted the Higaonna line; ultimate creator unknown, Fujian tradition)","Fuzhou, Fujian, China",,,Kanryo Higaonna (brought); Chojun Miyagi (standardised); Kanbun Uechi (brought),,"Two independent transmissions from Fuzhou: Higaonna brought a version credited to Ryu Ryu Ko (said to have been performed with open hands, which Higaonna, or by some accounts Miyagi, closed into fists; Miyagi also removed the turns and slowed the breathing, creating the Goju version), while Kanbun Uechi brought Zhou Zihe's Pangai-noon version, which keeps open-hand nukite strikes and faster, unforced breathing. The identification of Ryu Ryu Ko with the Whooping Crane master Xie Zongxiang is plausible but disputed scholarship.",https://en.wikipedia.org/wiki/Sanchin | https://en.wikipedia.org/wiki/G%C5%8Dj%C5%AB-ry%C5%AB | https://en.wikipedia.org/wiki/Uechi-Ry%C5%AB | https://fightingarts.com/unraveling-the-mysteries-of-the-nafadi-tradition-its-kata/
Sanseiru,三十六手,Sandairui; Sanseirū; Sanseru,naha-te,goju-ryu|goju-kai|iogkf|jundokan|meibukan|shoreikan|shodokan-goju-ryu|toon-ryu|ryuei-ryu|shito-ryu,"Thirty-six (hands). The number is usually explained through Buddhist/Chinese numerology (6 x 6: eye, ear, nose, tongue, body, spirit; colour, voice, taste, smell, touch, justice). Features low kicks, joint attacks and double-hand techniques.",Qing-era China; Okinawa from c. 1880s,Ryu Ryu Ko (transmitted; ultimate creator unknown),"Fuzhou, Fujian, China",,,Kanryo Higaonna (brought); Chojun Miyagi (standardised); Norisato Nakaima (brought),,"One of the four kata reliably traceable to Higaonna (preserved in both Goju-ryu and To'on-ryu). The Nakaima family's Ryuei-ryu preserves its own Sanseiru from the same Ryu Ryu Ko source, and Uechi-ryu's Sanseiryu (listed separately) is a distinct Pangai-noon form sharing only the name.",https://en.wikipedia.org/wiki/Sanseir%C5%AB | https://en.wikipedia.org/wiki/T%C5%8Don-ry%C5%AB | https://fightingarts.com/unraveling-the-mysteries-of-the-nafadi-tradition-its-kata/
Seiyunchin,制引戦,Seienchin; Seiunchin; Seyunchin,naha-te,goju-ryu|goju-kai|iogkf|jundokan|meibukan|shoreikan|shodokan-goju-ryu|kyokushin|shito-ryu|isshin-ryu,"Usually rendered as 'to control and pull into battle' (the kanji are a phonetic gloss); sometimes 'calm within the storm'. A kick-free kata of grappling, unbalancing and pulling techniques performed largely in shiko-dachi.",late 19th to early 20th century,,"Fujian, China (attributed); Naha, Okinawa",,,Kanryo Higaonna (brought); Chojun Miyagi (standardised),,"Attributed by Goju tradition to Higaonna's Naha-te, though like Saifa it is absent from To'on-ryu, so a Miyagi-era introduction is possible. Entered Kyokushin (as Seienchin) via the Goju line, and Isshin-ryu (as Seiunchin) through Tatsuo Shimabuku's study under Miyagi.",https://en.wikipedia.org/wiki/Seienchin | https://fightingarts.com/unraveling-the-mysteries-of-the-nafadi-tradition-its-kata/ | https://en.wikipedia.org/wiki/Isshin-ry%C5%AB
Sepai,十八手,Seipai; Sēpai,naha-te,goju-ryu|goju-kai|iogkf|jundokan|meibukan|shoreikan|shodokan-goju-ryu|kyokushin|shito-ryu,"Eighteen (hands), conventionally 6 x 3 in Buddhist numerology (the six senses in three aspects). An advanced kata of angular evasion, hidden strikes and off-line body shifting.",late 19th to early 20th century,,"Fujian, China (attributed); Naha, Okinawa",,,Kanryo Higaonna (brought); Chojun Miyagi (standardised),,"Attributed by tradition to Higaonna's Fuzhou study; not preserved in To'on-ryu, so the same caveat as Saifa applies. Practised in Kyokushin as Seipai via the Goju-kai line.",https://en.wikipedia.org/wiki/Seipai | https://fightingarts.com/unraveling-the-mysteries-of-the-nafadi-tradition-its-kata/
Sesan,十三手,Hangetsu and Shuri Seisan are cognate but distinct Shuri/Tomari forms; Seisan (Naha lineage); Sēsan,naha-te,goju-ryu|goju-kai|iogkf|jundokan|meibukan|shoreikan|shodokan-goju-ryu|toon-ryu|ryuei-ryu|shito-ryu,"Thirteen (hands), variously explained as thirteen techniques or 13 as an auspicious number. The Naha version emphasises close-range hard-soft striking, low kicks and heavy rooted stepping.",Qing-era China; Okinawa from c. 1880s,Ryu Ryu Ko (transmitted; ultimate creator unknown),"Fuzhou, Fujian, China",,,Kanryo Higaonna (brought); Juhatsu Kyoda (standardised); Norisato Nakaima (brought),,"Seisan is arguably the most widely distributed kata name in karate; this entry covers the Naha transmission preserved in Goju-ryu, To'on-ryu (one of Kyoda's four Higaonna kata) and Ryuei-ryu. The Uechi and Shuri/Tomari Seisan are separate transmissions. [Verifier: Kata, meaning ('thirteen') and Naha character correct. The introduced_by set is defensible (Kyoda's To'on-ryu preserves Higaonna's Sesa",https://en.wikipedia.org/wiki/Seisan | https://en.wikipedia.org/wiki/T%C5%8Don-ry%C5%AB | https://fightingarts.com/unraveling-the-mysteries-of-the-nafadi-tradition-its-kata/
Shisochin,四向戦,Shiso-chin; Shisōchin,naha-te,goju-ryu|goju-kai|iogkf|jundokan|meibukan|shoreikan|shodokan-goju-ryu|shito-ryu,Battle in four directions. Combines nukite spear-hand attacks with joint-locking palm techniques delivered to all four compass points; said to have been Chojun Miyagi's favourite kata in later life.,late 19th to early 20th century,,"Fujian, China (attributed); Naha, Okinawa",,,Kanryo Higaonna (brought); Chojun Miyagi (standardised),,Goju tradition places it among the kata Higaonna brought from Fuzhou; its absence from To'on-ryu again makes the transmission route uncertain and possibly Miyagi's own addition.,https://en.wikipedia.org/wiki/Shisochin | https://fightingarts.com/unraveling-the-mysteries-of-the-nafadi-tradition-its-kata/
Suparinpei,壱百零八手,"Bechurin; Hyakuhachiho; Pechurin (ペッチュウリン, To'on-ryu); Sūpārinpei",naha-te,goju-ryu|goju-kai|iogkf|jundokan|meibukan|shoreikan|shodokan-goju-ryu|toon-ryu|shito-ryu,"One hundred and eight (hands), the Buddhist number of worldly desires (bonno) dispelled at New Year; symbolises completeness. The longest and highest kata of the Goju curriculum, integrating the whole system.",Qing-era China; Okinawa from c. 1880s,Ryu Ryu Ko (transmitted; ultimate creator unknown),"Fuzhou, Fujian, China",,,Kanryo Higaonna (brought); Chojun Miyagi (standardised); Juhatsu Kyoda (standardised),,"One of the four Higaonna kata corroborated by both the Miyagi and Kyoda lines. Kyoda preserved it under the older name Pechurin ('one hundred continuous steps'), and the To'on-ryu version is regarded as closer to Higaonna's original than Miyagi's Suparinpei.",https://en.wikipedia.org/wiki/Suparinpei | https://en.wikipedia.org/wiki/T%C5%8Don-ry%C5%AB | https://fightingarts.com/unraveling-the-mysteries-of-the-nafadi-tradition-its-kata/
Tenkan,,Ten no kata (heaven form),naha-te,kojo-ryu,"Heaven (ten) form: first of Kojo-ryu's three elemental kata (heaven, void, earth). Its opening kamae cycle encodes the twelve zodiac-animal guard postures (kamae-te) that define the style's fighting method.","imported in the 4th family generation (Kaho Kojo, 1849-1925)",,"Fuzhou, Fujian, China / Kume village, Naha",,,Kaho Kojo (brought),,"Kojo-ryu (Kuninda-di) was transmitted privately within the Kojo family of Kume village, descendants of Cai Zhaogong (Kojo Uekata); family tradition says Kaho Kojo imported the three elemental kata from the family's Fuzhou dojo. Documentation is sparse and rests on family testimony reported by researchers such as Mario McKenna.",https://www.karatedomagazine.com/2018/12/14/kojo-ryu-karate/ | https://spiritofthekata.com/karate-kata-tenkan-kojo-ryu/
Tensho,転掌,Rokkishu (its Fujian model); Tenshō,naha-te,goju-ryu|goju-kai|iogkf|jundokan|meibukan|shoreikan|shodokan-goju-ryu|kyokushin|shito-ryu,"Rotating (turning) palms. The soft (ju) counterpart to Sanchin's hardness: flowing open-hand blocks and strikes on a Sanchin base, embodying the go-ju polarity that names the style.",1921,Chojun Miyagi,"Naha, Okinawa",,,Chojun Miyagi (created),,"Composed by Miyagi in 1921 from breathing and palm-change patterns he associated with the Rokkishu (six hands) of Fujian White Crane, reportedly informed by his 1915 research trip to Fuzhou. Adopted into Kyokushin via Mas Oyama's Goju training under Gogen Yamaguchi and So Nei Chu.",https://en.wikipedia.org/wiki/Tensh%C5%8D_(kata) | https://en.wikipedia.org/wiki/G%C5%8Dj%C5%AB-ry%C5%AB
Ananku,アーナンクー (安南功),Anaku; Ananko; Anankū; Annanko; Annanku; Ānankū,shuri-te,matsubayashi-ryu|shorin-ryu-seibukan|shobayashi-shorin-ryu|shorinji-ryu|shuri-ryu,"Commonly glossed 'peace from the south' or 'light from the south', usually connected with Annam (Vietnam) or with Kyan's 1930s trip south to Taiwan; a short, direct kata built largely from Kyan's other forms.",c. 1930s (some accounts say as early as 1895),Chotoku Kyan,Okinawa (after a visit to Taiwan),,,Chotoku Kyan (created),,"The youngest kata in the traditional Shōrin repertoire: most accounts (including Nagamine's) say Kyan composed it, or adapted a form he saw, after visiting Taiwan around 1930-1931. It passed to his students' styles (Matsubayashi-ryū, Seibukan, Shobayashi, Shōrinji-ryū) and, as Anaku, into Trias's Shuri-ryū.",https://en.wikipedia.org/wiki/Ananku | https://ja.wikipedia.org/wiki/%E3%82%A2%E3%83%BC%E3%83%8A%E3%83%B3%E3%82%AF%E3%83%BC | https://en.wikipedia.org/wiki/Ch%C5%8Dtoku_Kyan
Channan,チャンナン,Chan Nan; Chiang Nan; Shiraguma/Shiro Kuma identification (per Iwai Tsukuo),shuri-te,shuri-te,Meaning unknown; suggested to be a Chinese personal or place name (sometimes rendered Chiang Nan). Significant as the proto-Pinan: the working name or source form from which Itosu built the Pinan series.,c. 1900-1905,Anko Itosu (as recorded; possibly reworking older Chinese material),"Shuri, Okinawa",,,Anko Itosu (created),,"Known chiefly from Motobu Chōki's testimony that Itosu first called his new school kata Channan before settling on Pinan; the original form is lost, and later 'Channan' reconstructions are modern. Iwai Tsukuo (a student of Motobu Chōsei) claimed in 1997 that Motobu's Shiraguma kata preserved the old Channan; this is unverified and should be treated as folklore.",https://en.wikipedia.org/wiki/Channan | https://www.inkks.org/articles/the-mystery-of-the-channan-kata | https://en.wikipedia.org/wiki/Pinan
Chatan Yara no Kusanku,北谷屋良の公相君,Chatan Yara Kushanku; Chatanyara Kusanku; Yara Kusanku,shuri-te,shobayashi-shorin-ryu|shorin-ryu-seibukan|shorinji-ryu|isshin-ryu|kenshinkan|shito-ryu,"'Kusanku of Yara of Chatan village': the longest Kusanku version, attributed to Chatan Yara, said to have studied in China; prized for its wide, flowing movement and now a celebrated tournament kata.",early-to-mid 18th century (attribution partly folklore),Chatan Yara,"Chatan, Okinawa",,,Chatan Yara (created); Chotoku Kyan (standardised),,"The attribution to Chatan Yara (1668-1756) is traditional and partly folkloric; the version reached the modern era through Chōtoku Kyan's line (Kyan reportedly learned it from Yara of Chatan's descendants) and so entered Seibukan, Shobayashi, Shōrinji-ryū and Isshin-ryū, and Shitō-ryū via Hayashi-ha. It became world famous through WKF competition.",https://en.wikipedia.org/wiki/K%C5%ABsank%C5%AB_(kata) | https://en.wikipedia.org/wiki/Chatan_Yara | https://en.wikipedia.org/wiki/Ch%C5%8Dtoku_Kyan
Chinte,チンテー / 珍手,Chinti; Chintē; Shōin (Funakoshi's short-lived renaming),shuri-te,shito-ryu|shotokan|itosu-ryu,"珍手, 'rare/unusual hands', after its uncommon techniques (two-finger strikes, circular arm blows); often noted as containing methods suited to smaller or female practitioners.",19th century,,"Shuri, Okinawa (Chinese origin presumed)",,,Anko Itosu (standardised); Gichin Funakoshi (renamed),,"Of unknown, strongly Chinese-flavoured origin, transmitted through the Itosu curriculum to Mabuni and Funakoshi; Funakoshi's attempted renaming Shōin did not stick and the kata survives as Chinte in Shotokan and Shitō-ryū, including its curious backward-hopping ending.",https://en.wikipedia.org/wiki/Chint%C4%93 | https://en.wikipedia.org/wiki/Shotokan
Chinto,チントウ / 鎮東,"Chintō; Gankaku (岩鶴); Jin Do / Chinto (진도, Korean)",shuri-te,shorin-ryu|kobayashi-shorin-ryu|matsubayashi-ryu|shobayashi-shorin-ryu|shorin-ryu-seibukan|shorinji-ryu|shito-ryu|shotokan|wado-ryu|isshin-ryu|okinawa-kenpo|tang-soo-do,"Traditionally the name of a shipwrecked Chinese sailor (folklore) from whom the kata's techniques were learned; the kanji 鎮東 can be read 'settling the east'. Funakoshi's Gankaku (岩鶴) means 'crane on a rock', after the signature one-legged stance.",mid-19th century,Chintō (shipwrecked Chinese sailor; folklore),"Tomari/Shuri, Okinawa",,,Sokon Matsumura (standardised); Kosaku Matsumora (standardised); Gichin Funakoshi (renamed),,"Folklore holds that a castaway Chinese sailor called Chintō taught the material near Tomari; parallel Shuri (Matsumura/Itosu) and Tomari (Matsumora, thence Kyan) versions descend from it, which is why Shotokan's differs from the Kyan-line versions in Isshin-ryū and Matsubayashi-ryū. Funakoshi renamed it Gankaku in the mid-1930s.",https://en.wikipedia.org/wiki/Chint%C5%8D | https://en.wikipedia.org/wiki/Kosaku_Matsumora | https://en.wikipedia.org/wiki/S%C5%8Dkon_Matsumura
Gojushiho,五十四歩,"Gojushiho Dai / Gojushiho Sho (Shotokan); Gojūshiho; Hotaku (Funakoshi's short-lived renaming); O Sip Sa Bo (Korean); Useishi (ウーセーシー, Okinawan for 54)",shuri-te,shorin-ryu|kobayashi-shorin-ryu|matsubayashi-ryu|matsumura-seito|shito-ryu|shotokan|tang-soo-do,"'Fifty-four steps', a number of Buddhist significance in Chinese boxing (Useishi is the Okinawan reading of 54). An advanced 'drunken'-flavoured kata regarded as one of the highest in the Shuri repertoire.",19th century,,"Shuri, Okinawa (Chinese antecedent presumed)",,,Sokon Matsumura (standardised); Anko Itosu (standardised); Gichin Funakoshi (renamed),,"Transmitted in the Matsumura-Itosu line (older Okinawan lines keep the name Useishi); Itosu's reworking yielded the versions from which Shotokan derives Gojūshiho Dai and Shō. Funakoshi initially renamed it Hōtaku ('woodpecker', after its pecking hand strikes) in the 1930s, but the original name prevailed.",https://en.wikipedia.org/wiki/Goj%C5%ABshiho | https://en.wikipedia.org/wiki/Ank%C5%8D_Itosu
Hakutsuru,白鶴,Hakutsuru no kata; Matsumura Hakutsuru; White Crane,shuri-te,matsumura-seito|kenshinkan,"白鶴, 'white crane': embodies Fujian White Crane principles (one-legged crane stances, whipping open-hand strikes, soft-hard breathing) said to be the hidden essence of the Matsumura family art.",claimed mid-19th century; made public mid-20th century,Sokon Matsumura (traditional attribution),"attributed to Fuzhou, Fujian, China / Shuri, Okinawa",,,Sokon Matsumura (created); Nabe Matsumura (standardised); Hohan Soken (brought),,"Tradition in Matsumura Seito holds that Sōkon Matsumura learned White Crane material in China and kept the kata as a family secret, passed to his grandson Nabe Matsumura and then to Hōhan Sōken, who first showed it publicly after returning to Okinawa in the 1950s. Independent documentation before Sōken is lacking, so the pre-20th-century pedigree should be treated as family tradition/folklore. [Ve",https://en.wikipedia.org/wiki/Hohan_Soken | https://en.wikipedia.org/wiki/S%C5%8Dkon_Matsumura | https://en.wikipedia.org/wiki/Fujian_White_Crane
Jiin,慈陰 / 慈允,"Ji'in; Jion group third kata; Shōkyō (松柏, Funakoshi's short-lived renaming)",shuri-te,shito-ryu|shotokan,"Usually glossed 'temple grounds' or 'mercy and shadow' (the kanji are unsettled); third member of the Jion group, sharing its salutation kamae.",19th century,,Okinawa (Tomari-associated transmission; origin unknown),,,Anko Itosu (standardised); Gichin Funakoshi (renamed),,"Transmitted with Jion and Jitte through the Itosu line; Funakoshi's attempted renaming Shōkyō did not take hold, and the kata was later dropped from the JKA Shotokan examination syllabus though it survives in Shitō-ryū and some Shotokan lineages.",https://en.wikipedia.org/wiki/Jion_kata_group | https://en.wikipedia.org/wiki/Shotokan
Jitte,十手,Jitte (Jion group); Jutte,shuri-te,shito-ryu|shotokan|wado-ryu,"十手, 'ten hands': traditionally explained as fighting with the strength or effectiveness of ten men; contains movements interpreted as defences against the bō.",19th century,,Okinawa (Tomari-associated transmission; origin unknown),,,Anko Itosu (standardised),,"Second kata of the Jion group, of unknown origin, transmitted through Itosu to Funakoshi and Mabuni; practised in Shotokan, Shitō-ryū and Wadō-ryū with the original name retained.",https://en.wikipedia.org/wiki/Jion_kata_group | https://en.wikipedia.org/wiki/Ank%C5%8D_Itosu
Juroku,十六,Jyuroku; Jūroku,shuri-te,shito-ryu|shito-kai|itosu-ryu|hayashi-ha-shito-ryu|shukokai,"十六, 'sixteen': widely said to commemorate the year of its creation, Shōwa 16 (1941); a compact intermediate kata built on Itosu-line (Shuri) movement principles.",1941,Kenwa Mabuni,"Osaka, Japan",,,Kenwa Mabuni (created),,Created by Mabuni in Osaka as a teaching kata within his Itosu-kei (Shuri-line) grouping of Shitō-ryū; now standard across most Shitō-ryū branches and seen in WKF competition.,https://en.wikipedia.org/wiki/Kenwa_Mabuni | https://en.wikipedia.org/wiki/Shit%C5%8D-ry%C5%AB
Kusanku,公相君 / クーサンクー,Kanku Dai (観空大); Kong Sang Koon (공상군); Koshokun; Kosokun; Kusanku Dai; Kushanku; Kūsankū,shuri-te,shuri-te|shorin-ryu|kobayashi-shorin-ryu|matsubayashi-ryu|shobayashi-shorin-ryu|shorin-ryu-seibukan|shito-ryu|shotokan|wado-ryu|kyokushin|okinawa-kenpo|isshin-ryu|shuri-ryu|tang-soo-do,"Named after Kūsankū (Kwang Shang Fu), a Chinese envoy/military attaché who visited Okinawa around 1756. Funakoshi's renaming Kankū (観空) means 'to view the sky', after the opening gesture; the kata is regarded as the pinnacle of the Shuri-te repertoire and the ancestor of the Pinan series.",c. 1760s,"Kanga Sakukawa (attributed), after the envoy Kūsankū","Shuri, Okinawa (from Chinese quanfa)",,,Kusanku (brought); Kanga Sakukawa (created); Anko Itosu (standardised); Gichin Funakoshi (renamed),,"Tradition (partly folklore, anchored by the 1762 Ōshima Hikki record of a Chinese called Kūsankū demonstrating grappling in Okinawa) holds that Sakugawa composed the kata after studying with the envoy; it passed through Matsumura and Itosu, who standardised the Dai version. Funakoshi renamed it Kankū Dai in the mid-1930s (Karate-dō Kyōhan, 1935); the Korean Kong Sang Koon of Tang Soo Do preserves the Okinawan name.",https://en.wikipedia.org/wiki/K%C5%ABsank%C5%AB_(kata) | https://en.wikipedia.org/wiki/K%C5%ABsank%C5%AB | https://en.wikipedia.org/wiki/Sakugawa_Kanga
Kusanku Sho,公相君小 / 観空小,Kanku Sho; Kosokun Sho; Kūsankū Shō,shuri-te,kobayashi-shorin-ryu|shorin-ryu-shorinkan|shito-ryu|shotokan,"'Lesser Kusanku': Itosu's second, more compact arrangement of the Kusanku material, named after the envoy Kūsankū; Kankū Shō ('to view the sky, minor') is the Shotokan reading.",late 19th century,Anko Itosu,"Shuri, Okinawa",,,Anko Itosu (created); Gichin Funakoshi (renamed),,"Itosu reworked the old Kusanku into Dai and Shō versions for systematic teaching; Funakoshi renamed the pair Kankū Dai and Kankū Shō in the mid-1930s. Practised today mainly in Kobayashi Shōrin-ryū, Shitō-ryū and Shotokan.",https://en.wikipedia.org/wiki/K%C5%ABsank%C5%AB_(kata) | https://en.wikipedia.org/wiki/Ank%C5%8D_Itosu
Matsumura no Passai,松村のパッサイ,Matsumura Bassai; Matsumura Patsai; Passai (Matsumura),shuri-te,matsumura-seito|kenshinkan|shito-ryu|kobayashi-shorin-ryu|hayashi-ha-shito-ryu,"The Passai version attributed to Sōkon Matsumura, regarded as closer to the older Chinese-flavoured form than Itosu's school version; same 'breach a fortress' gloss.",mid-19th century,Sokon Matsumura,"Shuri, Okinawa",,,Sokon Matsumura (created); Hohan Soken (standardised),,"Preserved in the Matsumura family line to Nabe Matsumura and Hōhan Sōken (Matsumura Seito), and separately recorded by Kenwa Mabuni in Shitō-ryū as Matsumura no Passai; in Chibana's Kobayashi line the Passai Dai is likewise credited to Matsumura, with Itosu's as Passai Shō.",https://en.wikipedia.org/wiki/Passai | https://en.wikipedia.org/wiki/S%C5%8Dkon_Matsumura | https://en.wikipedia.org/wiki/Hohan_Soken
Myojo,明星,Meiosei; Myōjō,shuri-te,shito-ryu|seito-shito-ryu,"明星, 'morning star (Venus)': a junior training kata whose name evokes guidance and aspiration for beginning students.",c. 1940s,Kenwa Mabuni,"Osaka, Japan",,,Kenwa Mabuni (created),,"A rarer Mabuni-created basic kata, preserved mainly in the Mabuni family (Seitō Shitō-ryū) line alongside Shinsei and Jūroku; documentation is thinner than for his better-known creations.",https://en.wikipedia.org/wiki/Kenwa_Mabuni | https://en.wikipedia.org/wiki/Shit%C5%8D-ry%C5%AB
Naihanchi,ナイハンチ / 鉄騎 (Tekki),Chulgi (철기); Naifanchi; Naifanchin; Naihanchi Shodan/Nidan/Sandan; Naihanji / Nae Bo Jin (Korean); Tekki 1-3,shuri-te,shuri-te|tomari-te|shorin-ryu|kobayashi-shorin-ryu|matsubayashi-ryu|shobayashi-shorin-ryu|shorin-ryu-seibukan|motobu-ryu|kishimoto-di|shito-ryu|shotokan|wado-ryu|isshin-ryu|okinawa-kenpo|shuri-ryu|tang-soo-do|kyokushin,"Etymology obscure: commonly glossed 'internal divided conflict' or explained by the sideways straddle stance (naihanchi-dachi) and lateral embusen, interpreted as fighting with one's back to a wall or on a paddy-field dyke. Funakoshi's Tekki (鉄騎) means 'iron horseman'. It was the foundation kata of old Shuri-te and Tomari-te.",19th century or earlier; Nidan and Sandan c. 1900,,Okinawa (Shuri/Tomari; presumed Chinese antecedent),,,Sokon Matsumura (standardised); Anko Itosu (created); Choki Motobu (standardised); Gichin Funakoshi (renamed),,"The original (Shodan) predates Itosu, who reworked it and is generally credited with composing Nidan and Sandan; before the Pinan it was the first kata taught in Shuri and Tomari, and Chōki Motobu famously held that Naihanchi contained everything needed for fighting. Funakoshi renamed the three Tekki Shodan-Sandan in the mid-1930s; Korean lineages kept it as Naihanji/Chulgi.",https://en.wikipedia.org/wiki/Naihanchi | https://en.wikipedia.org/wiki/Motobu_Ch%C5%8Dki | https://en.wikipedia.org/wiki/Ank%C5%8D_Itosu
Nidanbu,ニダンブ（二段武）,Nidan Bu,shuri-te,kishimoto-di|bugeikan,"Roughly 'second-level martial (exercise)'; a linking or 'bridge' kata created to connect the principles of KishimotoDi's three koryu kata (Tachimura no Naihanchi, Passai and Kusanku) into one progression.",late 19th-early 20th century,Soko Kishimoto,Okinawa,,,Soko Kishimoto (created); Seitoku Higa (brought); Kiyohiko Higa (standardised),,"Unique to KishimotoDi: developed by Kishimoto Soko as a pedagogical aid between the old kata of the Tachimura line, and preserved through Higa Seitoku's Bugeikan. One of the few named kata creations attributable to the KishimotoDi lineage itself.",https://blackbeltwiki.com/kishimotodi-kata | https://www.karateobsession.com/kishimotodi
Niseishi,二十四歩 (ニーセーシ),E Sip Sa Bo (Korean); Nijūshiho; Niseishi Dai,shuri-te,shito-ryu|shotokan|wado-ryu|genseiryu,"'Twenty-four (steps)': Niseishi is the Okinawan reading of 24, rendered in Japanese as Nijūshiho (二十四歩, 'twenty-four steps'), a numerological name typical of Chinese-derived kata.",19th century,Seisho Arakaki,"Kume/Naha, Okinawa (Fuzhou-influenced)",,,Seisho Arakaki (created); Kenwa Mabuni (standardised); Gichin Funakoshi (renamed),,"From Aragaki Seishō's line (Aragaki demonstrated related material at the 1867 reception for the last Chinese investiture mission); it reached Funakoshi via Mabuni/Aragaki students and was renamed Nijūshiho in Shotokan in the mid-1930s, while Wadō-ryū and Shitō-ryū keep Niseishi. It is also a core kata of Genseiryū.",https://en.wikipedia.org/wiki/Nij%C5%ABshiho | https://en.wikipedia.org/wiki/Arakaki_Seish%C5%8D
Passai,パッサイ / 抜塞,Bal Sae / Bassai (Korean); Bassai; Bassai Dai (抜塞大); Itosu no Passai; Passai Dai; Patsai,shuri-te,shuri-te|shorin-ryu|kobayashi-shorin-ryu|matsubayashi-ryu|shobayashi-shorin-ryu|shito-ryu|shotokan|wado-ryu|shuri-ryu|tang-soo-do|okinawa-kenpo,"Original meaning obscure; the kanji 抜塞 adopted in Japan are read 'to extract/breach a fortress', often glossed 'to storm a fortress'. Theories link it to Chinese leopard-and-lion boxing; it is a core intermediate-advanced kata of every Shuri-descended style.",by the mid-19th century; origins unknown,,Okinawa (Shuri and Tomari transmissions; ultimate Chinese origin presumed),,,Anko Itosu (standardised); Gichin Funakoshi (renamed),,"Passai circulated in parallel Shuri and Tomari lines (Matsumura no Passai, Oyadomari no Passai of Tomari, Matsumora's version); Itosu standardised the Dai form taught in schools, and Funakoshi fixed the kanji/reading Bassai in the mid-1930s. The Tomari (Oyadomari/Matsumora) versions are covered under the Tomari-te lineage; Korean Tang Soo Do preserves it as Bassai.",https://en.wikipedia.org/wiki/Passai | https://en.wikipedia.org/wiki/Ank%C5%8D_Itosu | https://en.wikipedia.org/wiki/Gichin_Funakoshi
Passai Sho,抜塞小,Bassai Shō; Itosu no Passai Sho,shuri-te,kobayashi-shorin-ryu|shito-ryu|shotokan,"'Lesser Passai': Itosu's shorter companion form to Passai Dai, opening against a bō attack; same contested 'breach a fortress' gloss as the parent kata.",late 19th century,Anko Itosu,"Shuri, Okinawa",,,Anko Itosu (created); Gichin Funakoshi (renamed),,"Created by Itosu as the Shō pair to the standardised Passai Dai; transmitted to Shotokan (as Bassai Shō, renamed by Funakoshi mid-1930s), Shitō-ryū and Kobayashi Shōrin-ryū.",https://en.wikipedia.org/wiki/Passai | https://en.wikipedia.org/wiki/Ank%C5%8D_Itosu
Pinan,平安 (ピンアン),Heian Shodan-Godan; Pinan Nidan-Shodan order swap in Shotokan; Pinan Shodan-Godan (I-V); Pyung Ahn / Pyong-an (평안),shuri-te,shorin-ryu|kobayashi-shorin-ryu|matsubayashi-ryu|shobayashi-shorin-ryu|shorin-ryu-seibukan|shorinji-ryu|shito-ryu|shotokan|wado-ryu|shukokai|kyokushin|shuri-ryu|tang-soo-do|soo-bahk-do,"平安, 'peaceful and safe' (Okinawan/Chinese reading Pinan; Sino-Japanese Heian): Itosu reportedly chose the name to express that one who masters the series can be confident of protecting themselves. A five-kata pedagogical series distilled mainly from Kusanku (and, per tradition, the lost Channan) for schoolchildren.",1904-1907 (introduced into Okinawan school physical education),Anko Itosu,"Shuri, Okinawa",,,Anko Itosu (created); Gichin Funakoshi (renamed),,Itosu created the series around 1904-1907 as an entry curriculum when karate entered Okinawan schools; Motobu Chōki recalled Itosu initially calling the material Channan. Funakoshi renamed them Heian in the mid-1930s and swapped the order of the first two; Korean kwan lineages transmit them as Pyung Ahn.,https://en.wikipedia.org/wiki/Pinan | https://en.wikipedia.org/wiki/Ank%C5%8D_Itosu | https://en.wikipedia.org/wiki/Channan
"Rohai Shodan, Nidan, Sandan",鷺牌 初段・二段・三段,Itosu Rohai; Itosu no Rohai; Meikyo (Shotokan); Rohai Jo/Chu/Ge,shuri-te,shito-ryu|itosu-ryu|shito-kai|shukokai|motobu-ha-shito-ryu|hayashi-ha-shito-ryu|shotokan|wado-ryu,"'Heron sign' in three graded versions; Itosu expanded the single Tomari Rohai into a pedagogical series, as he did with Pinan and Naihanchi. Funakoshi's Shotokan derivative was renamed Meikyo, 'bright (polished) mirror'.",c. 1900s,Anko Itosu,"Shuri, Okinawa",,,Anko Itosu (created); Kenwa Mabuni (standardised); Gichin Funakoshi (renamed),,"Itosu reworked the Matsumora/Tomari Rohai into shodan, nidan and sandan versions for school instruction; Mabuni preserved all three in Shito-ryu, Wado-ryu retains a single Rohai from the same material, and Funakoshi blended the series into the Shotokan kata Meikyo. Listed here rather than under Shuri-te because it is the direct cross-line offspring of the Tomari kata.",https://en.wikipedia.org/wiki/R%C5%8Dhai | https://fightingarts.com/examining-yasutsune-itosu-part-1/
Seisan,セーサン / 十三,Ban Wol; Hangetsu; Hangetsu (半月); Matsumura no Seisan; Seisan; Seisan (Naha/Uechi versions are distinct); Seishan; Sesan,shuri-te,matsumura-seito|shorin-ryu-seibukan|shobayashi-shorin-ryu|shorinji-ryu|isshin-ryu|okinawa-kenpo|shotokan|wado-ryu,"十三, 'thirteen' (variously explained as thirteen techniques, modes or steps); one of the oldest kata names in Okinawa. Funakoshi's Hangetsu (半月) means 'half moon', after its crescent stepping and stance.",19th century or earlier,,"Shuri, Okinawa (Chinese antecedent; parallel Naha-te transmission)",,,Sokon Matsumura (standardised); Chotoku Kyan (standardised); Gichin Funakoshi (renamed),,"This entry covers the Shuri (Matsumura no) Seisan, transmitted via Matsumura and popularised through Kyan's students (it is the first kata of Isshin-ryū and central in Seibukan and Shōrinji-ryū); Funakoshi renamed his version Hangetsu in the mid-1930s and Wadō-ryū keeps Seishan. The unrelated-in-transmission Naha-te/Uechi-ryū Seisan descends separately from Fujian boxing.",https://en.wikipedia.org/wiki/Seisan | https://en.wikipedia.org/wiki/Ch%C5%8Dtoku_Kyan | https://en.wikipedia.org/wiki/S%C5%8Dkon_Matsumura
Shiho Kusanku,四方公相君,Shiho Kosokun; Shihō Kūsankū,shuri-te,shito-ryu|itosu-ryu,"四方, 'four directions' + Kusanku: a rare Itosu-attributed variant that redistributes Kusanku material along a four-directional embusen.",c. 1900s,Anko Itosu (attributed),"Shuri, Okinawa",,,Anko Itosu (created); Kenwa Mabuni (standardised),,"Attributed to Itosu's late reworkings of the Kusanku theme and preserved almost solely through Mabuni's Shitō-ryū and its branches (notably Itosu-kai/Itosu-ryū); the attribution rests on Shitō-ryū tradition rather than contemporary documents. [Verifier: Real kata (Shiho Kosokun), practised essentially only in Shito-ryu, redistributing Kusanku material in four directions. Attribution is contested: ",https://en.wikipedia.org/wiki/K%C5%ABsank%C5%AB_(kata) | https://en.wikipedia.org/wiki/Shit%C5%8D-ry%C5%AB | https://en.wikipedia.org/wiki/Ank%C5%8D_Itosu
Shinpa,心波,Shimpa; Shinpa (Mabuni); Shinpa Tairyu,shuri-te,shito-ryu|seito-shito-ryu,"Usually written 心波, 'mind wave' (also glossed 'new wave'): a rare Mabuni kata combining Shuri-line footwork with soft, wave-like hand actions often linked to his study of White Crane-influenced material.",c. 1930s-1940s,Kenwa Mabuni,"Osaka, Japan",,,Kenwa Mabuni (created),,"Among the rarest of Mabuni's compositions, transmitted only in a few Shitō-ryū branches (notably the Mabuni family line); some accounts say it condenses material Mabuni learned from Gokenki and other Chinese sources, which remains unverified. [Verifier: Real rare Mabuni kata, but details are off: sources date it to 1925, inspired by Mabuni's meeting with Uechi Kanbun and the Uechi-ryu (Pangai-noon",https://en.wikipedia.org/wiki/Kenwa_Mabuni | https://en.wikipedia.org/wiki/Shit%C5%8D-ry%C5%AB
Shinsei,新生,Shinsei Dai Ichi; Shinsei Dai Ichi / Dai Ni (some branches); Shinsei Dai Ni,shuri-te,shito-ryu|seito-shito-ryu|kuniba-ha,"新生, 'new life/rebirth': an introductory kata created to give beginners the fundamental Shuri-line stances, blocks and strikes in a short sequence.",c. 1940s,Kenwa Mabuni,"Osaka, Japan",,,Kenwa Mabuni (created),,"One of Mabuni's pedagogical creations for his Osaka curriculum (roughly parallel in purpose to Okinawa's contemporaneous Fukyūgata project); retained mainly in family-line and Kuniba-line Shitō-ryū branches. A separate Gōjū-line beginner kata of the same name exists, so attribution should be checked per branch.",https://en.wikipedia.org/wiki/Kenwa_Mabuni | https://en.wikipedia.org/wiki/Shit%C5%8D-ry%C5%AB
Shiro Kuma,白熊,Shiraguma; Shiraguma no kata; White Bear,shuri-te,motobu-ryu,"白熊, 'white bear' (polar bear): reportedly a short, direct fighting kata reflecting Motobu Chōki's pressure-tested, close-range kumite method.",early 20th century (c. 1920s-1940s),Choki Motobu (attributed),mainland Japan (Motobu's Tokyo/Osaka teaching years),,,Choki Motobu (created),,"A poorly documented kata attributed to Motobu Chōki, kept privately within the Motobu-ryū/Motobu Kenpō lineage and not shown publicly; Iwai Tsukuo (student of Motobu Chōsei) claimed in a 1997 letter that Shiraguma preserves Itosu's lost Channan. Both the attribution and the Channan identification are unverifiable and should be treated as lineage tradition. [Verifier: Attested: Motobu Choki is repo",https://iainabernethy.com/content/motobu-choki-sensei-and-white-bear-kata | https://en.wikipedia.org/wiki/Motobu_Ch%C5%8Dki | https://www.inkks.org/articles/the-mystery-of-the-channan-kata
Sochin,壮鎮,Aragaki no Sochin; Hakko (Funakoshi's short-lived renaming); Sōchin,shuri-te,shito-ryu|shotokan|itosu-ryu|genseiryu,"壮鎮, commonly glossed 'tranquil force', 'grand suppression' or 'to move into calm'; in Shotokan it is defined by the rooted sōchin-dachi stance and an immovable, imperturbable character.",mid-to-late 19th century; Shotokan version 1930s,Seisho Arakaki,"Kume/Naha, Okinawa (Fuzhou-influenced)",,,Seisho Arakaki (created); Kenwa Mabuni (standardised); Gigo Funakoshi (standardised),,The older version descends from Aragaki Seishō of Kume (a Chinese-language official whose kata entered Shuri-descended Japanese styles chiefly via Mabuni's Shitō-ryū). The Shotokan Sōchin is a substantial 1930s reworking attributed to Gigō (Yoshitaka) Funakoshi; Funakoshi's proposed renaming Hakkō did not survive.,https://en.wikipedia.org/wiki/S%C5%8Dchin | https://en.wikipedia.org/wiki/Arakaki_Seish%C5%8D | https://en.wikipedia.org/wiki/Gigo_Funakoshi
Sunsu,スンスー,Sun-nu-su; Sunnusu; Sunusu,shuri-te,isshin-ryu,"Usually explained as 'strong man', said to be Shimabuku Tatsuo's nickname; an alternative account renders it 'son of the old man'. Its significance is as the signature kata of Isshin-ryu, a composite distilling techniques Shimabuku valued from the style's other seven empty-hand kata.",c. 1947-1956,Tatsuo Shimabuku,"Chan (Kyan) village, Okinawa",,,Tatsuo Shimabuku (created),,"The only kata original to Isshin-ryu: Shimabuku, a student of Kyan, Motobu and Miyagi, assembled Sunsu from Shorin and Goju elements while formalising Isshin-ryu (named 1956), and it remains exclusive to the style. The translation of the name is disputed within the Isshin-ryu community.",https://en.wikipedia.org/wiki/Tatsuo_Shimabuku | https://www.mit.edu/~dcltdw/Isshinryu/katainfo-distilled.html | http://isshin-concentration.blogspot.com/2019/10/bushi-no-te-isshinryu-notes-on-kata.html
Tachimura no Kusanku,タチムラのクーサンクー,KishimotoDi Kusanku; Tachimura nu Kusanku,shuri-te,kishimoto-di|bugeikan,"The Kusanku (named after the Chinese envoy Kūsankū) of the Tachimura/KishimotoDi lineage; the second of the system's two advanced koryu kata, only recently permitted to be shared publicly in its correct form.",19th century (Kusanku tradition c. 1750s),,"Shuri, Okinawa",,,Kusanku (brought); Tachimura no Peichin (standardised); Soko Kishimoto (brought); Kiyohiko Higa (standardised),,"KishimotoDi claims descent from Sakugawa, who by tradition learned from the envoy Kusanku himself, making this line's Kusanku a sibling of the Chatan Yara and Itosu versions; the claim beyond Tachimura is oral tradition. Preserved in the Bugeikan under Higa Kiyohiko and documented abroad by Ulf Karlsson and Noah Legel.",https://www.karateobsession.com/kishimotodi | https://blackbeltwiki.com/kishimotodi-kata | https://ilpracticalkarate.com/kishimotodi
Tachimura no Naihanchi,タチムラのナイファンチ,KishimotoDi Naihanchi; Tachimura nu Naifanchi,shuri-te,kishimoto-di|bugeikan,"The Naihanchi of the Tachimura lineage; the name Naihanchi has no settled translation ('sideways fighting' is conventional). Its significance is as the core kata of KishimotoDi, performed with distinctive whole-body koshi mechanics and flowing weight transfer unlike the Itosu versions.",19th century,,"Shuri, Okinawa",,,Tachimura no Peichin (standardised); Soko Kishimoto (brought); Seitoku Higa (brought); Kiyohiko Higa (standardised),,"KishimotoDi tradition traces the kata from 'Tode' Sakugawa through Bushi Tachimura no Peichin (1814-1899) to Kishimoto Soko (dates given variously 1862- or 1866-1945), who taught Higa Seitoku, founder of the Bugeikan, where his son Higa Kiyohiko heads the line today; Ulf Karlsson and Noah Legel have documented and spread it abroad. The pre-Kishimoto lineage rests on oral tradition.",https://www.karateobsession.com/kishimotodi | https://ilpracticalkarate.com/kishimotodi | https://blackbeltwiki.com/kishimotodi-kata
Tachimura no Passai,タチムラのパッサイ,KishimotoDi Passai; Tachimura nu Passai,shuri-te,kishimoto-di|bugeikan,"The Passai ('breach a fortress', etymology uncertain) of the Tachimura/KishimotoDi lineage; one of the system's two advanced koryu kata, historically withheld and not generally shown publicly in complete form.",19th century,,"Shuri, Okinawa",,,Tachimura no Peichin (standardised); Soko Kishimoto (brought); Seitoku Higa (brought); Kiyohiko Higa (standardised),,"Transmitted Tachimura to Kishimoto Soko to Higa Seitoku (Bugeikan) to Higa Kiyohiko; KishimotoDi's guarded teaching culture means only partial public versions circulated until recently. Independent of both the Tomari and Itosu Passai lines, though ultimately part of the same Passai family.",https://www.karateobsession.com/kishimotodi | https://blackbeltwiki.com/kishimotodi-kata | https://azpracticalkarate.com/2020/12/kishimotodi-revisited.html
Unsu,雲手,Aragaki no Unsu; Unshu; Unsū,shuri-te,shito-ryu|shotokan|genseiryu,"雲手, 'cloud hands', usually explained by the opening in which the hands part like clouds, or as parting the clouds ('hands in the clouds'); an advanced kata famed in Shotokan for its jumping rotation.",19th century,Seisho Arakaki,"Kume/Naha, Okinawa (Fuzhou-influenced)",,,Seisho Arakaki (created); Kenwa Mabuni (standardised),,"Attributed to Aragaki Seishō's Chinese-derived teaching line; Mabuni preserved the older form in Shitō-ryū, while the Shotokan version (probably reshaped in the 1930s by Funakoshi's circle, with Gigō usually credited) diverged considerably and became a premier competition kata.",https://en.wikipedia.org/wiki/Unsu | https://en.wikipedia.org/wiki/Arakaki_Seish%C5%8D
"Kasshindi (Ichi, Ni, San)",活心手（カッシンディー）,Kasshin-di; Kasshindi 1-3,tomari-te,motobu-udundi,"Rendered 'battle hand' (also glossed 'living-spirit hand'); a set of three kata expressing Motobu Udundi's combative applications, bridging the basic Motode kata and the school's tuiti and weapons work.",20th century,Seikichi Uehara,Okinawa,,,Seikichi Uehara (created),,"Created by Uehara Seikichi when he systematised Motobu Udundi's curriculum in the 20th century, alongside his standardisation of the material inherited from Motobu Choyu. Practised today under Motobu Chosei's Motobu-ryu organisation. [Verifier: Facts confirmed almost verbatim: three kasshindi ('battle hand') kata created by Uehara Seikichi in the 20th century from techniques passed down by Motobu ",https://en.wikipedia.org/wiki/Motobu-ry%C5%AB | https://medium.com/motobu-ryu-blog/secret-kata-of-motobu-udundi-d1406dbaac57
Mekata (Anji-kata no Mekata),按司方の舞方（メーカタ）,Anji-kata nu Mēkata; Dancing form of the lords; Mai no Ti; Mēkata,tomari-te,motobu-udundi|bugeikan,"'Dance form(s)': martial technique embedded in Ryukyuan dance, attributed to the anji (territorial lords) and palace ('udun-di/goten-te') tradition; Anji-kata no Mekata is glossed 'dancing form of the lords'. Significant as the claimed aristocratic, pre-karate stratum of Okinawan ti.",claimed Ryukyu Kingdom era; documented 20th century,,"Shuri, Okinawa (Ryukyu court circles)",,,Choyu Motobu (brought); Seikichi Uehara (standardised); Seitoku Higa (standardised),,"Motobu Udundi preserves mekata as dance-embedded fighting method used with tuiti, and Higa Seitoku's Bugeikan likewise collected palace-hand and dance-form material alongside KishimotoDi; these, with the Tachimura line, are the main documented claimants to an 'anji/palace hand' tradition. The antiquity of the tradition is family and oral lore rather than verifiable record, and should be treated as",https://en.wikipedia.org/wiki/Motobu-ry%C5%AB | https://alangodshaw.com/photos/%E7%9B%AE%E9%8C%B2%E3%81%AE%E5%BD%A2/ | http://bugeikan.net/karate.html
Motode Ichi and Ni,元手 一・二（ムトゥディー）,Motode Sanchin; Mutudī; Shuri Sanchin,tomari-te,motobu-udundi,"'Basic (original) hand'; the two foundational kata of Motobu Udundi, described as 'Shuri sanchin', with Motode Ichi performed open-handed and Motode Ni with closed fists. They encode the upright, flowing body method underlying the school's tuiti grappling.",formalised 20th century; tradition claims 17th-century palace roots,,"Shuri, Okinawa (Motobu Udun palace tradition)",,,Choyu Motobu (brought); Seikichi Uehara (standardised),,"Motobu Udundi, the hereditary art of the Motobu Udun descended from Motobu Chohei (17th century), was passed by Motobu Choyu to Uehara Seikichi, who standardised the curriculum and later returned the headship to Motobu Chosei (2003); the claim of unbroken palace transmission is family tradition, partly folklore. The Motode pair are its only conventional empty-hand kata. [Verifier: All substantive ",https://en.wikipedia.org/wiki/Motobu-ry%C5%AB | https://medium.com/motobu-ryu-blog/secret-kata-of-motobu-udundi-d1406dbaac57
Rinkan,リンカン,Linkan; Rinkan (Gohakukai),tomari-te,tomari-te,"A rare Tomari-te kata whose name has no reliably documented translation; described by Tokashiki Iken as one of the 'pure Tomari' kata alongside Wankan, Wanshu Dai/Sho and Rohai.",19th-early 20th century (documentation 20th century),,"Tomari, Okinawa",,,Seiyu Nakasone (brought); Tokashiki Iken (standardised),,"Known almost solely through the Gohakukai: Tokashiki Iken records it from his teacher Nakasone Seiyu without an earlier named source, so its pre-Nakasone history is undocumented. Preserved today within Tokashiki's Goju-ryu Tomari-te Karate-do Kyokai (Gohakukai). [Verifier: The kata is real and rare: Tokashiki Iken's list of pure Tomari kata (Wankan, Wanshu Sho/Dai, Rohai, Rinkan) is verified nearl",https://iogkfmadrid.wordpress.com/2010/02/09/donde-goju-ryu-y-tomari-te-se-encuentran-tokashiki-iken-y-el-gohakukai/ | https://www.karate4theheart.com/2020/04/the-kata-of-tomari-nerd-life-post.html
Tomari Chinto,泊チントウ（鎮闘）,Chinto; Chintō; Gankaku (Shotokan renaming of the Itosu line); Tomari no Chinto,tomari-te,tomari-te|matsubayashi-ryu|shorin-ryu-seibukan|shobayashi-shorin-ryu|shorinji-ryu|isshin-ryu|chito-ryu|seidokan,"Named after Chintō, said to be a shipwrecked Chinese sailor who taught in exchange for shelter; the name has no standard translation. Its significance lies in the one-legged crane stances and turning techniques, which led Funakoshi to rename the parallel Itosu version Gankaku ('crane on a rock').",mid 19th century,"Chintō (shipwrecked Chinese sailor, per folklore)","Tomari, Okinawa",,,Kosaku Matsumora (standardised); Chotoku Kyan (brought); Shoshin Nagamine (standardised); Tatsuo Shimabuku (standardised),,"The Chintō castaway story is folklore with Shuri (Matsumura) and Tomari (Matsumora/Gusukuma) tellings; the Tomari line ran Matsumora to Iha Kodatsu (Gohakukai) and Matsumora to Kyan, whose angled-embusen version passed into Matsubayashi-ryu, Seibukan, Shorinji-ryu and, via Shimabuku, Isshin-ryu. The Itosu/Shuri Chinto (Shotokan Gankaku) is a parallel line covered under Shuri-te.",https://en.wikipedia.org/wiki/Chint%C5%8D | https://www.karate4theheart.com/2020/04/the-kata-of-tomari-nerd-life-post.html | https://wseku-karate.org/en/istoria-okinawa-karate/tomari-te/
Tomari Kusanku,泊クーサンクー,Kusanku (Tomari-di); Kūsankū; Tomari no Kusanku,tomari-te,tomari-te,"The Tomari transmission of Kusanku, named after the 18th-century Chinese envoy Kūsankū (Kong Sang Kun); distinct in pattern from the Chatan Yara and Itosu (Dai/Sho) versions. Significant as evidence that the Kusanku tradition entered Tomari independently of Shuri.",19th century (Kusanku tradition c. 1750s),"Kusanku (Chinese envoy, per tradition)","Tomari, Okinawa",,,Kusanku (brought); Kosaku Matsumora (standardised); Kodatsu Iha (brought); Tokashiki Iken (standardised),,"Documented by Tokashiki Iken as one of the nine Gohakukai Tomari kata, transmitted Matsumora to Iha Kodatsu to Nakasone Seiyu; the attribution to the envoy Kusanku himself is traditional folklore. The mainstream Kusanku/Kanku family (Chatan Yara, Itosu, Kyan lines) is covered under Shuri-te.",https://www.karate4theheart.com/2020/04/the-kata-of-tomari-nerd-life-post.html | https://iogkfmadrid.wordpress.com/2010/02/09/donde-goju-ryu-y-tomari-te-se-encuentran-tokashiki-iken-y-el-gohakukai/
Tomari Naihanchi,泊ナイファンチ,Naifanchi (Tomari-di); Naifanchi I-III (Gohakukai); Tomari no Naifanchi,tomari-te,tomari-te|motobu-ryu,"The Tomari transmission of Naihanchi ('sideways fighting'; etymology obscure), performed on a lateral embusen; in Tomari usage it was the mainstream foundation kata, existing in many versions, rather than an import from Shuri.",early 19th century,,"Tomari, Okinawa",,,Karyu Uku (brought); Kosaku Matsumora (standardised); Tokashiki Iken (standardised),,"Gohakukai research records Uku Karyu (c. 1800-1850) teaching Naihanchi to Matsumora Kosaku, with the line preserved through Iha Kodatsu and Nakasone Seiyu to Tokashiki Iken (Naifanchi I-III). Motobu Choki, who trained under Matsumora, made Naihanchi the core of his teaching, so the Motobu-ryu version carries Tomari influence; the Shuri/Itosu Naihanchi series is treated separately.",https://www.karate4theheart.com/2020/04/the-kata-of-tomari-nerd-life-post.html | https://iogkfmadrid.wordpress.com/2010/02/09/donde-goju-ryu-y-tomari-te-se-encuentran-tokashiki-iken-y-el-gohakukai/ | https://wseku-karate.org/en/istoria-okinawa-karate/tomari-te/
Tomari Passai,泊パッサイ（泊抜塞）,Bassai; Matsumora no Passai; Oyadomari no Passai; Passai; Tomari Bassai; Tomari no Passai,tomari-te,tomari-te|matsubayashi-ryu|shorin-ryu-seibukan|shobayashi-shorin-ryu|shorinji-ryu|seidokan|shito-ryu|motobu-ha-shito-ryu|itosu-ryu,"Usually rendered 'to breach (or extract from) a fortress'; the etymology is uncertain. Signifies penetrating an opponent's defence, with characteristic light, shifting footwork that distinguishes the Tomari versions from the heavier Shuri (Matsumura/Itosu) Passai line.",early-to-mid 19th century,,"Tomari, Okinawa (ultimate origin Chinese, undocumented)",,,Kishin Teruya (brought); Kosaku Matsumora (standardised); Kokan Oyadomari (standardised); Chotoku Kyan (brought),,"Gohakukai tradition records Teruya Kishin (1804-1864) teaching Passai to both Matsumora Kosaku and Oyadomari Kokan, producing the two Tomari lines (Matsumora no Passai, Oyadomari no Passai); a folklore variant says a shipwrecked Chinese taught it in Tomari. Kyan learned the Oyadomari version and spread it through his students (Matsubayashi-ryu, Seibukan, Shorinji-ryu); Mabuni preserved several Tomari versions in Shito-ryu, while the better-known Shuri Passai Dai/Sho line is treated separately.",https://en.wikipedia.org/wiki/Passai | https://www.karate4theheart.com/2020/04/the-kata-of-tomari-nerd-life-post.html | https://wseku-karate.org/en/istoria-okinawa-karate/tomari-te/
Tomari Rohai,泊ローハイ（鷺牌）,Matsumora Rohai; Matsumora no Rohai; Rohai; Rōhai,tomari-te,tomari-te|matsubayashi-ryu|shito-ryu,"'Vision (or sign) of the heron', from the one-legged heron/crane stance that is its signature posture. The Tomari original is the model from which Itosu built his three Rohai and Funakoshi's Meikyo ultimately derives.",19th century,,"Tomari, Okinawa",,,Kosaku Matsumora (standardised); Kodatsu Iha (brought); Shoshin Nagamine (standardised),,"Transmitted from Matsumora Kosaku to Iha Kodatsu, whose students carried it into Matsubayashi-ryu (Nagamine's Rohai) and to Nakasone Seiyu, from whom Tokashiki Iken preserved it in the Gohakukai; Shito-ryu keeps it as Matsumora Rohai alongside Itosu's three derivatives. Ultimate origin undocumented.",https://en.wikipedia.org/wiki/R%C5%8Dhai | https://www.karate4theheart.com/2020/04/the-kata-of-tomari-nerd-life-post.html | https://iogkfmadrid.wordpress.com/2010/02/09/donde-goju-ryu-y-tomari-te-se-encuentran-tokashiki-iken-y-el-gohakukai/
Wando,ワンドウ,Tomari Wando; Wandau; Wandō,tomari-te,tomari-te,"Name of uncertain meaning, possibly a personal name on the pattern of Wanshū; no reliable translation is documented. Cited as one of the rare kata of the Tomari tradition.",19th century (attributed),,"Tomari, Okinawa",,,Kosaku Matsumora (brought),,"Marginally documented: Wando appears in some Japanese lists of Tomari-te kata and is taught as 'Tomari Wando' in Patrick McCarthy's Koryu Uchinadi curriculum, but it is not among the nine kata Tokashiki Iken documented for the Gohakukai, and the common attribution to the Matsumora line cannot be independently verified; treat the transmission history as partly folklore. [Verifier: The kata exists (",https://karatedo.hakuakai-matsubushidojo.com/tomarite.html | https://www.koryu-uchinadi.com/product/tomari-wando/ | https://www.karate4theheart.com/2020/04/the-kata-of-tomari-nerd-life-post.html
Wankan,王冠（ワンカン）,Matsukaze (Shito-ryu); Wankuan; Ōkan,tomari-te,tomari-te|matsubayashi-ryu|shotokan|shito-ryu|itosu-ryu,"'King's crown', suggesting a courtly or royal association within the Tomari tradition; the Shito-ryu line practises it as Matsukaze, 'pine-tree wind'. In Matsubayashi-ryu it is prized as a compact, combative kata of the Matsumora line.",19th century,,"Tomari, Okinawa",,,Kosaku Matsumora (standardised); Kodatsu Iha (brought); Shoshin Nagamine (standardised); Kenwa Mabuni (renamed),,"Transmitted Matsumora to Iha Kodatsu and preserved in the Gohakukai and Matsubayashi-ryu; the Shito-ryu line renamed it Matsukaze, and the short Shotokan Wankan, of debated provenance, is usually linked to Yoshitaka (Gigo) Funakoshi's late-1930s curriculum work. Ultimate origin undocumented.",https://en.wikipedia.org/wiki/Wankan | http://itosukai.blogspot.com/2020/12/wankan.html | https://www.karate4theheart.com/2020/04/the-kata-of-tomari-nerd-life-post.html
Wanshu,汪楫（ワンシュー）,Anshu; Empi; Enpi (Shotokan); Wanshū Dai; Wanshū Shō; Wansu; Wansū,tomari-te,tomari-te|matsubayashi-ryu|shorin-ryu-seibukan|shobayashi-shorin-ryu|shorinji-ryu|isshin-ryu|wado-ryu|shotokan|shito-ryu|itosu-ryu|seidokan,"Traditionally named after Wanshū (Wang Ji), the 1683 Qing sappushi (investiture envoy) credited by folklore with teaching quanfa in Tomari; the name is a personal name, not a phrase. Funakoshi renamed the Itosu-line version Empi, 'flying swallow', after its darting rise-and-fall movement; the kata is also known for its hidden-fist strike and signature dumping throw.",folklore origin 1683; documented transmission 19th century,"Wang Ji (Wanshū), per folklore","Tomari, Okinawa (attributed Chinese origin)",,,Kishin Teruya (brought); Kosaku Matsumora (standardised); Maeda Pechin (brought); Chotoku Kyan (brought); Gichin Funakoshi (renamed),,"Gohakukai records two Tomari versions: Wansu Dai (Teruya Kishin to Matsumora) and Wansu Sho (Oyadomari line via Heianzan Ryozen); Kyan learned Wanshu from Maeda Pechin of Tomari and passed it to Matsubayashi-ryu, Seibukan, Shorinji-ryu and, via Shimabuku, Isshin-ryu. The Itosu/Shuri redaction reached Shotokan, where Funakoshi (with Gigo's revisions) published it as Empi in the 1930s; the 1683 envoy attribution is folklore.",https://en.wikipedia.org/wiki/Wansh%C5%AB | https://www.karate4theheart.com/2020/04/the-kata-of-tomari-nerd-life-post.html | https://wseku-karate.org/en/istoria-okinawa-karate/tomari-te/
Wansu,ワンシュー / 汪輯,Empi / Enpi (燕飛); Wang Shu; Wanshū; Wansū,tomari-te,tomari-te|matsubayashi-ryu|shorin-ryu-seibukan|shobayashi-shorin-ryu|shorinji-ryu|isshin-ryu|shito-ryu|shotokan|wado-ryu,"Traditionally named after Wang Ji (Wanshū), a Chinese sappūshi envoy said to have visited Tomari in 1683 (folklore); Funakoshi's Empi (燕飛) means 'flight of the swallow', after its darting rising-and-dropping movement.",folklore places the source visit in 1683; kata documented from the 19th century,Wang Ji (Wanshū; folklore attribution),"Tomari, Okinawa",,,Kosaku Matsumora (standardised); Chotoku Kyan (standardised); Gichin Funakoshi (renamed),,"A Tomari-te kata in origin, listed here for its Shuri-line transmission: Kyan learned it in Tomari (Maeda Pēchin's line) and spread it to Seibukan, Matsubayashi-ryū and Isshin-ryū, while Itosu's students carried a version to Japan, where Funakoshi renamed it Empi in the mid-1930s. The Wang Ji story is folklore; the Tomari mainline is covered under the Tomari-te area.",https://en.wikipedia.org/wiki/Wansh%C5%AB | https://en.wikipedia.org/wiki/Ch%C5%8Dtoku_Kyan
Kanchin,完戦,Kanchin ('Kan's battle'),uechi-ryu,uechi-ryu|shohei-ryu|konan-ryu|uechi-ryu-kenyukai,"Kanbun's battle (Kan from Kanbun/Kanei plus 'battle'). A memorial kata: Kanei assembled it from his father's favoured fighting techniques, making it a codified record of Kanbun Uechi's personal karate.",1960,Kanei Uechi,Okinawa,,,Kanei Uechi (created),,"Authored by Kanei Uechi around 1960 as the penultimate kata of the eight, honouring Kanbun Uechi with aggressive stepping, shoken strikes and hip-driven pivots drawn from his father's practice.",https://en.wikipedia.org/wiki/Uechi-Ry%C5%AB | https://grokipedia.com/page/Uechi-Ry%C5%AB | https://uechiryu-kenkyujo.com/uechiryu-8-katas/
Kanshiwa,完子和,Kan Shi Wa; Kanshabu (early name),uechi-ryu,uechi-ryu|shohei-ryu|konan-ryu|uechi-ryu-kenyukai,"A name built from the kanji of Kanbun Uechi (Kan) and Shu Shiwa (Shiwa): it honours the teacher-student bond that founded the style. First of the post-war bridging kata, teaching tiger-style strength to beginners.",c. 1947-1950s,Kanei Uechi (with Saburo Uehara),Okinawa,,,Kanei Uechi (created); Saburo Uehara (created),,"One of five kata added by Kanei Uechi and his seniors after Kanbun's death (1948) to bridge the large gaps between the original three; lineage accounts credit its composition to the group around Kanei Uechi with Saburo Uehara, and it was initially called Kanshabu.",https://en.wikipedia.org/wiki/Uechi-Ry%C5%AB | https://uechiryu-kenkyujo.com/uechiryu-8-katas/ | https://uechiryu-oryukai.com/en/the-8-katas-of-uechi-ryu-karate/
Kanshu,完周,"Daini Seisan (second Seisan, early name); Kansu",uechi-ryu,uechi-ryu|shohei-ryu|konan-ryu|uechi-ryu-kenyukai,"Kanbun (Kan) plus Shu (Zhou, the surname of Shu Shiwa): a second homage to the founding lineage. A preparatory study for Seisan, hence its early name Daini Seisan.",c. 1950s,Seiki Itokazu,Okinawa,,,Seiki Itokazu (created),,"Composed by Seiki Itokazu, a senior student of Kanei Uechi who later founded Konan-ryu (1978, with Takashi Kinjo); adopted into the standard eight-kata Uechi-ryu syllabus under Kanei's systematisation.",https://en.wikipedia.org/wiki/Uechi-Ry%C5%AB | https://uechiryu-kenkyujo.com/uechiryu-8-katas/
Sanseiryu,三十六,Sandairui; Sanseiru (Uechi); Sanseirui,uechi-ryu,uechi-ryu|pangai-noon|shohei-ryu|konan-ryu|uechi-ryu-kenyukai,"Thirty-six. The highest of the three original Pangai-noon kata, embodying the dragon: low simultaneous attack and defence, whipping open-hand strikes and coordinated whole-body power.",Qing-era China; learned by Kanbun Uechi c. 1897-1907,Shu Shiwa (Zhou Zihe) (transmitted; ultimate creator unknown),"Fuzhou, Fujian, China",,,Kanbun Uechi (brought); Kanei Uechi (standardised),,Kanbun Uechi reportedly spent his final years with Zhou Zihe mastering this kata alone; it remained the terminal kata when Kanei Uechi expanded the syllabus to eight. Distinct from the Goju/To'on/Ryuei Sanseiru despite the shared numeric name.,https://en.wikipedia.org/wiki/Uechi-Ry%C5%AB | https://uechiryu-oryukai.com/en/the-8-katas-of-uechi-ryu-karate/ | https://www.uechiryubutokukai.com/uechi-history
Seichin,十戦,Seichin (also glossed 'ten battles' or as a Sanchin-Seisan blend),uechi-ryu,uechi-ryu|shohei-ryu|konan-ryu|uechi-ryu-kenyukai,Usually read as 'ten battles' (or as a contraction of Seisan plus Sanchin). Blends Sanchin tension with Seisan-like flowing movement and introduces the dragon element's soft whipping techniques.,c. 1954-1955,Saburo Uehara,Okinawa,,,Saburo Uehara (created); Kanei Uechi (standardised),,"Created in the mid-1950s by Saburo Uehara, patriarch of the Shubukai branch, under Kanei Uechi's direction as part of the post-war expansion of the syllabus to eight kata. [Verifier: Kata, meaning gloss ('ten battles' / Seisan+Sanchin contraction) and 1950s date are right. Wikipedia credits Saburo Uehara as creator, matching the entry, but Okikukai material says Seiki Itokazu headed the developmen",https://en.wikipedia.org/wiki/Uechi-Ry%C5%AB | https://grokipedia.com/page/Uechi-Ry%C5%AB | https://uechiryu-kenkyujo.com/uechiryu-8-katas/
Seiryu,十六,Seirui; Seiryū,uechi-ryu,uechi-ryu|shohei-ryu|konan-ryu|uechi-ryu-kenyukai,"Sixteen (the kanji count; the reading also evokes 'blue dragon'). Introduces softer circular open-hand deflections, low sweeps and turning defences between Seisan and Kanchin.",c. 1950,Kanei Uechi,Okinawa,,,Kanei Uechi (created),,"One of Kanei Uechi's own compositions in the post-war expansion, developed around 1950 while he was building the Futenma dojo curriculum with the Tomoyose family's support.",https://en.wikipedia.org/wiki/Uechi-Ry%C5%AB | https://grokipedia.com/page/Uechi-Ry%C5%AB | https://uechiryu-oryukai.com/en/the-8-katas-of-uechi-ryu-karate/
Seisan (Uechi),十三,Sesan; Uechi Seisan,uechi-ryu,uechi-ryu|pangai-noon|shohei-ryu|konan-ryu|uechi-ryu-kenyukai,"Thirteen. The middle kata of the original Pangai-noon three: tiger-style open-hand strikes, one-knuckle punches (shoken) and the signature jumping front-kick sequence.",Qing-era China; learned by Kanbun Uechi c. 1897-1907,Shu Shiwa (Zhou Zihe) (transmitted; ultimate creator unknown),"Fuzhou, Fujian, China",,,Kanbun Uechi (brought); Kanei Uechi (standardised),,A separate transmission from the Naha and Shuri Seisan lines: Kanbun Uechi learned it from Zhou Zihe (Shu Shiwa) in Fuzhou and taught it in Wakayama from 1926; his son Kanei fixed the modern form when he systematised the style after 1948.,https://en.wikipedia.org/wiki/Uechi-Ry%C5%AB | https://uechiryu-kenkyujo.com/uechiryu-8-katas/ | https://www.uechiryubutokukai.com/uechi-history
