source,target,source_name,target_name,confidence,evidence,reason,status
A0001,Q1678211,Hwang Kee,Shin Jae Chul,high,research:https://en.wikipedia.org/wiki/Shin_Jae-chul | research:https://www.worldkigong.com/post/the-founder-of-the-wtsda,"[island 1; verifiers: confirmed,confirmed] Shin's Wikipedia biography states he 'began his study of martial arts in 1948, joining the Seoul Moo Duk Kwan Central Gym under Grandmaster Hwang Kee', founder of the Moo Duk Kwan; he became an assistant instructor there and later taught US airmen at Osan Air ",proposed
Q9096235,A0001,Won Kuk Lee,Hwang Kee,low,research:https://en.wikipedia.org/wiki/Hwang_Kee | research:https://fightingarts.com/storming-the-fortress-a-history-of-taekwondo-part-four/,"[island 1; verifiers: plausible,plausible] Won Kuk Lee (Chung Do Kwan founder, Funakoshi student, already in the main tree) claimed Hwang Kee trained under him at the Chungdohwe from 1944-1947, reaching roughly the equivalent of a green belt with only occasional attendance. Hwang Kee disputed this and ",proposed
Q1147708,Q6139856,Motobu Choki,James Mitose,low,research:https://en.wikipedia.org/wiki/James_Mitose,"[island 1; verifiers: plausible,plausible] Kenpo tradition, not documented training: Mitose's 1947 book 'What Is Self Defense?' reproduces Motobu Choki's photograph in the position conventionally used to acknowledge one's teacher, and Mitose taught only the Naihanchi kata, Motobu's primary form; parts ",proposed
Q41105,Q1937662,Gichin Funakoshi,Minoru Mochizuki,low,research:https://en.wikipedia.org/wiki/Minoru_Mochizuki | research:https://en.wikipedia.org/wiki/Yoseikan_Karate,"[island 2; verifiers: plausible,plausible] Mochizuki's Wikipedia biography states he 'was one of the direct students of Judo founder Jigoro Kano, Aikido founder Morihei Ueshiba and Gichin Funakoshi, founder of Shotokan Karate'. The Yoseikan Karate article (style history) states 'Minoru Mochizuki traine",proposed
Q182130,Q1937662,Morihei Ueshiba,Minoru Mochizuki,high,research:https://en.wikipedia.org/wiki/Minoru_Mochizuki | research:https://aikidojournal.com/2011/08/27/minoru-mochizuki/,"[island 2; verifiers: confirmed,confirmed] Wikipedia: 'In 1930, he was sent by Jigoro Kano to study aikijujutsu with Morihei Ueshiba' and he 'was the uchideshi of Morihei Ueshiba at the Kobukan dojo for one year before opening his own dojo in Shizuoka City in 1931'. Independently corroborated by Stanle",proposed
Q182130,Q6389379,Morihei Ueshiba,Kenji Tomiki,high,research:https://en.wikipedia.org/wiki/Kenji_Tomiki | research:https://aikidojournal.com/2011/08/27/kenji-tomiki/,"[island 2; verifiers: confirmed,confirmed] Wikipedia: 'In early 1926, he encountered the founder of aikido Morihei Ueshiba... encouraged by Kano to explore Ueshiba's martial knowledge, Tomiki introduced himself and became one of Ueshiba's early students.' Aikido Journal and related sources independentl",proposed
Q2636225,Q123398,Kazuyoshi Ishii,Andy Hug,low,research:https://en.wikipedia.org/wiki/Andy_Hug | research:https://en.wikipedia.org/wiki/Seidokaikan | research:https://en.wikipedia.org/wiki/Kazuyoshi_Ishii,"[island 3; verifiers: plausible,plausible] Hug's Wikipedia biography states he 'made the switch from Kyokushinkaikan to Seidokaikan in 1992', becoming a professional fighter in Japan under Ishii's organisation; the Seidokaikan article confirms Hug joined Seidokaikan, founded and headed by Ishii as Kanc",proposed
A0002,Q123398,Werner Schenker,Andy Hug,high,research:https://en.wikipedia.org/wiki/Andy_Hug,"[island 3; verifiers: confirmed,confirmed] Hug's Wikipedia biography states that at ten years old he 'started practising Kyokushinkai karate at Wohlen karate school under Werner Schenker'; Schenker was his foundational Kyokushin instructor and Hug represented the Wohlen Karate School in the 1977 Nation",proposed
Q9096235,A0003,Won Kuk Lee,Nam Tae-hi,high,research:https://en.wikipedia.org/wiki/Nam_Tae-hi,"[island 4; verifiers: confirmed,confirmed] Wikipedia biography of Nam Tae-hi states directly that ""Nam's training continued in the Chung Do Kwan under Lee Won-kuk""; Nam was a senior Chung Do Kwan graduate before co-founding the Oh Do Kwan with Choi Hong-hi.",proposed
A0003,Q1046410,Nam Tae-hi,Jhoon Rhee,high,research:https://en.wikipedia.org/wiki/Jhoon_Rhee | research:https://en.wikipedia.org/wiki/Nam_Tae-hi,"[island 4; verifiers: confirmed,confirmed] Wikipedia's Jhoon Rhee article states Rhee ""received martial arts training from Nam Tae-hi and graduated from the Chung Do Kwan school""; Nam Tae-hi's Wikipedia article independently lists Jhoon Rhee among his notable students.",proposed
Q9096235,Q1046410,Won Kuk Lee,Jhoon Rhee,low,research:https://arlingtonkicks.com/the-jhoon-rhee-story-part-two/ | research:https://en.wikipedia.org/wiki/Jhoon_Rhee,"[island 4; verifiers: plausible,plausible] Secondary biography states ""In 1947, when Rhee was 15, he enrolled in Chung Do Kwan, Grandmaster Won Kook Lee's Tae Kwon Do academy in Seoul"", during the period Lee still headed the school (until 1950); Wikipedia confirms Rhee graduated from the Chung Do Kwan ",proposed
Q4351940,Q7350475,Yasuhiro Konishi,Robert Trias,medium,research:https://en.wikipedia.org/wiki/Robert_Trias | research:https://en.wikipedia.org/wiki/Shuri-ryu,"[island 5; verifiers: confirmed,confirmed] Wikipedia (Robert Trias, Shuri-ryu) states Konishi and Makoto Gima acted as mentors to Trias rather than formal daily instructors: Konishi suggested the formal designation 'Okinawan Shuri-ryu' in 1964 and recognised and countersigned Trias's promotion certific",proposed
A0004,Q7350475,T'ung Gee Hsing,Robert Trias,low,research:https://en.wikipedia.org/wiki/Robert_Trias | research:https://en.wikipedia.org/wiki/Shuri-ryu | research:https://www.usadojo.com/the-origins-and-development-of-shuri-ryu/,"[island 5; verifiers: plausible,plausible] Wikipedia states Trias met Hsing (a Chinese missionary practising xingyiquan) while stationed on Tulagi in 1944, and after Hsing defeated him in sparring 'Trias then asked Hsing to instruct him in the martial arts'; the Shuri-ryu article says 'In 1944, Robert ",proposed
Q1147708,A0004,Motobu Choki,T'ung Gee Hsing,low,research:https://en.wikipedia.org/wiki/Shuri-ryu | research:https://www.usadojo.com/the-origins-and-development-of-shuri-ryu/,"[island 5; verifiers: plausible,plausible] Tradition only: the Shuri-ryu Wikipedia article says Hsing 'had reportedly cross-trained with Motobu Choki in the Okinawan village of Kume Mura several years previously', and Trias's own account (USAdojo) says Hsing met Motobu in Kume Mura and 'the incorporati",proposed
Q135222893,A0005,Tsuyoshi Chitose,William J. Dometrich,high,research:http://findingkarate.com/wordpress/william-dometrich/ | research:https://westernkarate.com/william-dometrich/ | research:https://en.wikipedia.org/wiki/William_J._Dometrich,"[island 5; verifiers: confirmed,confirmed] Well documented in multiple biographies: Dometrich began Chito-ryu training in Beppu, Kyushu in 1952 (initially under Chitose's student Ichiro Shirahama), was accepted as a direct student of founder Tsuyoshi Chitose, was promoted to sandan before leaving Japan",proposed
A0005,Q7924865,William J. Dometrich,Vic Moore,medium,research:https://en.wikipedia.org/wiki/Vic_Moore | research:https://legendsofcarolinamartialarts.com/class-of-2018/victor-moore-nc/,"[island 5; verifiers: confirmed,confirmed] Vic Moore's Wikipedia article lists William J. Dometrich among his named instructors, teaching him Chito-ryu; the Legends of Carolina Martial Arts profile likewise records that Moore 'studied and trained with William J. Dometrich in the style of Chito-ryu'. Se",proposed
Q294548,Q912181,Mas Oyama,Nicholas Pettas,high,research:https://en.wikipedia.org/wiki/Nicholas_Pettas | research:https://kwusenshi.com/profile/shihan-nicholas-pettas/ | research:https://the-martial-way.com/posts/nicholas-pettas-blue-eyed-samurai/,"[island 6; verifiers: confirmed,confirmed] Wikipedia biography states Pettas completed the 1000-day uchi-deshi (live-in) programme at Kyokushin honbu, was the second non-Japanese ever to finish it (after Judd Reid), and was 'the last Uchi-Deshi of Master Oyama, who died soon after Pettas' graduation'. ",proposed
Q115091,Q7364578,Peter Urban,Ron van Clief,high,research:https://en.wikipedia.org/wiki/Ron_van_Clief | research:https://ronvanclief.com/chinesegoju.html,"[island 8; verifiers: confirmed,confirmed] Ron van Clief's Wikipedia article states he was a student of Goju-ryu masters Peter Urban and Frank Ruiz; van Clief's own official website confirms this lineage for his Chinese Goju system. Urban is already in the main tree as a student of Gogen Yamaguchi.",proposed
Q115091,A0006,Peter Urban,Frank Ruiz,high,research:https://gojujitsu.com/about-us/frank-ruiz-3/ | research:https://africangoju.com/a-brief-history-of-goju-3,"[island 8; verifiers: confirmed,confirmed] Nisei Goju organisation biography states Frank Ruiz was a student of American karate pioneer Peter Urban before co-founding the Nisei Goju-Ryu system with Harry Rosenstein in 1969; Goju history pages consistently list Ruiz among Urban's students.",proposed
A0006,Q7364578,Frank Ruiz,Ron van Clief,high,research:https://en.wikipedia.org/wiki/Ron_van_Clief | research:https://gojujitsu.com/about-us/frank-ruiz-3/,"[island 8; verifiers: confirmed,confirmed] Van Clief's Wikipedia article names Frank Ruiz as one of his Goju-ryu teachers, and the Nisei Goju biography of Ruiz lists Ron Van Clief among his notable students.",proposed
A0007,Q2473562,Shu Shiwa (Zhou Zihe),Kanbun Uechi,high,research:https://en.wikipedia.org/wiki/Uechi-Ry%C5%AB | research:https://en.wikipedia.org/wiki/Kanbun_Uechi | research:https://www.uechiryu-europe.org/en/chronologie/,"[lineage completion:Uechi-ryu succession (Kanbun U; verifier: confirmed] Wikipedia: Kanbun Uechi trained ~13 years in Fuzhou under Shu Shiwa (Zhou Zihe), receiving his Pangai-noon teaching licence in 1904; the Uechi-ryu Europe chronology dates Shu Shiwa 1874-1926.",proposed
C00198,Q2473562,Kantoku Uechi,Kanbun Uechi,low,research:https://www.alandollar.com/uechi/hist_kanbun.htm | research:https://northshorekarate.com/history-of-uechi-ryu/,"[lineage completion:Uechi-ryu succession (Kanbun U; verifier: plausible] Style histories (derived from Mattson/Dollar) state Kanbun 'learned bojutsu... as well as his father, Kantoku'. Family bojutsu instruction only, not karate; single tradition, so low confidence.",proposed
Q2473562,C00441,Kanbun Uechi,Ryuyu Tomoyose,high,research:https://en.wikipedia.org/wiki/Uechi-Ry%C5%AB | research:https://uechi-ryu.com/ryuyu-tomoyose/,[lineage completion:Uechi-ryu succession (Kanbun U; verifier: confirmed] Kanbun's first and most senior student in Wakayama (from c. 1924); persuaded Kanbun to teach again and took over the Wakayama dojo when Kanbun returned to Okinawa.,proposed
Q2473562,C00064,Kanbun Uechi,Seiryo Shinjo,high,research:https://en.wikipedia.org/wiki/Kanbun_Uechi | research:https://okdkarate.com/uechi-ryu-karate/ | research:https://www.kenyukaiinternational.com/history,"[lineage completion:Uechi-ryu succession (Kanbun U; verifier: confirmed] Listed among Kanbun's notable students on Wikipedia; okdkarate history calls him Kanbun's 'closest friend and student in the Shataku Dojo'; Kenyukai histories record him entering under Kanbun in Wakayama (first Shinjo generation, also romanised Kiyoy",proposed
Q2473562,C00444,Kanbun Uechi,Saburo Uehara,high,research:https://uechi-ryu.com/saburo-uehara/ | research:https://en.wikipedia.org/wiki/Kanbun_Uechi,"[lineage completion:Uechi-ryu succession (Kanbun U; verifier: confirmed] IUKF master biography: moved to Wakayama 1925 and 'began training under Master Kanbun Uechi' in 1926, certified teacher 1932, created the Seichin kata; listed among Kanbun's notable students on Wikipedia.",proposed
Q2473562,A0008,Kanbun Uechi,Seiyu Shinjo,high,research:https://www.kenyukaiinternational.com/history | research:https://kenyukai-md.com/kenyukai | research:https://www.alandollar.com/uechi/hist_kanbun.htm,[lineage completion:Uechi-ryu succession (Kanbun U; verifier: confirmed] Kenyukai (Shinjo family organisation) history: Seiyu Shinjo entered Kanbun's school in 1939 aged 10; style histories name him among the students who returned to Okinawa with Kanbun in 1946. Proposed new person.,proposed
Q2473562,A0009,Kanbun Uechi,Seiko Toyama,high,research:https://en.wikipedia.org/wiki/Kanbun_Uechi | research:https://www.uechiryu-europe.org/en/chronologie/ | research:https://www.alandollar.com/uechi/hist_kanbun.htm,[lineage completion:Uechi-ryu succession (Kanbun U; verifier: confirmed] Listed among Kanbun's notable students on Wikipedia; chronology records he began training with Kanbun in 1938 in Wakayama and returned to Okinawa with him in 1946. Proposed new person.,proposed
Q1728269,C00117,Kanei Uechi,Kanmei Uechi,high,research:https://en.wikipedia.org/wiki/Kanei_Uechi | research:https://www.uechiryu-europe.org/en/chronologie/,"[lineage completion:Uechi-ryu succession (Kanbun U; verifier: confirmed] Kanei's eldest son (b. 10 May 1941), listed in Kanei's Wikipedia infobox as his student; succeeded him in 1991 as third-generation head of the Uechi-ryu Karate-do Association until his death in 2015.",proposed
Q1728269,C00197,Kanei Uechi,Kansei Uechi,medium,research:https://www.alandollar.com/uechi/hist_kanei.htm | research:https://www.uechiryu-europe.org/en/chronologie/,[lineage completion:Uechi-ryu succession (Kanbun U; verifier: confirmed] Kanbun's younger son (b. 23 July 1922): style history states 'Kanei Uechi began teaching his twenty-five year old brother Kansei' after the war; the Uechi-ryu Europe chronology likewise records Kansei learning from Kanei (1942 entry).,proposed
Q1728269,C00438,Kanei Uechi,Ryuko Tomoyose,high,research:https://uechi-ryu.com/ryuko-tomoyose/ | research:https://en.wikipedia.org/wiki/Uechi-Ry%C5%AB,"[lineage completion:Uechi-ryu succession (Kanbun U; verifier: confirmed] IUKF biography: son of Ryuyu Tomoyose, 'pursued Uechi-Ryu under the tutelage of Kanei Uechi around 1942', helped Kanei found the Nodake/Futenma dojos; Wikipedia names him a student of Kanei.",proposed
C00438,Q18230165,Ryuko Tomoyose,George Mattson,high,research:https://en.wikipedia.org/wiki/George_Mattson_(martial_artist) | research:https://en.wikipedia.org/wiki/Uechi-Ry%C5%AB | research:https://uechi-ryu.com/ryuko-tomoyose/,"[lineage completion:Uechi-ryu succession (Kanbun U; verifier: confirmed] Wikipedia and IUKF: Ryuko Tomoyose began teaching the American serviceman George Mattson in 1956, the first non-Okinawan black belt in Uechi-ryu.",proposed
Q1728269,Q18230165,Kanei Uechi,George Mattson,high,research:https://en.wikipedia.org/wiki/George_Mattson_(martial_artist),"[lineage completion:Uechi-ryu succession (Kanbun U; verifier: confirmed] Wikipedia: Mattson also trained at the Uechi-ryu headquarters under Uechi Kanei, who in 1958 asked him to spread Uechi-ryu in America.",proposed
Q1728269,A0008,Kanei Uechi,Seiyu Shinjo,medium,research:https://en.wikipedia.org/wiki/Kanei_Uechi | research:https://kenyukai-md.com/kenyukai,[lineage completion:Uechi-ryu succession (Kanbun U; verifier: confirmed] Kanei's Wikipedia infobox lists Seiyu Shinjo among his notable students; after moving to Kadena in 1960 the Shinjo family dojo operated within Kanei's association.,proposed
Q1728269,A0009,Kanei Uechi,Seiko Toyama,high,research:https://en.wikipedia.org/wiki/Kanei_Uechi | research:https://www.alandollar.com/uechi/hist_kanei.htm | research:https://breyette.wixsite.com/urzk-nghm-dojo,"[lineage completion:Uechi-ryu succession (Kanbun U; verifier: confirmed] Kanei's Wikipedia infobox lists Seiko Toyama among his students; Zankyokai lineage histories state Toyama continued under Kanei after Kanbun's death (promotions recorded 1958), later founding the Zankyokai.",proposed
Q1728269,C00480,Kanei Uechi,Seiki Itokazu,low,research:https://en.wikipedia.org/wiki/Kanei_Uechi | research:https://en-academic.com/dic.nsf/enwiki/190655,[lineage completion:Uechi-ryu succession (Kanbun U; verifier: plausible] Kanei's Wikipedia infobox lists Seiki Itokazu among his notable students; he designed the kata Kanshu adopted into Kanei's Uechi-ryu curriculum and later headed the Pangainoon-ryu (Konan-ryu) line.,proposed
Q1728269,C00628,Kanei Uechi,Tsutomu Nakahodo,low,research:https://uechi-ryu.com/forums/viewtopic.php?t=21914 | research:https://shogunmartialarts.org.uk/karate/okikukai-on-okinawa-mainland-japan-masters/,"[lineage completion:Uechi-ryu succession (Kanbun U; verifier: plausible] Classical Fighting Arts interview (Vol.2 No.23, cited on the IUKF forum) states Nakahodo trained under Seiko Toyama, Seiyu Shinjo and Kanei Uechi; he became an Okikukai 10th dan hanshi (b. 1932).",proposed
A0008,C00628,Seiyu Shinjo,Tsutomu Nakahodo,medium,research:https://shogunmartialarts.org.uk/karate/okikukai-on-okinawa-mainland-japan-masters/ | research:https://uechi-ryu.com/forums/viewtopic.php?t=21914,[lineage completion:Uechi-ryu succession (Kanbun U; verifier: confirmed] Okikukai masters listing describes Nakahodo explicitly as 'Student of SHINJO Seiyu'; corroborated by the Classical Fighting Arts interview.,proposed
A0009,C00628,Seiko Toyama,Tsutomu Nakahodo,medium,research:https://uechi-ryu.com/forums/viewtopic.php?t=21914,[lineage completion:Uechi-ryu succession (Kanbun U; verifier: confirmed] Classical Fighting Arts interview (cited on the IUKF forum) names Seiko Toyama first among Nakahodo's teachers.,proposed
Q1728269,C00507,Kanei Uechi,Shigeru Takamiyagi,medium,research:https://shogunmartialarts.org.uk/karate/okikukai-on-okinawa-mainland-japan-masters/,[lineage completion:Uechi-ryu succession (Kanbun U; verifier: confirmed] Okikukai masters listing: TAKAMIYAGI Shigeru (b. 1935) 'Student of UECHI Kanei'; he was among the senior Kanei students who formed the Okikukai in 1991.,proposed
Q1728269,C00301,Kanei Uechi,Kosuke Yonamine,low,research:https://shogunmartialarts.org.uk/karate/okikukai-on-okinawa-mainland-japan-masters/,"[lineage completion:Uechi-ryu succession (Kanbun U; verifier: plausible] Okikukai masters listing: YONAMINE Kosuke (b. 1939) 'Student of UECHI Kanei', another of the senior students who formed the Okikukai.",proposed
A0008,Q6418995,Seiyu Shinjo,Kiyohide Shinjo,high,research:https://en.wikipedia.org/wiki/Kiyohide_Shinjo | research:https://www.kenyukaiinternational.com/history,"[lineage completion:Uechi-ryu succession (Kanbun U; verifier: confirmed] Wikipedia: Kiyohide Shinjo (b. 1951) is 'the son and student of the late Seiyu Shinjo'; Kenyukai history records he began under 'his master and father, Shinjo Seiyu' in 1960 and founded the Kenyukai after Seiyu's death in 1981.",proposed
C00444,C00139,Saburo Uehara,Isamu Uehara,low,research:https://uechi-ryu.com/saburo-uehara/ | research:https://www.sinonome-japan.com/en/dvd-karate-uechi-ryu/255-dvd-karate-uechi-ryu1.html,"[lineage completion:Uechi-ryu succession (Kanbun U; verifier: plausible] Isamu Uehara (b. 1939), director of Uechi-ryu Karate-do in Tokyo, is Saburo's son and began karate aged 11 while his father led the mainland Uechi-ryu line; family transmission is consistently implied but no source states the pair explicitly, hence l",proposed
C00444,C00348,Saburo Uehara,Takenobu Uehara,low,research:https://uechi-ryu.com/saburo-uehara/,"[lineage completion:Uechi-ryu succession (Kanbun U; verifier: plausible] IUKF biography: 'His legacy endured through his family... Another son, Uehara Takenobu, emerged as a respected Uechi-Ryu master' honoured by Okinawa Prefecture; family transmission implied rather than explicitly stated, hence low.",proposed
C00444,A0010,Saburo Uehara,Shinyu Gushi,high,research:https://uechi-ryu.com/saburo-uehara/ | research:https://www.dragon-tsunami.org/Dtimes/Pages/articleg.htm,[lineage completion:Uechi-ryu succession (Kanbun U; verifier: confirmed] IUKF biography states Uehara 'was also the teacher of Shinyu Gushi'; Gushi's own interview says he began at fifteen at Uehara's Oroku dojo. Proposed new person.,proposed
Q1728269,A0010,Kanei Uechi,Shinyu Gushi,medium,research:https://en.wikipedia.org/wiki/Kanei_Uechi | research:https://sites.google.com/site/worldmartialartsstyles/kung-fu/pangai-noon,[lineage completion:Uechi-ryu succession (Kanbun U; verifier: confirmed] Kanei's Wikipedia infobox lists Shinyu Gushi among his notable students; Pangai-noon lineage pages name Kanei Uechi among the masters who passed the style to Gushi.,proposed
A0008,A0010,Seiyu Shinjo,Shinyu Gushi,medium,research:https://www.dragon-tsunami.org/Dtimes/Pages/articleg.htm,[lineage completion:Uechi-ryu succession (Kanbun U; verifier: confirmed] Gushi's interview: after Uehara he trained with Seiyu Shinjo and 'studied kata with him a lot'.,proposed
C00480,A0010,Seiki Itokazu,Shinyu Gushi,low,research:https://www.dragon-tsunami.org/Dtimes/Pages/articleg.htm,"[lineage completion:Uechi-ryu succession (Kanbun U; verifier: plausible] Gushi's interview names 'Itokazu, the head of the Pangai Noon' as a later teacher (spelled 'Seiko Itokazu' there); the Pangainoon-ryu head is standardly Seiki Itokazu, so linked with low confidence over the romanisation ambiguity.",proposed
Q221121,C00148,Chojun Miyagi,Jinan Shinzato,high,research:https://en.wikipedia.org/wiki/G%C5%8Dj%C5%AB-ry%C5%AB | research:https://historyandstoriesofgojuryu.blogspot.com/2021/06/who-were-senior-students-of-chojun.html,[lineage completion:Chojun Miyagi's complete Goju-; verifier: confirmed] Jin'an Shinzato (1901-1945) was Miyagi's top student and intended successor; he represented Miyagi at the 1929 All Japan Martial Arts Demonstration (the incident that led to the name Goju-ryu) and appears in the 1924 student group photo. Killed in th,proposed
Q221121,Q7447367,Chojun Miyagi,Seko Higa,high,research:https://en.wikipedia.org/wiki/Sek%C5%8D_Higa | research:https://en.wikipedia.org/wiki/Ch%C5%8Djun_Miyagi,"[lineage completion:Chojun Miyagi's complete Goju-; verifier: confirmed] Wikipedia: Higa first trained under Kanryo Higaonna, then continued with Chojun Miyagi for 38 years until Miyagi's death in 1953; the only early student to open his own school (Shodokan, 1960).",proposed
Q699236,Q7447367,Higaonna Kanryo,Seko Higa,high,research:https://en.wikipedia.org/wiki/Sek%C5%8D_Higa,"[lineage completion:Chojun Miyagi's complete Goju-; verifier: confirmed] Wikipedia: Higa studied under Kanryo Higaonna from age 13 for four years until Higaonna's death (1915/16), before continuing under Miyagi. Propose in case this edge is missing.",proposed
Q221121,Q16016038,Chojun Miyagi,Meitoku Yagi,high,research:https://en.wikipedia.org/wiki/Meitoku_Yagi | research:https://en.wikipedia.org/wiki/Ch%C5%8Djun_Miyagi,[lineage completion:Chojun Miyagi's complete Goju-; verifier: confirmed] Wikipedia: Yagi (1912-2003) began training under Miyagi in 1927 at age 14 and later founded the Meibukan dojo; the Miyagi family gave him the founder's gi and belt.,proposed
Q221121,Q5349190,Chojun Miyagi,Eiichi Miyazato,high,research:https://en.wikipedia.org/wiki/Eiichi_Miyazato | research:https://en.wikipedia.org/wiki/G%C5%8Dj%C5%AB-ry%C5%AB,"[lineage completion:Chojun Miyagi's complete Goju-; verifier: confirmed] Wikipedia: Miyazato (1922-1999) trained under Miyagi from his teens until Miyagi's death in 1953; in February 1954 the Goju-ryu committee voted almost unanimously for him as official successor, and he founded the Jundokan.",proposed
Q221121,Q3954660,Chojun Miyagi,Seikichi Toguchi,high,research:https://en.wikipedia.org/wiki/Ch%C5%8Djun_Miyagi | research:https://historyandstoriesofgojuryu.blogspot.com/2021/06/who-were-senior-students-of-chojun.html,"[lineage completion:Chojun Miyagi's complete Goju-; verifier: confirmed] Toguchi (1917-1998), founder of Shorei-kan, is listed among Miyagi's notable students on Wikipedia's Chojun Miyagi article and among the main pre-war students in Goju histories.",proposed
Q7447367,Q3954660,Seko Higa,Seikichi Toguchi,high,research:https://en.wikipedia.org/wiki/Sek%C5%8D_Higa,[lineage completion:Chojun Miyagi's complete Goju-; verifier: confirmed] Wikipedia's Seko Higa article lists Seikichi Toguchi (creator of the Shoreikan) among Higa's students; Toguchi was Higa's assistant and studied under both Higa and Miyagi.,proposed
Q221121,C00296,Chojun Miyagi,Koshin Iha,high,research:https://ogkkb.be/19-in-memoriam/15-sensei-koshin-iha | research:http://yushikan.blogspot.com/2012/01/koshin-iha-sensei.html | research:https://en.wikipedia.org/wiki/G%C5%8Dj%C5%AB-ry%C5%AB,"[lineage completion:Chojun Miyagi's complete Goju-; verifier: confirmed] Iha Koshin (1925-2012) began Goju-ryu in 1939 under Chojun Miyagi and trained until Miyagi's death in 1953; he then assisted Eiichi Miyazato at the garden dojo and Jundokan, later opening his own Shodokan dojo in Tomari and chairing the Okinawa Goju-",proposed
Q221121,C00045,Chojun Miyagi,Genkai Nakaima,high,research:https://en.wikipedia.org/wiki/G%C5%8Dj%C5%AB-ry%C5%AB | research:https://www.chandao.co.uk/blog-373232282336947/memories-of-my-esteemed-master-mr-miyagi-chojun-1-by-master-nakaima-genkai-1908-1984-2 | research:https://historyandstoriesofgojuryu.blogspot.com/2021/06/who-were-senior-students-of-chojun.html,"[lineage completion:Chojun Miyagi's complete Goju-; verifier: confirmed] Genkai Nakaima (1908-1984) was one of Miyagi's early students and a founding member of the Goju-ryu Shinkokai (1952); he wrote the first-person memoir 'Memories of My Esteemed Master, Mr Miyagi Chojun' (Aoi Umi, 1978).",proposed
Q221121,C00150,Chojun Miyagi,Jinsei Kamiya,medium,research:https://en.wikipedia.org/wiki/G%C5%8Dj%C5%AB-ry%C5%AB | research:https://historyandstoriesofgojuryu.blogspot.com/2021/06/who-were-senior-students-of-chojun.html,"[lineage completion:Chojun Miyagi's complete Goju-; verifier: confirmed] Kamiya, a physician, was one of Miyagi's earliest students and close friends who helped develop the junbi undo, and was a founding member of the Goju-ryu Shinkokai (1952) per Wikipedia's Goju-ryu article.",proposed
Q221121,A0011,Chojun Miyagi,An'ichi Miyagi,medium,research:https://iogkf.com/sensei-miyagi-anichi/ | research:https://en.wikipedia.org/wiki/Ch%C5%8Djun_Miyagi | research:http://findingkarate.com/wordpress/anichi-miyagi/,[lineage completion:Chojun Miyagi's complete Goju-; verifier: confirmed] NEW person (no relation to Chojun's family). IOGKF and Wikipedia's Chojun Miyagi article document An'ichi Miyagi (1931-2009) training at Miyagi's garden dojo from February 1948 to Miyagi's death in October 1953; medium because the extent of this trai,proposed
A0011,Q2599967,An'ichi Miyagi,Morio Higaonna,high,research:https://en.wikipedia.org/wiki/Morio_Higaonna | research:https://iogkf.com/sensei-higaonna-morio/,[lineage completion:Chojun Miyagi's complete Goju-; verifier: confirmed] Wikipedia: Higaonna began under An'ichi Miyagi at the garden dojo in 1954-55 and recognises him as his first and main instructor in Goju-ryu; An'ichi remained his advisor until 2009.,proposed
Q5349190,Q2599967,Eiichi Miyazato,Morio Higaonna,high,research:https://en.wikipedia.org/wiki/Eiichi_Miyazato | research:https://en.wikipedia.org/wiki/Morio_Higaonna,[lineage completion:Chojun Miyagi's complete Goju-; verifier: confirmed] Wikipedia lists Higaonna among Miyazato's students: he trained at the Jundokan from its opening in 1957 and received his black belt there the same year.,proposed
Q5349190,Q6782405,Eiichi Miyazato,Masaji Taira,high,research:https://en.wikipedia.org/wiki/Eiichi_Miyazato,[lineage completion:Chojun Miyagi's complete Goju-; verifier: confirmed] Wikipedia's Eiichi Miyazato article names Masaji Taira (Jundokan) among his students.,proposed
Q699236,A0012,Higaonna Kanryo,Juhatsu Kyoda,high,research:https://en.wikipedia.org/wiki/Juhatsu_Kyoda | research:https://translesbian.wordpress.com/2013/05/30/kyoda-juhatsu-and-the-evolution-of-toon-goju-ryu/,"[lineage completion:Chojun Miyagi's complete Goju-; verifier: confirmed] NEW person. Kyoda (1887-1968) entered Kanryo Higaonna's dojo in 1902, one month before Chojun Miyagi, and trained until Higaonna's death; he was the most senior student and founded To'on-ryu, named after Higaonna.",proposed
A0012,Q16006586,Juhatsu Kyoda,Kanki Izumigawa,medium,research:https://en.wikipedia.org/wiki/Kanki_Izumigawa | research:https://shuriway.com/izumigawa.html,"[lineage completion:Chojun Miyagi's complete Goju-; verifier: confirmed] Wikipedia's Kanki Izumigawa article states that in his youth Izumigawa also studied karate under Juhatsu Kyoda, before his main training under Seiko Higa.",proposed
Q7447367,Q16006586,Seko Higa,Kanki Izumigawa,high,research:https://en.wikipedia.org/wiki/Kanki_Izumigawa | research:https://en.wikipedia.org/wiki/Sek%C5%8D_Higa,"[lineage completion:Chojun Miyagi's complete Goju-; verifier: confirmed] Wikipedia: Izumigawa (1908-1967) learned Goju-ryu from Seiko Higa on Okinawa and Saipan, was the first of Higa's students to receive the Bubishi from him (1937), and founded the Senbukan (1939), the first Okinawan Goju-ryu dojo on mainland Japan.",proposed
Q7447367,C00475,Seko Higa,Seikichi Higa,high,research:https://en.wikipedia.org/wiki/Sek%C5%8D_Higa | research:https://www.shuriway.com/seiko-higa.html,[lineage completion:Chojun Miyagi's complete Goju-; verifier: confirmed] Seikichi Higa was Seko Higa's son and student who became head instructor of the Shodokan and carried on his father's dojo in Okinawa after Seko's death in 1966.,proposed
Q7447367,C00018,Seko Higa,Choboku Takamine,high,research:https://en.wikipedia.org/wiki/Sek%C5%8D_Higa,[lineage completion:Chojun Miyagi's complete Goju-; verifier: confirmed] Wikipedia's Seko Higa article lists Choboku Takamine among his students; Takamine became third president of Higa's Kokusai Karate Kobudo Renmei (1967-1989).,proposed
Q7447367,C00044,Seko Higa,Choyu Kiyuna,medium,research:https://en.wikipedia.org/wiki/Sek%C5%8D_Higa,[lineage completion:Chojun Miyagi's complete Goju-; verifier: confirmed] Wikipedia's Seko Higa article names Choyu Kiyuna among his notable students. Note: orphan C00043 'Choyo Kiyuna' may be a spelling variant of the same person but no source was found to confirm a merge.,proposed
Q7447367,C00101,Seko Higa,Juei Tamaki,medium,research:https://en.wikipedia.org/wiki/Sek%C5%8D_Higa,[lineage completion:Chojun Miyagi's complete Goju-; verifier: confirmed] Wikipedia's Seko Higa article names Juei Tamaki as a kobudo instructor among Higa's students.,proposed
Q16006586,C00176,Kanki Izumigawa,Kanbun Izumigawa,high,research:https://en.wikipedia.org/wiki/Kanki_Izumigawa | research:https://shuriway.com/izumigawa.html,[lineage completion:Chojun Miyagi's complete Goju-; verifier: confirmed] Kanbun Izumigawa was Kanki's eldest son and student who succeeded him as second soke of the Senbukan in Kawasaki.,proposed
Q16006586,Q106695378,Kanki Izumigawa,Sosui Ichikawa,high,research:https://en.wikipedia.org/wiki/Kanki_Izumigawa,[lineage completion:Chojun Miyagi's complete Goju-; verifier: confirmed] Wikipedia: Sosui Ichikawa (Sosuikan) was one of the two main senior students who preserved Izumigawa's Goju-ryu teachings in mainland Japan (with Busen Arakawa).,proposed
Q16006586,Q7446702,Kanki Izumigawa,Seiichi Akamine,medium,research:https://en.wikipedia.org/wiki/Kanki_Izumigawa | research:https://shuriway.com/izumigawa.html,[lineage completion:Chojun Miyagi's complete Goju-; verifier: confirmed] Wikipedia's Kanki Izumigawa article lists Seiichi Akamine (later founder of Ken-shin-kan in South America) among Izumigawa's named students.,proposed
Q16016038,Q6810356,Meitoku Yagi,Meitatsu Yagi,high,research:https://en.wikipedia.org/wiki/Meitoku_Yagi | research:https://budojapan.com/karate/meitatsu-yagi-and-goju-ryu/,"[lineage completion:Chojun Miyagi's complete Goju-; verifier: confirmed] Meitatsu Yagi (b. 1944) is Meitoku Yagi's elder son, trained in Meibukan Goju-ryu under his father, and became president of the International Meibukan Goju-ryu Karate Association.",proposed
Q6810356,Q11391351,Meitatsu Yagi,Akihito Yagi,high,research:https://en.wikipedia.org/wiki/Akihito_Yagi,"[lineage completion:Chojun Miyagi's complete Goju-; verifier: confirmed] Akihito Yagi (b. 1977) is Meitatsu Yagi's son, trained in the family's Meibukan Goju-ryu lineage, and since 2016 heads the IMGKA and the Meibukan Hombu dojo.",proposed
Q954330,C00244,Ryu Ryu Ko,Norisato Nakaima,high,research:https://en.wikipedia.org/wiki/Ry%C5%ABei-ry%C5%AB,"[lineage completion:Chojun Miyagi's complete Goju-; verifier: confirmed] Wikipedia: Norisato Nakaima trained under Ryu Ryu Ko in Fuzhou, China for about seven years and brought the system back to Okinawa around 1875, founding what became Ryuei-ryu.",proposed
C00244,C00075,Norisato Nakaima,Kenchu Nakaima,high,research:https://en.wikipedia.org/wiki/Ry%C5%ABei-ry%C5%AB,"[lineage completion:Chojun Miyagi's complete Goju-; verifier: confirmed] Wikipedia: Norisato passed the style in secret to his son Kenchu Nakaima, per the family's one-son-per-generation transmission.",proposed
C00075,C00232,Kenchu Nakaima,Kenko Nakaima,high,research:https://en.wikipedia.org/wiki/Ry%C5%ABei-ry%C5%AB | research:http://findingkarate.com/wordpress/spotlight-kenko-noritaka-nakaima-the-last-keeper-of-secrets/,"[lineage completion:Chojun Miyagi's complete Goju-; verifier: confirmed] Wikipedia: Kenchu taught the family system only to his son Kenko Nakaima (1911-1989), who made Ryuei-ryu public in 1971.",proposed
C00232,C00229,Kenko Nakaima,Kenji Nakaima,medium,research:http://findingkarate.com/wordpress/spotlight-kenko-noritaka-nakaima-the-last-keeper-of-secrets/ | research:https://ryueiryu-karate-wa.com/ryuei-ryu-instructors,"[lineage completion:Chojun Miyagi's complete Goju-; verifier: confirmed] Ryuei-ryu organisation histories consistently report that Kenji Nakaima learned the style from his father Kenko and succeeded him as grandmaster after Kenko's death in 1989, serving as soke until 2016.",proposed
Q1147708,C00174,Motobu Choki,Kamesuke Higaonna,medium,research:https://en.wikipedia.org/wiki/Motobu_Ch%C5%8Dki | research:https://www.amazon.com/Higaonna-Kamesuke-Karate-Okinawa-Hawaii/dp/1542340942,"[lineage completion:Chojun Miyagi's complete Goju-; verifier: confirmed] Secondary sources consistently report Kamesuke Higaonna as a regular student at Motobu Choki's Tokyo dojo around 1927 (documented in Henning Wittwer's 'Higaonna Kamesuke: on Karate in Okinawa, Japan and Hawaii'); he later demonstrated karate in Hawai",proposed
Q2599967,A0014,Morio Higaonna,Tetsuji Nakamura,high,research:https://iogkf.com/sensei-nakamura-tetsuji/ | research:https://en.wikipedia.org/wiki/Morio_Higaonna,"[lineage completion:Morio Higaonna and the IOGKF (; verifier: confirmed] Nakamura (b. 1965, Osaka) trained directly under Higaonna from 1991 as head-assistant instructor at the IOGKF world headquarters in California (1991-94) and Tokyo (1995-97); Higaonna appointed him IOGKF World Chief Instructor (Shuseki Shihan) as his ",proposed
Q2599967,A0015,Morio Higaonna,Kazuo Terauchi,high,research:https://iogkf.com/2016/05/your-budosai-instructors/ | research:https://en.wikipedia.org/wiki/Morio_Higaonna,"[lineage completion:Morio Higaonna and the IOGKF (; verifier: confirmed] Terauchi began Goju-ryu training under Higaonna at the Yoyogi dojo in Tokyo and rose to 9th dan as a senior IOGKF instructor; listed among Higaonna's senior students in the Wikipedia article, and he followed Higaonna to the TOGKF in 2022 as Technical",proposed
Q2599967,A0016,Morio Higaonna,Bakkies Laubscher,high,research:https://www.bakkieslaubscher.co.za/about-sensei-bakkies-laubscher/ | research:https://iogkf.com/2016/03/interview-with-sensei-bakkies-laubscher/ | research:https://en.wikipedia.org/wiki/Morio_Higaonna,"[lineage completion:Morio Higaonna and the IOGKF (; verifier: confirmed] Laubscher (b. 1948, South Africa) trained in Higaonna's Okinawan Goju-ryu from 1966, including six months at Higaonna's Tokyo dojo in 1973 at his invitation; promoted to 8th dan (2004) and 9th dan (2015) by Higaonna and described as his most senior s",proposed
Q1336547,A0017,Peichin Takahara,Sakugawa Kangi,medium,research:https://en.wikipedia.org/wiki/Peichin_Takahara | research:https://en.wikipedia.org/wiki/Sakugawa_Kanga,"[lineage completion:Early masters' full connectivi; verifier: confirmed] Wikipedia's Takahara article states he 'was the first teacher of Sakugawa Kangi, the father of Sakugawa Kanga'; the Sakugawa article repeats it. Chronologically sound (Takahara 1683-1760, Kangi c.1733-1815), unlike a direct Takahara-to-Kanga link.",proposed
Q1929108,A0017,Kusanku,Sakugawa Kangi,medium,research:https://en.wikipedia.org/wiki/Sakugawa_Kanga | research:https://ilpracticalkarate.com/kishimotodi,[lineage completion:Early masters' full connectivi; verifier: confirmed] Wikipedia: 'Takahara suggested that Kangi Sakugawa train under Kusanku... spent six years training with Kusanku'. Fits Kusanku's documented c.1756 embassy to Ryukyu. KishimotoDi lineage pages carry the same Takahara/Kusanku -> Sakugawa Kangi transmis,proposed
A0017,Q921673,Sakugawa Kangi,Kanga Sakukawa,low,research:https://en.wikipedia.org/wiki/Sakugawa_Kanga | research:https://ilpracticalkarate.com/kishimotodi,"[lineage completion:Early masters' full connectivi; verifier: plausible] Wikipedia: after six years with Kusanku, Kangi 'began to teach his son Kanga'. The KishimotoDi lineage likewise lists 'Tode' Sakugawa Kangi followed by 'Tode' Sakugawa Kanga (1786-1867). This father-to-son link is the only date-consistent route from ",proposed
Q1929108,Q542989,Kusanku,Chatan Yara,low,research:https://en.wikipedia.org/wiki/K%C5%ABsank%C5%AB,"[lineage completion:Early masters' full connectivi; verifier: plausible] Wikipedia identifies Chatan Yara as Kusanku's student but explicitly warns 'there are no primary historical documents to prove this, the only evidence is the name of the kata and oral tradition'. Dates are compatible (Yara 1668-1756). Credible tradit",proposed
A0017,C00026,Sakugawa Kangi,Choken Makabe,low,research:https://worldbudokan.com/worlbudokanhome/articles-2/sokon-matsumura/ | research:https://mastinkarate.com/wp-content/uploads/2009/10/Timeline1.pdf,"[lineage completion:Early masters' full connectivi; verifier: plausible] Makabe Chokun/Choken (1769-1825/27, 'Makabe Chaan', famed jumper) is consistently listed as 'one of Sakugawa's students'. His dates fit the elder Sakugawa (Kangi, c.1733-1815) far better than Kanga (b.1786), so the link is attached to the father; whi",proposed
Q921673,Q715769,Kanga Sakukawa,Matsumura Sokon,medium,research:https://en.wikipedia.org/wiki/Matsumura_S%C5%8Dkon | research:https://worldbudokan.com/worlbudokanhome/articles-2/sokon-matsumura/,"[lineage completion:Early masters' full connectivi; verifier: confirmed] Wikipedia states Matsumura 'began the study of karate under the guidance of Sakukawa Kanga' and spent five years with him. The pairing is contested under the 1733-1815 Sakugawa dating (Matsumura b.1809 would have been six at his death), but with the ",proposed
Q921673,A0018,Kanga Sakukawa,Tachimura no Peichin,low,research:https://en.wikipedia.org/wiki/Sakugawa_Kanga | research:https://ilpracticalkarate.com/kishimotodi | research:https://www.karateobsession.com/2020/12/kishimotodi-revisited.html,"[lineage completion:Early masters' full connectivi; verifier: plausible] Wikipedia's Sakugawa article lists 'Bushi Tachimura' as a notable student, and the KishimotoDi lineage records Tachimura (1814-1899) as a fellow student of Matsumura under 'Tode' Sakugawa Kanga (1786-1867). Ultimately rests on one lineage's oral trad",proposed
A0018,C00550,Tachimura no Peichin,Soko Kishimoto,low,research:https://ilpracticalkarate.com/kishimotodi | research:https://www.karateobsession.com/2020/12/kishimotodi-revisited.html | research:https://blackbeltwiki.com/kishimotodi,"[lineage completion:Early masters' full connectivi; verifier: plausible] KishimotoDi tradition: 'It was from Tachimura that Kishimoto Soko learned the koryu kata... Naihanchi, Passai, and Kusanku' (Kishimoto Soko 1866-1945). Single-lineage oral tradition, so low, but the chain is the style's own documented history.",proposed
C00550,C00494,Soko Kishimoto,Seitoku Higa,medium,research:https://ilpracticalkarate.com/kishimotodi | research:https://www.karateobsession.com/2020/12/kishimotodi-revisited.html | research:https://okinawa-kenpo.com/en.php,"[lineage completion:Early masters' full connectivi; verifier: confirmed] 'KishimotoDi was handed down to Higa Seitoku (1921-2006), founder of the Bugeikan..., by Kishimoto Soko (1866-1945)'. A 20th-century, consistently reported relationship; Kishimoto's historicity is corroborated independently (the official Okinawa Kenp",proposed
C00494,C00253,Seitoku Higa,Kiyohiko Higa,medium,research:https://ilpracticalkarate.com/kishimotodi | research:https://www.karateobsession.com/2020/12/kishimotodi-revisited.html,"[lineage completion:Early masters' full connectivi; verifier: confirmed] The KishimotoDi lineage pages carry the line from Higa Seitoku (1921-2006) to Higa Kiyohiko, his son and successor as head of the Bugeikan; recent, consistently reported succession within the style's own organisation.",proposed
C00145,Q715769,Iwah,Matsumura Sokon,medium,research:https://en.wikipedia.org/wiki/Matsumura_S%C5%8Dkon | research:https://worldbudokan.com/worlbudokanhome/articles-2/sokon-matsumura/,"[lineage completion:Early masters' full connectivi; verifier: confirmed] Wikipedia names Iwah among Matsumura's instructors; worldbudokan gives detail (Iwah/Yao Wei Bo, Chinese kenpo master with whom Matsumura trained in Fuzhou and whom he later brought to Okinawa). Consistently reported in secondary literature.",proposed
Q4807592,Q715769,Ason,Matsumura Sokon,low,research:https://worldbudokan.com/worlbudokanhome/articles-2/sokon-matsumura/ | research:https://medium.com/motobu-ryu-blog/the-lineage-of-ason-9540d4725d34,"[lineage completion:Early masters' full connectivi; verifier: plausible] Some secondary sources say Matsumura 'is thought to have studied with' Ason (Liu Long Gong) alongside Iwah, but Motobu Naoki's research (quoting Asato via Funakoshi, 1914) places Ason's known disciples in Naha (Sakiyama, Nagahama, Tomoyose, Gushi), n",proposed
C00639,Q715769,Wai Shin Zan,Matsumura Sokon,low,research:https://worldbudokan.com/worlbudokanhome/articles-2/sokon-matsumura/,"[lineage completion:Early masters' full connectivi; verifier: confirmed] worldbudokan lists Wai Shin Zan among the Chinese masters Matsumura trained with in Fuzhou; not corroborated by Wikipedia's Matsumura article (which names Iwah and Annan). Single secondary source, so low.",proposed
C00639,Q584466,Wai Shin Zan,Arakaki Seisho,high,research:https://en.wikipedia.org/wiki/Arakaki_Seish%C5%8D | research:https://koshinkan.org/index.php/history/,[lineage completion:Early masters' full connectivi; verifier: confirmed] Wikipedia: 'His only recorded martial arts instructor from this period was Wai Xinxian from Fuzhou'. Wai Shin Zan is the Japanese reading of Wai Xinxian; goju/koshinkan histories repeat 'Wai Shinzan was said to be teacher to Seisho Aragaki'. Clearly ,proposed
Q4807592,C00252,Ason,Kitoku Sakiyama,low,research:https://medium.com/motobu-ryu-blog/the-lineage-of-ason-9540d4725d34 | research:https://okinawa-kenpo.com/en.php,"[lineage completion:Early masters' full connectivi; verifier: plausible] Asato (via Funakoshi, 1914) names 'Sakiyama' of Naha among the Chinese attache Ason's disciples; Okinawa Kenpo histories say Sakiyama Kitoku of Naha first studied under a Chinese military officer stationed in Okinawa. Identifying that Sakiyama with K",proposed
C00252,C00510,Kitoku Sakiyama,Shinkichi Kuniyoshi,high,research:https://okinawa-kenpo.com/en.php,"[lineage completion:Early masters' full connectivi; verifier: confirmed] Official Okinawa Kenpo (Oki-Ken-Kai) history: Shinkichi Kuniyoshi (1848-1926) 'was a student of ""BUSHI"" Sakiyama (Kitoku Sakiyama)'. Uncontested, consistently documented style-organisation lineage.",proposed
C00510,Q38585428,Shinkichi Kuniyoshi,Shigeru Nakamura,high,research:https://okinawa-kenpo.com/en.php,"[lineage completion:Early masters' full connectivi; verifier: confirmed] Official Okinawa Kenpo history: after returning to Nago, Nakamura Shigeru (1891-1969) challenged Bushi Kuniyoshi, 'admired Kuniyoshi's strength and became his disciple'. This is the founding transmission of Okinawa Kenpo.",proposed
Q527422,Q38585428,Anko Itosu,Shigeru Nakamura,high,research:https://okinawa-kenpo.com/en.php,"[lineage completion:Early masters' full connectivi; verifier: confirmed] Official Okinawa Kenpo history: 'In 1906, he learned karate from Anko Itosu, Kentsu Yabu, and Chomo Hanashiro at Okinawa Prefectural Icchu Middle school'. Clearly documented school instruction.",proposed
Q715769,Q527422,Matsumura Sokon,Anko Itosu,high,research:https://en.wikipedia.org/wiki/Matsumura_S%C5%8Dkon | research:https://www.kanazawa.ch/karate-do/grosse-meiste/sokon-matsumura.html,[lineage completion:Early masters' full connectivi; verifier: confirmed] Itosu is listed among Matsumura's students on Wikipedia and in essentially every account of Shuri-te; the canonical Matsumura -> Itosu transmission.,proposed
Q715769,Q721201,Matsumura Sokon,Anko Azato,high,research:https://en.wikipedia.org/wiki/Matsumura_S%C5%8Dkon | research:https://worldbudokan.com/worlbudokanhome/articles-2/sokon-matsumura/,[lineage completion:Early masters' full connectivi; verifier: confirmed] Azato is listed among Matsumura's students on Wikipedia; worldbudokan adds that Matsumura passed his Jigen-ryu sword methods to Azato specifically. Canonical and consistently documented.,proposed
Q715769,Q6956791,Matsumura Sokon,Nabe Matsumura,medium,research:https://en.wikipedia.org/wiki/Matsumura_S%C5%8Dkon | research:https://worldbudokan.com/worlbudokanhome/articles-2/sokon-matsumura/,"[lineage completion:Early masters' full connectivi; verifier: confirmed] Wikipedia lists Nabe Matsumura (his grandson in the Matsumura Seito tradition) among his students, but worldbudokan notes 'there is no record of a Nabe Matsumura in the family history'. Consistently reported yet disputed, so medium.",proposed
Q715769,C00436,Matsumura Sokon,Ryosei Kuwae,high,research:https://funakoshikaratekenpokenkyukai.blogspot.com/2014/03/the-seven-virtues-of-martial-arts.html | research:https://medium.com/motobu-ryu-blog/kata-of-matsumura-sokon-48fe587cd136 | research:https://www.kanazawa.ch/karate-do/grosse-meiste/sokon-matsumura.html,"[lineage completion:Early masters' full connectivi; verifier: confirmed] Documented by Matsumura's own surviving scroll on the seven virtues of bu, addressed 'To: My wise and young brother, Kuwae Ryosei', his disciple; Kuwae also appears in the standard student lists. Among the best-documented of all Matsumura links.",proposed
Q715769,C00448,Matsumura Sokon,Sakihara PECHIN,medium,research:https://worldbudokan.com/worlbudokanhome/articles-2/sokon-matsumura/ | research:https://www.kanazawa.ch/karate-do/grosse-meiste/sokon-matsumura.html,"[lineage completion:Early masters' full connectivi; verifier: confirmed] Both consulted Matsumura biographies open their student lists with 'Pechin Sakihara' / 'Sakihara Peichin' (reported elsewhere as Bushi Sakihara, 1833-1918, one of his last students). Consistent secondary reporting within the Matsumura Seito tradition",proposed
C00206,Q3028499,Karyu Uku,Kosaku Matsumora,high,research:https://en.wikipedia.org/wiki/Kosaku_Matsumora,"[lineage completion:Early masters' full connectivi; verifier: confirmed] Wikipedia states plainly: 'He studied Tomari-te under Karyu Uku (aka Giko Uku) and Kishin Teruya', and the infobox lists Karyu Uku as teacher. Wires the Tomari-te founder orphan into the tree.",proposed
C00206,Q6426547,Karyu Uku,Kokan Oyadomari,medium,research:https://katastepbystep.com/karate-styles-traditional-okinwan-tode/,"[lineage completion:Early masters' full connectivi; verifier: confirmed] The Tomari-te account consulted describes Oyadomari Kokan (1827-1905) as 'taught by Karyu Uku, Kishin Teruya, Anan, and Ason'; Uku and Teruya teaching both Matsumora and Oyadomari is the consistently reported Tomari-te transmission.",proposed
Q4807592,Q6426547,Ason,Kokan Oyadomari,low,research:https://katastepbystep.com/karate-styles-traditional-okinwan-tode/,"[lineage completion:Early masters' full connectivi; verifier: plausible] Single consulted source lists Ason among Oyadomari's teachers alongside Anan; the Tomari tradition of Chinese teachers is credible but thinly and inconsistently attributed, so low.",proposed
Q705617,Q38585428,Chomo Hanashiro,Shigeru Nakamura,medium,research:https://www.okinawakenpokarate.com/history.php | research:https://www.usadojo.com/shigeru-nakamura/ | research:https://pelletierskarate.com/about-karate/brief-history-of-okinawa-kenpo/,[lineage completion:Okinawa Kenpo and the Toma/Odo; verifier: confirmed] Hanashiro was the resident karate instructor at Icchu middle school during Nakamura's attendance; consistently reported across Okinawa Kenpo histories.,proposed
Q722028,Q38585428,Kentsu Yabu,Shigeru Nakamura,medium,research:https://www.okinawakenpokarate.com/history.php | research:https://www.usadojo.com/shigeru-nakamura/ | research:https://pelletierskarate.com/about-karate/brief-history-of-okinawa-kenpo/,[lineage completion:Okinawa Kenpo and the Toma/Odo; verifier: confirmed] Yabu taught weekly at Icchu middle school alongside Itosu while Nakamura studied there; consistently reported school-era instruction.,proposed
Q699236,Q38585428,Higaonna Kanryo,Shigeru Nakamura,low,research:https://pelletierskarate.com/about-karate/brief-history-of-okinawa-kenpo/ | research:https://www.usadojo.com/shigeru-nakamura/,"[lineage completion:Okinawa Kenpo and the Toma/Odo; verifier: plausible] Some Okinawa Kenpo histories name Kanryo Higaonna as a karate instructor at Nakamura's middle school, but other accounts (e.g. okinawakenpokarate.com) omit him and the school attribution is debated; drawn dashed as credible tradition.",proposed
C00355,Q38585428,Teiichi Nakamura,Shigeru Nakamura,low,research:https://www.usadojo.com/shigeru-nakamura/,[lineage completion:Okinawa Kenpo and the Toma/Odo; verifier: plausible] USAdojo biography states Shigeru was introduced to karate as a boy by his father and his uncle Teiichi Nakamura; single-source family tradition.,proposed
Q1147708,Q38585428,Motobu Choki,Shigeru Nakamura,low,research:https://www.usadojo.com/shigeru-nakamura/,[lineage completion:Okinawa Kenpo and the Toma/Odo; verifier: plausible] USAdojo biography names family friend Choki Motobu (Tomari-te) among those who introduced young Nakamura to karate; single source and early-life introduction rather than sustained tutelage.,proposed
Q38585428,Q15987278,Shigeru Nakamura,Seikichi Odo,high,research:https://en.wikipedia.org/wiki/Seikichi_Odo | research:https://pelletierskarate.com/about-karate/brief-history-of-okinawa-kenpo/ | research:https://kenpo97219.wordpress.com/2012/01/27/the-once-and-future-king-part-2-crossroads-of-okinawa-kenpo/,[lineage completion:Okinawa Kenpo and the Toma/Odo; verifier: confirmed] Wikipedia: Odo began under Nakamura at 23 and 'considered Nakamura as his primary instructor as well as mentor'; he joined the Nago dojo in 1949 and was chosen to lead Okinawa Kenpo after Nakamura's death. Nakamura is currently an orphan so this esse,proposed
Q38585428,A0019,Shigeru Nakamura,Seiyu Oyata,high,research:https://en.wikipedia.org/wiki/Ry%C5%AB-te | research:https://www.ryukyu-kempo.org/new-article,"[lineage completion:Okinawa Kenpo and the Toma/Odo; verifier: confirmed] Wikipedia's Ryu-te article documents that Oyata trained directly with Shigeru Nakamura, learning the 12 basic empty-hand kata practised in Ryu-te and helping develop bogu kumite in Okinawa Kenpo.",proposed
Q38585428,C00574,Shigeru Nakamura,Taketo Nakamura,medium,research:https://kenpo97219.wordpress.com/2012/01/27/the-once-and-future-king-part-2-crossroads-of-okinawa-kenpo/ | research:https://en.wikipedia.org/wiki/Ry%C5%ABky%C5%AB_Kempo | research:https://www.okinawakenpokarate.com/history.php,"[lineage completion:Okinawa Kenpo and the Toma/Odo; verifier: confirmed] Taketo was Shigeru's son, trained under him, built the Nago dojo in 1953 and headed the Okinawa Kenpo Karate-Do Association lineage in Nago after the succession dispute with Odo.",proposed
Q38585428,C00277,Shigeru Nakamura,Seijiro Maehara,medium,research:https://www.aikidoofgainesville.com/okinawan-kenpo-karate-kobudo-odo-sensei-and-maehara-sensei.html | research:https://www.angelfire.com/ak4/tw/WhyKarate.html,"[lineage completion:Okinawa Kenpo and the Toma/Odo; verifier: confirmed] Maehara is consistently described as a direct student of Shigeru Nakamura (from age 20 in Nago) and a contemporary of Odo, later teaching Okinawa Kenpo in Henoko for decades.",proposed
Q38585428,C00066,Shigeru Nakamura,Fusei Kise,high,research:https://www.kenshin-kan.com/hanshi-fusei-kise/ | research:http://www.geocities.ws/karatejmh/fuseikise.htm,[lineage completion:Okinawa Kenpo and the Toma/Odo; verifier: confirmed] Kise's official Kenshin-kan biography states he studied Okinawa Kenpo under Shigeru Nakamura and received his 7th dan in Kenpo from him.,proposed
Q3139173,C00066,Hohan Soken,Fusei Kise,high,research:https://www.kenshin-kan.com/hanshi-fusei-kise/ | research:http://www.geocities.ws/karatejmh/fuseikise.htm,"[lineage completion:Okinawa Kenpo and the Toma/Odo; verifier: confirmed] Official Kenshin-kan biography: Kise began under Hohan Soken (Matsumura Seito Shorin-ryu) in 1958 and became his top student, promoted to 8th dan before Soken's death.",proposed
C00478,C00066,Seikichi Uehara,Fusei Kise,low,research:https://note.com/motoburyu/n/nefb13f93d3ee,[lineage completion:Okinawa Kenpo and the Toma/Odo; verifier: plausible] The official Motobu-ryu (Motobu Udundi) blog lists Kise Fusei of Shorin-ryu Kenshin-kan among Uehara Seikichi's students of the Showa 30s-40s (1955-1974).,proposed
Q706389,C00478,Motobu Choyu,Seikichi Uehara,high,research:https://ja.wikipedia.org/wiki/%E4%B8%8A%E5%8E%9F%E6%B8%85%E5%90%89 | research:https://www.motobu-ryu.org/%E6%9C%AC%E9%83%A8%E5%BE%A1%E6%AE%BF%E6%89%8B/%E5%BE%A1%E6%AE%BF%E6%89%8B%E3%82%92%E4%BC%9D%E3%81%88%E3%82%8B%E4%BD%BF%E5%91%BD/ | research:https://webhiden.jp/master/_uehara_seikichi/,[lineage completion:Okinawa Kenpo and the Toma/Odo; verifier: confirmed] Uehara Seikichi (1904-2004) learned the Motobu family palace art (later named Motobu Udundi) directly from Motobu Choyu and became its 12th/13th-generation inheritor; documented on Japanese Wikipedia and the official Motobu-ryu site.,proposed
C00478,A0020,Seikichi Uehara,Shian Toma,high,research:https://en.wikipedia.org/wiki/Okinawa_Seidokan | research:https://seidokankarate.org/shian-toma-biography | research:https://note.com/motoburyu/n/nefb13f93d3ee,"[lineage completion:Okinawa Kenpo and the Toma/Odo; verifier: confirmed] Wikipedia, the Seidokan organisation biography and the official Motobu-ryu blog all document Toma training under Uehara from the mid/late 1960s, receiving his shihan licence and 9th dan hanshi in Motobu-ryu from Uehara.",proposed
C00478,A0019,Seikichi Uehara,Seiyu Oyata,low,research:https://note.com/motoburyu/n/nefb13f93d3ee | research:http://www.jukokai.com/the-legacy-of-shian-toma-seidokan-karate.html,"[lineage completion:Okinawa Kenpo and the Toma/Odo; verifier: plausible] The official Motobu-ryu blog lists Oyata Seiyu of Ryu-te among Uehara Seikichi's students of that era, and in 1968 Oyata, Uehara and Shian Toma jointly formed the Ryukyu Karate-do Renmei; Ryu-te's own histories do not emphasise this, hence medium.",proposed
Q38585428,A0020,Shigeru Nakamura,Shian Toma,low,research:https://seidokankarate.org/shian-toma-biography | research:http://www.jukokai.com/the-legacy-of-shian-toma-seidokan-karate.html | research:https://en.wikipedia.org/wiki/Okinawa_Seidokan,[lineage completion:Okinawa Kenpo and the Toma/Odo; verifier: plausible] Seidokan biographies list Nakamura Shigeru among Toma's five instructors and state Toma studied under him while Toma's dojo belonged to Nakamura's Okinawa Kenpo Renmei in the early 1960s.,proposed
Q189805,A0020,Zenryo Shimabukuro,Shian Toma,high,research:https://seidokankarate.org/shian-toma-biography | research:http://www.jukokai.com/the-legacy-of-shian-toma-seidokan-karate.html | research:https://www.russbo.com/content/shaolin/contributor-sites/seidokan/toma,[lineage completion:Okinawa Kenpo and the Toma/Odo; verifier: confirmed] Seidokan sources consistently document Toma studying under Zenryo Shimabuku(ro) of Chubu Shorinji-ryu/Seibukan in the early 1960s before moving to Uehara.,proposed
A0021,A0020,Seiki Toma,Shian Toma,medium,research:https://seidokankarate.org/shian-toma-biography | research:https://shuriway.com/toma.html,"[lineage completion:Okinawa Kenpo and the Toma/Odo; verifier: confirmed] The Seidokan organisation biography lists Seiki Toma among Shian Toma's five instructors, and the Shuriway biography of Seiki Toma lists Shian Toma among his notable students.",proposed
A0021,Q15987278,Seiki Toma,Seikichi Odo,high,research:https://en.wikipedia.org/wiki/Seikichi_Odo | research:https://shuriway.com/toma.html | research:https://pelletierskarate.com/about-karate/brief-history-of-okinawa-kenpo/,"[lineage completion:Okinawa Kenpo and the Toma/Odo; verifier: confirmed] Wikipedia states Odo studied karate and kobudo with Seiki Toma (one of his named kobudo instructors), corroborated by the Shuriway Toma biography which lists Odo first among his students.",proposed
A0021,Q6782576,Seiki Toma,Masanobu Kikukawa,high,research:https://en.wikipedia.org/wiki/Masanobu_Kikukawa | research:https://shuriway.com/toma.html,[lineage completion:Okinawa Kenpo and the Toma/Odo; verifier: confirmed] Wikipedia: 'Kikukawa was a longtime student of Sokuichi Gibu-hanshi and Seiki Toma-hanshi'; Shuriway's Seiki Toma biography also lists Kikukawa among his students.,proposed
Q27363,A0021,Tatsuo Shimabuku,Seiki Toma,low,research:https://shuriway.com/toma.html,[lineage completion:Okinawa Kenpo and the Toma/Odo; verifier: confirmed] Shuriway biography states Seiki Toma studied under Tatsuo Shimabuku (Isshin-ryu) and that his karate synthesised Isshin-ryu among other arts; single detailed secondary source.,proposed
Q189805,A0021,Zenryo Shimabukuro,Seiki Toma,medium,research:https://shuriway.com/toma.html | research:https://en.wikipedia.org/wiki/Seikichi_Odo,"[lineage completion:Okinawa Kenpo and the Toma/Odo; verifier: confirmed] Shuriway biography names Zenryo Shimabuku (Kyan-line Shorin-ryu) among Seiki Toma's teachers; Wikipedia's Odo article also describes Toma as a student of a Shimabukuro in the Kyan line (given there as Zenpo, almost certainly an error for Zenryo).",proposed
C00514,A0021,Shinsuke Kaneshima,Seiki Toma,low,research:https://shuriway.com/toma.html,"[lineage completion:Okinawa Kenpo and the Toma/Odo; verifier: confirmed] Shuriway biography names Shinsuke Kaneshima, founder of Tozan-ryu, among Seiki Toma's teachers and Tozan-ryu among the arts Toma synthesised; single source.",proposed
Q1963468,A0021,Shoshin Nagamine,Seiki Toma,low,research:https://shuriway.com/toma.html,[lineage completion:Okinawa Kenpo and the Toma/Odo; verifier: confirmed] Shuriway biography lists Shoshin Nagamine (Matsubayashi-ryu) among Seiki Toma's teachers; single source.,proposed
C00478,A0021,Seikichi Uehara,Seiki Toma,low,research:https://shuriway.com/toma.html,[lineage completion:Okinawa Kenpo and the Toma/Odo; verifier: plausible] Shuriway biography lists Seikichi Uehara among Seiki Toma's teachers and Motobu-ryu among the arts in his synthesis (his dojo was also named Seidokan); single source.,proposed
Q1908090,Q15987278,Matayoshi Shinpo,Seikichi Odo,high,research:https://en.wikipedia.org/wiki/Seikichi_Odo | research:https://pelletierskarate.com/about-karate/brief-history-of-okinawa-kenpo/,"[lineage completion:Okinawa Kenpo and the Toma/Odo; verifier: confirmed] Wikipedia names Shinpo Matayoshi among Odo's kobudo instructors, corroborated by Okinawa Kenpo histories; Odo's kobudo curriculum draws heavily on the Matayoshi tradition.",proposed
Q41105,C00409,Gichin Funakoshi,Osamu Ozawa,high,research:https://www.atascaderoshotokan.com/shihan-ozawa | research:https://www.blackbeltmag.com/history-of-karate-the-story-of-gichin-funakoshi-disciple-osamu-ozawa-part-1,"[lineage completion:Shotokan's spread: Funakoshi, ; verifier: confirmed] Ozawa joined the Hosei University karate club in 1942 where Gichin Funakoshi was chief instructor, and Funakoshi personally promoted him to shodan in September 1944; he is widely described as a direct Funakoshi disciple.",proposed
Q453505,C00409,Kenwa Mabuni,Osamu Ozawa,medium,research:https://www.atascaderoshotokan.com/shihan-ozawa,"[lineage completion:Shotokan's spread: Funakoshi, ; verifier: confirmed] Ozawa's dojo biography states his first karate instructor was Kenwa Mabuni, founder of Shito-ryu, under whom he trained for two years from December 1938, before switching to Shotokan at Hosei.",proposed
Q722028,C00319,Kentsu Yabu,Makoto Gima,high,research:http://findingkarate.com/wordpress/shinkin-gima/,"[lineage completion:Shotokan's spread: Funakoshi, ; verifier: confirmed] Gima (Shinkin Gima) learned karate at the Okinawan Shihan Gakko where his main teacher is documented as Kentsu Yabu; consistently reported across karate history sources.",proposed
Q41105,C00319,Gichin Funakoshi,Makoto Gima,high,research:http://findingkarate.com/wordpress/shinkin-gima/ | research:https://en.wikipedia.org/wiki/Gichin_Funakoshi,"[lineage completion:Shotokan's spread: Funakoshi, ; verifier: confirmed] Gima resumed training under Funakoshi in Tokyo from 1922, partnered him in the landmark 17 May 1922 Kodokan demonstration (performing Naihanchi), and in March 1923 received from Funakoshi the first shodan awarded outside Okinawa.",proposed
Q384558,A0022,Masatoshi Nakayama,Katsunori Tsuyama,medium,research:http://findingkarate.com/wordpress/katsunori-tsuyama/ | research:https://www.karate-gasshuku.de/team/katsunori-tsuyama/,"[lineage completion:Shotokan's spread: Funakoshi, ; verifier: confirmed] Tsuyama trained in the Takushoku University karate club under Nakayama in the mid-1950s (runner-up in kumite behind Kanazawa at the first JKA All Japan Championships, 1957) and after Nakayama's death led karate education at Takushoku as head coach.",proposed
A0022,Q4353136,Katsunori Tsuyama,Tatsuya Naka,medium,research:http://findingkarate.com/wordpress/tatsuya-naka/ | research:https://the-dojo.org/2019/07/06/master-of-the-masters-katsunori-tsuyama/,"[lineage completion:Shotokan's spread: Funakoshi, ; verifier: confirmed] Naka enrolled at Takushoku University in 1982 and trained in its Shotokan club under head coach Katsunori Tsuyama until graduating in 1986, before entering the JKA instructor course; Tsuyama's student lists consistently include Naka.",proposed
A0022,C00342,Katsunori Tsuyama,Masao Kawasoe,medium,research:https://brothockkarateclub.wordpress.com/sensei-masao-kawasoe/ | research:http://findingkarate.com/wordpress/katsunori-tsuyama/,"[lineage completion:Shotokan's spread: Funakoshi, ; verifier: confirmed] Kawasoe's biographies name Tsuyama (of Saga, matching Tsuyama's documented birthplace) as one of his first instructors, training under him through high school and then at Takushoku University six days a week for four years; Tsuyama's student lists in",proposed
Q384558,C00342,Masatoshi Nakayama,Masao Kawasoe,high,research:https://brothockkarateclub.wordpress.com/sensei-masao-kawasoe/ | research:http://www.ketteringkarate.org/kawasoe.html,"[lineage completion:Shotokan's spread: Funakoshi, ; verifier: confirmed] Kawasoe was invited to the full-time JKA instructors course under Nakayama and completed the three-year programme, graduating as an international JKA instructor with Nakayama's recorded endorsement.",proposed
Q384558,Q665589,Masatoshi Nakayama,Mikio Yahara,medium,research:https://emptymindfilms.com/mikio-yahara-sensei-and-the-killing-blow/ | research:http://findingkarate.com/wordpress/spotlight-mikio-yahara-one-killing-blow/,"[lineage completion:Shotokan's spread: Funakoshi, ; verifier: confirmed] After Kokushikan University Yahara entered the JKA instructor course where Nakayama was his principal instructor; Empty Mind Films' profile states he trained under the guidance of Nakayama, who called him the outstanding fighter of his generation. De",proposed
A0022,Q896129,Katsunori Tsuyama,Hideo Ochi,high,research:https://www.karate-gasshuku.de/team/katsunori-tsuyama/ | research:http://findingkarate.com/wordpress/katsunori-tsuyama/,"[lineage completion:Shotokan's spread: Funakoshi, ; verifier: confirmed] The Gasshuku e.V. biography explicitly names Hideo Ochi (later JKA chief instructor in Germany) as Tsuyama's student at Takushoku University. Ochi is already connected; this link anchors the new Tsuyama node.",proposed
Q527659,Q3518915,Andy Sherry,Terry ONeill,high,research:https://en.wikipedia.org/wiki/Terry_O%27Neill_(martial_artist) | research:https://kugb.org/instructors/8th-dan/terry-oneill/,"[lineage completion:Shotokan's spread: Funakoshi, ; verifier: confirmed] Both Wikipedia and the KUGB instructor profile state O'Neill's first teacher at the Liverpool Karate Club was Andy Sherry.",proposed
Q716133,Q3518915,Keinosuke Enoeda,Terry ONeill,high,research:https://en.wikipedia.org/wiki/Terry_O%27Neill_(martial_artist),"[lineage completion:Shotokan's spread: Funakoshi, ; verifier: confirmed] Wikipedia records that Enoeda became resident instructor at O'Neill's Liverpool (Red Triangle) dojo on arriving in the UK, initially lodging with O'Neill and his mother; O'Neill trained under him there throughout his KUGB competitive career (1967-198",proposed
Q471629,Q3518915,Hirokazu Kanazawa,Terry ONeill,medium,research:https://en.wikipedia.org/wiki/Terry_O%27Neill_(martial_artist) | research:https://kugb.org/instructors/8th-dan/terry-oneill/,"[lineage completion:Shotokan's spread: Funakoshi, ; verifier: confirmed] Wikipedia and the KUGB profile state that, after Sherry, O'Neill was later taught by Kanazawa (resident JKA instructor in Britain before Enoeda).",proposed
Q598665,Q7678008,Takayuki Kubota,Takemasa Okuyama,high,research:https://en.wikipedia.org/wiki/Takemasa_Okuyama,"[lineage completion:Shotokan's spread: Funakoshi, ; verifier: confirmed] Wikipedia states Okuyama trained for three years under Takayuki Kubota after arriving in the US in 1966, and Kubota awarded him the Kancho title and 8th dan in 1992.",proposed
A0022,Q7678008,Katsunori Tsuyama,Takemasa Okuyama,low,research:https://en.wikipedia.org/wiki/Takemasa_Okuyama,"[lineage completion:Shotokan's spread: Funakoshi, ; verifier: plausible] Wikipedia states that at Takushoku University from 1960 Okuyama regularly trained with karate masters including Katsunori Tsuyama.",proposed
A0023,Q16875962,Hiroyasu Fujishima,Shinobu Ichiyanagi,low,research:https://en.wikipedia.org/wiki/Shinobu_Ichiyanagi,"[lineage completion:Shotokan's spread: Funakoshi, ; verifier: plausible] Wikipedia states Ichiyanagi earned his Shotokan black belt in Los Angeles in 1972 and taught in JKA-affiliated clubs as a head instructor under Hiroyasu Fujishima; the wording implies Fujishima was his senior instructor rather than explicitly naming ",proposed
C00195,Q2393877,Maeda Pechin,Chotoku Kyan,high,research:https://en.wikipedia.org/wiki/Ch%C5%8Dtoku_Kyan,[lineage completion:Shorin-ryu lines (Chibana Chos; verifier: confirmed] Wikipedia's Chotoku Kyan article lists Maeda Pechin among Kyan's instructors.,proposed
C00604,Q2393877,Tokumine Pechin,Chotoku Kyan,low,research:https://en.wikipedia.org/wiki/Ch%C5%8Dtoku_Kyan,[lineage completion:Shorin-ryu lines (Chibana Chos; verifier: plausible] Wikipedia's Chotoku Kyan article lists Tokumine Pechin among Kyan's instructors (source of the Tokumine no kun bo tradition).,proposed
Q2393877,C00098,Chotoku Kyan,Joen Nakazato,high,research:https://en.wikipedia.org/wiki/Ch%C5%8Dtoku_Kyan | research:http://www.okinawakarateshorinjiryu.com/lineage.html | research:https://www.ikigaiway.com/tribute-to-nakazato-joen/,[lineage completion:Shorin-ryu lines (Chibana Chos; verifier: confirmed] Nakazato studied under Kyan 1937-1943 and founded Shorinji-ryu in 1954 to preserve Kyan's karate unchanged; named as Kyan's student in Wikipedia and the Shorinji-ryu Shinkokai lineage page.,proposed
Q2393877,C00034,Chotoku Kyan,Eizo Shimabukuro,high,research:https://en.wikipedia.org/wiki/Sh%C5%8Dbayashi_Sh%C5%8Drin-ry%C5%AB | research:https://www.usadojo.com/eizo-shimabukuro/,"[lineage completion:Shorin-ryu lines (Chibana Chos; verifier: confirmed] Eizo Shimabukuro (1925-2017) was a direct student of Kyan, learning Seisan, Ananku, Wanshu, Gojushiho and Chinto; he inherited the Shobayashi Shorin-ryu line from Kyan.",proposed
Q1147708,C00034,Motobu Choki,Eizo Shimabukuro,medium,research:https://www.usadojo.com/eizo-shimabukuro/ | research:https://www.tranquilcloudtemple.com/training/about-the-style-shobayashi-ryu,[lineage completion:Shorin-ryu lines (Chibana Chos; verifier: confirmed] Consistently reported in secondary biographies that Eizo learned the Naihanchi kata and Koryu Passai from Choki Motobu.,proposed
Q221121,C00034,Chojun Miyagi,Eizo Shimabukuro,medium,research:https://www.usadojo.com/eizo-shimabukuro/ | research:https://www.ikigaiway.com/in-memoriam-shimabukuro-eizo/,"[lineage completion:Shorin-ryu lines (Chibana Chos; verifier: confirmed] Multiple secondary biographies report Eizo studied Goju-ryu (Sanchin, Seiunchin) under Chojun Miyagi as a young man.",proposed
Q27363,C00034,Tatsuo Shimabuku,Eizo Shimabukuro,medium,research:https://www.usadojo.com/eizo-shimabukuro/,"[lineage completion:Shorin-ryu lines (Chibana Chos; verifier: confirmed] Eizo began karate under his elder brother Tatsuo before training with Tatsuo's masters (Kyan, Motobu, Miyagi).",proposed
Q1071733,C00034,Choshin Chibana,Eizo Shimabukuro,low,research:https://en.wikipedia.org/wiki/Ch%C5%8Dshin_Chibana,[lineage completion:Shorin-ryu lines (Chibana Chos; verifier: plausible] Wikipedia's Choshin Chibana article lists Eizo Shimabukuro among Chibana's notable students (post-war kata correction under Chibana).,proposed
Q189805,C00672,Zenryo Shimabukuro,Zenpo Shimabukuro,high,research:https://ageshiojapan.com/dojo_info/zenpo-shimabukuro-sensei-hanshi-10th-dan%EF%BD%9C-seibukan | research:http://findingkarate.com/wordpress/zenpo-shimabukuro/ | research:https://en.wikipedia.org/wiki/Sh%C5%8Drin-ry%C5%AB_Seibukan,[lineage completion:Shorin-ryu lines (Chibana Chos; verifier: confirmed] Zenpo (b. 1943) began karate in 1952 under his father Zenryo and succeeded him as head of the Seibukan.,proposed
Q15987180,C00672,Nakama Chozo,Zenpo Shimabukuro,medium,research:https://ageshiojapan.com/dojo_info/zenpo-shimabukuro-sensei-hanshi-10th-dan%EF%BD%9C-seibukan,[lineage completion:Shorin-ryu lines (Chibana Chos; verifier: confirmed] Zenpo's biographies report he additionally studied Shorin-ryu under Chozo Nakama from 1958.,proposed
Q27363,C00247,Tatsuo Shimabuku,Kichiro Shimabuku,high,research:https://en.wikipedia.org/wiki/Tatsuo_Shimabuku | research:https://en.wikipedia.org/wiki/Isshin-ry%C5%AB,"[lineage completion:Shorin-ryu lines (Chibana Chos; verifier: confirmed] Kichiro (b. 1939), Tatsuo's eldest son, trained under his father, became chief instructor at the Agena dojo in 1972 and inherited Isshin-ryu leadership (IWKA) on Tatsuo's death in 1975.",proposed
Q3482635,C00368,Shugoro Nakazato,Minoru Nakazato,high,research:https://en.wikipedia.org/wiki/Sh%C5%8Drin-ry%C5%AB_Sh%C5%8Drinkan | research:https://karateshorinkan.in/Minoru-Nakazato.html | research:https://okinawa-karate-navi.com/en/dojo/detail/59/,"[lineage completion:Shorin-ryu lines (Chibana Chos; verifier: confirmed] Minoru Nakazato, son of Shugoro, was trained by his father from a young age and succeeded him as head of Shorin-ryu Shorinkan.",proposed
Q3482635,C00039,Shugoro Nakazato,Franklin DR Hargrove,high,research:https://www.thedojo.us/instructors-kyoshi-hargrove/frank-hargrove | research:https://sites.google.com/site/nakazatokaratecom/nakazato-teaches-frank-hargrove,[lineage completion:Shorin-ryu lines (Chibana Chos; verifier: confirmed] Frank Hargrove trained under Shugoro Nakazato in Okinawa from 1964; Nakazato was his personal teacher for 48 years and one of the 'Original Seven' Shorinkan black belts sent to the USA.,proposed
Q3482635,C00094,Shugoro Nakazato,Jiro Shiroma,low,research:https://sites.google.com/site/nakazatokaratecom/why-nakazato-ha | research:https://obi-karateschool.com/,"[lineage completion:Shorin-ryu lines (Chibana Chos; verifier: plausible] A Jiro Shiroma is documented among Nakazato's 'Original Seven' Shorinkan black belts (alongside Hargrove and Bob Herten, both also in this orphan list), and heads the Shorinkan OBI dojo in Virginia Beach. Low because the name collides with an earlier",proposed
Q3482635,C00007,Shugoro Nakazato,Bob Hurten,low,research:https://sites.google.com/site/nakazatokaratecom/why-nakazato-ha,[lineage completion:Shorin-ryu lines (Chibana Chos; verifier: plausible] Shorinkan histories list Robert 'Bob' Herten among the 'Original Seven' black belts trained directly by Shugoro Nakazato; 'Bob Hurten' appears to be a spelling variant of the same person.,proposed
Q3194253,C00375,Katsuya Miyahira,Morinobu Maeshiro,high,research:https://en.wikipedia.org/wiki/Sh%C5%8Drin-ry%C5%AB_Shid%C5%8Dkan | research:https://www.shorinryu.de/eng/representation.html,"[lineage completion:Shorin-ryu lines (Chibana Chos; verifier: confirmed] Maeshiro Morinobu, Hanshi 10th dan, was a senior student of Miyahira Katsuya and now leads the Shidokan hombu and the Okinawa Shorin-ryu Karate-do Kyokai.",proposed
Q1071733,C00201,Choshin Chibana,Masahiro Nakamoto,high,research:https://www.karatebyjesse.com/gendai-no-bushi-nakamoto-masahiro-pt-1/ | research:https://budojapan.com/guide/post_251/,"[lineage completion:Shorin-ryu lines (Chibana Chos; verifier: confirmed] Nakamoto Masahiro (Bunbukan) studied Kobayashi Shorin-ryu under Chibana Choshin from age 20, per interviews and the Bunbukan dojo record.",proposed
Q723832,C00201,Taira Shinken,Masahiro Nakamoto,high,research:https://www.karatebyjesse.com/gendai-no-bushi-nakamoto-masahiro-pt-1/ | research:https://budojapan.com/guide/post_251/,[lineage completion:Shorin-ryu lines (Chibana Chos; verifier: confirmed] Nakamoto became Taira Shinken's kobudo student at 24 and was assigned to run a branch dojo for Taira before founding the Bunbukan.,proposed
Q1071733,C00212,Choshin Chibana,Katsumi Murakami,low,research:https://ryubukandojo.wordpress.com/2015/08/17/katsumi-murakami/,"[lineage completion:Shorin-ryu lines (Chibana Chos; verifier: plausible] Murakami Katsumi (b. 1927), Shorin-ryu hanshi 9th dan and author, is reported as a student of Chosin Chibana (with Juhatsu Kyoda and Motokatsu Inoue); single credible secondary source.",proposed
Q6918025,C00212,Motokatsu Inoue,Katsumi Murakami,low,research:https://ryubukandojo.wordpress.com/2015/08/17/katsumi-murakami/,[lineage completion:Shorin-ryu lines (Chibana Chos; verifier: plausible] Same biography names Motokatsu Inoue (Ryukyu Kobujutsu) among Murakami's teachers; single source.,proposed
Q723832,Q6918025,Taira Shinken,Motokatsu Inoue,high,research:https://en.wikipedia.org/wiki/Motokatsu_Inoue,[lineage completion:Shorin-ryu lines (Chibana Chos; verifier: confirmed] Wikipedia: Inoue studied Ryukyu Kobujutsu under Taira Shinken and was the first man awarded Hanshi (Menkyo Kaiden) by Taira.,proposed
Q189805,C00066,Zenryo Shimabukuro,Fusei Kise,medium,research:https://www.kenshin-kan.com/hanshi-fusei-kise/ | research:http://www.geocities.ws/karatejmh/fuseikise.htm,[lineage completion:Shorin-ryu lines (Chibana Chos; verifier: confirmed] Kise's biographies consistently report he also studied Shorinji-ryu under Zenryo Shimabukuro before joining Soken.,proposed
C00024,Q1963468,Chojin Kuba,Shoshin Nagamine,high,research:https://en.wikipedia.org/wiki/Sh%C5%8Dshin_Nagamine,"[lineage completion:Shorin-ryu lines (Chibana Chos; verifier: confirmed] Wikipedia: Chojin Kuba, Nagamine's next-door neighbour, was his first karate instructor during his school years.",proposed
C00350,Q1963468,Taro Shimabuku,Shoshin Nagamine,high,research:https://en.wikipedia.org/wiki/Sh%C5%8Dshin_Nagamine,"[lineage completion:Shorin-ryu lines (Chibana Chos; verifier: confirmed] Taro Shimabuku is listed among Nagamine's teachers in the Wikipedia biography (training after his move to Shuri, 1928).",proposed
C00261,Q1963468,Kodatsu Iha,Shoshin Nagamine,medium,research:https://en.wikipedia.org/wiki/Sh%C5%8Dshin_Nagamine,[lineage completion:Shorin-ryu lines (Chibana Chos; verifier: confirmed] Kotatsu (Kodatsu) Iha of Tomari appears in the teacher list of Nagamine's Wikipedia biography.,proposed
Q3028499,C00261,Kosaku Matsumora,Kodatsu Iha,medium,research:https://karateyalgomas.com/2016/01/02/notas-sobre-tomari-te-y-el-maestro-nakasone/ | research:https://fightingarts.com/examining-yasutsune-itosu-part-1/,[lineage completion:Shorin-ryu lines (Chibana Chos; verifier: confirmed] Iha Kodatsu (1873-1928) received the Tomari-te kata transmission from Kosaku Matsumora; consistently reported in Tomari-te histories.,proposed
C00261,C00293,Kodatsu Iha,Seiyu Nakasone,medium,research:https://karateyalgomas.com/2016/01/02/notas-sobre-tomari-te-y-el-maestro-nakasone/,[lineage completion:Shorin-ryu lines (Chibana Chos; verifier: confirmed] Nakasone Seiyu (1893-1983) began instruction under Kodatsu Iha at age 12 and carried the direct Tomari-te transmission (Gohakukai).,proposed
Q1963468,C00099,Shoshin Nagamine,Jokei Kushi,high,research:https://okic.okinawa/en/archives/newstopics/p4074 | research:https://www.amazon.com/Matsubayashi-Shorin-Ryu-Shoshin-Nagamine-Takayoshi/dp/B00005RHGP,[lineage completion:Shorin-ryu lines (Chibana Chos; verifier: confirmed] Okinawa Karate Information Center archive: Kushi received instruction from Nagamine and taught juniors at the Nagamine dojo as a Matsubayashi-ryu instructor; he also appears with Nagamine in the 1965 hombu film.,proposed
Q1963468,C00518,Shoshin Nagamine,Shinyei Kyan,low,research:https://karate-schwerte.de/yamanni-chinen-ryu-kobujutsu/ | research:https://www.amazon.com/Matsubayashi-Shorin-Ryu-Shoshin-Nagamine-Takayoshi/dp/B00005RHGP,"[lineage completion:Shorin-ryu lines (Chibana Chos; verifier: plausible] Kyan Shin'ei taught (notably saijutsu) at the Matsubayashi hombu dojo and appears alongside Nagamine, Omine and Kushi in the official Matsubayashi film credits; senior-instructor status under Nagamine is credible tradition rather than explicit docume",proposed
C00518,Q7827674,Shinyei Kyan,Toshihiro Oshiro,low,research:https://karate-schwerte.de/yamanni-chinen-ryu-kobujutsu/,"[lineage completion:Shorin-ryu lines (Chibana Chos; verifier: plausible] Dojo lineage page states the saijutsu of sai master Kyan Shin'ei was taught at the Matsubayashi hombu dojo, 'where Oshiro Shihan learned it'; single source.",proposed
Q1963468,Q11501557,Shoshin Nagamine,Kiyoshi Arakaki,low,research:https://www.amazon.com/Secrets-Okinawan-Karate-Techniques-Bushido/dp/4770027591,"[lineage completion:Shorin-ryu lines (Chibana Chos; verifier: plausible] Kodansha author biography for 'The Secrets of Okinawan Karate' states Arakaki studied under masters including Shoshin Nagamine; publisher bio only, so single-source.",proposed
C00034,Q1691502,Eizo Shimabukuro,Joe Lewis,high,research:https://en.wikipedia.org/wiki/Joe_Lewis_(martial_artist) | research:https://joelewisassociation.com/joe-lewis-story/,"[lineage completion:Shorin-ryu lines (Chibana Chos; verifier: confirmed] Wikipedia: Lewis studied Shorin-ryu on Okinawa (1964-65) with Eizo Shimabukuro, earning his black belt in seven months.",proposed
C00016,Q1691502,Chinsaku Kinjo,Joe Lewis,medium,research:https://en.wikipedia.org/wiki/Joe_Lewis_(martial_artist),[lineage completion:Shorin-ryu lines (Chibana Chos; verifier: confirmed] Wikipedia names Chinsaku Kinjo among Lewis's Shorin-ryu teachers on Okinawa alongside Eizo Shimabukuro and Seiyu Oyata.,proposed
Q3482635,A0024,Shugoro Nakazato,Sokuichi Gibu,high,research:http://shoryukan.com/history/sokuichi-gibu/ | research:https://newcastlekarate.wordpress.com/in-memory-of-sokuichi-gibu-hanshi-10th-dan/,"[lineage completion:Shorin-ryu lines (Chibana Chos; verifier: confirmed] Gibu (b. 1941) began under Shugoro Nakazato in 1956, received the first 8th dan in Shorinkan history and served as vice-president before founding the Butokukan in 1991. New person, needed to wire orphan Masanobu Kikukawa.",proposed
A0024,Q6782576,Sokuichi Gibu,Masanobu Kikukawa,high,research:https://en.wikipedia.org/wiki/Masanobu_Kikukawa,"[lineage completion:Shorin-ryu lines (Chibana Chos; verifier: confirmed] Wikipedia: Kikukawa was a longtime student of Sokuichi Gibu-hanshi (and of Seiki Toma-hanshi, who is not in the dataset).",proposed
C00373,Q723832,Moden Yabiku,Taira Shinken,high,research:https://en.wikipedia.org/wiki/Taira_Shinken | research:https://www.ryukyukobudousa.com/lineage/yabiku-moden,[lineage completion:Kobudo lines: Taira Shinken / ; verifier: confirmed] Wikipedia: Taira began Ryukyu kobudo under Moden Yabiku in 1929; lineage page names Taira as Yabiku's most famous student.,proposed
Q527422,C00373,Anko Itosu,Moden Yabiku,high,research:https://www.ryukyukobudousa.com/lineage/yabiku-moden,"[lineage completion:Kobudo lines: Taira Shinken / ; verifier: confirmed] Yabiku studied karate under Itosu Anko; standard, consistently reported lineage of the Ryukyu Kobujutsu Kenkyukai founder.",proposed
C00449,C00373,Sanda Chinen,Moden Yabiku,high,research:https://www.ryukyukobudousa.com/lineage/yabiku-moden | research:https://www.koryu-uchinadi.com/yamane-ryu/,[lineage completion:Kobudo lines: Taira Shinken / ; verifier: confirmed] Yabiku learned Yamane-ryu bojutsu from Chinen Sanda; koryu-uchinadi lists Yabiku Moden among Chinen Sanda's prominent disciples.,proposed
C00354,C00373,Tawata PECHIN,Moden Yabiku,medium,research:https://www.ryukyukobudousa.com/lineage/yabiku-moden,[lineage completion:Kobudo lines: Taira Shinken / ; verifier: confirmed] Yabiku trained in kobudo (sai) under Tawata (Tawada) Shinboku Pechin per Ryukyu Kobudo lineage page.,proposed
C00450,C00373,Sanda Kanagusuku,Moden Yabiku,medium,research:https://www.ryukyukobudousa.com/lineage/yabiku-moden,[lineage completion:Kobudo lines: Taira Shinken / ; verifier: confirmed] Yabiku also trained under Kanagusuku Sanda (Ufuchiku) per the same lineage page.,proposed
Q715769,C00354,Matsumura Sokon,Tawata PECHIN,low,research:https://www.ryukyukobudousa.com/lineage/yabiku-moden,[lineage completion:Kobudo lines: Taira Shinken / ; verifier: plausible] Single source states Tawata Shinboku Pechin was a student of Bushi Matsumura Sokon.,proposed
Q723832,C00035,Taira Shinken,Eisuke Akamine,high,research:https://en.wikipedia.org/wiki/Taira_Shinken | research:https://ryukyu-kobudo.net/eisuke-akamine/ | research:https://www.usadojo.com/eisuke-akamine/,[lineage completion:Kobudo lines: Taira Shinken / ; verifier: confirmed] Akamine was Taira's student and successor as 2nd president of Ryukyu Kobudo Hozon Shinkokai; Taira awarded him shihan in 1970.,proposed
C00275,C00035,Seiichiro Higa,Eisuke Akamine,medium,research:https://ryukyu-kobudo.net/eisuke-akamine/ | research:https://www.usadojo.com/eisuke-akamine/,[lineage completion:Kobudo lines: Taira Shinken / ; verifier: confirmed] From 1942 Akamine studied Yamane-ryu bojutsu under Higa Seichiro (1890-1991) among others; orphan name matches this documented teacher.,proposed
C00449,C00275,Sanda Chinen,Seiichiro Higa,low,research:https://www.koryu-uchinadi.com/yamane-ryu/ | research:https://www.usadojo.com/eisuke-akamine/,[lineage completion:Kobudo lines: Taira Shinken / ; verifier: plausible] Higa Seiichiro is listed among Chinen Sanda's direct disciples in Yamane-ryu bojutsu.,proposed
Q7446788,Q6918025,Seiko Fujita,Motokatsu Inoue,high,research:https://en.wikipedia.org/wiki/Motokatsu_Inoue,"[lineage completion:Kobudo lines: Taira Shinken / ; verifier: confirmed] Wikipedia: Fujita, headmaster of Koga-ryu ninjutsu, was Inoue's teacher from his youth.",proposed
Q4351940,Q6918025,Yasuhiro Konishi,Motokatsu Inoue,medium,research:https://en.wikipedia.org/wiki/Motokatsu_Inoue,"[lineage completion:Kobudo lines: Taira Shinken / ; verifier: confirmed] Wikipedia lists Konishi among Inoue's teachers (karate), without further detail.",proposed
Q453505,C00440,Kenwa Mabuni,Ryusho Sakagami,high,research:https://shuriway.com/sakagami.html | research:https://www.usadojo.com/ryusho-sakagami/,[lineage completion:Kobudo lines: Taira Shinken / ; verifier: confirmed] Sakagami was a dedicated disciple of Mabuni in Osaka and was named 3rd generation head of Itosu-ha by Mabuni in 1952.,proposed
Q723832,C00440,Taira Shinken,Ryusho Sakagami,high,research:https://shuriway.com/sakagami.html | research:https://www.itosu-ryu.net/soke,"[lineage completion:Kobudo lines: Taira Shinken / ; verifier: confirmed] Sakagami studied Ryukyu Kobudo under Taira Shinken, who lived with the Sakagami family from 1957 and awarded him shihan (1959) and 8th dan (1963).",proposed
C00440,Q1473967,Ryusho Sakagami,Fumio Demura,high,research:https://shuriway.com/sakagami.html | research:https://www.usadojo.com/ryusho-sakagami/,"[lineage completion:Kobudo lines: Taira Shinken / ; verifier: confirmed] Demura is named among Sakagami's most notable disciples (founder of Shito-Ryu Itosu-Kai USA, 1965).",proposed
C00449,Q6782517,Sanda Chinen,Masami Chinen,high,research:https://en.wikipedia.org/wiki/Yamanni_ryu | research:https://www.koryu-uchinadi.com/yamane-ryu/,[lineage completion:Kobudo lines: Taira Shinken / ; verifier: confirmed] Masami Chinen learned bojutsu from his grandfather Chinen Sanda and named Yamane-ryu after him.,proposed
C00449,C00025,Sanda Chinen,Chojo Oshiro,high,research:https://www.koryu-uchinadi.com/yamane-ryu/,[lineage completion:Kobudo lines: Taira Shinken / ; verifier: confirmed] Oshiro (Ogusuku) Chojo (1887-1935) is described as Chinen Sanda's most prominent disciple and the most visible proponent of his bojutsu.,proposed
Q6782517,C00494,Masami Chinen,Seitoku Higa,high,research:https://en.wikipedia.org/wiki/Yamanni_ryu,[lineage completion:Kobudo lines: Taira Shinken / ; verifier: confirmed] Higa Seitoku was the only person to receive an official bojutsu licence from Chinen Masami; his kata are preserved in the Bugeikan.,proposed
C00450,C00527,Sanda Kanagusuku,Shosei Kina,high,research:https://en.wikipedia.org/wiki/Ufuchiku_Kobudo,[lineage completion:Kobudo lines: Taira Shinken / ; verifier: confirmed] Kina Shosei began training under Ufuchiku Kanagusuku Sanda in 1906 and became 2nd soke of Ufuchiku kobudo.,proposed
C00527,C00518,Shosei Kina,Shinyei Kyan,high,research:https://en.wikipedia.org/wiki/Ufuchiku_Kobudo,[lineage completion:Kobudo lines: Taira Shinken / ; verifier: confirmed] Wikipedia lists Shinyei Kyan first among Kina Shosei's students in Ufuchiku kobudo.,proposed
C00478,C00037,Seikichi Uehara,Chomo Motobu,low,research:https://www.motobu-ryu.org/motobu-udundi/uehara-seikichi/ | research:https://www.motobu-ryu.org/motobu-udundi/about-motobu-udundi/,[lineage completion:Kobudo lines: Taira Shinken / ; verifier: plausible] At Choyu's request Uehara went to Wakayama in 1923 and spent six months teaching udundi to Choyu's second son Chomo.,proposed
C00087,Q1908088,Gushikawa no Tiragwa,Shinko Matayoshi,high,research:https://www.tobukanmartialarts.com/about-us/matayoshi-kobudo-weapons/ | research:https://milos.io/matayoshi-kobudo-tradition/,"[lineage completion:Kobudo lines: Taira Shinken / ; verifier: confirmed] Matayoshi Shinko learned bo, sai, kama and eku from Agena Chokuho of Gushikawa Village, known by the nickname Gushicha Teragua (Gushikawa no Tiragwa), matching this orphan entry.",proposed
C00156,Q1908088,Jitude Moshigwa Ire,Shinko Matayoshi,high,research:https://shinryukan.com/about/shinko-matayoshi/ | research:https://milos.io/matayoshi-kobudo-tradition/,"[lineage completion:Kobudo lines: Taira Shinken / ; verifier: confirmed] Matayoshi Shinko learned tonfa and nunchaku from 'Jitude Mishigwa Irei' of Nozato, Chatan; the orphan entry is this teacher under a variant romanisation.",proposed
Q1908088,Q1908090,Shinko Matayoshi,Matayoshi Shinpo,high,research:https://en.wikipedia.org/wiki/Matayoshi_Kobudo | research:https://milos.io/matayoshi-kobudo-tradition/,[lineage completion:Kobudo lines: Taira Shinken / ; verifier: confirmed] Shinpo was taught by and succeeded his father Shinko as head of the Matayoshi kobudo tradition after Shinko's death in 1947.,proposed
C00084,Q1908090,Gokenki,Matayoshi Shinpo,medium,research:https://milos.io/matayoshi-kobudo-tradition/ | research:https://sites.google.com/tsuzukete.com/home/knowledge/history/shinpo-matayoshi,[lineage completion:Kobudo lines: Taira Shinken / ; verifier: confirmed] From 1935 Shinpo studied Hakutsuru (white crane) kempo under the Chinese tea merchant Go Kenki (Gokenki); consistently reported across Matayoshi histories.,proposed
Q1908090,C00653,Matayoshi Shinpo,Yoshiaki Gakiya,high,research:http://www.isja.com/seishinkan/Seishinkan/Matayoshi_Kobudo.html | research:https://en.wikipedia.org/wiki/Matayoshi_Kobudo,"[lineage completion:Kobudo lines: Taira Shinken / ; verifier: confirmed] Gakiya began kobudo at the Kodokan under Matayoshi Shinpo in 1975, received his teaching licence from him in 1980 and was appointed head of the system before Shinpo's death.",proposed
Q1908090,C00546,Matayoshi Shinpo,Shusei Maeshiro,high,research:http://www.matayoshikobudo.org.uk/the-zen-okinawa-kobudo-renmei/4592622429 | research:https://en.wikipedia.org/wiki/Matayoshi_Kobudo,[lineage completion:Kobudo lines: Taira Shinken / ; verifier: confirmed] Maeshiro Shusei was Shinpo's most senior student and the only person to receive 10th dan from him; later technical director of the Zen Okinawa Kobudo Renmei.,proposed
Q1908090,C00566,Matayoshi Shinpo,Takashi Kinjo,high,research:https://koburyu.org/home/koburyu_kinjo/ | research:https://koburyuusa.com/home/koburyu-kobudo/kobudo-lineage/,[lineage completion:Kobudo lines: Taira Shinken / ; verifier: confirmed] Kinjo Takashi studied kobudo under Matayoshi Shinpo from 1964 and earned 8th dan from him before founding Koburyu in 2000.,proposed
Q1908090,C00245,Matayoshi Shinpo,Kenyu Chinen,high,research:https://www.oshukai.com/information/sensei-chinen/ | research:https://pl.wikipedia.org/wiki/Kenyu_Chinen,[lineage completion:Kobudo lines: Taira Shinken / ; verifier: confirmed] Kenyu Chinen trained in kobudo under Matayoshi Shinpo from 1962 and is called Matayoshi's number one student; founder of World Oshukai.,proposed
Q3482635,C00245,Shugoro Nakazato,Kenyu Chinen,high,research:https://www.oshukai.com/information/sensei-chinen/ | research:https://pl.wikipedia.org/wiki/Kenyu_Chinen,[lineage completion:Kobudo lines: Taira Shinken / ; verifier: confirmed] Kenyu Chinen began Shorin-ryu karate under Nakazato Shugoro in 1959.,proposed
Q1908090,C00057,Matayoshi Shinpo,Franco Sanguinetti,high,research:https://dev.bushikan.com/sensei/ | research:https://www.bushikan.com/Kobudo/MKKI.htm,"[lineage completion:Kobudo lines: Taira Shinken / ; verifier: confirmed] Sanguinetti moved to Okinawa in 1982, trained under Matayoshi Shinpo until his death in 1997 and holds a menkyo awarded by him; founder of Matayoshi Kobudo Kodokan International.",proposed
C00653,C00057,Yoshiaki Gakiya,Franco Sanguinetti,low,research:https://dev.bushikan.com/sensei/,[lineage completion:Kobudo lines: Taira Shinken / ; verifier: plausible] After Matayoshi Shinpo's death in 1997 Sanguinetti continued training with Gakiya Yoshiaki and other Kodokan seniors.,proposed
C00232,C00625,Kenko Nakaima,Tsuguo Sakumoto,high,research:http://findingkarate.com/wordpress/spotlight-tsuguo-sakumoto-a-legend-in-his-own-time/ | research:https://www.ryueiryu.com/history,"[lineage completion:Kobudo lines: Taira Shinken / ; verifier: confirmed] Sakumoto began training under Kenko Nakaima in 1970 and became Ryuei-ryu's most famous exponent, later appointed successor.",proposed
A0025,C00626,Tsuken Shosoku Oyakata,Tsuken Akachu,low,research:http://aiki-jitsu.hu/aiki-jitsu/okinawa-kobudo/ | research:https://www.dragonacademy.it/kobudo-di-okinawa/,"[lineage completion:Kobudo lines: Taira Shinken / ; verifier: plausible] Kobudo tradition (basis of the eku kata Tsuken Akachu no eku de): the bojutsu expert Chikin (Tsuken) Shosoku Oyakata, exiled to Tsuken-jima, taught bo to the fisherman Akachu, who fused it with oar techniques. Legendary but consistently retold.",proposed
C00625,Q64574038,Tsuguo Sakumoto,Ryo Kiyuna,high,research:http://findingkarate.com/wordpress/ryo-kiyuna/ | research:https://www.wkf.net/news-center/article/!/1736/karateworldchamps-ryo-kiyuna-i-only-focus-on-my-sensei | research:https://www.nippon.com/en/japan-topics/c07605/,[lineage completion:General sweep: notable orphans; verifier: confirmed] Kiyuna began training under Sakumoto at the Sakumoto Karate Academy in 2005; Sakumoto was his coach at the Tokyo Olympics where Kiyuna won kata gold.,proposed
C00232,C00586,Kenko Nakaima,Teruo Hayashi,high,research:https://shuriway.com/hayashi.html | research:http://findingkarate.com/wordpress/teruo-hayashi/,[lineage completion:General sweep: notable orphans; verifier: confirmed] Hayashi was the first non-family member allowed to study Ryuei-ryu under Kenko Nakaima; Hayashi-ha incorporates much Ryuei-ryu theory.,proposed
C00285,C00586,Kokuba,Teruo Hayashi,medium,research:https://www.internationalshitoryu.com/aboutus/organization-chart/hayashi-teruo/ | research:https://shuriway.com/hayashi.html,[lineage completion:General sweep: notable orphans; verifier: confirmed] Hayashi studied Shito-ryu under Kosei Kokuba of the Seishinkai and succeeded him; roster entry 'Kokuba' taken to be Kokuba Kosei (1900-1959).,proposed
Q1147708,C00285,Motobu Choki,Kokuba,medium,research:https://ikku.org/education/masters/kosei-kokuba/ | research:http://itkka.com/en/master-kokuba-kosei-1900-1959/,"[lineage completion:General sweep: notable orphans; verifier: confirmed] Kokuba Kosei began training under Motobu Choki at 14, taught Motobu's karate at his Seishinkan dojo and became second soke of Motobu-ha; medium because roster name is the bare 'Kokuba'.",proposed
C00285,Q3959901,Kokuba,Shogo Kuniba,medium,research:http://itkka.com/en/master-kokuba-kosei-1900-1959/ | research:http://www.mideasternkarateassociation.org/history-of-our-style.html,"[lineage completion:General sweep: notable orphans; verifier: confirmed] Shogo Kuniba was Kokuba Kosei's only son, trained in his father's Seishinkai and became third soke of Motobu-ha Shito-ryu on his father's death in 1959.",proposed
C00586,A0026,Teruo Hayashi,Yoshimi Inoue,medium,research:http://findingkarate.com/wordpress/spotlight-yoshimi-inoue-trainer-of-champions/ | research:https://www.facebook.com/wkfofficial/photos/538096786330101/,[lineage completion:General sweep: notable orphans; verifier: confirmed] WKF: Inoue founded Inoue-ha Shito-ryu Keishin-kai in 2004 as a direct descendant of Hayashi-ha Shito-ryu; Inoue trained in Hayashi-ha under Teruo Hayashi.,proposed
A0026,Q11449100,Yoshimi Inoue,Rika Usami,high,research:http://findingkarate.com/wordpress/rika-usami/ | research:https://www.facebook.com/wkfofficial/photos/538096786330101/ | research:https://www.karatebyjesse.com/the-wisdom-of-inoue-yoshimi-legendary-japanese-national-team-kata-coach-seminar-recap/,[lineage completion:General sweep: notable orphans; verifier: confirmed] Usami trained under Yoshimi Inoue from 2005 until his death in 2015; became 2012 world kata champion under his coaching.,proposed
Q453505,C00246,Kenwa Mabuni,Kenzo Mabuni,high,research:http://findingkarate.com/wordpress/kenzo-mabuni/ | research:https://www.seitoshitoryu.com/soke.php,"[lineage completion:General sweep: notable orphans; verifier: confirmed] Kenzo Mabuni joined his father's school at 13, trained consistently with him and succeeded as second soke of Seito Shito-ryu.",proposed
C00084,Q453505,Gokenki,Kenwa Mabuni,medium,research:https://www.karatebyjesse.com/go-kenki-the-undercover-kung-fu-pioneer-of-okinawan-karate/ | research:https://kodokanboston.org/2018/10/31/some-thoughts-on-gokenki-and-the-transmission-of-his-crane-on-okinawa/,[lineage completion:General sweep: notable orphans; verifier: confirmed] Gokenki taught his white crane kung fu to Kenwa Mabuni (among others) at the Ryukyu Tode Kenkyukai; Mabuni's kata Nipaipo derives from him.,proposed
C00547,Q2473562,Shu Shi Wa,Kanbun Uechi,high,research:https://en.wikipedia.org/wiki/Uechi-Ry%C5%AB,"[lineage completion:General sweep: notable orphans; verifier: confirmed] Wikipedia Uechi-ryu: Kanbun Uechi trained about 13 years in Fuzhou under Shu Shiwa (Zhou Zihe), the basis of Uechi-ryu.",proposed
C00064,A0008,Seiryo Shinjo,Seiyu Shinjo,high,research:https://www.alandollar.com/uechi/hist_seiyu.htm,[lineage completion:General sweep: notable orphans; verifier: confirmed] Seiryo taught his son Seiyu at home in addition to Kanbun Uechi's teaching; Seiyu later took over Seiryo's Kadena dojo.,proposed
Q2393877,C00033,Chotoku Kyan,Eizo Shimabuku,high,research:https://www.usadojo.com/shobayashi-shorin-ryu/ | research:https://www.whistlekickmartialartsradio.com/blog/955-eizo-shimabukuro-legacy,"[lineage completion:General sweep: notable orphans; verifier: confirmed] Eizo Shimabuku took up Shuri-te under Chotoku Kyan, who became his primary instructor; founded Shobayashi Shorin-ryu from Kyan's teaching.",proposed
Q221121,C00033,Chojun Miyagi,Eizo Shimabuku,medium,research:https://www.usadojo.com/shobayashi-shorin-ryu/,[lineage completion:General sweep: notable orphans; verifier: confirmed] Eizo Shimabuku studied under Chojun Miyagi before taking up Shuri-te under Kyan.,proposed
Q1147708,C00033,Motobu Choki,Eizo Shimabuku,medium,research:https://www.usadojo.com/shobayashi-shorin-ryu/ | research:https://www.whistlekickmartialartsradio.com/blog/955-eizo-shimabukuro-legacy,[lineage completion:General sweep: notable orphans; verifier: confirmed] Consistently reported that Shimabuku also studied under Choki Motobu alongside his primary training with Kyan.,proposed
C00033,Q1691502,Eizo Shimabuku,Joe Lewis,high,research:https://en.wikipedia.org/wiki/Joe_Lewis_(martial_artist),"[lineage completion:General sweep: notable orphans; verifier: confirmed] Wikipedia: Joe Lewis studied Shorin-ryu with Eizo Shimabukuro while stationed in Okinawa 1964-65, earning his black belt in seven months.",proposed
Q6426547,C00187,Kokan Oyadomari,Kotsu Oyadomari,medium,research:https://wseku-karate.org/en/istoria-okinawa-karate/tomari-te/ | research:https://www.facebook.com/a.tanzadeh/posts/1157591653044664/,[lineage completion:General sweep: notable orphans; verifier: confirmed] Tomari-te histories: Kokan Oyadomari's karate was preserved by his two sons Kotsu (1874-1929) and Konin.,proposed
Q6426547,C00178,Kokan Oyadomari,Konin Oyadomari,medium,research:https://wseku-karate.org/en/istoria-okinawa-karate/tomari-te/ | research:https://www.facebook.com/a.tanzadeh/posts/1157591653044664/,[lineage completion:General sweep: notable orphans; verifier: confirmed] Tomari-te histories: Konin was one of the two sons who preserved Kokan Oyadomari's karate.,proposed
C00187,C00476,Kotsu Oyadomari,Seikichi Hokama,medium,research:https://wseku-karate.org/en/istoria-okinawa-karate/tomari-te/,[lineage completion:General sweep: notable orphans; verifier: confirmed] Seikichi Hokama was a disciple of both Kotsu and Konin Oyadomari and preserved the family's Tomari-te in the 20th century.,proposed
C00178,C00476,Konin Oyadomari,Seikichi Hokama,medium,research:https://wseku-karate.org/en/istoria-okinawa-karate/tomari-te/,[lineage completion:General sweep: notable orphans; verifier: confirmed] Seikichi Hokama was a disciple of both Kotsu and Konin Oyadomari.,proposed
Q268880,C00085,Gogen Yamaguchi,Gosei Yamaguchi,high,research:http://findingkarate.com/wordpress/gosei-yamaguchi/ | research:https://www.usadojo.com/gosei-yamaguchi/,"[lineage completion:General sweep: notable orphans; verifier: confirmed] Gosei, eldest son of Gogen Yamaguchi, began training with his father at age 4 and was sent by him to establish Goju-kai in the USA in 1964.",proposed
Q268880,C00086,Gogen Yamaguchi,Goshi Yamaguchi,high,research:http://findingkarate.com/wordpress/goshi-yamaguchi/ | research:https://martialartstoronto.ca/an-interview-with-goshi-yamaguchi-by-graham-noble/,"[lineage completion:General sweep: notable orphans; verifier: confirmed] Goshi, youngest son of Gogen, began training at his father's Senzoku dojo in 1951 and now heads the International Karate-do Goju-kai.",proposed
Q106695378,C00334,Sosui Ichikawa,Tadahiko Otsuka,high,research:https://jamessumarac.com/an-interview-with-sensei-tadahiko-ohtsuka-part-1/ | research:https://jamessumarac.com/traditional-goju-ryu-karate/,"[lineage completion:General sweep: notable orphans; verifier: confirmed] Otsuka began Goju-ryu in 1955 at age 15 under Sosui Ichikawa in Tokyo, reaching 5th dan by 1965 before founding Gojukensha.",proposed
Q780966,Q3081845,Seiji Isobe,Francisco Filho,high,research:https://en.wikipedia.org/wiki/Seiji_Isobe | research:http://findingkarate.com/wordpress/francisco-filho/,"[lineage completion:General sweep: notable orphans; verifier: confirmed] Filho trained at the Liberdade dojo in Sao Paulo under Seiji Isobe, including private lessons, and became the first non-Japanese kyokushin world champion (1999).",proposed
Q294548,Q6739958,Mas Oyama,Makoto Nakamura,high,research:https://kyokushinkaikansrilanka.com/head-of-i-k-o-nakamura/ | research:https://taigadojo.com/ikok-sonoda/,"[lineage completion:General sweep: notable orphans; verifier: confirmed] Makoto Nakamura entered the Kyokushin honbu dojo in Ikebukuro after high school and trained under Mas Oyama; two-time kyokushin world champion (1979, 1984).",proposed
Q27363,Q48441622,Tatsuo Shimabuku,Harold Long,high,research:https://en.wikipedia.org/wiki/Harold_G._Long | research:https://usika.com/harold-g-long/,[lineage completion:General sweep: notable orphans; verifier: confirmed] Wikipedia: Long studied Isshinryu under Tatsuo Shimabuku in Okinawa 1957-58 and received his dan grades from Shimabuku up to 8th dan.,proposed
Q2149940,Q7147128,Richard Kim,Patrick McCarthy,high,research:http://findingkarate.com/wordpress/patrick-mccarthy/,[lineage completion:General sweep: notable orphans; verifier: confirmed] McCarthy became a disciple of Richard Kim in 1977 and later his personal representative in Japan; Kim shaped McCarthy's historical research.,proposed
Q135222893,A0027,Tsuyoshi Chitose,Katsuoh Yamamoto,high,research:https://www.usadojo.com/katsuoh-yamamoto/ | research:https://en.wikipedia.org/wiki/Yoshukai_Karate,"[lineage completion:General sweep: notable orphans; verifier: confirmed] Yamamoto began serious Chito-ryu training at 15 under Tsuyoshi Chitose, became All Japan champion, then founded Yoshukai after separating from Chitose.",proposed
A0027,Q6830460,Katsuoh Yamamoto,Michael G Foster,high,research:https://en.wikipedia.org/wiki/Michael_G._Foster | research:https://yoshukaialliance.com/about/history-of-yoshukai-karate/,[lineage completion:General sweep: notable orphans; verifier: confirmed] Foster lived and trained in Yamamoto's dojo in Japan for about nineteen months and was named Yamamoto's chief US representative for Yoshukai.,proposed
Q115091,Q106668612,Peter Urban,Aaron Banks,low,research:https://www.usadojo.com/aaron-banks/,[lineage completion:General sweep: notable orphans; verifier: plausible] Banks's arts included Goju-ryu taught by Peter Urban (and Gonnohye Yamamoto); he earned his Goju-ryu black belt within four years.,proposed
C00269,C00268,Kojo UEKATA,Kojo PECHIN,low,research:https://koshinkan.org/478-2/ | research:https://koshinkan.org/history/ | research:https://ja.wikipedia.org/wiki/%E6%B9%96%E5%9F%8E%E6%B5%81,"[kojo-motobu-ryuei:Kojo (Kogusuku) family system ; verifier: plausible] Koshinkan lineage chart draws Shinpo Uekata Kojo (Cai Zhaogong, 1665-1747) transmitting to Pechin Shinunjo Kojo (Cai Shicang, c.1780); ja-Wikipedia says the founder taught the family art to his clan, first-generation head being Kojo Pechin (chikaunjo",proposed
C00268,C00522,Kojo PECHIN,Shoi Sai,low,research:https://koshinkan.org/478-2/ | research:https://ja.wikipedia.org/wiki/%E6%B9%96%E5%9F%8E%E6%B5%81 | research:https://simonechierchini.com/2020/04/29/kojo-ryu-karate-lo-stile-fantasma-di-okinawa/,"[kojo-motobu-ryuei:Kojo (Kogusuku) family system ; verifier: plausible] Shoi Sai = Sai Shoi / 'Saisho' Kojo (Cai Changwei, 1816-1906), second-generation head of the family system. Koshinkan chart draws Pechin Shinunjo (c.1780-1860) -> Saisho; ja-Wikipedia gives succession 1st Kojo Pechin -> 2nd Sai Shoi; Chierchini calls",proposed
C00522,C00141,Shoi Sai,Isei Kojo,low,research:https://koshinkan.org/478-2/ | research:https://ja.wikipedia.org/wiki/%E6%B9%96%E5%9F%8E%E6%B5%81,"[kojo-motobu-ryuei:Kojo (Kogusuku) family system ; verifier: plausible] Koshinkan chart draws Saisho (Cai Changwei, 1816-1906) -> Isei Kojo (1832-1891); ja-Wikipedia succession has 2nd generation Sai Shoi followed by 3rd generation Isei. Dates are compatible, but the teaching relationship rests on lineage-chart successio",proposed
C00522,C00564,Shoi Sai,Taitei Kojo,low,research:https://simonechierchini.com/2020/04/29/kojo-ryu-karate-lo-stile-fantasma-di-okinawa/ | research:https://koshinkan.org/478-2/,"[kojo-motobu-ryuei:Kojo (Kogusuku) family system ; verifier: plausible] Chierchini's detailed Kojo-ryu history describes Taitei (1837-1917) as grandson of Shoi and third-generation successor of the family system Shoi headed; Koshinkan chart places Taitei in the same generation line. Family-succession transmission, single",proposed
C00145,C00141,Iwah,Isei Kojo,medium,research:https://ja.wikipedia.org/wiki/%E6%B9%96%E5%9F%8E%E6%B5%81 | research:https://koshinkan.org/history/ | research:https://forums.uechi-ryu.com/viewtopic.php?t=22939,"[kojo-motobu-ryuei:Kojo (Kogusuku) family system ; verifier: confirmed] Japanese Wikipedia (Kojo-ryu, citing Uechi Kanei's Seisetsu Okinawa Karate-do): third-generation Isei 'studied under Iwah, a military officer in China, and served as his deputy instructor'. Koshinkan history independently states Isei went to China to",proposed
C00145,C00564,Iwah,Taitei Kojo,medium,research:https://koshinkan.org/history/ | research:https://shorinjiryublog.wordpress.com/2019/09/01/the-kenpo-of-kume-village/ | research:https://simonechierchini.com/2020/04/29/kojo-ryu-karate-lo-stile-fantasma-di-okinawa/,[kojo-motobu-ryuei:Kojo (Kogusuku) family system ; verifier: confirmed] Koshinkan history: Isei trained under I Fa (Iwah) together with his cousin Taitei; the shorinjiryu Kume-village study attributes Iwah as Kogusuku Taitei's teacher per Funakoshi's writings ('Kogusuku of Kume' among Iwah's students); Chierchini: Taitei,proposed
C00145,C00427,Iwah,Ranho Maezato,low,research:https://okinawankarate.org/shorin-ryu-shuri-te.html,"[kojo-motobu-ryuei:Kojo (Kogusuku) family system ; verifier: confirmed] The same Funakoshi-derived passage names 'Maesato' of Kume among Iwah's students; identification of this Maesato with Maezato Ranpo/Ranho of Kume (1838-1904) is the standard reading but is an inference, so rated low.",proposed
C00639,C00564,Wai Shin Zan,Taitei Kojo,medium,research:https://ja.wikipedia.org/wiki/%E6%B9%96%E5%9F%8E%E6%B5%81 | research:https://shorinjiryublog.wordpress.com/2019/09/01/the-kenpo-of-kume-village/ | research:https://simonechierchini.com/2020/04/29/kojo-ryu-karate-lo-stile-fantasma-di-okinawa/,[kojo-motobu-ryuei:Kojo (Kogusuku) family system ; verifier: confirmed] Japanese Wikipedia (Kojo-ryu): 'Isei's cousin Taitei studied under Waishinzan'; the shorinjiryu article gives Wai Xinxian as Taitei's teacher per the Kojo family's own account; Chierchini and the Koshinkan chart concur. Consistent across independent ,proposed
C00639,C00108,Wai Shin Zan,Kaho Kojo,low,research:https://koshinkan.org/478-2/,"[kojo-motobu-ryuei:Kojo (Kogusuku) family system ; verifier: plausible] Koshinkan lineage chart draws 'Wahn Shin Shan' (Wai Xinxian) teaching Kaho Kojo (1849-1925) as well as Taitei. Single-organisation chart, not corroborated elsewhere: low.",proposed
C00639,Q699236,Wai Shin Zan,Higaonna Kanryo,medium,research:https://en.wikipedia.org/wiki/Higaonna_Kanry%C5%8D | research:https://okinawankarate.org/shorin-ryu-shuri-te.html,"[kojo-motobu-ryuei:Kojo (Kogusuku) family system ; verifier: confirmed] Wikipedia (Higaonna Kanryo): in his first years in Fuzhou he 'probably studied with Wai Xinxian, Kojo Taitei and or Iwah at the Kojo Dojo'; okinawankarate.org lists 'Hijaunna' (Higaonna) among Waishinzan's students. Consistently reported in Goju-ryu ",proposed
Q954330,C00564,Ryu Ryu Ko,Taitei Kojo,medium,research:https://en.wikipedia.org/wiki/Ry%C5%AB_Ry%C5%AB_Ko | research:https://koshinkan.org/478-2/,[kojo-motobu-ryuei:Kojo (Kogusuku) family system ; verifier: confirmed] Wikipedia (Ryu Ryu Ko) lists 'Kojo Taitei (1837-1915)' among the Okinawans 'believed to have studied' at Ryu Ryu Ko's school; the Koshinkan Kojo-ryu chart independently draws Ryu Ryu Ko -> Taitei. Hedged wording keeps this at medium.,proposed
Q954330,C00252,Ryu Ryu Ko,Kitoku Sakiyama,medium,research:https://en.wikipedia.org/wiki/Ry%C5%AB_Ry%C5%AB_Ko,"[kojo-motobu-ryuei:Kojo (Kogusuku) family system ; verifier: confirmed] Wikipedia (Ryu Ryu Ko) lists Sakiyama Kitoku (1830-1914) among the Okinawan martial artists believed to have studied at his school in Fuzhou; a standard, consistently repeated attribution in Naha-te histories.",proposed
Q954330,C00427,Ryu Ryu Ko,Ranho Maezato,medium,research:https://en.wikipedia.org/wiki/Ry%C5%AB_Ry%C5%AB_Ko,[kojo-motobu-ryuei:Kojo (Kogusuku) family system ; verifier: confirmed] Wikipedia (Ryu Ryu Ko) lists Maezato Ranpo (1838-1904) among the students believed to have trained at his Fuzhou school.,proposed
Q954330,C00605,Ryu Ryu Ko,Tokusaburo Matsuda,low,research:https://en.wikipedia.org/wiki/Ry%C5%AB_Ry%C5%AB_Ko | research:https://medium.com/@motobu715/matsuda-tokusabur%C5%8D-e2bed486d39a,[kojo-motobu-ryuei:Kojo (Kogusuku) family system ; verifier: plausible] Wikipedia (Ryu Ryu Ko) lists Matsuda Tokusaburo (1877-1931) among students believed to have trained at his school; Motobu Naoki's article documents Matsuda as an Okinawan who trained long-term in Fuzhou alongside Uechi Kanbun.,proposed
C00564,Q699236,Taitei Kojo,Higaonna Kanryo,medium,research:https://en.wikipedia.org/wiki/G%C5%8Dj%C5%AB-ry%C5%AB | research:https://en.wikipedia.org/wiki/Higaonna_Kanry%C5%8D | research:https://shorinjiryublog.wordpress.com/2019/09/01/the-kenpo-of-kume-village/,"[kojo-motobu-ryuei:Kojo (Kogusuku) family system ; verifier: confirmed] Wikipedia (Goju-ryu): Arakaki 'recommended Higaonna to Kojo Taitei, under whom Higaonna began training'; Wikipedia (Higaonna): Arakaki gave him an introduction to Kojo Taitei, whose dojo was in Fuzhou, and he probably studied there before Ryu Ryu Ko;",proposed
C00564,Q41105,Taitei Kojo,Gichin Funakoshi,low,research:https://koshinkan.org/history/ | research:https://shorinjiryublog.wordpress.com/2019/09/01/the-kenpo-of-kume-village/,"[kojo-motobu-ryuei:Kojo (Kogusuku) family system ; verifier: plausible] Koshinkan history: 'it is said that he [Taitei] taught Karate to Gichin Funakoshi for the first time'; the shorinjiryu Kume study says Funakoshi learned Suparinpei/Peichurin from Kogusuku Taitei. Credible tradition only, not in Funakoshi's mainstream",proposed
C00564,C00001,Taitei Kojo,Akahige Kojo,low,research:https://koshinkan.org/478-2/ | research:https://ja.wikipedia.org/wiki/%E6%B9%96%E5%9F%8E%E6%B5%81,"[kojo-motobu-ryuei:Kojo (Kogusuku) family system ; verifier: plausible] 'Akahige' (Red Beard) is the documented alias of Kojo Homei (1861-1919), 4th-generation line per Japanese Wikipedia; the Koshinkan chart draws Taitei (1837-1917) -> Homei Kojo (1861-1916). C00001 is Homei under his alias; the teaching arrow itself ap",proposed
C00141,C00108,Isei Kojo,Kaho Kojo,low,research:https://koshinkan.org/478-2/ | research:https://koshinkan.org/history/ | research:https://ja.wikipedia.org/wiki/%E6%B9%96%E5%9F%8E%E6%B5%81,[kojo-motobu-ryuei:Kojo (Kogusuku) family system ; verifier: plausible] Koshinkan chart draws Isei (1832-1891) -> Kaho (1849-1925); Koshinkan history and Japanese Wikipedia both give the succession 3rd generation Isei -> 4th generation Kaho in a style transmitted strictly within the family. Dates fully compatible.,proposed
C00108,C00263,Kaho Kojo,Saikyo Kojo,low,research:https://ja.wikipedia.org/wiki/%E6%B9%96%E5%9F%8E%E6%B5%81 | research:https://simonechierchini.com/2020/04/29/kojo-ryu-karate-lo-stile-fantasma-di-okinawa/ | research:https://koshinkan.org/478-2/,[kojo-motobu-ryuei:Kojo (Kogusuku) family system ; verifier: plausible] Succession 4th-generation Kaho (1849-1925) -> 5th-generation Saikyo (1873-1941) per Japanese Wikipedia and Koshinkan; Chierchini describes Saikyo as Kaho's close kinsman and 5th-generation successor who inherited the family system. Note: Koshinkan hi,proposed
C00263,C00107,Saikyo Kojo,Kafu Kojo,medium,research:https://simonechierchini.com/2020/04/29/kojo-ryu-karate-lo-stile-fantasma-di-okinawa/ | research:https://koshinkan.org/478-2/ | research:https://ja.wikipedia.org/wiki/%E6%B9%96%E5%9F%8E%E6%B5%81,"[kojo-motobu-ryuei:Kojo (Kogusuku) family system ; verifier: confirmed] Kafu (Yoshitomi) Kojo (1909-1996), son of Saikyo and 6th-generation head who named the style 'Kojo-ryu'; Koshinkan chart draws Saikyo -> Kafu and all sources agree on the succession. Documented father-son transmission of the family system, not mere k",proposed
C00542,C00107,Shuren Kojo,Kafu Kojo,low,research:https://koshinkan.org/478-2/ | research:https://ja.wikipedia.org/wiki/%E6%B9%96%E5%9F%8E%E6%B5%81,"[kojo-motobu-ryuei:Kojo (Kogusuku) family system ; verifier: confirmed] Japanese Wikipedia lists Shuren Kojo (1883-1945, alias 'Oni Bucho') as 5th-generation dual-line head preceding 6th-generation Kafu; the Koshinkan chart draws Shuren -> Kafu explicitly. Chart-based teaching arrow: low.",proposed
C00427,C00542,Ranho Maezato,Shuren Kojo,low,research:https://koshinkan.org/478-2/,[kojo-motobu-ryuei:Kojo (Kogusuku) family system ; verifier: plausible] Koshinkan lineage chart draws 'Bushi Ranho Maezato' teaching Shuren Kojo (1883-1945). Chronologically possible but found only on this single organisation's chart: low.,proposed
C00107,C00506,Kafu Kojo,Shigeru Kojo,low,research:https://ja.wikipedia.org/wiki/%E6%B9%96%E5%9F%8E%E6%B5%81 | research:https://koshinkan.org/history/ | research:https://koshinkan.org/478-2/,"[kojo-motobu-ryuei:Kojo (Kogusuku) family system ; verifier: plausible] Shigeru Kojo (1934-1970s per ja-Wikipedia; 1934-1993 per Koshinkan chart) was Kafu's son and the 7th-generation head, trained by Kafu as successor; he closed the family dojo in 1975 due to illness.",proposed
C00107,C00352,Kafu Kojo,Tatsumi Kojo,low,research:https://koshinkan.org/478-2/ | research:https://ja.wikipedia.org/wiki/%E6%B9%96%E5%9F%8E%E6%B5%81,[kojo-motobu-ryuei:Kojo (Kogusuku) family system ; verifier: plausible] Koshinkan chart draws Kafu (d.1996) -> Tatsumi Kojo directly; Japanese Wikipedia records Tatsumi (b.1951) as the 8th-generation head after Shigeru. Chronologically sound (Kafu lived until Tatsumi was 45) but the direct teaching arrow appears only on ,proposed
C00108,Q2473562,Kaho Kojo,Kanbun Uechi,low,research:https://en.wikipedia.org/wiki/Kanbun_Uechi | research:https://medium.com/@motobu715/koj%C5%8D-kah%C5%8D-and-uechi-kanbun-dd6efc3e42fd | research:https://koshinkan.org/history/,"[kojo-motobu-ryuei:Kojo (Kogusuku) family system ; verifier: plausible] Uechi Kanbun 'initially took up the study of Kojo Ryu' on arriving in Fuzhou in 1897 (Wikipedia); the family dojo was then headed by 4th-generation Kaho (1849-1925), the pairing Motobu Naoki examines in 'Kojo Kaho and Uechi Kanbun'. Koshinkan's alter",proposed
C00196,Q2473562,Makabe UDUN,Kanbun Uechi,low,research:https://en.wikipedia.org/wiki/Kanbun_Uechi | research:https://medium.com/@motobu715/matsuda-tokusabur%C5%8D-e2bed486d39a,"[kojo-motobu-ryuei:Kojo (Kogusuku) family system ; verifier: plausible] Wikipedia (Kanbun Uechi): 'Makabe [Udun], an instructor at Kojo dojo mocked Kanbun for a speech impediment... nicknamed Kanbun Uechi Watabugwa', the insult that drove Uechi to leave for Zhou Zihe; Motobu Naoki's research repeats the account. Document",proposed
C00108,C00605,Kaho Kojo,Tokusaburo Matsuda,low,research:https://medium.com/@motobu715/matsuda-tokusabur%C5%8D-e2bed486d39a | research:https://medium.com/@motobu715/koj%C5%8D-kah%C5%8D-and-uechi-kanbun-dd6efc3e42fd,"[kojo-motobu-ryuei:Kojo (Kogusuku) family system ; verifier: plausible] Motobu Naoki documents that Matsuda Tokusaburo (1877-1931) entered the Kojo dojo in Fuzhou with Uechi Kanbun in 1897 and, unlike Uechi, stayed on, his name appearing in Kojo-ryu lineage charts. The dojo head in that period was Kaho, but attribution o",proposed
Q705617,C00107,Chomo Hanashiro,Kafu Kojo,low,research:https://simonechierchini.com/2020/04/29/kojo-ryu-karate-lo-stile-fantasma-di-okinawa/,"[kojo-motobu-ryuei:Kojo (Kogusuku) family system ; verifier: confirmed] Chierchini's Kojo-ryu history states Kafu also trained under Hanashiro Chomo (and befriended Chibana Choshin), consistent with ja-Wikipedia noting Kafu's early style names reflected outside Shuri-te connections. Single secondary source: low.",proposed
Q527422,Q1147708,Anko Itosu,Motobu Choki,high,research:https://en.wikipedia.org/wiki/Motobu_Ch%C5%8Dki | research:https://en.wikipedia.org/wiki/Motobu_Ch%C5%8Dy%C5%AB,[kojo-motobu-ryuei:Motobu brothers (Motobu Choyu ; verifier: confirmed] Itosu taught Choki for seven to eight years (Naihanchi and Channan kata); in 1881 Choyu invited Itosu to the Motobu palace where both brothers learned from him.,proposed
Q715769,Q1147708,Matsumura Sokon,Motobu Choki,medium,research:https://en.wikipedia.org/wiki/Motobu_Ch%C5%8Dki,"[kojo-motobu-ryuei:Motobu brothers (Motobu Choyu ; verifier: confirmed] Wikipedia records Matsumura giving Choki private kumite training, based on Choki's own written account; consistently reported but resting largely on that account.",proposed
Q3028499,Q1147708,Kosaku Matsumora,Motobu Choki,high,research:https://en.wikipedia.org/wiki/Motobu_Ch%C5%8Dki | research:https://en.wikipedia.org/wiki/Motobu_Ch%C5%8Dy%C5%AB,[kojo-motobu-ryuei:Motobu brothers (Motobu Choyu ; verifier: confirmed] Choki studied irikumi (old-style kumite) under Matsumora from age 19-20 onward; corroborated on both brothers' Wikipedia articles (the brothers trained with Matsumora together).,proposed
A0030,Q1147708,Sakuma Pechin,Motobu Choki,medium,research:https://en.wikipedia.org/wiki/Motobu_Ch%C5%8Dki,"[kojo-motobu-ryuei:Motobu brothers (Motobu Choyu ; verifier: confirmed] Wikipedia lists Sakuma Pechin as one of Choki's four teachers, instructing him in kakidi (old kumite); new person proposed below.",proposed
A0029,Q706389,Motobu Choshin,Motobu Choyu,high,research:https://en.wikipedia.org/wiki/Motobu_Ch%C5%8Dy%C5%AB | research:https://en.wikipedia.org/wiki/House_of_Motobu,"[kojo-motobu-ryuei:Motobu brothers (Motobu Choyu ; verifier: confirmed] Choyu's father Motobu Choshin (9th head of the Motobu Udun) taught him the family art Motobu Udundi from age six; documented family one-son transmission of a training relationship, not mere kinship. New person proposed below.",proposed
Q527422,Q706389,Anko Itosu,Motobu Choyu,high,research:https://en.wikipedia.org/wiki/Motobu_Ch%C5%8Dy%C5%AB,"[kojo-motobu-ryuei:Motobu brothers (Motobu Choyu ; verifier: confirmed] In 1881 Choyu invited Itosu to the Motobu Udun palace, where he and Choki learned karate from him.",proposed
Q715769,Q706389,Matsumura Sokon,Motobu Choyu,medium,research:https://en.wikipedia.org/wiki/Motobu_Ch%C5%8Dy%C5%AB,[kojo-motobu-ryuei:Motobu brothers (Motobu Choyu ; verifier: confirmed] Wikipedia states Choyu studied Shuri-te karate and koryu Japanese martial arts under Matsumura Sokon.,proposed
Q3028499,Q706389,Kosaku Matsumora,Motobu Choyu,medium,research:https://en.wikipedia.org/wiki/Motobu_Ch%C5%8Dy%C5%AB,"[kojo-motobu-ryuei:Motobu brothers (Motobu Choyu ; verifier: confirmed] From age 24-25 Choyu, together with his younger brother Choki, studied under Matsumora Kosaku.",proposed
Q706389,Q135222893,Motobu Choyu,Tsuyoshi Chitose,medium,research:https://en.wikipedia.org/wiki/Tsuyoshi_Chitose | research:https://en.wikipedia.org/wiki/Motobu_Ch%C5%8Dy%C5%AB,[kojo-motobu-ryuei:Motobu brothers (Motobu Choyu ; verifier: confirmed] Chitose's Wikipedia article records that he learned the kata Wansu from Motobu Choyu; Choyu's article lists Chitose among his notable students.,proposed
Q706389,C00514,Motobu Choyu,Shinsuke Kaneshima,high,research:https://medium.com/@motobu715/kaneshima-shinsuke-and-motobu-ch%C5%8Dy%C5%AB-14864cb9eae8 | research:https://en.wikipedia.org/wiki/Motobu_Ch%C5%8Dy%C5%AB,[kojo-motobu-ryuei:Motobu brothers (Motobu Choyu ; verifier: confirmed] Kaneshima Shinsuke (Tozan-ryu Shindokan founder) studied under Motobu Choyu from January 1911 to July 1914 and again January 1915 to March 1918; dated in Motobu Naoki's family-history article and listed on Choyu's Wikipedia page.,proposed
Q1147708,C00514,Motobu Choki,Shinsuke Kaneshima,medium,research:http://okkb.org/onko-chishin/3765 | research:https://www.budowarrior.com/posts/16858156,"[kojo-motobu-ryuei:Motobu brothers (Motobu Choyu ; verifier: confirmed] Kaneshima reportedly also learned Naihanchi, Wanshu and Jitte from Motobu Choki; reported by the Okinawa Traditional Karate Liaison Bureau and Tozan-ryu lineage pages.",proposed
Q1147708,Q1963468,Motobu Choki,Shoshin Nagamine,high,research:https://en.wikipedia.org/wiki/Motobu_Ch%C5%8Dki,[kojo-motobu-ryuei:Motobu brothers (Motobu Choyu ; verifier: confirmed] Nagamine (Matsubayashi-ryu founder) is listed among Choki's students; Nagamine trained under Motobu in Tokyo in 1936 and documented it in his own writings.,proposed
Q1147708,Q3194253,Motobu Choki,Katsuya Miyahira,medium,research:https://en.wikipedia.org/wiki/Katsuya_Miyahira | research:https://en.wikipedia.org/wiki/Motobu_Ch%C5%8Dki,[kojo-motobu-ryuei:Motobu brothers (Motobu Choyu ; verifier: confirmed] Miyahira's Wikipedia article names Choki Motobu as one of his three teachers (with Chibana and Tokuda); reciprocally listed on Choki's article.,proposed
Q1147708,Q386415,Motobu Choki,Hironori Otsuka,high,research:https://en.wikipedia.org/wiki/Motobu_Ch%C5%8Dki,[kojo-motobu-ryuei:Motobu brothers (Motobu Choyu ; verifier: confirmed] Otsuka (Wado-ryu founder) trained under Motobu Choki in mainland Japan; listed among Choki's school-founding students and widely documented in Wado-ryu histories.,proposed
Q1147708,Q4351940,Motobu Choki,Yasuhiro Konishi,high,research:https://en.wikipedia.org/wiki/Motobu_Ch%C5%8Dki,[kojo-motobu-ryuei:Motobu brothers (Motobu Choyu ; verifier: confirmed] Konishi (Shindo jinen-ryu founder) hosted and trained under Motobu Choki in Tokyo; listed among Choki's notable students.,proposed
Q1147708,Q7418861,Motobu Choki,Sannosuke Ueshima,medium,research:https://en.wikipedia.org/wiki/Motobu_Ch%C5%8Dki,[kojo-motobu-ryuei:Motobu brothers (Motobu Choyu ; verifier: confirmed] Ueshima (Kushin-ryu founder) is listed on Choki's Wikipedia article among the students who founded their own schools.,proposed
Q1147708,Q27363,Motobu Choki,Tatsuo Shimabuku,medium,research:https://en.wikipedia.org/wiki/Motobu_Ch%C5%8Dki,[kojo-motobu-ryuei:Motobu brothers (Motobu Choyu ; verifier: confirmed] Shimabuku (Isshin-ryu founder) is listed among Choki's students; consistent with Isshin-ryu lineage histories naming Motobu as one of Shimabuku's three main karate teachers.,proposed
Q1147708,A0028,Motobu Choki,Chosei Motobu,high,research:https://medium.com/@motobu715/motobu-ch%C5%8Dsei-headmaster-of-motobu-kenp%C5%8D-and-motobu-udund%C4%AB-4b0c9d817d1c | research:https://en.wikipedia.org/wiki/Motobu_Ch%C5%8Dki,"[kojo-motobu-ryuei:Motobu brothers (Motobu Choyu ; verifier: confirmed] Chosei (Choki's third son, b. 1925) trained under his father from age twelve (c. 1938) until 1942 and became second Soke of Motobu-ryu; a documented training relationship, not mere kinship. New person proposed below.",proposed
C00478,A0028,Seikichi Uehara,Chosei Motobu,high,research:https://en.wikipedia.org/wiki/Motobu-ry%C5%AB | research:https://www.motobu-ryu.org/motobu-udundi/uehara-seikichi/,"[kojo-motobu-ryuei:Motobu brothers (Motobu Choyu ; verifier: confirmed] From 1976 Chosei studied Motobu Udundi under Uehara, who formally transferred the Soke title to him at his 99th birthday celebration in 2003 (14th Soke of Motobu Udundi).",proposed
C00478,C00494,Seikichi Uehara,Seitoku Higa,medium,research:https://www.motobu-ryu.org/motobu-udundi/uehara-seikichi/,[kojo-motobu-ryuei:Motobu brothers (Motobu Choyu ; verifier: confirmed] The official Motobu-ryu biography of Uehara records Higa Seitoku (Bugeikan founder) receiving tuiti instruction from Uehara by the early 1960s.,proposed
C00021,A0028,Chomei Motobu,Chosei Motobu,medium,research:https://medium.com/@motobu715/motobu-ch%C5%8Dsei-headmaster-of-motobu-kenp%C5%8D-and-motobu-udund%C4%AB-4b0c9d817d1c,"[kojo-motobu-ryuei:Motobu brothers (Motobu Choyu ; verifier: confirmed] After World War II Chosei studied karate under Motobu Chomei, head of the Motobu Udun household and eldest son of Motobu Choyu; documented by family historian Motobu Naoki.",proposed
C00003,Q3194253,Anbun Tokuda,Katsuya Miyahira,medium,research:https://en.wikipedia.org/wiki/Katsuya_Miyahira,[kojo-motobu-ryuei:Motobu brothers (Motobu Choyu ; verifier: confirmed] Miyahira's Wikipedia article names Anbun Tokuda as one of his three teachers; verified while confirming the Motobu Choki link and wires this orphan.,proposed
Q471629,A0023,Hirokazu Kanazawa,Hiroyasu Fujishima,medium,research:https://calkarate.com/about-sensei/ | research:http://www.hokubeishihankai.org/members/hiroyasu-fujishima,"[anchor research] Fujishima (b. 1941, Takushoku University karate club; SKIF 8th dan, highest SKIF rank in the Americas) holds rank and the 2002 Hanshi title under SKIF founder Hirokazu Kanazawa; best-documented main-tree anchor.",proposed
Q221121,A0013,Chojun Miyagi,Ken Miyagi,low,research:https://karateresearch.com/2025/11/18/remembering-miyagi-chojun-a-conversation,"[family transmission, per Ahmad's request] Ken Miyagi (1931-2003) was Chojun Miyagi's fourth son; the karateresearch.com interview with his son Toru documents the family's karate continuity. No formal dojo teacher-student documentation found, so recorded at low confidence as family transmission.",proposed
Q1071733,Q3482635,Choshin Chibana,Shugoro Nakazato,high,research:https://en.wikipedia.org/wiki/Ch%C5%8Dshin_Chibana | research:https://en.wikipedia.org/wiki/Shugoro_Nakazato | research:https://www.thedojo.us/history/chibana,"[branch completion:Kobayashi Shorin-ryu (Chibana ; verifier: confirmed] Wikipedia articles on both men document Nakazato training under Chibana post-1945; he is one of the five disciples Chibana promoted to 9th dan, and founded Shorin-ryu Shorinkan.",proposed
Q1071733,Q3194253,Choshin Chibana,Katsuya Miyahira,high,research:https://en.wikipedia.org/wiki/Katsuya_Miyahira | research:https://en.wikipedia.org/wiki/Beikoku_Shidokan | research:https://www.shorinryu.de/eng/sensei-miyahira-katsuya-eng.html,"[branch completion:Kobayashi Shorin-ryu (Chibana ; verifier: confirmed] Wikipedia: Miyahira was Chibana's student from April 1933, received his Shihan certificate from Chibana, founded Shidokan (1948) and succeeded Chibana as president of the Okinawa Shorin-ryu Karate-do Association in 1969.",proposed
Q1071733,Q15987228,Choshin Chibana,Higa Yuchoku,high,research:https://en.wikipedia.org/wiki/Sh%C5%8Drin-ry%C5%AB_Kyud%C5%8Dkan | research:https://en.wikipedia.org/wiki/Ch%C5%8Dshin_Chibana | research:https://www.thedojo.us/history/chibana,"[branch completion:Kobayashi Shorin-ryu (Chibana ; verifier: confirmed] Wikipedia: Higa trained under Chibana from 1948, was among the five promoted to 9th dan by Chibana, and founded the Kyudokan.",proposed
Q1071733,Q15987180,Choshin Chibana,Nakama Chozo,high,research:https://en.wikipedia.org/wiki/Chozo_Nakama | research:https://en.wikipedia.org/wiki/Ch%C5%8Dshin_Chibana | research:https://www.thedojo.us/history/chibana,[branch completion:Kobayashi Shorin-ryu (Chibana ; verifier: confirmed] Wikipedia lists Nakama among Chibana's notable students; Nakama's primary teacher was Chibana and he was one of the five disciples promoted to 9th dan.,proposed
Q1071733,C00236,Choshin Chibana,Kensei Kinjo,medium,research:https://www.thedojo.us/history/chibana | research:https://www.kiyobukan.com/about-us/our-lineage,"[branch completion:Kobayashi Shorin-ryu (Chibana ; verifier: confirmed] Consistently reported in secondary sources as one of the five disciples Chibana trained to 9th dan (kyudan); not on Wikipedia's student list, hence medium.",proposed
Q1071733,A0031,Choshin Chibana,Joki Uema,high,research:https://en.wikipedia.org/wiki/Ch%C5%8Dshin_Chibana | research:https://www.shubukan.jp/,"[branch completion:Kobayashi Shorin-ryu (Chibana ; verifier: confirmed] Wikipedia lists Joki Uema (founder of Shorin-ryu Shubukan, Hanshi 10th dan) among Chibana's students; the official Shubukan site confirms Uema Joki as founder in the Chibana line.",proposed
Q1071733,Q130739281,Choshin Chibana,Ahagon Naonobu,high,research:https://en.wikipedia.org/wiki/Ch%C5%8Dshin_Chibana,"[branch completion:Kobayashi Shorin-ryu (Chibana ; verifier: confirmed] Wikipedia lists Naonobu Ahagon (founder of Shorin-ryu Reihokan, Hanshi 10th dan) among Chibana's notable students.",proposed
Q1071733,A0041,Choshin Chibana,Yoshihide Shinzato,medium,research:https://en.wikipedia.org/wiki/Ch%C5%8Dshin_Chibana,"[branch completion:Kobayashi Shorin-ryu (Chibana ; verifier: confirmed] Wikipedia lists Yoshihide Shinzato (who spread Kobayashi Shorin-ryu in Brazil) among Chibana's notable students; single-source listing, hence medium.",proposed
Q1071733,A0040,Choshin Chibana,Pat Nakata,high,research:https://liuchiuan.com/wp-content/uploads/2013/08/cfachibana.pdf | research:https://appliedkarate.com/2013/02/16/the-passing-of-pat-nakata-sensei/ | research:https://bujutsublogger.blogspot.com/2013/04/chibana-chosin-sensei-interview-with.html,"[branch completion:Kobayashi Shorin-ryu (Chibana ; verifier: confirmed] Multiple independent sources (Classical Fighting Arts article, interviews, obituary) document Nakata as a direct student of Chibana in Okinawa who founded the Okinawa Shorin Ryu Karate Association of Hawaii in 1963.",proposed
Q7446703,Q3482635,Seiichi Iju,Shugoro Nakazato,high,research:https://en.wikipedia.org/wiki/Shugoro_Nakazato,"[branch completion:Kobayashi Shorin-ryu (Chibana ; verifier: confirmed] Wikipedia: Iju was Nakazato's first karate teacher in Osaka, 1935-1940.",proposed
C00485,Q3482635,Seiro Tonaki,Shugoro Nakazato,high,research:https://en.wikipedia.org/wiki/Shugoro_Nakazato,"[branch completion:Kobayashi Shorin-ryu (Chibana ; verifier: confirmed] Wikipedia: Tonaki taught Nakazato kobudo (bo, sai, nunchaku, tonfa, nichokama) 1936-1940. Reuses orphan C00485.",proposed
Q6782517,Q3482635,Masami Chinen,Shugoro Nakazato,high,research:https://en.wikipedia.org/wiki/Shugoro_Nakazato,[branch completion:Kobayashi Shorin-ryu (Chibana ; verifier: confirmed] Wikipedia: Nakazato trained in bojutsu under Masami Chinen (Yamanni-ryu) 1955-1958.,proposed
Q3482635,Q2025214,Shugoro Nakazato,Tadashi Yamashita,high,research:https://en.wikipedia.org/wiki/Shugoro_Nakazato | research:https://en.wikipedia.org/wiki/Sh%C5%8Drin-ry%C5%AB_Sh%C5%8Drinkan,[branch completion:Kobayashi Shorin-ryu (Chibana ; verifier: confirmed] Wikipedia lists Yamashita among Nakazato's notable students and as one of the 'Original 7' Shorinkan black belts who brought the style to America.,proposed
Q3482635,C00055,Shugoro Nakazato,Ernest Estrada,high,research:https://en.wikipedia.org/wiki/Shugoro_Nakazato,[branch completion:Kobayashi Shorin-ryu (Chibana ; verifier: confirmed] Wikipedia lists Ernest J. Estrada among Nakazato's notable students. Reuses orphan C00055.,proposed
Q3482635,A0038,Shugoro Nakazato,Eddie Bethea,high,research:https://en.wikipedia.org/wiki/Shugoro_Nakazato | research:https://en.wikipedia.org/wiki/Sh%C5%8Drin-ry%C5%AB_Sh%C5%8Drinkan,"[branch completion:Kobayashi Shorin-ryu (Chibana ; verifier: confirmed] Wikipedia names Eddie Bethea as a Nakazato student who trained directly under him from the early 1960s, one of the 'Original 7' who brought Shorinkan to America.",proposed
Q3482635,A0037,Shugoro Nakazato,Noel Smith,high,research:https://en.wikipedia.org/wiki/Sh%C5%8Drin-ry%C5%AB_Sh%C5%8Drinkan,"[branch completion:Kobayashi Shorin-ryu (Chibana ; verifier: confirmed] Wikipedia's Shorinkan article names Noel Smith (8th dan, later senior US teacher) as having trained directly under Nakazato in the early 1960s, one of the 'Original 7'.",proposed
Q3482635,A0039,Shugoro Nakazato,Kazumasa Yokoyama,low,research:https://en.wikipedia.org/wiki/Shugoro_Nakazato,"[branch completion:Kobayashi Shorin-ryu (Chibana ; verifier: plausible] Wikipedia lists Kazumasa Yokoyama among Nakazato's notable students; single-source listing, hence medium.",proposed
Q3482635,A0036,Shugoro Nakazato,Doug Perry,high,research:http://findingkarate.com/wordpress/doug-perry/ | research:https://westernkarate.com/doug-perry-shorinkan/,"[branch completion:Kobayashi Shorin-ryu (Chibana ; verifier: confirmed] Documented in multiple biographies: Perry trained directly under Shugoro Nakazato from 1981, appointed North American representative of the Shorinkan Kyokai (1997), promoted to 9th dan by Nakazato in Okinawa in 2009, first non-Okinawan at that rank i",proposed
Q3194253,Q7446770,Katsuya Miyahira,Seikichi Iha,high,research:https://en.wikipedia.org/wiki/Beikoku_Shidokan | research:https://www.gatewayshidokan.com/karate-lineage,"[branch completion:Kobayashi Shorin-ryu (Chibana ; verifier: confirmed] Wikipedia: Iha (1932-2024, 10th dan 2001) was Miyahira's senior student and spread Shidokan internationally from headquarters in Lansing, Michigan.",proposed
Q3194253,C00521,Katsuya Miyahira,Shoei Miyazato,medium,research:https://en.wikipedia.org/wiki/Beikoku_Shidokan,[branch completion:Kobayashi Shorin-ryu (Chibana ; verifier: confirmed] Wikipedia's Shidokan article names Shoei Miyazato as the notable Shidokan instructor for Argentina; the direct student relationship to Miyahira is implied by the organisation listing rather than stated explicitly. Reuses orphan C00521.,proposed
C00094,Q15987228,Jiro Shiroma,Higa Yuchoku,low,research:https://en.wikipedia.org/wiki/Yuchoku_Higa,"[branch completion:Kobayashi Shorin-ryu (Chibana ; verifier: plausible] Wikipedia: Higa began training under Jiro Shiroma in 1927. Caveat: a later Shorinkan teacher of the same name exists (Doug Perry's first teacher), so verify the roster id C00094 refers to Higa's Shuri-te era teacher before wiring.",proposed
C00148,Q15987228,Jinan Shinzato,Higa Yuchoku,high,research:https://en.wikipedia.org/wiki/Yuchoku_Higa,[branch completion:Kobayashi Shorin-ryu (Chibana ; verifier: confirmed] Wikipedia: from 1934 Higa trained te and Goju-ryu under Jinan Shinzato (Miyagi Chojun's senior student).,proposed
C00291,Q15987228,Seiyei Miyahira,Higa Yuchoku,low,research:https://en.wikipedia.org/wiki/Yuchoku_Higa,[branch completion:Kobayashi Shorin-ryu (Chibana ; verifier: plausible] Wikipedia names 'Seiei Miyahira' among Higa Yuchoku's teachers; roster orphan C00291 'Seiyei Miyahira' is a romanisation variant of the same name.,proposed
Q15987228,Q6869269,Higa Yuchoku,Minoru Higa,high,research:https://en.wikipedia.org/wiki/Minoru_Higa | research:https://en.wikipedia.org/wiki/Sh%C5%8Drin-ry%C5%AB_Kyud%C5%8Dkan,"[branch completion:Kobayashi Shorin-ryu (Chibana ; verifier: confirmed] Wikipedia: Minoru Higa began karate under his uncle Yuchoku Higa at the Kyudokan Hombu dojo and succeeded him as president (Kaicho, Hanshi 10th dan) of the Okinawa Shorin-ryu Kyudokan association.",proposed
Q15987228,A0034,Higa Yuchoku,Oscar Higa,low,research:https://it.wikipedia.org/wiki/Oscar_Higa | research:https://en.wikipedia.org/wiki/Sh%C5%8Drin-ry%C5%AB_Kyud%C5%8Dkan | research:https://www.elbudoka.es/blocks/entrevista-a-oscar-higa-10-dan-shorin-ryu-kyudokan/,"[branch completion:Kobayashi Shorin-ryu (Chibana ; verifier: plausible] Italian Wikipedia and Kyudokan sources: Oscar Higa trained under his uncle Yuchoku, was appointed Kyudokan representative for South America (1985) and Europe (1992), now 10th dan head of the World Shorin-ryu Kyudokan Higa-te Federation.",proposed
C00152,A0034,Jintatsu Higa,Oscar Higa,high,research:https://www.teido.net/karate-kyudokan/ | research:https://it.wikipedia.org/wiki/Oscar_Higa,"[branch completion:Kobayashi Shorin-ryu (Chibana ; verifier: confirmed] Kyudokan history: Jintatsu Higa, Yuchoku's brother and Kyudokan pioneer in Argentina, taught karate to his two sons Oscar and Benito from the 1940s; Oscar headed the Argentine school after Jintatsu's death in 1983. Reuses orphan C00152.",proposed
C00152,A0035,Jintatsu Higa,Benito Higa,high,research:https://www.teido.net/karate-kyudokan/ | research:https://en.wikipedia.org/wiki/Sh%C5%8Drin-ry%C5%AB_Kyud%C5%8Dkan,[branch completion:Kobayashi Shorin-ryu (Chibana ; verifier: confirmed] Kyudokan history records Jintatsu teaching his son Benito alongside Oscar; Wikipedia's Kyudokan article credits Benito Higa with establishing Kyudokan branches in South America.,proposed
A0031,A0032,Joki Uema,Yasuhiro Uema,high,research:https://www.shubukan.jp/ | research:https://www.shubukanindia.org/shubukan-okinawa,"[branch completion:Kobayashi Shorin-ryu (Chibana ; verifier: confirmed] Official Shubukan sources: the school passed from founder Uema Joki to his son Uema Yasuhiro, second-generation head and chairman of Okinawa Shubukan.",proposed
A0032,A0033,Yasuhiro Uema,Takeshi Uema,high,research:https://www.shubukan.jp/ | research:https://okinawachikaradojo.blogspot.com/2024/12/takeshi-uema-sensei-de-la-escuela.html,"[branch completion:Kobayashi Shorin-ryu (Chibana ; verifier: confirmed] Official Shubukan site: Uema Takeshi, third-generation head, inherited the tradition from his father Yasuhiro and now leads the Shubukan.",proposed
A0031,A0033,Joki Uema,Takeshi Uema,low,research:https://www.shubukan.jp/,"[branch completion:Kobayashi Shorin-ryu (Chibana ; verifier: plausible] Shubukan site states Takeshi 'inherited traditional karate from his grandfather and father', indicating direct instruction from Joki Uema as well.",proposed
Q2393877,Q189805,Chotoku Kyan,Zenryo Shimabukuro,high,research:https://en.wikipedia.org/wiki/Ch%C5%8Dtoku_Kyan | research:https://en.wikipedia.org/wiki/Zenry%C5%8D_Shimabukuro,[branch completion:Kyan Chotoku lines: Shobayashi; verifier: confirmed] Zenryo trained under Kyan c.1932-1945 for about ten years; named on both Wikipedia pages as one of Kyan's two longest-serving students.,proposed
Q2393877,Q27363,Chotoku Kyan,Tatsuo Shimabuku,high,research:https://en.wikipedia.org/wiki/Ch%C5%8Dtoku_Kyan,[branch completion:Kyan Chotoku lines: Shobayashi; verifier: confirmed] Named on Kyan's Wikipedia page as one of the two students who trained with Kyan longest (over 10 years); Isshin-ryu founder.,proposed
Q2393877,Q1963468,Chotoku Kyan,Shoshin Nagamine,high,research:https://en.wikipedia.org/wiki/Ch%C5%8Dtoku_Kyan,[branch completion:Kyan Chotoku lines: Shobayashi; verifier: confirmed] Named student of Kyan on Kyan's Wikipedia page; Matsubayashi-ryu founder in the Kyan line.,proposed
Q2393877,Q135222893,Chotoku Kyan,Tsuyoshi Chitose,medium,research:https://en.wikipedia.org/wiki/Ch%C5%8Dtoku_Kyan,[branch completion:Kyan Chotoku lines: Shobayashi; verifier: confirmed] Chitose (Chito-ryu founder) listed among Kyan's named students on Kyan's Wikipedia page.,proposed
Q2393877,Q557301,Chotoku Kyan,Ankichi Arakaki,medium,research:https://en.wikipedia.org/wiki/Ch%C5%8Dtoku_Kyan,[branch completion:Kyan Chotoku lines: Shobayashi; verifier: confirmed] Arakaki listed among Kyan's named students on Kyan's Wikipedia page.,proposed
Q2393877,Q1620643,Chotoku Kyan,Kori Hisataka,medium,research:https://en.wikipedia.org/wiki/Ch%C5%8Dtoku_Kyan,[branch completion:Kyan Chotoku lines: Shobayashi; verifier: confirmed] Hisataka (Shorinjiryu Kenkokan founder) listed among Kyan's named students on Kyan's Wikipedia page.,proposed
Q189805,A0043,Zenryo Shimabukuro,Zenji Shimabukuro,medium,research:https://en.wikipedia.org/wiki/Zenry%C5%8D_Shimabukuro | research:https://sites.google.com/view/traditionalkarate/karate-articles/shorinji-shimabukuro,"[branch completion:Kyan Chotoku lines: Shobayashi; verifier: confirmed] Zenryo's nephew, named on Zenryo's Wikipedia page and in the Seibukan history article as one of his core students in the Chatan dojo.",proposed
Q189805,C00034,Zenryo Shimabukuro,Eizo Shimabukuro,medium,research:https://www.usadojo.com/eizo-shimabukuro/ | research:https://en-academic.com/dic.nsf/enwiki/9336902,[branch completion:Kyan Chotoku lines: Shobayashi; verifier: confirmed] Zenryo is consistently listed among Eizo's teachers in the Kyan tradition after Kyan's death.,proposed
Q189805,A0046,Zenryo Shimabukuro,Isamu Tamotsu,medium,research:https://www.renshinkankarate-england.org.uk/about-us | research:https://sites.google.com/view/traditionalkarate/karate-articles/shorinji-shimabukuro,[branch completion:Kyan Chotoku lines: Shobayashi; verifier: confirmed] After WWII Tamotsu learned Kyan-line karate from Zenryo Shimabukuro before founding Shorinji-ryu Renshinkan in Kagoshima in 1955.,proposed
Q189805,A0045,Zenryo Shimabukuro,Walter Dailey,medium,research:https://sites.google.com/view/traditionalkarate/karate-articles/shorinji-shimabukuro | research:https://www.reservoirkarate.com/history,[branch completion:Kyan Chotoku lines: Shobayashi; verifier: confirmed] American serviceman student of Zenryo named in the Seibukan history article; pioneer of Seibukan in the United States (Zenpo went to Philadelphia in 1963 to teach in the US line).,proposed
C00672,A0042,Zenpo Shimabukuro,Zenshun Shimabukuro,high,research:https://budojapan.com/karate/20240514sbk/,"[branch completion:Kyan Chotoku lines: Shobayashi; verifier: confirmed] Eldest son of Zenpo, teaches at the Seibukan Hombu and Ozato dojo and is the designated next head of Seibukan (Budo Japan dojo visit, 2024).",proposed
C00672,A0044,Zenpo Shimabukuro,Dan Smith,high,research:https://www.reservoirkarate.com/history,"[branch completion:Kyan Chotoku lines: Shobayashi; verifier: confirmed] Hanshi 9th dan, one of only two non-Okinawans promoted to Hanshi in Seibukan; studied under Zenpo for over 40 years, President of Seibukan USA and co-author of Zenpo's 2020 book Shorin Ryu Seibukan: Kyan's Karate.",proposed
C00098,A0046,Joen Nakazato,Isamu Tamotsu,medium,research:https://sites.google.com/view/traditionalkarate/karate-articles/shorinji-shimabukuro,[branch completion:Kyan Chotoku lines: Shobayashi; verifier: confirmed] Zenryo sent Tamotsu to Nakazato to learn the bo kata Tokumine no Kon; Tamotsu subsequently billed Nakazato as his instructor when organising Shorinji-ryu Renshinkan in Kyushu.,proposed
C00098,A0049,Joen Nakazato,Hitoshi Oyakawa,medium,research:https://okinawa-karate-navi.com/en/dojo/detail/28/ | research:http://www.okinawakarateshorinjiryu.com/lineage.html,"[branch completion:Kyan Chotoku lines: Shobayashi; verifier: confirmed] Oyakawa Hitoshi heads the Okinawa Karate-do Shorinji-ryu Shinkokai (Nishihara Dojo, teaching the kata passed from Kyan to Nakazato) and is described by the Shinkokai USA branch as a direct student of Joen Nakazato.",proposed
A0046,A0047,Isamu Tamotsu,Iwao Tamotsu,medium,research:https://www.renshinkankarate-england.org.uk/about-us,[branch completion:Kyan Chotoku lines: Shobayashi; verifier: confirmed] Son of the founder; inherited the Renshinkan Soke position as Nidaime in May 2000 and led the organisation until his death in November 2016.,proposed
A0046,A0048,Isamu Tamotsu,Yuzo Tamotsu,low,research:https://www.renshinkankarate-england.org.uk/about-us,"[branch completion:Kyan Chotoku lines: Shobayashi; verifier: plausible] Third Soke (Sandaime) of Shorinji-ryu Renshinkan from 2016, current Grand Master and 10th dan; family successor trained within the founder's school, though the direct teaching relationship is stated only by this single organisational source.",proposed
Q723832,C00034,Taira Shinken,Eizo Shimabukuro,medium,research:https://en.wikipedia.org/wiki/Sh%C5%8Dbayashi_Sh%C5%8Drin-ry%C5%AB | research:https://www.ikigaiway.com/in-memoriam-shimabukuro-eizo/,[branch completion:Kyan Chotoku lines: Shobayashi; verifier: confirmed] Eizo studied Ryukyu kobudo weapons under Taira Shinken.,proposed
C00034,A0050,Eizo Shimabukuro,Eiko Shimabukuro,medium,research:https://www.ikigaiway.com/in-memoriam-shimabukuro-eizo/ | research:https://www.usadojo.com/eizo-shimabukuro/,"[branch completion:Kyan Chotoku lines: Shobayashi; verifier: confirmed] Eizo's son, ran the branch dojo in Koza City and is now 10th dan and presumed head of the Shobayashi system after Eizo's death in 2017.",proposed
C00034,A0051,Eizo Shimabukuro,Bill Hayes,high,research:https://westernkarate.com/bill-hayes/ | research:https://www.ikigaiway.com/in-memoriam-shimabukuro-eizo/ | research:https://www.dragonsociety.com/team_member/hanshi-bill-hayes/,[branch completion:Kyan Chotoku lines: Shobayashi; verifier: confirmed] US Marine (enlisted 1964) who trained directly under Eizo on Okinawa; trusted senior student whose black belt certificates were personally awarded by Eizo; leads the Shobayashi Kan preservation group.,proposed
C00034,A0052,Eizo Shimabukuro,Matt Larsen,low,research:https://en-academic.com/dic.nsf/enwiki/9336902,"[branch completion:Kyan Chotoku lines: Shobayashi; verifier: plausible] Founder of the US Army Modern Combatives programme, listed as a student of Eizo Shimabukuro in the archived Wikipedia article on Eizo; single-source claim, so flagged low.",proposed
Q1963468,Q7677484,Shoshin Nagamine,Takayoshi Nagamine,high,research:https://en.wikipedia.org/wiki/Takayoshi_Nagamine | research:https://en.wikipedia.org/wiki/Sh%C5%8Dshin_Nagamine,"[branch completion:Matsubayashi-ryu (Shoshin Naga; verifier: confirmed] Son of the founder, trained under his father, succeeded him as second soke of Matsubayashi-ryu in 1997, Hanshisei 10th dan, led WMKA until his death in 2012.",proposed
Q1963468,Q4770567,Shoshin Nagamine,Ansei Ueshiro,high,research:http://midtownkaratedojo.com/HistoryUeshiro.html | research:http://www.nevekarate.com/SRKUSA_History.html,"[branch completion:Matsubayashi-ryu (Shoshin Naga; verifier: confirmed] Ueshiro enrolled in Nagamine's dojo, became chief instructor at the honbu in Naha, and was sent by Nagamine to the USA in 1962, founding Shorin-Ryu Karate USA.",proposed
Q1963468,A0053,Shoshin Nagamine,Chotoku Omine,high,research:https://ominekarate.com/?p=240 | research:https://en.wikipedia.org/wiki/Matsubayashi-ry%C5%AB,"[branch completion:Matsubayashi-ryu (Shoshin Naga; verifier: confirmed] Omine began training under Nagamine in 1947, became head instructor at the Nagamine (Kodokan) dojo, and accompanied Nagamine to the US in 1969, staying as head instructor for the US organisation.",proposed
Q1963468,A0054,Shoshin Nagamine,Kensei Taba,high,research:https://moeweb.wixsite.com/shorin-ryu/taba-kensei | research:https://www.skildojo.ca/page/shogen-ryu-karate-do | research:https://karatedr.com/about-us,"[branch completion:Matsubayashi-ryu (Shoshin Naga; verifier: confirmed] Senior student of Nagamine and head of the Matsubayashi-ryu organisation (first WMKA president) at Nagamine's death; later founded Shogen-ryu, named in honour of Shoshin Nagamine.",proposed
Q3139173,A0054,Hohan Soken,Kensei Taba,low,research:https://moeweb.wixsite.com/shorin-ryu/taba-kensei | research:https://karatedr.com/about-us,[branch completion:Matsubayashi-ryu (Shoshin Naga; verifier: plausible] Shogen-ryu biographies consistently state Taba also trained under Hohan Soken alongside his primary training with Nagamine.,proposed
Q1071733,A0054,Choshin Chibana,Kensei Taba,low,research:https://moeweb.wixsite.com/shorin-ryu/taba-kensei | research:https://karatedr.com/about-us,[branch completion:Matsubayashi-ryu (Shoshin Naga; verifier: plausible] Shogen-ryu biographies consistently state Taba also trained under Chosin Chibana.,proposed
Q1963468,A0055,Shoshin Nagamine,Yoshitaka Taira,high,research:http://matsubayashi-ryu.com/yoshitaka-taira-hanshi-10th-dan/ | research:https://en.wikipedia.org/wiki/Takayoshi_Nagamine | research:https://en.wikipedia.org/wiki/Matsubayashi-ry%C5%AB,"[branch completion:Matsubayashi-ryu (Shoshin Naga; verifier: confirmed] Direct student of Shoshin Nagamine, Hanshi 10th dan, elected WMKA president in 2012 after Takayoshi Nagamine's death; heads the Kodokan Taira dojo in Urasoe, the current WMKA headquarters.",proposed
Q1963468,A0056,Shoshin Nagamine,Toshimitsu Arakaki,medium,research:https://en.wikipedia.org/wiki/Takayoshi_Nagamine | research:https://en.wikipedia.org/wiki/Matsubayashi-ry%C5%AB,"[branch completion:Matsubayashi-ryu (Shoshin Naga; verifier: confirmed] Named on Wikipedia as one of the direct students of Shoshin Nagamine elected to WMKA leadership (vice-president, later co-leader) after 2012.",proposed
Q1963468,A0057,Shoshin Nagamine,James Wax,high,research:https://shorin-ryu.net/nagamine_bios.html | research:https://www.matsunokikarate.com/hanshi-frank-grant,"[branch completion:Matsubayashi-ryu (Shoshin Naga; verifier: confirmed] American serviceman who trained at Nagamine's dojo, described as the first American black belt in the style, and brought Matsubayashi-ryu to Dayton, Ohio in 1959; his students sponsored Ueshiro's 1962 visa.",proposed
A0057,A0058,James Wax,Frank Grant,high,research:https://www.matsunokikarate.com/hanshi-frank-grant | research:https://shorin-ryu.net/nagamine_bios.html,"[branch completion:Matsubayashi-ryu (Shoshin Naga; verifier: confirmed] Grant began Matsubayashi-ryu under James Wax in Dayton, Ohio in 1959.",proposed
Q4770567,A0058,Ansei Ueshiro,Frank Grant,high,research:https://www.matsunokikarate.com/hanshi-frank-grant,"[branch completion:Matsubayashi-ryu (Shoshin Naga; verifier: confirmed] After Ueshiro arrived in 1962 under Wax's sponsorship, Grant trained under Ueshiro, who promoted him to shodan in June 1963.",proposed
A0053,A0058,Chotoku Omine,Frank Grant,low,research:http://findingkarate.com/wordpress/frank-grant/ | research:https://www.matsunokikarate.com/hanshi-frank-grant,"[branch completion:Matsubayashi-ryu (Shoshin Naga; verifier: plausible] Omine, sent by Nagamine to the US, taught and mentored Grant; Grant was promoted to 4th dan in 1967 before Nagamine and Omine.",proposed
Q1963468,A0058,Shoshin Nagamine,Frank Grant,medium,research:https://shorin-ryu.net/nagamine_bios.html | research:https://www.matsunokikarate.com/hanshi-frank-grant,"[branch completion:Matsubayashi-ryu (Shoshin Naga; verifier: confirmed] Grant regarded Nagamine as his sensei, was graded before him, and headed the World Shorin-Ryu Karate-Do Federation preserving Nagamine's system; awarded 10th dan by the WSKF board.",proposed
Q4770567,A0059,Ansei Ueshiro,Robert Scaglione,high,research:https://www.shorinryu.com/about-hanshi-scaglione | research:https://www.midtownkaratedojo.com/HistoryScaglione.html,"[branch completion:Matsubayashi-ryu (Shoshin Naga; verifier: confirmed] Scaglione was a black belt under Ueshiro, opened the Manhattan honbu dojo at Ueshiro's request in 1977, and was hand-picked by Ueshiro to head Ueshiro Shorin-Ryu Karate USA (Hanshi, 10th dan) after his death in 2002.",proposed
A0060,A0059,Terry Maccarrone,Robert Scaglione,high,research:https://www.shorinryu.com/about-hanshi-scaglione,"[branch completion:Matsubayashi-ryu (Shoshin Naga; verifier: confirmed] Official Ueshiro Karate USA biography states Scaglione continued his training under Sensei Terry Maccarrone, shihan of the Hegashi (St James) karate dojo on Long Island.",proposed
Q4770567,A0060,Ansei Ueshiro,Terry Maccarrone,low,research:https://www.shorinryu.com/about-hanshi-scaglione | research:http://www.nevekarate.com/SRKUSA_History.html,[branch completion:Matsubayashi-ryu (Shoshin Naga; verifier: plausible] Maccarrone was a shihan within Ueshiro's Shorin-Ryu Karate USA organisation running the Hegashi dojo under Ueshiro's system; reported across SRKUSA histories.,proposed
A0053,A0061,Chotoku Omine,Joseph Carbonara,medium,research:https://ominekarate.com/?p=240,"[branch completion:Matsubayashi-ryu (Shoshin Naga; verifier: confirmed] After 1969 Omine stayed in the US as head instructor and taught at Joseph Carbonara's dojo in East Northport, New York.",proposed
Q7677484,A0061,Takayoshi Nagamine,Joseph Carbonara,low,research:https://srkdi.org/shorin-ryu-history-1 | research:https://ecbbacademy.com/about-owner.html,"[branch completion:Matsubayashi-ryu (Shoshin Naga; verifier: plausible] SRKDI lineage statement places Carbonara directly under Soke Takayoshi Nagamine in the line O'Sensei, Takayoshi Nagamine, Carbonara, Figgiani.",proposed
A0061,A0062,Joseph Carbonara,Jerry Figgiani,high,research:https://srkdi.org/shorin-ryu-history-1 | research:https://ecbbacademy.com/about-owner.html,"[branch completion:Matsubayashi-ryu (Shoshin Naga; verifier: confirmed] Figgiani, 9th dan, founder and president of Shorin Ryu Karate Do International (2009), is Carbonara's direct student per SRKDI's published lineage.",proposed
Q7677484,A0062,Takayoshi Nagamine,Jerry Figgiani,low,research:https://ecbbacademy.com/about-owner.html,[branch completion:Matsubayashi-ryu (Shoshin Naga; verifier: plausible] Figgiani trained with Grandmaster Takayoshi Nagamine and demonstrated at the 1991 Nagamine dojo anniversary; direct instruction reported by his own dojo biography only.,proposed
Q1963468,A0063,Shoshin Nagamine,Masao Shima,low,research:https://okinawanshorinryuindia.com/Ota%20Eihachi.html,"[branch completion:Matsubayashi-ryu (Shoshin Naga; verifier: plausible] Shima Masao is described as one of the most important students of O'Sensei Nagamine, running a Matsubayashi-ryu school in Okinawa.",proposed
A0063,A0064,Masao Shima,Eihachi Ota,high,research:https://okinawanshorinryuindia.com/Ota%20Eihachi.html | research:https://www.shorin-ryu.com/,[branch completion:Matsubayashi-ryu (Shoshin Naga; verifier: confirmed] Ota began Matsubayashi-ryu under Sensei Masao Shima in high school; his official biography names Shima as his teacher.,proposed
Q1963468,A0064,Shoshin Nagamine,Eihachi Ota,low,research:https://okinawanshorinryuindia.com/Ota%20Eihachi.html | research:https://en.wikipedia.org/wiki/Matsubayashi-ry%C5%AB,"[branch completion:Matsubayashi-ryu (Shoshin Naga; verifier: plausible] Ota trained at Nagamine's home dojo on weekends; now Hanshi 10th dan teaching Matsubayashi Shorin-ryu in Los Angeles since 1973, described as the highest-ranked practitioner outside Okinawa.",proposed
Q1963468,Q6378081,Shoshin Nagamine,Katsuhiko Shinzato,high,research:https://en.wikipedia.org/wiki/Katsuhiko_Shinzato | research:https://en.wikipedia.org/wiki/Sh%C5%8Dshin_Nagamine,"[branch completion:Matsubayashi-ryu (Shoshin Naga; verifier: confirmed] Shinzato joined Nagamine's dojo in 1967, trained extensively in Matsubayashi-ryu under him until 1981, and translated Nagamine's The Essence of Okinawan Karate-do into English; listed as a notable student on Nagamine's Wikipedia page.",proposed
Q1963468,Q5104212,Shoshin Nagamine,Chokei Kishaba,high,research:https://en.wikipedia.org/wiki/Sh%C5%8Drin-ry%C5%AB_Kishaba_Juku,"[branch completion:Matsubayashi-ryu (Shoshin Naga; verifier: confirmed] Wikipedia states Chokei Kishaba, founder of Shorin-ryu Kishaba Juku (1998), was a student of Hohan Soken, Shoshin Nagamine and Seigi Nakamura.",proposed
Q7446670,Q5104212,Seigi Nakamura,Chokei Kishaba,medium,research:https://en.wikipedia.org/wiki/Sh%C5%8Drin-ry%C5%AB_Kishaba_Juku,"[branch completion:Matsubayashi-ryu (Shoshin Naga; verifier: confirmed] Same Wikipedia article names Seigi Nakamura among Kishaba's teachers, and the school's method is built on reverse-engineering Nakamura's movement.",proposed
Q1963468,Q7446670,Shoshin Nagamine,Seigi Nakamura,high,research:https://en.wikipedia.org/wiki/Sh%C5%8Dshin_Nagamine,[branch completion:Matsubayashi-ryu (Shoshin Naga; verifier: confirmed] Seigi Nakamura is listed on Shoshin Nagamine's Wikipedia page as one of his notable students.,proposed
Q5104212,Q6378081,Chokei Kishaba,Katsuhiko Shinzato,high,research:https://en.wikipedia.org/wiki/Sh%C5%8Drin-ry%C5%AB_Kishaba_Juku | research:https://en.wikipedia.org/wiki/Katsuhiko_Shinzato,[branch completion:Matsubayashi-ryu (Shoshin Naga; verifier: confirmed] Shinzato left the Matsubayashi organisation in 1981 to study directly under Chokei Kishaba and succeeded him as Juku Cho of Kishaba Juku after Kishaba's death in 2000.,proposed
Q7446670,Q6378081,Seigi Nakamura,Katsuhiko Shinzato,medium,research:https://en.wikipedia.org/wiki/Katsuhiko_Shinzato | research:https://en.wikipedia.org/wiki/Sh%C5%8Drin-ry%C5%AB_Kishaba_Juku,[branch completion:Matsubayashi-ryu (Shoshin Naga; verifier: confirmed] Shinzato's Wikipedia biography states he also studied under Seigi Nakamura alongside Chokei Kishaba.,proposed
Q6956791,Q3139173,Nabe Matsumura,Hohan Soken,high,research:https://en.wikipedia.org/wiki/Hohan_S%C5%8Dken | research:https://worldbudokan.com/worlbudokanhome/articles-2/hohan-soken/,"[branch completion:Matsumura Seito / Orthodox Sho; verifier: confirmed] Wikipedia: Soken was Nabe Matsumura's nephew, began training under him at 13, learned the full kata syllabus culminating in Hakutsuru at 23; sole inheritor of the Matsumura family line.",proposed
Q3139173,Q276730,Hohan Soken,Nishihira Kosei,high,research:https://en.wikipedia.org/wiki/Nishihira_Kosei | research:https://en.wikipedia.org/wiki/Hohan_S%C5%8Dken,[branch completion:Matsumura Seito / Orthodox Sho; verifier: confirmed] Wikipedia: Nishihira studied under Soken from age 15 and is listed among Soken's senior students; regarded as keeper of the orthodox village transmission.,proposed
Q3139173,A0065,Hohan Soken,Takaya Yabiku,high,research:https://en.wikipedia.org/wiki/Hohan_S%C5%8Dken | research:https://okinawa-karate-moerfelden.org/en/lineage-of-the-masters/,[branch completion:Matsumura Seito / Orthodox Sho; verifier: confirmed] Listed among Soken's senior students on Wikipedia; secondary sources describe him as a twenty-year student of Soken who founded the Matsusokan branch of Matsumura Seito.,proposed
Q3139173,A0066,Hohan Soken,Yuichi Kuda,high,research:https://en.wikipedia.org/wiki/Hohan_S%C5%8Dken | research:https://villagekarate.com/lineage/ | research:http://www.geocities.ws/karatejmh/Yuichikuda.htm,[branch completion:Matsumura Seito / Orthodox Sho; verifier: confirmed] Listed among Soken's senior students on Wikipedia; lineage sources confirm Kuda studied Matsumura Seito under Soken after 1970 and founded Matsumura Kenpo Shorin-ryu.,proposed
Q38585428,A0066,Shigeru Nakamura,Yuichi Kuda,medium,research:https://villagekarate.com/lineage/ | research:http://www.geocities.ws/karatejmh/Yuichikuda.htm,"[branch completion:Matsumura Seito / Orthodox Sho; verifier: confirmed] Consistently reported that Kuda studied Okinawan Kenpo under Shigeru Nakamura until Nakamura's death in 1970, before moving to Soken.",proposed
C00066,A0068,Fusei Kise,Isao Kise,high,research:https://www.kenshin-kan.com/kaicho-isao-kise/ | research:https://ismskf.com/isao-kaicho-kise/,"[branch completion:Matsumura Seito / Orthodox Sho; verifier: confirmed] Isao Kise, son of Fusei Kise, trained under his father from age 4 and was his designated successor; 10th dan and president of the All Okinawan Shorin Ryu Matsumura Seito Kenshin Kan Karate and Kobudo Federation until his death in February 2025.",proposed
A0072,C00066,Nobutake Shingake,Fusei Kise,low,research:https://shuriway.com/kise.html,[branch completion:Matsumura Seito / Orthodox Sho; verifier: plausible] Kise's official biography records he became a student of Shingake Nobutake in 1955 and received shodan under him; single-tradition source.,proposed
Q3139173,Q7373534,Hohan Soken,Roy Y Suenaka,medium,research:https://en.wikipedia.org/wiki/Hohan_S%C5%8Dken,[branch completion:Matsumura Seito / Orthodox Sho; verifier: confirmed] Roy Suenaka is named on Wikipedia both in Soken's senior student list and among his notable students.,proposed
Q3139173,Q5104212,Hohan Soken,Chokei Kishaba,medium,research:https://en.wikipedia.org/wiki/Hohan_S%C5%8Dken,[branch completion:Matsumura Seito / Orthodox Sho; verifier: confirmed] Chokei Kishaba is named among Soken's notable students on Wikipedia.,proposed
Q3139173,C00279,Hohan Soken,Seiki Arakaki,medium,research:https://en.wikipedia.org/wiki/Hohan_S%C5%8Dken,[branch completion:Matsumura Seito / Orthodox Sho; verifier: confirmed] Seiki Arakaki heads Wikipedia's list of Soken's senior students; existing orphan record reused.,proposed
Q3139173,C00370,Hohan Soken,Mitsuo Inoue,medium,research:https://en.wikipedia.org/wiki/Hohan_S%C5%8Dken,[branch completion:Matsumura Seito / Orthodox Sho; verifier: confirmed] Mitsuo Inoue is listed among Soken's senior students on Wikipedia; existing orphan record reused.,proposed
Q3139173,A0071,Hohan Soken,James Coffman,medium,research:https://en.wikipedia.org/wiki/Hohan_S%C5%8Dken,[branch completion:Matsumura Seito / Orthodox Sho; verifier: confirmed] James Coffman is listed among Soken's senior students on Wikipedia; widely reported as one of Soken's early American students.,proposed
Q3139173,A0069,Hohan Soken,Seizan Kinjo,medium,research:https://en.wikipedia.org/wiki/Hohan_S%C5%8Dken | research:https://www.ikigaiway.com/interview-ronald-lindsey-matsumura-seito-9th-dan-part-1/ | research:https://www.bastropprovidencefuneralhome.com/obituaries/ronald-lindsey,[branch completion:Matsumura Seito / Orthodox Sho; verifier: confirmed] Listed (as Seizen Kinjo) among Soken's senior students on Wikipedia; Lindsey's interview and obituary describe Kinjo as a Matsumura Seito student under Soken and Kise.,proposed
C00066,A0069,Fusei Kise,Seizan Kinjo,low,research:https://www.bastropprovidencefuneralhome.com/obituaries/ronald-lindsey | research:https://www.ikigaiway.com/interview-ronald-lindsey-matsumura-seito-9th-dan-part-1/,[branch completion:Matsumura Seito / Orthodox Sho; verifier: plausible] Lindsey's obituary describes Kinjo as a student of Matsumura Seito under Soken and Kise; the Ikigai interview places Kinjo training regularly at Kise's dojo.,proposed
A0069,A0070,Seizan Kinjo,Ronald Lindsey,high,research:https://www.ikigaiway.com/interview-ronald-lindsey-matsumura-seito-9th-dan-part-1/ | research:https://www.bastropprovidencefuneralhome.com/obituaries/ronald-lindsey,"[branch completion:Matsumura Seito / Orthodox Sho; verifier: confirmed] Lindsey states in interview that Kinjo was his primary Matsumura Seito instructor in Okinawa (training at Kise's dojo, c. 1969-70).",proposed
C00066,A0070,Fusei Kise,Ronald Lindsey,low,research:https://www.ikigaiway.com/interview-ronald-lindsey-matsumura-seito-9th-dan-part-1/ | research:https://www.bastropprovidencefuneralhome.com/obituaries/ronald-lindsey,"[branch completion:Matsumura Seito / Orthodox Sho; verifier: plausible] Lindsey trained at Kise's dojo in Okinawa and held teaching certificates from Kise per his obituary, though Kinjo was his primary instructor.",proposed
Q3139173,A0070,Hohan Soken,Ronald Lindsey,low,research:https://www.ikigaiway.com/interview-ronald-lindsey-matsumura-seito-9th-dan-part-1/ | research:https://www.bastropprovidencefuneralhome.com/obituaries/ronald-lindsey,[branch completion:Matsumura Seito / Orthodox Sho; verifier: plausible] Lindsey trained in Soken's dojo in summer 1970 with Kinjo and held a teaching certificate from Soken per his obituary; Soken was head of system rather than day-to-day teacher.,proposed
A0066,A0067,Yuichi Kuda,Tomosada Kuda,high,research:https://matsumurakenpobischofsheim.wordpress.com/uber-uns/ | research:https://okinawa-karate-moerfelden.org/en/lineage-of-the-masters/,[branch completion:Matsumura Seito / Orthodox Sho; verifier: confirmed] Tomosada Kuda was taught from childhood by his father Yuichi Kuda and on his father's death in 1999 inherited the presidency of the Matsumura Kenpo association and the Kobukan dojo in Urasoe.,proposed
Q3139173,A0067,Hohan Soken,Tomosada Kuda,low,research:https://matsumurakenpobischofsheim.wordpress.com/uber-uns/,[branch completion:Matsumura Seito / Orthodox Sho; verifier: plausible] German Matsumura Kenpo association biography states Tomosada Kuda was taught since childhood by his father and by Hohan Soken; single-tradition source.,proposed
Q276730,A0073,Nishihira Kosei,Giuseppe Meloni,medium,research:https://en.wikipedia.org/wiki/Nishihira_Kosei,[branch completion:Matsumura Seito / Orthodox Sho; verifier: confirmed] Wikipedia records Meloni (Europe) among the small group of successors Nishihira officially recognised before his death in 2007.,proposed
Q276730,A0074,Nishihira Kosei,Ricky Rose,medium,research:https://en.wikipedia.org/wiki/Nishihira_Kosei,[branch completion:Matsumura Seito / Orthodox Sho; verifier: confirmed] Wikipedia records Ricky Rose (USA) among Nishihira's officially recognised successors.,proposed
Q276730,A0075,Nishihira Kosei,Theodore Lange,medium,research:https://en.wikipedia.org/wiki/Nishihira_Kosei,[branch completion:Matsumura Seito / Orthodox Sho; verifier: confirmed] Wikipedia records Theodore Lange (Australia) among Nishihira's officially recognised successors.,proposed
Q276730,A0076,Nishihira Kosei,Steve Watson,low,research:https://en.wikipedia.org/wiki/Nishihira_Kosei,[branch completion:Matsumura Seito / Orthodox Sho; verifier: plausible] Wikipedia records Steve Watson (Australia) among Nishihira's officially recognised successors.,proposed
Q276730,A0077,Nishihira Kosei,Richard Boyden,low,research:https://en.wikipedia.org/wiki/Nishihira_Kosei,[branch completion:Matsumura Seito / Orthodox Sho; verifier: plausible] Wikipedia records Richard Boyden among Nishihira's officially recognised successors.,proposed
Q3139173,A0074,Hohan Soken,Ricky Rose,low,research:https://en.wikipedia.org/wiki/Hohan_S%C5%8Dken | research:https://en.wikipedia.org/wiki/Nishihira_Kosei,[branch completion:Matsumura Seito / Orthodox Sho; verifier: plausible] Rick Rose is listed among Soken's senior and notable students on Wikipedia; the Nishihira article confirms Rose also trained under Soken himself.,proposed
Q3139173,A0075,Hohan Soken,Theodore Lange,low,research:https://en.wikipedia.org/wiki/Hohan_S%C5%8Dken | research:https://en.wikipedia.org/wiki/Nishihira_Kosei,[branch completion:Matsumura Seito / Orthodox Sho; verifier: plausible] Ted Lange is listed among Soken's senior students on Wikipedia; the Nishihira article confirms Lange also trained under Soken himself.,proposed
Q527422,Q3482287,Anko Itosu,Shinpan Gusukuma,high,research:https://en.wikipedia.org/wiki/Shinpan_Gusukuma,[branch completion:Shito-ryu schools (Mabuni line; verifier: confirmed] Wikipedia: Gusukuma began training under Anko Itosu at age thirteen (1903).,proposed
Q699236,Q3482287,Higaonna Kanryo,Shinpan Gusukuma,high,research:https://en.wikipedia.org/wiki/Shinpan_Gusukuma,"[branch completion:Shito-ryu schools (Mabuni line; verifier: confirmed] Wikipedia: Gusukuma began Naha-te training under Higaonna Kanryo in 1908, alongside Kenwa Mabuni.",proposed
Q3482287,Q7446703,Shinpan Gusukuma,Seiichi Iju,medium,research:https://en.wikipedia.org/wiki/Shinpan_Gusukuma,[branch completion:Shito-ryu schools (Mabuni line; verifier: confirmed] Wikipedia lists Seiichi Iju as a notable student of Gusukuma.,proposed
Q3482287,C00129,Shinpan Gusukuma,Horoku Ishikawa,medium,research:https://en.wikipedia.org/wiki/Shinpan_Gusukuma,[branch completion:Shito-ryu schools (Mabuni line; verifier: confirmed] Wikipedia: Horoku Ishikawa continued Gusukuma's branch of Shito-ryu after his death in 1954. Reuses orphan C00129.,proposed
Q3482287,Q7446770,Shinpan Gusukuma,Seikichi Iha,medium,research:https://en.wikipedia.org/wiki/Shinpan_Gusukuma,"[branch completion:Shito-ryu schools (Mabuni line; verifier: confirmed] Wikipedia article on Gusukuma identifies Seikichi Iha (10th dan, Shidokan) as his student; Iha began karate under Gusukuma in Shuri before joining Miyahira.",proposed
Q453505,Q727360,Kenwa Mabuni,Mabuni Kenei,high,research:https://en.wikipedia.org/wiki/Kenwa_Mabuni | research:https://www.shuriway.com/kenei2.html,"[branch completion:Shito-ryu schools (Mabuni line; verifier: confirmed] Eldest son, personally instructed from childhood; 2nd soke of Shito-ryu and Sosai of World Shito-ryu Karate-do Federation (1993).",proposed
Q727360,A0090,Mabuni Kenei,Kenyu Mabuni,high,research:https://shitoryugreece.com/history/kenyu-mabuni?lang=en | research:https://en.wikipedia.org/wiki/Mabuni_Kenei,"[branch completion:Shito-ryu schools (Mabuni line; verifier: confirmed] Eldest son of Kenei, taught by him from age 3; inaugurated 3rd soke of Shito-ryu in Osaka on 28 February 2016 after Kenei's death (2015).",proposed
C00246,A0091,Kenzo Mabuni,Tsukasa Mabuni,medium,research:https://www.seitoshitoryu.com/soke.php | research:https://www.usaseitoshitoryu.org/ | research:https://seitoshitoryu.webs.com/tsukasamabuni.htm,"[branch completion:Shito-ryu schools (Mabuni line; verifier: confirmed] Kenzo's eldest daughter (Miwako), trained under her father and announced 3rd soke of Seito Shito-ryu at the 5th International Seito Shito-ryu Taikai, Osaka, July 2005.",proposed
Q453505,Q6753487,Kenwa Mabuni,Manzo Iwata,high,research:https://en.wikipedia.org/wiki/Manzo_Iwata | research:https://www.shuriway.com/manzoiwata.html,[branch completion:Shito-ryu schools (Mabuni line; verifier: confirmed] Trained directly under Mabuni from 1941 at Toyo University; received shihan diploma 1944; later president of All Japan Karatedo Federation Shito-kai (1980).,proposed
Q7446788,Q6753487,Seiko Fujita,Manzo Iwata,high,research:https://en.wikipedia.org/wiki/Manzo_Iwata | research:https://www.shuriway.com/manzoiwata.html,"[branch completion:Shito-ryu schools (Mabuni line; verifier: confirmed] On Mabuni's advice Iwata studied jojutsu under Fujita (shihan diploma 1943), became his uchi-deshi and in 1948 inherited leadership of Nanban Satto-ryu kenpo and Shingetsu-ryu shurikenjutsu. This is Fujita's documented tie into Mabuni's circle.",proposed
Q182130,Q6753487,Morihei Ueshiba,Manzo Iwata,medium,research:https://en.wikipedia.org/wiki/Manzo_Iwata,"[branch completion:Shito-ryu schools (Mabuni line; verifier: confirmed] Wikipedia: Iwata studied aikido with Ueshiba Morihei, a friend of his grandfather.",proposed
Q6753487,A0092,Manzo Iwata,Genzo Iwata,high,research:http://www.shitoryu.org/bios/iwata_2/iwata_2.htm | research:http://findingkarate.com/wordpress/genzo-iwata/ | research:https://shitokai.com/english/history/,"[branch completion:Shito-ryu schools (Mabuni line; verifier: confirmed] Son of Manzo Iwata, began Shito-ryu under his father at age 12; now president of the World Shitoryu Karate Federation (Shito-kai).",proposed
Q453505,A0078,Kenwa Mabuni,Chojiro Tani,high,research:https://en.wikipedia.org/wiki/Ch%C5%8Djir%C5%8D_Tani,[branch completion:Shito-ryu schools (Mabuni line; verifier: confirmed] Wikipedia: Miyagi recommended Mabuni to Tani; in 1946 Tani received the certificate of succession from Mabuni and founded Tani-ha Shito-ryu (Shukokai).,proposed
Q221121,A0078,Chojun Miyagi,Chojiro Tani,high,research:https://en.wikipedia.org/wiki/Ch%C5%8Djir%C5%8D_Tani | research:https://en.wikipedia.org/wiki/Sh%C5%ABk%C5%8Dkai,"[branch completion:Shito-ryu schools (Mabuni line; verifier: confirmed] Tani initially trained under Miyagi Chojun at Doshisha University, Kyoto, before Miyagi returned to Okinawa.",proposed
A0078,A0079,Chojiro Tani,Shigeru Kimura,high,research:https://en.wikipedia.org/wiki/Sh%C5%ABk%C5%8Dkai | research:https://shuriway.com/kimura.html,"[branch completion:Shito-ryu schools (Mabuni line; verifier: confirmed] Kimura began karate at 16 under Tani and became his most senior student; left Japan 1965 to spread Shukokai, settling in the US 1970.",proposed
A0078,A0080,Chojiro Tani,Haruyoshi Yamada,low,research:https://en.wikipedia.org/wiki/Sh%C5%ABk%C5%8Dkai,[branch completion:Shito-ryu schools (Mabuni line; verifier: plausible] Senior Tani student; on Tani's death in 1998 selected as inaugural head of the Shito-ryu Shukokai Karate-do Union (9th dan hanshi).,proposed
A0078,A0089,Chojiro Tani,Chuzo Kotaka,low,research:https://www.ikfhawaii.com/history,[branch completion:Shito-ryu schools (Mabuni line; verifier: plausible] IKF Hawaii history: Tani (as Shukokai head) asked Kotaka to become a professional karate teacher on his 1965 Hawaii tour; single-source training association.,proposed
A0079,A0081,Shigeru Kimura,Eddie Daniels,medium,research:https://en.wikipedia.org/wiki/Sh%C5%ABk%C5%8Dkai | research:http://findingkarate.com/wordpress/shigeru-kimura/,[branch completion:Shito-ryu schools (Mabuni line; verifier: confirmed] One of Kimura's four senior students who co-led his international organisation after his 1995 death; head of Shukokai Karate Federation.,proposed
A0079,A0082,Shigeru Kimura,Bill Bressaw,medium,research:https://en.wikipedia.org/wiki/Sh%C5%ABk%C5%8Dkai | research:http://findingkarate.com/wordpress/shigeru-kimura/,[branch completion:Shito-ryu schools (Mabuni line; verifier: confirmed] Senior Kimura student; head of the American Shukokai Karate Union after Kimura's death.,proposed
A0079,A0083,Shigeru Kimura,Chris Thompson,medium,research:https://en.wikipedia.org/wiki/Sh%C5%ABk%C5%8Dkai | research:http://findingkarate.com/wordpress/shigeru-kimura/,"[branch completion:Shito-ryu schools (Mabuni line; verifier: confirmed] Senior Kimura student (South Africa/UK line), co-leader of Kimura Shukokai International.",proposed
A0079,A0084,Shigeru Kimura,Lionel Marinus,medium,research:https://en.wikipedia.org/wiki/Sh%C5%ABk%C5%8Dkai | research:http://findingkarate.com/wordpress/shigeru-kimura/,"[branch completion:Shito-ryu schools (Mabuni line; verifier: confirmed] Senior Kimura student of South Africa, co-leader of Kimura Shukokai International.",proposed
C00373,C00440,Moden Yabiku,Ryusho Sakagami,high,research:https://www.itosu-ryu.net/soke,[branch completion:Shito-ryu schools (Mabuni line; verifier: confirmed] Official Itosu-ryu soke biography: Sakagami studied under Master Moden Yabiku at Kokushikan before joining Mabuni.,proposed
C00440,A0085,Ryusho Sakagami,Sadaaki Sakagami,high,research:https://www.itosu-ryu.net/soke | research:https://www.usadojo.com/ryusho-sakagami/,"[branch completion:Shito-ryu schools (Mabuni line; verifier: confirmed] Son of Ryusho, studied under his father from age 12 (1954); succeeded as 4th Itosu-ryu soke and president of Japan Karatedo Itosu-kai on 30 April 1994.",proposed
Q723832,A0085,Taira Shinken,Sadaaki Sakagami,high,research:https://www.itosu-ryu.net/soke,[branch completion:Shito-ryu schools (Mabuni line; verifier: confirmed] Official Itosu-ryu biography: Sadaaki studied Ryukyu kobudo under Master Shinken Taira from February 1960.,proposed
C00440,A0086,Ryusho Sakagami,Seiko Suzuki,medium,research:https://www.usadojo.com/ryusho-sakagami/,[branch completion:Shito-ryu schools (Mabuni line; verifier: confirmed] Named among Sakagami's notable disciples; founder of Seiko-kai Shito-ryu (Tokyo).,proposed
C00440,A0087,Ryusho Sakagami,Kei Tsumura,medium,research:https://www.usadojo.com/ryusho-sakagami/,[branch completion:Shito-ryu schools (Mabuni line; verifier: confirmed] Named among Sakagami's notable disciples; founded Shito-ryu Itosu-kai Canada in 1969.,proposed
Q453505,C00285,Kenwa Mabuni,Kokuba (Kosei Kokuba),low,research:https://www.inoue-ha-karate.com/about/yoshimi-inoue/ | research:https://es.wikipedia.org/wiki/Teruo_Hayashi,"[branch completion:Shito-ryu schools (Mabuni line; verifier: plausible] Consistently reported that Kokuba Kosei was also a chief disciple of Kenwa Mabuni in Osaka, blending Shito-ryu into Seishin-kai's Motobu-ha curriculum.",proposed
Q1963468,C00586,Shoshin Nagamine,Teruo Hayashi,medium,research:https://es.wikipedia.org/wiki/Teruo_Hayashi | research:https://shuriway.com/hayashi.html,[branch completion:Shito-ryu schools (Mabuni line; verifier: confirmed] During his Okinawa research years Hayashi trained under Shoshin Nagamine (Matsubayashi-ryu).,proposed
Q453505,Q3959901,Kenwa Mabuni,Shogo Kuniba,high,research:https://en.wikipedia.org/wiki/Sh%C5%8Dg%C5%8D_Kuniba,[branch completion:Shito-ryu schools (Mabuni line; verifier: confirmed] Wikipedia lists Kenwa Mabuni (Shito-ryu karate) among Shogo Kuniba's teachers during his Osaka childhood.,proposed
C00586,Q3959901,Teruo Hayashi,Shogo Kuniba,low,research:https://shuriway.com/hayashi.html | research:https://es.wikipedia.org/wiki/Teruo_Hayashi,"[branch completion:Shito-ryu schools (Mabuni line; verifier: plausible] Hayashi ran Seishin-kai from Kosei's death until 1970 while Shogo matured, acting as his senior instructor; mentorship reported rather than a formally documented teacher-student certification.",proposed
Q3959901,A0093,Shogo Kuniba,William H. Price,medium,research:https://en.wikipedia.org/wiki/Sh%C5%8Dg%C5%8D_Kuniba,[branch completion:Shito-ryu schools (Mabuni line; verifier: confirmed] Kuniba's US student whom he named second soke of Kuniba-ryu Karate-do and Kuniba-ryu Goshindo on 16 March 1992.,proposed
Q3959901,A0094,Shogo Kuniba,Kozo Kuniba,low,research:https://en.wikipedia.org/wiki/Sh%C5%8Dg%C5%8D_Kuniba,[branch completion:Shito-ryu schools (Mabuni line; verifier: plausible] Son of Shogo; after Shogo's death the family established Kuniba-kai in Japan (1999) headed by Kozo Kuniba; direct instruction inferred from family succession.,proposed
C00586,A0088,Teruo Hayashi,Akio Minakami,high,research:https://en.wikipedia.org/wiki/Akio_Minakami | research:http://findingkarate.com/wordpress/akio-minakami/,[branch completion:Shito-ryu schools (Mabuni line; verifier: confirmed] Introduced to Hayashi in 1974 by Chuzo Kotaka; became president of US Hayashi-ha Shitoryu-kai and carries Hayashi's lineage in Seattle (8th dan).,proposed
A0089,A0088,Chuzo Kotaka,Akio Minakami,high,research:http://findingkarate.com/wordpress/akio-minakami/ | research:https://en.wikipedia.org/wiki/Akio_Minakami,[branch completion:Shito-ryu schools (Mabuni line; verifier: confirmed] Minakami began Shito-ryu in 1965 at Chuzo Kotaka's Honolulu dojo and trained there for about a decade before Kotaka introduced him to Hayashi.,proposed
Q3959901,A0089,Shogo Kuniba,Chuzo Kotaka,medium,research:https://www.usadojo.com/chuzo-kotaka-kotaka-ha-shito-ryu/ | research:http://findingkarate.com/wordpress/chuzo-kotaka/,[branch completion:Shito-ryu schools (Mabuni line; verifier: confirmed] Kotaka trained under Shogo Kuniba in high school and won the All Japan Seishinkai championships 1960-62 before founding IKF Hawaii and Kotaka-ha Shito-ryu (1966).,proposed
Q386415,Q3136331,Hironori Otsuka,Hironori Otsuka II,high,research:https://en.wikipedia.org/wiki/Hironori_%C5%8Ctsuka | research:https://www.usadojo.com/jiro-otsuka-ii/,"[branch completion:Wado-ryu spread: Otsuka family; verifier: confirmed] Jiro Otsuka (b. 24 Feb 1934, d. 26 Jun 2015), second son of the founder, began Wado-ryu training at 15 in preparation for succession and was appointed by his father before his leading students; succeeded as 2nd grandmaster in 1983, taking the name Hi",proposed
Q3136331,A0095,Hironori Otsuka II,Kazutaka Otsuka (Hironori Otsuka III),low,research:https://en.wikipedia.org/wiki/Wad%C5%8D-ry%C5%AB | research:https://www.facebook.com/budojapan.tokyo/videos/wado-ryu-karate-do-hironori-otsuka-3rd-soke/3875314615857688/,"[branch completion:Wado-ryu spread: Otsuka family; verifier: plausible] Kazutaka Otsuka, son of Jiro Otsuka and grandson of the founder, was trained by his father and succeeded him as grandmaster of Wado-ryu on Jiro's death in 2015, assuming the name Hironori Otsuka III; succession documented in the Wado-ryu Wikipedia ar",proposed
Q386415,Q97666381,Hironori Otsuka,Tatsuo Suzuki,high,research:https://en.wikipedia.org/wiki/Tatsuo_Suzuki_(martial_artist) | research:https://en.wikipedia.org/wiki/Wad%C5%8D-ry%C5%AB,"[branch completion:Wado-ryu spread: Otsuka family; verifier: confirmed] Suzuki began karate at 14 under Hironori Otsuka, was dispatched by Otsuka in 1963 to spread Wado-ryu worldwide, received 8th dan (1975) and Hanshi, and founded the Wado International Karate-do Federation (WIKF).",proposed
Q386415,Q957513,Hironori Otsuka,Teruo Kono,high,research:https://de.wikipedia.org/wiki/Teruo_Kono,"[branch completion:Wado-ryu spread: Otsuka family; verifier: confirmed] Kono (1935-2000) trained intensively in Wado-ryu under Hironori Otsuka while at Nihon University in Tokyo, then spread Wado-ryu in Europe from the mid-1960s (national coach in England, Netherlands, Yugoslavia; founded Wadokai Deutschland); 8th dan Ha",proposed
Q386415,Q23688927,Hironori Otsuka,Masaru Shintani,high,research:https://en.wikipedia.org/wiki/Masaru_Shintani,[branch completion:Wado-ryu spread: Otsuka family; verifier: confirmed] Shintani met Otsuka in the mid-1950s and developed a close mentoring relationship in which Otsuka taught him Wado-ryu; Shintani became Supreme Instructor of Wado Kai in North America and founded the Shintani Wado-Kai Karate Federation; 9th dan.,proposed
A0103,Q23688927,Akira Kitagawa,Masaru Shintani,high,research:https://en.wikipedia.org/wiki/Masaru_Shintani,"[branch completion:Wado-ryu spread: Otsuka family; verifier: confirmed] Before Wado-ryu, Shintani trained in Shorin-ryu karate under Akira Kitagawa for about 20 years from the early 1940s, per his Wikipedia biography.",proposed
Q386415,Q21503589,Hironori Otsuka,Toru Arakawa,high,research:https://en.wikipedia.org/wiki/T%C5%8Dru_Arakawa | research:https://en.wikipedia.org/wiki/Wad%C5%8D-ry%C5%AB,"[branch completion:Wado-ryu spread: Otsuka family; verifier: confirmed] Arakawa's Wikipedia infobox lists Hironori Otsuka as his teacher; Otsuka dispatched him (with Suzuki and Takashima) in 1963 to spread Wado-ryu abroad; JKF Wadokai manager 1962-1979, 9th dan Hanshi (d. 20 Jun 2015).",proposed
Q386415,A0096,Hironori Otsuka,Hideho Takagi,high,research:https://www.wksi.it/en/goodbye-takagi-sensei-mourning-in-the-world-of-wado/,"[branch completion:Wado-ryu spread: Otsuka family; verifier: confirmed] Takagi met Otsuka at Nihon University and began practising Wado-ryu under his guidance, being graded 5th dan by Otsuka in 1974; he remained in JKF Wadokai as chairman of its Technical Committee and its highest technical authority for around thirty ye",proposed
Q386415,A0097,Hironori Otsuka,Yoshiaki Ajari,high,research:https://www.usadojo.com/yoshiaki-ajari/ | research:https://en.wikipedia.org/wiki/Wad%C5%8D-ry%C5%AB,"[branch completion:Wado-ryu spread: Otsuka family; verifier: confirmed] Ajari met Otsuka at Meiji University and studied Wado-ryu with him (sandan in three and a half years); moved to the USA in 1957, pioneered Wado-ryu on the US West Coast, founded the US Wadokai Karatedo Federation, and recorded the 1965 legacy films w",proposed
Q386415,A0098,Hironori Otsuka,Masafumi Shiomitsu,high,research:https://fr.wikipedia.org/wiki/Masafumi_Shiomitsu | research:http://findingkarate.com/wordpress/spotlight-masafumi-shiomitsu-the-hard-man-of-wado-ryu/,"[branch completion:Wado-ryu spread: Otsuka family; verifier: confirmed] Shiomitsu joined the Nihon University Wado-ryu club taught by Otsuka (4th dan by 1964), was chosen by Otsuka as one of the instructors sent abroad (England 1965), and was graded 7th dan Kyoshi by Otsuka in 1981; later 9th dan Hanshi and head of the W",proposed
Q97666381,A0098,Tatsuo Suzuki,Masafumi Shiomitsu,low,research:http://findingkarate.com/wordpress/spotlight-masafumi-shiomitsu-the-hard-man-of-wado-ryu/ | research:https://fr.wikipedia.org/wiki/Masafumi_Shiomitsu,"[branch completion:Wado-ryu spread: Otsuka family; verifier: plausible] Shiomitsu went to England in 1965 as Assistant Chief Instructor in the UK Wado organisation headed by Suzuki, working and training under the senior Suzuki for years before founding his own Wado Academy in 1989; consistently reported in secondary biog",proposed
Q97666381,Q7800728,Tatsuo Suzuki,Ticky Donovan,high,research:https://en.wikipedia.org/wiki/Tatsuo_Suzuki_(martial_artist),[branch completion:Wado-ryu spread: Otsuka family; verifier: confirmed] Suzuki's Wikipedia biography names Ticky Donovan as one of his notable students from his years teaching Wado-ryu in Britain.,proposed
Q97666381,A0099,Tatsuo Suzuki,Jon Wicks,high,research:https://www.wikf.com/about_wikf.php | research:https://su-ha-ri-wadoryukarate.co.uk/sensei-jon-wicks/,"[branch completion:Wado-ryu spread: Otsuka family; verifier: confirmed] Wicks trained under Suzuki from the start of his Wado career including private tuition, was awarded 8th dan by Suzuki, was appointed his successor as WIKF World Chief Instructor in 2009, and took over on Suzuki's death in 2011; documented by the offi",proposed
Q23688927,A0100,Masaru Shintani,Denis Labbé,high,research:https://www.shintani.ca/team/denis-labb%C3%A9---kudan-(9th-dan) | research:https://www.shintani.ca/team,"[branch completion:Wado-ryu spread: Otsuka family; verifier: confirmed] Labbé (9th dan) trained under Shintani, who signed the SWKKF constitution naming him his successor; on Shintani's death in May 2000 Labbé became President of the Shintani Wado Kai Karate Federation, per the federation's official site.",proposed
Q23688927,A0101,Masaru Shintani,Ron Mattie,high,research:https://www.shintani.ca/team/ron-mattie---kudan-(9th-dan) | research:http://ykwadokaikarate.com/master-ron-mattie.html,"[branch completion:Wado-ryu spread: Otsuka family; verifier: confirmed] Mattie (9th dan) was a long-time student of Shintani and was appointed Chief Instructor of the Shintani Wado-Kai Karate Federation after Shintani's death in 2000, per the federation's official site.",proposed
Q21503589,Q476441,Toru Arakawa,Seiji Nishimura,high,research:https://en.wikipedia.org/wiki/T%C5%8Dru_Arakawa,"[branch completion:Wado-ryu spread: Otsuka family; verifier: confirmed] Arakawa's Wikipedia biography states he trained numerous successful competitors in the 1980s, naming Seiji Nishimura (Wado-ryu, later Japanese national kumite coach) among them.",proposed
Q386415,A0102,Hironori Otsuka,Hajimu Takashima,medium,research:https://en.wikipedia.org/wiki/Wad%C5%8D-ry%C5%AB | research:https://en.wikipedia.org/wiki/T%C5%8Dru_Arakawa | research:https://en.wikipedia.org/wiki/Tatsuo_Suzuki_(martial_artist),"[branch completion:Wado-ryu spread: Otsuka family; verifier: confirmed] Takashima was the third senior instructor Otsuka dispatched in 1963 (with Suzuki and Arakawa) to spread Wado-ryu in Europe and America, per the Wado-ryu and Arakawa Wikipedia articles; his role as one of Otsuka's senior instructors is consistently re",proposed
A0020,A0104,Shian Toma,Roy J. Hobbs,high,research:https://en.wikipedia.org/wiki/Okinawa_Seidokan | research:https://www.dentokan.org.uk/ARTS | research:https://lelandkarate.com/about/,"[branch completion:Seidokan karate and kobudo (Sh; verifier: confirmed] Wikipedia documents Hobbs as Toma's most prolific student, President of the Seidokan Shihan Kai and promoted to 9th Dan Hanshi by Toma before founding the Sekai Dentokan Bugei Renmei (1994); Dentokan UK states Hobbs was 'the direct student of Toma Se",proposed
A0021,A0104,Seiki Toma,Roy J. Hobbs,low,research:https://www.dentokan.org.uk/ARTS | research:https://www.dentokan.com/,[branch completion:Seidokan karate and kobudo (Sh; verifier: plausible] Dentokan UK's arts page states Hobbs was 'the direct student of Toma Seiki and Toma Shian' in Sukunai Hayashi (Kyan-ha/Chubu) Shorin-ryu; the Dentokan official site names Toma Seiki as the direct transmission source for Dentokan Shorin-ryu and Ryukyu,proposed
A0020,A0105,Shian Toma,Ron Nix,high,research:https://seidokankarate.org/ron-nix-biography | research:https://en.wikipedia.org/wiki/Okinawa_Seidokan,"[branch completion:Seidokan karate and kobudo (Sh; verifier: confirmed] RSKKR official biography: Nix requested to become Toma's student in 1980, restarted as a white belt, returned to Okinawa in 1984 and trained eight years in Seidokan; Wikipedia records his promotion to 9th dan by Toma and his role as RSKKR President a",proposed
A0020,A0107,Shian Toma,Shigemitsu Tamae,high,research:https://seidokankarate.org/shigemitsu-tamae-biography | research:https://en.wikipedia.org/wiki/Okinawa_Seidokan,[branch completion:Seidokan karate and kobudo (Sh; verifier: confirmed] RSKKR biography: Tamae (b. 1950) began Seidokan at age 13 and was Shian Toma's student from 1963; Wikipedia records that on Toma's death in May 2013 Shigemitsu Tamae of Yomitan became second headmaster of Okinawa Seidokan (OSKKR). This is the 'Tamai',proposed
A0020,A0106,Shian Toma,Stephen Chan,low,research:http://www.stephen-chan.com/martial-arts/ | research:https://chilembowarriormoves.com/2017/06/19/zambian-karate-history-profile-professor-stephen-chan-obe-9th-dan/,[branch completion:Seidokan karate and kobudo (Sh; verifier: plausible] Chan's martial arts page states he trained eight times in Okinawa and was awarded 7th dan and the Shihan title by Shian Toma; the Zambian karate history profile documents his Seidokan Zambia pioneering work (1981-85) within the Toma organisation.,proposed
A0021,A0106,Seiki Toma,Stephen Chan,low,research:http://www.stephen-chan.com/martial-arts/,"[branch completion:Seidokan karate and kobudo (Sh; verifier: plausible] Chan's own martial arts page states he was awarded 8th dan and the Kyoshi title by Seiki Toma. Primary self-published source, consistent with his documented Seidokan career.",proposed
A0104,A0106,Roy J. Hobbs,Stephen Chan,low,research:http://www.stephen-chan.com/martial-arts/ | research:https://davehague.wixsite.com/karate,"[branch completion:Seidokan karate and kobudo (Sh; verifier: plausible] Chan's page states he was awarded 9th dan and the Hanshi title by Roy Hobbs; Jindokai-affiliated sites record Chan as 10th dan Shorin-ryu and head of Jindokai (founded 2012), continuing the Toma/Hobbs line.",proposed
A0020,A0108,Shian Toma,John E. Kennedy,high,research:https://en.wikipedia.org/wiki/Okinawa_Seidokan,"[branch completion:Seidokan karate and kobudo (Sh; verifier: confirmed] Wikipedia documents John E. Kennedy as the senior student who brought Seidokan to the United States, promoted to 9th dan by Toma in 2001.",proposed
A0020,A0109,Shian Toma,Allen Tackett,medium,research:https://en.wikipedia.org/wiki/Okinawa_Seidokan,[branch completion:Seidokan karate and kobudo (Sh; verifier: confirmed] Wikipedia's Okinawa Seidokan article lists Allen Tackett among Toma's students promoted to 9th dan.,proposed
A0020,A0110,Shian Toma,Glenn Capistrant,medium,research:https://en.wikipedia.org/wiki/Okinawa_Seidokan,[branch completion:Seidokan karate and kobudo (Sh; verifier: confirmed] Wikipedia's Okinawa Seidokan article lists Glenn Capistrant among Toma's students promoted to 9th dan.,proposed
A0020,A0111,Shian Toma,C. Michial Jones,low,research:https://en.wikipedia.org/wiki/Okinawa_Seidokan | research:http://yushikan.blogspot.com/2017/09/seidokan-karate-kobudo.html,[branch completion:Seidokan karate and kobudo (Sh; verifier: plausible] Wikipedia records that C. Michial Jones was graded to Shihan by Shian Toma in Seidokan Karate and Kobudo and founded the International Karate Kobudo Kyokai in 2016 to further Toma's teachings; Jones co-wrote the 2002 Traditional Karate Magazine Seido,proposed
A0104,A0111,Roy J. Hobbs,C. Michial Jones,low,research:https://en.wikipedia.org/wiki/Okinawa_Seidokan,[branch completion:Seidokan karate and kobudo (Sh; verifier: plausible] Wikipedia records that Jones was graded to Kyoshi by Col. Roy J. Hobbs in Seidokan Karate and Kobudo.,proposed
A0021,A0113,Seiki Toma,Seifuku Nitta,low,research:https://shuriway.com/toma.html,[branch completion:Seidokan karate and kobudo (Sh; verifier: plausible] Shuriway's biography of Seiki Toma names Seifuku Nitta among his notable students.,proposed
A0113,A0112,Seifuku Nitta,Larry Isaac,low,research:https://limacjacksonville.wixsite.com/isaacsmartialarts/instructors,"[branch completion:Seidokan karate and kobudo (Sh; verifier: plausible] Isaac's official school page states he 'trained and studied with FOUR of Okinawa's Great Grandmasters: Sensei Shimabukuro Eizo, Grandmaster Kise Fusei, Grandmaster Odo Seikichi and Grandmaster Nitta Seifuku'. Note: Isaac (10th dan Okinawa Kenpo-Kobud",proposed
Q15987278,A0112,Seikichi Odo,Larry Isaac,medium,research:https://limacjacksonville.wixsite.com/isaacsmartialarts/instructors,[branch completion:Seidokan karate and kobudo (Sh; verifier: confirmed] Isaac's official school page names Grandmaster Odo Seikichi among the four Okinawan grandmasters he trained under.,proposed
C00034,A0112,Eizo Shimabukuro,Larry Isaac,medium,research:https://limacjacksonville.wixsite.com/isaacsmartialarts/instructors,[branch completion:Seidokan karate and kobudo (Sh; verifier: confirmed] Isaac's official school page names Sensei Shimabukuro Eizo among the four Okinawan grandmasters he trained under.,proposed
C00066,A0112,Fusei Kise,Larry Isaac,low,research:https://limacjacksonville.wixsite.com/isaacsmartialarts/instructors,[branch completion:Seidokan karate and kobudo (Sh; verifier: plausible] Isaac's official school page names Grandmaster Kise Fusei among the four Okinawan grandmasters he trained under.,proposed
A0017,A0018,Sakugawa Kangi,Tachimura no Peichin,low,research:https://ilpracticalkarate.com/kishimotodi | research:https://blackbeltwiki.com/kishimotodi | research:https://azpracticalkarate.com/2020/12/kishimotodi-revisited.html,"[branch completion:Bugeikan (Higa Seitoku) / Kish; verifier: plausible] KishimotoDi style tradition traces its lineage from Tode Sakugawa Kanga (1786-1867) to Bushi Tachimura (1814-1899), described as a fellow student alongside Matsumura Sokon. Oral tradition of the style, reported consistently only within KishimotoDi so",proposed
C00253,A0114,Kiyohiko Higa,Ulf Karlsson,high,research:https://ilpracticalkarate.com/kishimotodi | research:https://ilpracticalkarate.com/2024/07/legitimacy-vs-popularity-in-martial-arts.html | research:https://www.yliopistontaido.fi/camp2024,[branch completion:Bugeikan (Higa Seitoku) / Kish; verifier: confirmed] Ulf Karlsson (Sweden) trains directly under Higa Kiyohiko at the Bugeikan on near-annual visits and is the first person ever granted a Shihan licence in KishimotoDi by Higa Kiyohiko; foremost instructor of the art outside Okinawa.,proposed
A0114,A0115,Ulf Karlsson,Noah Legel,low,research:https://ilpracticalkarate.com/author-biography | research:https://ilpracticalkarate.com/kishimotodi | research:https://azpracticalkarate.com/2020/12/kishimotodi-revisited.html,[branch completion:Bugeikan (Higa Seitoku) / Kish; verifier: plausible] Noah Legel has studied KishimotoDi under Ulf Karlsson since 2014 (including two-week intensives with his late sensei Richard Poage) and is the first American authorised to teach the art (three of its four kata as of 2024). Reported mainly on Legel's ,proposed
A0116,C00494,Kijun Kishimoto,Seitoku Higa,low,research:https://www.motobu-ryu.org/%E8%B3%87%E6%96%99%E5%AE%A4/%E6%88%A6%E5%BE%8C/%E9%81%93%E6%B7%B1%E3%81%97-%E7%A9%BA%E6%89%8B%E6%AD%A6%E9%81%93-1966/,"[branch completion:Bugeikan (Higa Seitoku) / Kish; verifier: plausible] Higa Seitoku's own 1966 essay states his first karate instruction, in elementary school, came from Kishimoto Kijun (岸本喜順), who worked at the Higa home, before he passed to Kishimoto Soko. Single (though primary autobiographical) source, hence low.",proposed
Q3772405,C00494,Kanken Toyama,Seitoku Higa,low,research:http://www.kcdw.de/kobudo.htm | research:https://www.toyama-book.org/blog | research:https://www.e-budo.com/archive/index.php/t-41484.html,"[branch completion:Bugeikan (Higa Seitoku) / Kish; verifier: plausible] Secondary biographies state Higa Seitoku studied under Toyama Kanken and that Toyama awarded him a Shihan grade in 1940 after a joint demonstration in mainland Japan. Reported in enthusiast/secondary sources I could only consult via search snippets, ",proposed
Q1071733,C00494,Choshin Chibana,Seitoku Higa,low,research:http://www.kcdw.de/kobudo.htm | research:https://www.e-budo.com/archive/index.php/t-41484.html,"[branch completion:Bugeikan (Higa Seitoku) / Kish; verifier: plausible] The same biography listing Higa Seitoku's verified teachers (Kishimoto, Uehara, Chinen Masami) also names Chibana Choshin among his further teachers. Single secondary listing, unverifiable against a fetched page, hence low; the parallel claims in tha",proposed
Q453505,Q723832,Kenwa Mabuni,Taira Shinken,high,research:https://en.wikipedia.org/wiki/Taira_Shinken,[branch completion:Kobudo systems: Ryukyu Kobudo ; verifier: confirmed] Wikipedia: Taira became a student of Kenwa Mabuni in 1934.,proposed
Q41105,Q723832,Gichin Funakoshi,Taira Shinken,high,research:https://en.wikipedia.org/wiki/Taira_Shinken,[branch completion:Kobudo systems: Ryukyu Kobudo ; verifier: confirmed] Wikipedia: Taira was introduced to Funakoshi in 1922 and trained karate under him before turning to kobudo.,proposed
Q723832,Q1473967,Taira Shinken,Fumio Demura,high,research:https://en.wikipedia.org/wiki/Fumio_Demura | research:http://findingkarate.com/wordpress/spotlight-fumio-demura-the-real-mr-miyagi/,"[branch completion:Kobudo systems: Ryukyu Kobudo ; verifier: confirmed] Demura trained kobudo (bo, sai, kama, nunchaku, tonfa) under Taira Shinken at Sakagami's Itosu-kai dojo.",proposed
Q723832,Q27363,Taira Shinken,Tatsuo Shimabuku,high,research:https://en.wikipedia.org/wiki/Tatsuo_Shimabuku,"[branch completion:Kobudo systems: Ryukyu Kobudo ; verifier: confirmed] Wikipedia: in the late 1950s-early 1960s Shimabuku studied kobudo with Taira Shinken, learning Shishi nu Kun, Chatan Yara nu Sai and other weapon kata (basis of Isshin-ryu kobudo).",proposed
C00035,A0117,Eisuke Akamine,Hiroshi Akamine,high,research:https://www.karatekobudo.com/kobudo/grand-masters/akamine/akamine.htm | research:https://ageshiojapan.com/dojo_info/hiroshi-akamine-sensei-hanshi-9th-dan%EF%BD%9C-ryukyu-kobudo-shimbukan | research:https://www.servantsheartkarate.com/ryukyu-kobudo-shimbukan,"[branch completion:Kobudo systems: Ryukyu Kobudo ; verifier: confirmed] Hiroshi (b. 1954), fourth son of Eisuke, trained under his father, succeeded him as 3rd president of the Hozon Shinkokai in 1999 and heads the Ryukyu Kobudo Shimbukan since 2011.",proposed
C00035,A0118,Eisuke Akamine,Hidemi Tamayose,high,research:https://kobudo-tesshinkan.eu/index.php/en/about-ryukyu-kobudo-tesshinkan/style-founder/ | research:https://en.wikipedia.org/wiki/Ryukyu_Kobudo | research:https://www.shuriway.co.uk/tamayose.html,[branch completion:Kobudo systems: Ryukyu Kobudo ; verifier: confirmed] Tamayose (b. 1949) trained directly under Akamine Eisuke from 1982 and founded Ryukyu Kobudo Tesshinkan in 1999 with Akamine's permission; 10th dan 2015.,proposed
C00035,A0119,Eisuke Akamine,Yukio Kuniyoshi,high,research:https://ryukyu-kobudo.net/overview/ | research:https://en.wikipedia.org/wiki/Ryukyu_Kobudo,[branch completion:Kobudo systems: Ryukyu Kobudo ; verifier: confirmed] Kuniyoshi was a senior student of Eisuke Akamine and chief instructor in his dojo; now 4th president of the Ryukyu Kobudo Hozon Shinkokai.,proposed
Q6918025,A0120,Motokatsu Inoue,Kisho Inoue,high,research:https://en.wikipedia.org/wiki/Motokatsu_Inoue | research:https://sites.google.com/site/yuishinkaikobujutsuusa/about-hanshi-kisho-inoue,"[branch completion:Kobudo systems: Ryukyu Kobudo ; verifier: confirmed] Kisho Inoue (b. 1954), son of Motokatsu, trained under his father and has been president of the Ryukyu Kobujutsu Hozon Shinko Kai and Yuishinkai since 1993.",proposed
Q1908090,A0121,Matayoshi Shinpo,Seisho Itokazu,high,research:http://www.bukekan.com/matayoshi-kobudo.html | research:https://en.wikipedia.org/wiki/Matayoshi_Kobudo | research:https://travel67.com/2014/08/06/seisho-itokazu-9th-dan-matayoshi-kobudo/,"[branch completion:Kobudo systems: Ryukyu Kobudo ; verifier: confirmed] Itokazu (b. 1945) trained extensively under Matayoshi Shinpo; appointed Kancho of the Matayoshi Kodokan (2002-2014), then founded the Matayoshi Kobudo Shinbukai.",proposed
Q1908090,A0122,Matayoshi Shinpo,Zenei Oshiro,high,research:https://www.ffkarate.fr/zenei-oshiro-ju-ne-saffaiblit-jamais-expert-japon-goju-ryu-kobudo-okinawa/ | research:https://en.wikipedia.org/wiki/Matayoshi_Kobudo,"[branch completion:Kobudo systems: Ryukyu Kobudo ; verifier: confirmed] Oshiro (b. 1953) began kobudo under Matayoshi Shinpo at 18; since 1986 heads Matayoshi kobudo in France (Academie Internationale de Kobudo d'Okinawa), 9th dan.",proposed
Q1908090,A0123,Matayoshi Shinpo,Tetsuhiro Hokama,high,research:https://www.kenshikai.org/hokama-tetsuhiro-hanshi.html | research:https://www.usadojo.com/tetsuhiro-hokama/ | research:https://ageshiojapan.com/dojo_info/tetsuhiro-hokama-sensei-hanshi-10th-dan%EF%BD%9C-kenshikai-sohombu,"[branch completion:Kobudo systems: Ryukyu Kobudo ; verifier: confirmed] Hokama (b. 1944, 10th dan, Kenshikai, founder of the first karate museum) learned kobudo from Matayoshi Shinpo.",proposed
Q1908090,C00492,Matayoshi Shinpo,Seisuke Adaniya,medium,research:http://jmaany.weebly.com/matayoshi-kobud333.html,[branch completion:Kobudo systems: Ryukyu Kobudo ; verifier: confirmed] Adaniya Seisuke is listed among Matayoshi Shinpo's former students who founded their own organisation (Nippon Budo Club).,proposed
Q1908090,Q2025214,Matayoshi Shinpo,Tadashi Yamashita,medium,research:http://jmaany.weebly.com/matayoshi-kobud333.html,[branch completion:Kobudo systems: Ryukyu Kobudo ; verifier: confirmed] Yamashita (whose roster styles include matayoshi-kobudo) is listed among Matayoshi's former students; heads the Zen Okinawan Kobudo Association.,proposed
Q1908090,A0124,Matayoshi Shinpo,Yasushi Matayoshi,low,research:https://www.okinawankarate.org/ryukyu-kobudo.html | research:https://en.wikipedia.org/wiki/Matayoshi_Kobudo,"[branch completion:Kobudo systems: Ryukyu Kobudo ; verifier: confirmed] Family succession, not conventional tuition: Shinpo left the system to his only son Yasushi (b. 1965), spiritual head/soke of the Kodokan, though sources note he never practised Matayoshi Kobudo. Drawn dashed as succession.",proposed
Q921673,A0125,Kanga Sakukawa,Chinen Umikana,low,research:https://en.wikipedia.org/wiki/Yamanni_ryu,"[branch completion:Kobudo systems: Ryukyu Kobudo ; verifier: plausible] Yamanni-ryu tradition per Wikipedia: Chinen Umikana was the first recipient of Sakugawa's bojutsu; single-source tradition, drawn dashed.",proposed
A0125,C00449,Chinen Umikana,Sanda Chinen,medium,research:https://www.koryu-uchinadi.com/yamane-ryu/ | research:https://en.wikipedia.org/wiki/Yamanni_ryu,"[branch completion:Kobudo systems: Ryukyu Kobudo ; verifier: confirmed] Koryu-uchinadi: Chinen Sanda was schooled by his uncle Chinen (Andaya Pechin, aka Aburaya Yamagusuku, 1797-1881); Wikipedia places Umikana as the link between Sakugawa and Sanda Chinen.",proposed
Q6782517,Q5103850,Masami Chinen,Chogi Kishaba,high,research:https://en.wikipedia.org/wiki/Yamanni_ryu | research:https://www.rbkd-germany.de/en/rbkd-en/yamanni-en.html,[branch completion:Kobudo systems: Ryukyu Kobudo ; verifier: confirmed] Kishaba Chogi trained under Masami Chinen from his teens until Chinen's death and carried the Yamanni-ryu line (RBKD founded 1985).,proposed
Q5103850,Q7827674,Chogi Kishaba,Toshihiro Oshiro,high,research:https://en.wikipedia.org/wiki/Yamanni_ryu | research:https://en.m.wikipedia.org/wiki/Toshihiro_Oshiro,[branch completion:Kobudo systems: Ryukyu Kobudo ; verifier: confirmed] Kishaba sent his student Toshihiro Oshiro to the US in 1979; Oshiro co-founded the RBKD (1985) to spread Yamanni-ryu in the West.,proposed
Q5103850,A0126,Chogi Kishaba,Kiyoshi Nishime,high,research:https://en.wikipedia.org/wiki/Yamanni_ryu | research:https://cincinnatimartialarts.com/about/,"[branch completion:Kobudo systems: Ryukyu Kobudo ; verifier: confirmed] Nishime, Kishaba's student sent to the US in 1979, co-founded the RBKD and is its current US director/chief instructor (9th dan).",proposed
C00450,C00260,Sanda Kanagusuku,Saburo Tokashiki,high,research:https://en.wikipedia.org/wiki/Ufuchiku_Kobudo,[branch completion:Kobudo systems: Ryukyu Kobudo ; verifier: confirmed] Tokashiki Saburo (1877-1967) is listed among Kanagusuku Sanda's notable Ufuchiku students.,proposed
C00527,A0127,Shosei Kina,Kaishu Isa,high,research:https://en.wikipedia.org/wiki/Ufuchiku_Kobudo | research:https://www.tmai-honbu.com/kokusai-ryukyu-kobujutsu-kenkyokai/,"[branch completion:Kobudo systems: Ryukyu Kobudo ; verifier: confirmed] Isa Kaishu trained under Kina from 1952, received menkyo kaiden (1971) and the sokeship certificate (1976), becoming 3rd soke of Ufuchiku-den Ryukyu Kobujutsu.",proposed
C00527,A0128,Shosei Kina,Kiichi Nakamoto,high,research:https://en.wikipedia.org/wiki/Ufuchiku_Kobudo | research:https://travel67.com/2019/09/03/kiichi-nakamoto-10th-dan-goju-ryu-karate-10th-dan-ryukyu-dento-kobujutsu/,"[branch completion:Kobudo systems: Ryukyu Kobudo ; verifier: confirmed] Kiichi Nakamoto (10th dan Goju-ryu and 10th dan Ryukyu Dento Kobujutsu, distinct from Masahiro Nakamoto) trained under Kina in the 1970s.",proposed
C00527,C00201,Shosei Kina,Masahiro Nakamoto,high,research:https://www.patreon.com/posts/nakamoto-106131775 | research:https://www.karatebyjesse.com/gendai-no-bushi-nakamoto-masahiro-pt-1/,[branch completion:Kobudo systems: Ryukyu Kobudo ; verifier: confirmed] Nakamoto Masahiro began learning Ryukyu Traditional Kobujutsu Ufuchiku-den from Kina Shosei in May 1956; Kina promoted him to Hanshi 9th dan in January 1981.,proposed
C00527,A0129,Shosei Kina,Kantoku Izumikawa,low,research:https://en.wikipedia.org/wiki/Ufuchiku_Kobudo,[branch completion:Kobudo systems: Ryukyu Kobudo ; verifier: plausible] Kantoku Izumikawa is listed among Kina Shosei's Ufuchiku-den students.,proposed
C00260,A0127,Saburo Tokashiki,Kaishu Isa,medium,research:https://en.wikipedia.org/wiki/Ufuchiku_Kobudo,[branch completion:Kobudo systems: Ryukyu Kobudo ; verifier: confirmed] Wikipedia: Isa Kaishu also trained under Tokashiki Saburo (1877-1967) after starting with Kina.,proposed
C00518,A0128,Shinyei Kyan,Kiichi Nakamoto,high,research:https://en.wikipedia.org/wiki/Ufuchiku_Kobudo,[branch completion:Kobudo systems: Ryukyu Kobudo ; verifier: confirmed] Kiichi Nakamoto continued under Kyan Shinyei and was named 2nd president of the Ryukyu Dento Kobujutsu preservation body after Kyan's death in 1997.,proposed
A0129,Q16006586,Kantoku Izumikawa,Kanki Izumigawa,medium,research:https://historyandstoriesofgojuryu.blogspot.com/2020/10/kanki-izumikawa-pioneer-of-goju-ryu-in.html | research:https://shuriway.com/izumigawa.html,[branch completion:Kobudo systems: Ryukyu Kobudo ; verifier: confirmed] Kanki Izumigawa (Senbukan founder) learned Okinawan kobudo from childhood from his cousin Kantoku Izumikawa.,proposed
C00201,A0130,Masahiro Nakamoto,Mamoru Nakamoto,medium,research:https://bunbukan.eu/en/ryukyu-kobudo/ | research:https://www.bunbukan.be/newkarate/en/ryukyu-kobudo,"[branch completion:Kobudo systems: Ryukyu Kobudo ; verifier: confirmed] Mamoru Nakamoto, son of Masahiro, trained under his father and teaches in the Bunbukan organisation (documented teaching together at Bunbukan Brussels).",proposed
Q27363,A0131,Tatsuo Shimabuku,Eiko Kaneshi,high,research:https://en.wikipedia.org/wiki/Tatsuo_Shimabuku | research:https://isshinryukarate.net/shimabuku.html | research:https://www.isshinkai.net/history3-The_Megami_Patch.html,"[branch completion:Kobudo systems: Ryukyu Kobudo ; verifier: confirmed] Kaneshi trained under Shimabuku from 1947-48, was his senior student and 'right-hand man', present at the 1956 naming of Isshin-ryu and considered for the succession. Note: the suggested Ufuchiku link (Kina -> Kaneshi) could not be corroborated in an",proposed
Q5349190,C00296,Eiichi Miyazato,Koshin Iha,high,research:https://en.wikipedia.org/wiki/Eiichi_Miyazato | research:http://www.jundokanfrance.fr/?page_id=259,"[branch completion:Goju-ryu branch organisations ; verifier: confirmed] Koshin Iha was Miyazato's assistant at the Jundokan and succeeded him in 1999 as head of the dojo and chairman of the Okinawa Goju-ryu Karate-do Kyokai; 10th dan, named an Okinawan intangible cultural asset in 2000.",proposed
Q5349190,C00361,Eiichi Miyazato,Tetsunosuke Yasuda,high,research:https://jundokannz.org/blogs-1/2019/9/17/yasuda-tetsunosuke-hanshi-10th-dan | research:https://jundokannz.org/the-jundokan,"[branch completion:Goju-ryu branch organisations ; verifier: confirmed] Yasuda (b. 1926), Hanshi 10th dan, was a direct student of Miyazato at the Jundokan and served as Saiko Komon (supreme advisor) of the Jundokan Sohombu.",proposed
Q5349190,A0141,Eiichi Miyazato,Yoshihiro Miyazato,high,research:https://en.wikipedia.org/wiki/Eiichi_Miyazato | research:https://jundokannz.org/the-jundokan,[branch completion:Goju-ryu branch organisations ; verifier: confirmed] Eiichi Miyazato's son; trained under his father and now serves as Kancho (head) of the Jundokan So-Honbu in Naha.,proposed
Q5349190,A0142,Eiichi Miyazato,Tetsu Gima,high,research:https://jundokannz.org/the-jundokan | research:http://www.jundokan-hb.jp/english/exeutives.htm,[branch completion:Goju-ryu branch organisations ; verifier: confirmed] Named as a noteworthy student of Miyazato; current chief director of the Jundokan.,proposed
Q5349190,A0143,Eiichi Miyazato,Tsuneo Kinjo,high,research:https://jundokannz.org/the-jundokan | research:http://www.jundokan-hb.jp/english/exeutives.htm,[branch completion:Goju-ryu branch organisations ; verifier: confirmed] Named as a notable student of Miyazato; permanent director of the Jundokan.,proposed
Q5349190,A0144,Eiichi Miyazato,Kazuya Higa,low,research:https://jundokannz.org/the-jundokan | research:http://www.jundokan-hb.jp/english/exeutives.htm,[branch completion:Goju-ryu branch organisations ; verifier: plausible] Named as a prominent student of Miyazato; permanent director of the Jundokan.,proposed
Q7447367,A0132,Seko Higa,Seiko Fukuchi,high,research:https://en.wikipedia.org/wiki/Sek%C5%8D_Higa | research:https://historyandstoriesofgojuryu.blogspot.com/2020/12/dojo-of-seiko-higa-lineage.html,[branch completion:Goju-ryu branch organisations ; verifier: confirmed] Senior student of Higa from the 1930s and his assistant at the Shodokan; opened his own Naha dojo in 1964.,proposed
Q7447367,A0133,Seko Higa,Eiki Kurashita,high,research:https://en.wikipedia.org/wiki/Sek%C5%8D_Higa | research:https://historyandstoriesofgojuryu.blogspot.com/2020/12/dojo-of-seiko-higa-lineage.html,[branch completion:Goju-ryu branch organisations ; verifier: confirmed] Listed among Higa's students on Wikipedia; founded the Eikikan dojo and became president of the Goju-ryu Kokusai Karate Kobudo Renmei after Seikichi Higa's death in 1999.,proposed
Q7447367,C00032,Seko Higa,Eikichi Fukumoto,low,research:https://historyandstoriesofgojuryu.blogspot.com/2020/12/dojo-of-seiko-higa-lineage.html,[branch completion:Goju-ryu branch organisations ; verifier: plausible] Single specialist source lists Fukumoto (Gojukan dojo) as a member of Seko Higa's organisation and lineage.,proposed
Q7447367,A0123,Seko Higa,Tetsuhiro Hokama,high,research:https://www.jissenkarate.com/tetsuhiro-hokama/ | research:https://www.kenshikai.org/hokama-tetsuhiro-hanshi.html | research:https://en.wikipedia.org/wiki/Sek%C5%8D_Higa,[branch completion:Goju-ryu branch organisations ; verifier: confirmed] Hokama trained directly under Seko Higa from 1961 until Higa's death in 1966.,proposed
A0132,A0123,Seiko Fukuchi,Tetsuhiro Hokama,high,research:https://www.jissenkarate.com/tetsuhiro-hokama/ | research:https://www.kenshikai.org/hokama-tetsuhiro-hanshi.html,[branch completion:Goju-ryu branch organisations ; verifier: confirmed] After Higa's death Hokama continued under Higa's senior assistant Seiko Fukuchi until Fukuchi's death in 1975; Hokama is now Hanshi 10th dan and president of the Okinawa Goju-ryu Kenshi-kai.,proposed
A0132,C00664,Seiko Fukuchi,Yuken Tokashiki,medium,research:https://sites.google.com/site/worldmartialartsstyles/karate/gohaku-kai | research:https://historyandstoriesofgojuryu.blogspot.com/2021/07/iken-tokashiki-okinawa-times-july-4th.html,"[branch completion:Goju-ryu branch organisations ; verifier: confirmed] Tokashiki (b. 1938) studied Goju-ryu under Seiko Fukuchi, succeeded him as second chairman of Fukuchi's dojo in 1975 and founded the Gohakukai in 1982. Orphan C00664 'Yuken Tokashiki' is the standard alternative romanisation of Tokashiki Iken (唯賢); m",proposed
Q16006586,A0145,Kanki Izumigawa,Katsuya Izumikawa,high,research:https://historyandstoriesofgojuryu.blogspot.com/2021/01/dojo-from-izumikawa-lineage.html,"[branch completion:Goju-ryu branch organisations ; verifier: confirmed] Kanki's second son, third soke of the Senbukan from 1982; renamed the organisation International Karate-do Goju-ryu Senbukai in 2016 and still heads it.",proposed
C00101,C00176,Juei Tamaki,Kanbun Izumigawa,low,research:https://historyandstoriesofgojuryu.blogspot.com/2020/12/dojo-of-seiko-higa-lineage.html,[branch completion:Goju-ryu branch organisations ; verifier: plausible] Kanbun Izumikawa trained with Juei Tamaki for over ten years according to the Seiko Higa lineage history.,proposed
Q16016038,A0134,Meitoku Yagi,Meitetsu Yagi,high,research:https://en.wikipedia.org/wiki/Meitoku_Yagi | research:https://en.wikipedia.org/wiki/Meitatsu_Yagi,[branch completion:Goju-ryu branch organisations ; verifier: confirmed] Younger son of Meitoku; vice-president of the Goju-ryu Meibukai from 1976 and promoted to Hanshi Judan by Meitoku in 2001 (announced posthumously).,proposed
Q6810356,A0135,Meitatsu Yagi,Akihiro Yagi,low,research:https://en.wikipedia.org/wiki/Meibukan,"[branch completion:Goju-ryu branch organisations ; verifier: plausible] Meitatsu's younger son, vice president of the Meibukan organisation; trained within the family dojo per the Meibukan article.",proposed
Q268880,A0136,Gogen Yamaguchi,Gosen Yamaguchi,high,research:http://www.gojukai.com.au/gosen_yamaguchi.html,[branch completion:Goju-ryu branch organisations ; verifier: confirmed] Second son of Gogen; taught at San Francisco State College from 1963 and briefly succeeded his father as president of the JKGA and IKGA in 1989 before his death in 1990.,proposed
Q268880,Q3898157,Gogen Yamaguchi,Paul Starling,high,research:https://en.wikipedia.org/wiki/Paul_Starling | research:http://www.gojukai.com.au/Paul_Starling_Shihan.html,[branch completion:Goju-ryu branch organisations ; verifier: confirmed] Wikipedia describes Starling as the most senior Caucasian student of Gogen Yamaguchi; trained under him at the Japan Karate-do College in 1973 and was awarded Kyoshi by Gogen; now an IKGA world vice president.,proposed
C00086,Q3898157,Goshi Yamaguchi,Paul Starling,medium,research:https://en.wikipedia.org/wiki/Paul_Starling | research:http://www.gojukai.com.au/Paul_Starling_Shihan.html,[branch completion:Goju-ryu branch organisations ; verifier: confirmed] Starling was also trained by Goshi Yamaguchi at the Japan Karate-do College and later graded (7th and 8th dan) under Goshi's IKGA presidency.,proposed
Q3898157,A0137,Paul Starling,Ingo de Jong,high,research:https://www.gojukaikaratedo.com/IKGA-Management.php?sectionid=ingodejong | research:https://gojukai-europe.org/vice-president-i-k-k-a/,[branch completion:Goju-ryu branch organisations ; verifier: confirmed] De Jong began Goju-Kai training in the early 1970s with Paul Starling at the Sydney Goju-Kan; later awarded European/Scandinavian leadership by Gogen Yamaguchi in 1986 and became an IKGA vice president.,proposed
C00086,A0137,Goshi Yamaguchi,Ingo de Jong,low,research:https://www.gojukaikaratedo.com/IKGA-Management.php?sectionid=ingodejong,[branch completion:Goju-ryu branch organisations ; verifier: plausible] De Jong serves as IKGA vice president under Goshi Yamaguchi and was graded 8th Dan Hanshi by the IKGA president in 2008.,proposed
Q3954660,A0138,Seikichi Toguchi,Masanobu Shinjo,high,research:https://www.usadojo.com/masanobu-shinjo-lee-gray-and-the-shobukan/ | research:https://budojapan.com/karate/dm05e/ | research:https://shobukanmaa.com/history,[branch completion:Goju-ryu branch organisations ; verifier: confirmed] Shinjo trained at Toguchi's Shoreikan dojo in Koza and is consistently documented as Toguchi's student before founding the Shobukan in 1963; later 10th dan and president of the Okinawa Goju-ryu Goju-kai from 1990.,proposed
Q7447367,A0138,Seko Higa,Masanobu Shinjo,medium,research:https://budojapan.com/karate/dm05e/ | research:https://kobukangoju.wordpress.com/history/,"[branch completion:Goju-ryu branch organisations ; verifier: confirmed] Seko Higa also taught at the Koza dojo where Shinjo trained, and Shobukan histories state Shinjo learned from both Toguchi and Higa.",proposed
A0138,A0139,Masanobu Shinjo,Masashi Shinjo,high,research:https://shobukanmaa.com/history | research:https://budojapan.com/karate/dm05e/,"[branch completion:Goju-ryu branch organisations ; verifier: confirmed] Masanobu's eldest son, trained under his father; current Kancho of the Goju-ryu Shobukan association.",proposed
A0138,A0140,Masanobu Shinjo,Takashi Shinjo,low,research:https://shobukanmaa.com/history,"[branch completion:Goju-ryu branch organisations ; verifier: plausible] Masanobu's youngest son, vice president of the Shobukan association; trained in the family dojo.",proposed
Q294548,Q2664662,Mas Oyama,Shokei Matsui,high,research:https://en.wikipedia.org/wiki/Shokei_Matsui,"[branch completion:Mainland Japan gaps (JKA senio; verifier: confirmed] Wikipedia lists Mas Oyama as Matsui's teacher; Matsui is Kancho of IKO1 Kyokushin-kaikan, the direct successor organisation to Oyama's IKO.",proposed
Q294548,Q3115887,Mas Oyama,Kenji Midori,high,research:https://en.wikipedia.org/wiki/Kenji_Midori,"[branch completion:Mainland Japan gaps (JKA senio; verifier: confirmed] Wikipedia states 'Midori was a student of Mas Oyama, the founder of Kyokushin kaikan'; Midori now heads WKO Shinkyokushinkai.",proposed
Q11486455,Q3115887,Tsuyoshi Hiroshige,Kenji Midori,high,research:https://en.wikipedia.org/wiki/Kenji_Midori,[branch completion:Mainland Japan gaps (JKA senio; verifier: confirmed] Wikipedia infobox lists Tsuyoshi Hiroshige alongside Mas Oyama as Midori's teacher (Hiroshige's Jonan branch produced Midori's generation of champions).,proposed
Q294548,Q920672,Mas Oyama,Hatsuo Royama,high,research:https://en.wikipedia.org/wiki/Hatsuo_Royama,[branch completion:Mainland Japan gaps (JKA senio; verifier: confirmed] Wikipedia infobox lists Mas Oyama as Royama's teacher; Royama joined the Oyama dojo era Kyokushin and founded Kyokushin-kan in December 2002.,proposed
Q11365653,Q920672,Hideo Nakamura,Hatsuo Royama,high,research:https://en.wikipedia.org/wiki/Hatsuo_Royama,[branch completion:Mainland Japan gaps (JKA senio; verifier: confirmed] Wikipedia: Royama 'was later reintroduced to Karate when he began to study under Hideo Nakamura' (Kang Chang-Soo); Nakamura Q11365653 is already in the connected roster.,proposed
Q1494112,Q920672,Kenichi Sawai,Hatsuo Royama,high,research:https://en.wikipedia.org/wiki/Hatsuo_Royama,"[branch completion:Mainland Japan gaps (JKA senio; verifier: confirmed] Wikipedia: Royama 'received training from Kenichi Sawai, practitioner of Taikiken'; this Taikiken influence is a hallmark of Royama's Kyokushin-kan curriculum.",proposed
Q294548,Q4701154,Mas Oyama,Akira Masuda,high,research:https://en.wikipedia.org/wiki/Akira_Masuda | research:https://www.kyokushinkaikan.org/en/philosophy/history/,[branch completion:Mainland Japan gaps (JKA senio; verifier: confirmed] Wikipedia lists Masutatsu Oyama as Masuda's teacher; he completed the 100-man kumite in March 1991 under Oyama's supervision (IKO official history: 4th person ever).,proposed
Q294548,Q320773,Mas Oyama,Shigeru Oyama,high,research:https://en.wikipedia.org/wiki/Shigeru_Oyama,[branch completion:Mainland Japan gaps (JKA senio; verifier: confirmed] Wikipedia: began under Mas Oyama at age twelve and was 'hand-picked by Mas Oyama... to spread his contact style of karate in the United States'; founded World Oyama Karate in 1985.,proposed
Q320773,Q4340863,Shigeru Oyama,Yasuhiko Oyama,low,research:https://en.wikipedia.org/wiki/Shigeru_Oyama,"[branch completion:Mainland Japan gaps (JKA senio; verifier: plausible] Wikipedia confirms Yasuhiko is Shigeru's younger brother and successor as head of World Oyama Karate, but does not explicitly call him Shigeru's student; drawn dashed as an organisational succession within the family.",proposed
Q294548,Q919033,Mas Oyama,Hideyuki Ashihara,high,research:https://en.wikipedia.org/wiki/Hideyuki_Ashihara,[branch completion:Mainland Japan gaps (JKA senio; verifier: confirmed] Wikipedia: Ashihara trained under Masutatsu Oyama at the Oyama Dojo/Kyokushinkai Honbu before founding NIKO Ashihara Karate Kaikan in September 1980.,proposed
Q919033,Q562887,Hideyuki Ashihara,Joko Ninomiya,high,research:https://en.wikipedia.org/wiki/Joko_Ninomiya | research:https://en.wikipedia.org/wiki/Hideyuki_Ashihara,[branch completion:Mainland Japan gaps (JKA senio; verifier: confirmed] Ninomiya described Ashihara as his 'first and only karate teacher'; he left Ashihara Karate in May 1988 to found Enshin Karate in Denver.,proposed
Q919033,Q2636225,Hideyuki Ashihara,Kazuyoshi Ishii,high,research:https://en.wikipedia.org/wiki/Hideyuki_Ashihara,"[branch completion:Mainland Japan gaps (JKA senio; verifier: confirmed] Ashihara's Wikipedia page names Kazuyoshi Ishii as his student, who later founded Seidokaikan and the K-1 competitions.",proposed
Q11486455,Q11258528,Tsuyoshi Hiroshige,Kenji Yamaki,high,research:http://findingkarate.com/wordpress/kenji-yamaki/ | research:http://findingkarate.com/wordpress/tsuyoshi-hiroshige/,[branch completion:Mainland Japan gaps (JKA senio; verifier: confirmed] Yamaki joined Hiroshige's Jonan branch dojo in June 1980 at age 15 and was developed there through to his 1995 world title and 100-man kumite (also confirmed by IKO official history).,proposed
Q11486455,Q5361556,Tsuyoshi Hiroshige,Hajime Kazumi,high,research:https://en.wikipedia.org/wiki/Hajime_Kazumi,[branch completion:Mainland Japan gaps (JKA senio; verifier: confirmed] Wikipedia: 'he transferred to the Tokyo Jonan Kawasaki branch near his home and studied under Tsuyoshi Hiroshige'.,proposed
Q2664662,Q5361556,Shokei Matsui,Hajime Kazumi,low,research:https://en.wikipedia.org/wiki/Hajime_Kazumi,[branch completion:Mainland Japan gaps (JKA senio; verifier: plausible] Wikipedia notes Shokei Matsui was instructing at the Kyokushin General Headquarters dojo when the young Kazumi trained there before moving to the Jonan branch.,proposed
Q780966,A0146,Seiji Isobe,Glaube Feitosa,high,research:https://en.wikipedia.org/wiki/Seiji_Isobe | research:https://en.wikipedia.org/wiki/Glaube_Feitosa,[branch completion:Mainland Japan gaps (JKA senio; verifier: confirmed] Isobe's Wikipedia page lists Glaube Feitosa among the prestigious Brazilian karateka he trained; Feitosa's own page confirms lifelong Kyokushin training in Brazil and the 2005 K-1 Las Vegas GP title.,proposed
Q780966,A0147,Seiji Isobe,Ewerton Teixeira,high,research:https://en.wikipedia.org/wiki/Seiji_Isobe,[branch completion:Mainland Japan gaps (JKA senio; verifier: confirmed] Isobe's Wikipedia page identifies Ewerton Teixeira as one of his students in the Brazilian Kyokushin school.,proposed
Q3984847,Q780966,Terutomo Yamazaki,Seiji Isobe,low,research:https://en.wikipedia.org/wiki/Seiji_Isobe,"[branch completion:Mainland Japan gaps (JKA senio; verifier: plausible] Isobe's Wikipedia page says that during his Tokyo honbu training 'he was receiving guidance' from seniors Terutomo Yamazaki and Yasuhiko Oyama; senior-junior guidance rather than a formal teacher post, so drawn dashed.",proposed
Q294548,Q11463345,Mas Oyama,Kazuhiko Ogasawara,low,research:https://www.kyokushinkaikan.org/en/philosophy/history/ | research:https://en.wikipedia.org/wiki/List_of_Kyokushin_practitioners,"[branch completion:Mainland Japan gaps (JKA senio; verifier: plausible] IKO official history records Ogasawara's 100-man kumite in 1984, undertaken within Oyama's Kyokushinkaikan during Oyama's directorship; no source names a personal branch instructor, so wired to the founder dashed. Reuses orphan Q11463345.",proposed
Q41105,Q124766,Gichin Funakoshi,Hidetaka Nishiyama,high,research:https://en.wikipedia.org/wiki/Hidetaka_Nishiyama,"[branch completion:Mainland Japan gaps (JKA senio; verifier: confirmed] Wikipedia: Nishiyama 'began training in Shotokan karate at the art's honbu dojo under its founder, Gichin Funakoshi'. Note: Nakayama was a colleague, not his teacher, per the same page.",proposed
Q628761,Q124766,Gigo Funakoshi,Hidetaka Nishiyama,high,research:https://en.wikipedia.org/wiki/Hidetaka_Nishiyama,"[branch completion:Mainland Japan gaps (JKA senio; verifier: confirmed] Nishiyama recalled that Gichin 'and his son, Gigo Funakoshi, would divide the teaching load evenly between them' during his honbu training.",proposed
Q41105,Q2915906,Gichin Funakoshi,Teruyuki Okazaki,high,research:https://en.wikipedia.org/wiki/Teruyuki_Okazaki,"[branch completion:Mainland Japan gaps (JKA senio; verifier: confirmed] Wikipedia: 'Teruyuki Okazaki studied primarily under Gichin Funakoshi, as well as Masatoshi Nakayama'; Okazaki founded the ISKF in Philadelphia in 1977.",proposed
Q384558,Q2915906,Masatoshi Nakayama,Teruyuki Okazaki,high,research:https://en.wikipedia.org/wiki/Teruyuki_Okazaki,[branch completion:Mainland Japan gaps (JKA senio; verifier: confirmed] Wikipedia lists Nakayama as Okazaki's teacher; Nakayama sent Okazaki to the United States in 1961 to spread JKA Shotokan.,proposed
Q384558,Q716133,Masatoshi Nakayama,Keinosuke Enoeda,high,research:https://en.wikipedia.org/wiki/Keinosuke_Enoeda,"[branch completion:Mainland Japan gaps (JKA senio; verifier: confirmed] Wikipedia: Enoeda studied at the JKA honbu dojo under Masatoshi Nakayama, then the JKA's Chief Instructor, before being posted to Britain.",proposed
Q1360025,Q716133,Taiji Kase,Keinosuke Enoeda,high,research:https://en.wikipedia.org/wiki/Keinosuke_Enoeda,[branch completion:Mainland Japan gaps (JKA senio; verifier: confirmed] Wikipedia names Taiji Kase as the instructor who directed Enoeda's kumite training at the JKA honbu.,proposed
Q41105,Q716133,Gichin Funakoshi,Keinosuke Enoeda,low,research:https://en.wikipedia.org/wiki/Keinosuke_Enoeda,"[branch completion:Mainland Japan gaps (JKA senio; verifier: plausible] Wikipedia lists Gichin Funakoshi among Enoeda's teachers, but the overlap was brief (Enoeda's Takushoku years only just preceded Funakoshi's death in 1957), so graded medium.",proposed
Q384558,Q348074,Masatoshi Nakayama,Hiroshi Shirai,high,research:https://en.wikipedia.org/wiki/Hiroshi_Shirai,[branch completion:Mainland Japan gaps (JKA senio; verifier: confirmed] Wikipedia lists Masatoshi Nakayama first among Shirai's instructors; Shirai settled in Milan in 1965 and built Italian traditional Shotokan (Istituto Shotokan Italia/FIKTA).,proposed
Q124766,Q348074,Hidetaka Nishiyama,Hiroshi Shirai,high,research:https://en.wikipedia.org/wiki/Hiroshi_Shirai,[branch completion:Mainland Japan gaps (JKA senio; verifier: confirmed] Wikipedia lists Hidetaka Nishiyama among Shirai's instructors from his JKA training.,proposed
Q1360025,Q348074,Taiji Kase,Hiroshi Shirai,medium,research:https://en.wikipedia.org/wiki/Hiroshi_Shirai,"[branch completion:Mainland Japan gaps (JKA senio; verifier: confirmed] Kase appears in Shirai's Wikipedia teacher list; the two later toured and taught together in Europe, but the page gives no detail of the instruction, so graded medium.",proposed
Q384558,Q922328,Masatoshi Nakayama,Masahiko Tanaka,high,research:https://en.wikipedia.org/wiki/Masahiko_Tanaka_(karateka),"[branch completion:Mainland Japan gaps (JKA senio; verifier: confirmed] Wikipedia: Tanaka 'continued studying at the JKA honbu dojo in Tokyo under Masatoshi Nakayama, then the JKA's Chief Instructor'; two-time JKA world kumite champion, later JKA international affairs head.",proposed
Q41105,Q3317210,Gichin Funakoshi,Mitsusuke Harada,high,research:https://en.wikipedia.org/wiki/Mitsusuke_Harada,"[branch completion:Mainland Japan gaps (JKA senio; verifier: confirmed] Wikipedia: 'Harada studied directly under Gichin Funakoshi', who personally awarded him 5th dan in 1956; Harada founded the Shotokai KDS in 1965.",proposed
Q1246030,Q3317210,Shigeru Egami,Mitsusuke Harada,high,research:https://en.wikipedia.org/wiki/Mitsusuke_Harada,"[branch completion:Mainland Japan gaps (JKA senio; verifier: confirmed] Wikipedia records Harada training under Egami at Waseda University, with Egami having 'a significant influence on his karate style'; confirms the requested Egami-Shotokai link.",proposed
Q628761,Q3317210,Gigo Funakoshi,Mitsusuke Harada,low,research:https://en.wikipedia.org/wiki/Mitsusuke_Harada,"[branch completion:Mainland Japan gaps (JKA senio; verifier: plausible] Wikipedia notes Harada met and trained with Gigo Funakoshi at Waseda, though only in the two years before Gigo's death (1945-1947), so graded medium.",proposed
A0148,Q3317210,Genshin Hironishi,Mitsusuke Harada,medium,research:https://en.wikipedia.org/wiki/Mitsusuke_Harada,"[branch completion:Mainland Japan gaps (JKA senio; verifier: confirmed] Wikipedia: Harada's 'first class was taught by Genshin Hironishi, then ranked 4th dan' at the Shotokan dojo; early instruction rather than a long apprenticeship, so medium.",proposed
A0149,Q3317210,Tadao Okuyama,Mitsusuke Harada,low,research:https://en.wikipedia.org/wiki/Mitsusuke_Harada,"[branch completion:Mainland Japan gaps (JKA senio; verifier: plausible] Wikipedia says Harada also trained under Tadao Okuyama at Waseda, who significantly influenced his style; Okuyama is otherwise sparsely documented, so medium.",proposed
Q41105,A0148,Gichin Funakoshi,Genshin Hironishi,high,research:https://en.wikipedia.org/wiki/Sh%C5%8Dt%C5%8Dkai,"[branch completion:Mainland Japan gaps (JKA senio; verifier: confirmed] Shotokai Wikipedia article: Hironishi (1913-1999) 'studied under Gichin and Yoshitaka' and was president of the Shotokai 1962-1995, a key missing head of this branch.",proposed
Q628761,A0148,Gigo Funakoshi,Genshin Hironishi,high,research:https://en.wikipedia.org/wiki/Sh%C5%8Dt%C5%8Dkai,[branch completion:Mainland Japan gaps (JKA senio; verifier: confirmed] Same source: Hironishi studied under Yoshitaka (Gigo) Funakoshi as well as Gichin.,proposed
Q1246030,Q3519204,Shigeru Egami,Tetsuji Murakami,high,research:https://en.wikipedia.org/wiki/Tetsuji_Murakami,"[branch completion:Mainland Japan gaps (JKA senio; verifier: confirmed] Wikipedia: Murakami trained with Egami in Japan in 1968, integrated Egami's methods, and 'returned to Europe as the representative of the style Shotokai'.",proposed
Q9096235,A0150,Won Kuk Lee,Son Duk-sung (Duk Sung Son),high,research:https://en.wikipedia.org/wiki/Son_Duk-sung | research:https://www.kidokwan.org/korean-martial-art-kwans/chung-do-kwan-%EC%B2%AD%EB%8F%84%EA%B4%80-%E9%9D%92%E6%BF%A4%E9%A4%A8/grandmaster-duk-sung-sons-korean-karate-part-1/,"[branch completion:general-10th-dan-and-pioneer-s; verifier: confirmed] Son began Tang Soo Do training under Lee Won-kuk in 1942, earned his black belt in the first-generation Chung Do Kwan class, and succeeded Lee as head of the Chung Do Kwan (1950-59).",proposed
Q9096235,A0156,Won Kuk Lee,Uhm Woon-kyu,high,research:https://en.wikipedia.org/wiki/Chung_Do_Kwan | research:http://www.taekwondo-training.com/chung-do-kwan/grand-master-uhm-woon-kyu,[branch completion:general-10th-dan-and-pioneer-s; verifier: confirmed] Uhm was one of Lee Won Kuk's original first students at the Chung Do Kwan; he succeeded Son Duk-sung as its president in 1959 and later led the Kukkiwon.,proposed
Q41105,A0151,Gichin Funakoshi,Byung Jick Ro,high,research:https://en.wikipedia.org/wiki/Song_Moo_Kwan | research:https://www.songmookwan.com/index.php/history/a-short-history-of-song-moo-kwan,"[branch completion:general-10th-dan-and-pioneer-s; verifier: confirmed] Ro began training under Funakoshi in Japan in May 1936, earned a Shotokan black belt, and founded the Song Moo Kwan in Korea in 1944 on that basis.",proposed
Q3772405,A0152,Kanken Toyama,Yun Kwae-byung,high,research:https://en.wikipedia.org/wiki/Yun_Kwae-byung | research:https://en.wikipedia.org/wiki/Jidokwan,"[branch completion:general-10th-dan-and-pioneer-s; verifier: confirmed] Yun studied Shudokan karate under Kanken Toyama at Nihon University, later heading the Kanbukan dojo in Japan and becoming the first president of the Jidokwan in Korea.",proposed
Q453505,A0152,Kenwa Mabuni,Yun Kwae-byung,low,research:https://en.wikipedia.org/wiki/Yun_Kwae-byung,"[branch completion:general-10th-dan-and-pioneer-s; verifier: plausible] Wikipedia records that Yun started karate under Kenwa Mabuni while attending secondary school in Osaka, before his Shudokan training under Toyama.",proposed
A0001,A0153,Hwang Kee,Hwang Hyun-chul (H.C. Hwang),high,research:https://en.wikipedia.org/wiki/Hwang_Hyun-chul | research:https://soobahkdo.com/resolution-affirming-the-appointment-of-h-c-hwang-as-hwang-kee-successor/,"[branch completion:general-10th-dan-and-pioneer-s; verifier: confirmed] Hwang Hyun-chul is Hwang Kee's son, trained under him from childhood, and was formally designated his successor as head of Soo Bahk Do Moo Duk Kwan in 2002.",proposed
Q3772405,A0154,Kanken Toyama,Yoon Byung-in,high,research:https://en.wikipedia.org/wiki/Yoon_Byung-in | research:https://en.wikipedia.org/wiki/Chang_Moo_Kwan,"[branch completion:general-10th-dan-and-pioneer-s; verifier: confirmed] Yoon studied Shudokan karate under Kanken Toyama at Nihon University from 1938, receiving 4th dan and a master's certificate, then founded the YMCA Kwon Bop Bu (later Chang Moo Kwan) in Seoul in 1946.",proposed
Q41105,A0155,Gichin Funakoshi,Chun Sang-sup,medium,research:https://en.wikipedia.org/wiki/Yun_Mu_Kwan | research:https://en.wikipedia.org/wiki/Jidokwan | research:http://jungdokwan-taekwondo.blogspot.com/2014/02/honoring-pioneers-of-taekwondo-chun.html,"[branch completion:general-10th-dan-and-pioneer-s; verifier: confirmed] Chun took up Shotokan karate under Funakoshi while at Takushoku University in Japan, then founded the Chosun Yun Mu Kwan karate school (forerunner of the Jidokwan) in Seoul in 1946.",proposed
Q3772405,A0157,Kanken Toyama,Kim Ki-whang,high,research:https://en.wikipedia.org/wiki/Ki_Whang_Kim | research:https://taekwondohalloffame.com/honorees/great-grand-master-ki-whang-kim/,"[branch completion:general-10th-dan-and-pioneer-s; verifier: confirmed] Kim learned Shudokan karate from its founder Kanken Toyama at Nihon University, earning 4th dan and captaining the university team, before becoming a leading US taekwondo pioneer.",proposed
Q27363,A0158,Tatsuo Shimabuku,Steve Armstrong,high,research:https://en.wikipedia.org/wiki/Tatsuo_Shimabuku | research:https://www.daichiisshinryu.com/bio-armstrong,"[branch completion:general-10th-dan-and-pioneer-s; verifier: confirmed] Armstrong trained with Shimabuku on Okinawa as a US Marine, was one of his senior American students, was promoted to 8th dan during Shimabuku's 1966 visit to Armstrong's Tacoma dojo, and later held 10th dan in Isshin-ryu.",proposed
A0159,Q2576986,Takaji Shimizu,Donn F Draeger,high,research:https://en.wikipedia.org/wiki/History_of_Shint%C5%8D_Mus%C5%8D-ry%C5%AB | research:https://www.seidoshop.com/blogs/the-seido-blog/70-the-life-legacy-of-donn-f-draeger,[branch completion:general-10th-dan-and-pioneer-s; verifier: confirmed] Draeger was Shimizu Takaji's first foreign jodo student and co-founded the International Jodo Federation with him in the 1970s.,proposed
A0159,Q716152,Takaji Shimizu,Shoji Nishio,high,research:https://en.wikipedia.org/wiki/Shoji_Nishio,"[branch completion:general-10th-dan-and-pioneer-s; verifier: confirmed] Nishio trained in Shinto Muso-ryu jojutsu under headmaster Takaji Shimizu from around 1957-58, per his Wikipedia biography.",proposed
A0160,Q862634,Michael Gneck,Bill Wallace,medium,research:https://en.wikipedia.org/wiki/Bill_Wallace_(martial_artist) | research:https://www.whistlekickmartialartsradio.com/blog/014-superfoot-bill-wallace,[branch completion:general-10th-dan-and-pioneer-s; verifier: confirmed] Wallace began studying Shorin-ryu karate under Michael Gneck in February 1967 while in the US Air Force; he now holds 10th dan in Shorin-ryu.,proposed
A0161,Q3857461,Herbert Peters,Mike Stone,medium,research:https://en.wikipedia.org/wiki/Mike_Stone_(karate) | research:https://www.usadojo.com/mike-stone/,"[branch completion:general-10th-dan-and-pioneer-s; verifier: confirmed] Stone earned his Shorin-ryu black belt under Herbert Peters while stationed at Fort Chaffee, Arkansas, before his 91-fight winning streak in 1960s tournament karate.",proposed
Q251784,Q3028499,Anan,Kosaku Matsumora,low,research:http://tanzadeh.com/kosaku-matsumora-1829-1898/ | research:https://katastepbystep.com/karate-styles-tomari-te/,"[branch completion:general-10th-dan-and-pioneer-s; verifier: plausible] Tomari-te tradition holds that Matsumora learned from the shipwrecked Chinese master Anan (Annan) hiding near Tomari, whose teachings shaped the Tomari-te Chinto kata; legendary but consistently transmitted.",proposed
Q251784,Q6426547,Anan,Kokan Oyadomari,low,research:https://en.wikipedia.org/wiki/Kokan_Oyadomari | research:http://tanzadeh.com/kokan-oyadomari-1827-1905/,"[branch completion:general-10th-dan-and-pioneer-s; verifier: confirmed] Oyadomari's Wikipedia biography records him as a disciple of Annan, the Chinese castaway who took refuge near Tomari; traditional single-strand lineage claim.",proposed
Q1929108,A0162,Kusanku,Shionja,low,research:http://www.budopedia.de/wiki/K%C5%ABshank%C5%AB | research:https://de.wikipedia.org/wiki/Kosokun_dai | research:https://www.ajkai.com/karate/,"[wave4:Kusanku's direct students; verifier: plausible] Tradition names three Okinawan students of Kusanku: Sakugawa, Chatan Yara and Shionja of Shuri. Shionja's historical existence rests on the Oshima Hikki (1762): Budopedia (online continuation of Werner Lind's Lexikon der Kampfkuenste) records that 'a",proposed
C00034,Q862634,Eizo Shimabukuro,Bill Wallace,low,research:https://www.whistlekickmartialartsradio.com/blog/955-eizo-shimabukuro-legacy | research:https://www.usadojo.com/bill-wallace/ | research:https://en.wikipedia.org/wiki/Bill_Wallace_(martial_artist),"[wave4:Anchor two islands: (a) Michae; verifier: confirmed] Wallace's own first-person account (whistlekick ep. 955 transcript) describes being stationed at Kadena AB, Okinawa 1965-66 and, after his judo knee injury, going 'on my crutches' to Eizo Shimabukuro's karate school, training there roughly six to sev",proposed
Q715769,C00657,Sokon Matsumura,Chogi Yoshimura,high,research:https://ja.wikipedia.org/wiki/%E6%9D%BE%E6%9D%91%E5%AE%97%E6%A3%8D | research:https://ja.wikipedia.org/wiki/%E7%BE%A9%E6%9D%91%E6%9C%9D%E7%BE%A9,"[wave4:Japanese-language sweep: Okina; verifier: confirmed] ja.wikipedia lists Yoshimura Chogi (義村朝義, 1866-1945) among Matsumura's disciples; Yoshimura's own article states he studied Kusanku, Gojushiho, bo and sword under Matsumura from his late teens.",proposed
Q699236,C00657,Kanryo Higaonna,Chogi Yoshimura,high,research:https://ja.wikipedia.org/wiki/%E7%BE%A9%E6%9D%91%E6%9C%9D%E7%BE%A9,"[wave4:Japanese-language sweep: Okina; verifier: confirmed] ja.wikipedia article on Yoshimura Chogi states he began studying Naha-te (Sanchin, Pecchurin) under Higaonna Kanryo around age 22-23.",proposed
Q1071733,C00623,Choshin Chibana,Tsugio Yonezawa,low,research:https://ja.wikipedia.org/wiki/%E7%9F%A5%E8%8A%B1%E6%9C%9D%E4%BF%A1 | research:https://zh.wikipedia.org/wiki/%E7%9F%A5%E8%8A%B1%E6%9C%9D%E4%BF%A1,[wave4:Japanese-language sweep: Okina; verifier: plausible] Both the Japanese and Chinese Wikipedia articles on Chibana Choshin list 米沢次男 (Yonezawa Tsugio/Tsuguo) among his named disciples in Kobayashi Shorin-ryu.,proposed
Q7447367,C00013,Seko Higa,Chihan Yohena,low,research:https://ja.wikipedia.org/wiki/%E6%AF%94%E5%98%89%E4%B8%96%E5%B9%B8,[wave4:Japanese-language sweep: Okina; verifier: plausible] ja.wikipedia article on Higa Seko lists 饒平名知繁 (Yohena Chihan) among his named Goju-ryu disciples.,proposed
C00251,Q3028499,Kishin Teruya,Kosaku Matsumora,high,research:https://ja.wikipedia.org/wiki/%E6%9D%BE%E8%8C%82%E8%89%AF%E8%88%88%E4%BD%9C | research:https://ja.wikipedia.org/wiki/%E6%B3%8A%E6%89%8B,"[wave4:Japanese-language sweep: Okina; verifier: confirmed] ja.wikipedia article on Matsumora Kosaku names Teruya Kishin (照屋規箴, 1804-1864) as his second teacher, who taught him Passai and Wansu at the Teruya family tombs; corroborated by the Tomari-te article.",proposed
A0164,C00527,Kinjo Ufuchiku,Shosei Kina,medium,research:https://www.motobu-ryu.org/%E6%9C%AC%E9%83%A8%E5%BE%A1%E6%AE%BF%E6%89%8B/%E6%9C%AC%E9%83%A8%E5%BE%A1%E6%AE%BF%E6%89%8B%E3%81%AE%E6%AD%A9%E3%81%BF/%E6%98%AD%E5%92%8C30%E5%B9%B4%E4%BB%A3-5-%E4%B8%AD%E7%B7%A8/,"[wave4:Japanese-language sweep: Okina; verifier: confirmed] The official Motobu-ryu honbu site's historical notes state Kinjo Ufuchiku (金城大筑, 1834-1916), the sai master also known as Kanagusuku Sanda, had Kina Shosei (1882-1981) among his disciples; Kina became second-generation head of the Ufuchiku-den kobuj",proposed
A0164,C00373,Kinjo Ufuchiku,Moden Yabiku,medium,research:https://www.motobu-ryu.org/%E6%9C%AC%E9%83%A8%E5%BE%A1%E6%AE%BF%E6%89%8B/%E6%9C%AC%E9%83%A8%E5%BE%A1%E6%AE%BF%E6%89%8B%E3%81%AE%E6%AD%A9%E3%81%BF/%E6%98%AD%E5%92%8C30%E5%B9%B4%E4%BB%A3-5-%E4%B8%AD%E7%B7%A8/,[wave4:Japanese-language sweep: Okina; verifier: confirmed] The same Motobu-ryu honbu footnote states Kinjo Ufuchiku's disciples included Yabiku Moden as well as Kina Shosei (弟子に喜納昌盛のほかに屋比久孟伝がいる).,proposed
Q723832,Q15987228,Shinken Taira,Yuchoku Higa,low,research:https://ja.wikipedia.org/wiki/%E5%B9%B3%E4%BF%A1%E8%B3%A2,"[wave4:Japanese-language sweep: Okina; verifier: plausible] ja.wikipedia article on Taira Shinken lists 比嘉祐直 (Higa Yuchoku, kanji variant of 佑直) among his kobudo students; medium because of the kanji variant in the listing.",proposed
Q221121,A0163,Chojun Miyagi,Jin'an Shinzato,high,research:https://ja.wikipedia.org/wiki/%E5%89%9B%E6%9F%94%E6%B5%81,[wave4:Japanese-language sweep: Okina; verifier: confirmed] ja.wikipedia Goju-ryu article describes Shinzato Jin'an (新里仁安) as Miyagi Chojun's beloved disciple whose 1930 Meiji Shrine demonstration prompted the naming of Goju-ryu; he died in WWII. Proposed as new person.,proposed
A0163,Q15987228,Jin'an Shinzato,Yuchoku Higa,high,research:https://ja.wikipedia.org/wiki/%E6%AF%94%E5%98%89%E4%BD%91%E7%9B%B4,[wave4:Japanese-language sweep: Okina; verifier: confirmed] ja.wikipedia article on Higa Yuchoku states he studied Naha-te under Shinzato Jin'an from 1934.,proposed
C00028,C00020,Choko Motobu,Chokyu Motobu,low,research:https://ja.wikipedia.org/wiki/%E6%9C%AC%E9%83%A8%E5%BE%A1%E6%AE%BF | research:https://www.motobu-ryu.org/%E6%9C%AC%E9%83%A8%E6%B5%81%E3%81%A8%E3%81%AF/%E6%B5%81%E6%B4%BE%E7%B3%BB%E8%AD%9C/,"[wave4:Japanese-language sweep: Okina; verifier: plausible] Motobu Udundi was transmitted head-to-head (isshi soden) through the Motobu Udun family per the style's official genealogy; Motobu Aji Choko (朝恒, 4th head) was succeeded by Motobu Aji Chokyu (朝救, 5th head). Traditional transmission, drawn dashed.",proposed
C00020,A0165,Chokyu Motobu,Choei Motobu,low,research:https://ja.wikipedia.org/wiki/%E6%9C%AC%E9%83%A8%E5%BE%A1%E6%AE%BF | research:https://www.motobu-ryu.org/%E6%9C%AC%E9%83%A8%E6%B5%81%E3%81%A8%E3%81%AF/%E6%B5%81%E6%B4%BE%E7%B3%BB%E8%AD%9C/,"[wave4:Japanese-language sweep: Okina; verifier: plausible] Per the Motobu Udun genealogy, 5th head Chokyu was succeeded by 6th head Motobu Oji Choei; udundi transmission followed the headship by tradition. Choei proposed as new bridging person.",proposed
A0165,A0166,Choei Motobu,Chotoku Inohama,low,research:https://ja.wikipedia.org/wiki/%E6%9C%AC%E9%83%A8%E5%BE%A1%E6%AE%BF | research:https://www.motobu-ryu.org/%E6%9C%AC%E9%83%A8%E6%B5%81%E3%81%A8%E3%81%AF/%E6%B5%81%E6%B4%BE%E7%B3%BB%E8%AD%9C/,"[wave4:Japanese-language sweep: Okina; verifier: plausible] Per the Motobu Udun genealogy, 6th head Choei was succeeded by 7th head Inohama Aji Chotoku; udundi transmission followed the headship by tradition. Inohama Chotoku proposed as new bridging person.",proposed
A0166,C00042,Chotoku Inohama,Chosho Motobu,low,research:https://ja.wikipedia.org/wiki/%E6%9C%AC%E9%83%A8%E5%BE%A1%E6%AE%BF | research:https://www.motobu-ryu.org/%E6%9C%AC%E9%83%A8%E6%B5%81%E3%81%A8%E3%81%AF/%E6%B5%81%E6%B4%BE%E7%B3%BB%E8%AD%9C/,"[wave4:Japanese-language sweep: Okina; verifier: plausible] Per the Motobu Udun genealogy, 7th head Inohama Chotoku was succeeded by 8th head Motobu Aji Chosho (朝章), the diplomat of the Ryukyu-France treaty era; udundi transmission followed the headship by tradition.",proposed
C00042,A0029,Chosho Motobu,Motobu Choshin,low,research:https://ja.wikipedia.org/wiki/%E6%9C%AC%E9%83%A8%E5%BE%A1%E6%AE%BF | research:https://www.motobu-ryu.org/%E6%9C%AC%E9%83%A8%E6%B5%81%E3%81%A8%E3%81%AF/%E6%B5%81%E6%B4%BE%E7%B3%BB%E8%AD%9C/,"[wave4:Japanese-language sweep: Okina; verifier: plausible] Per the Motobu Udun genealogy, 8th head Chosho was succeeded by 9th head Motobu Aji Choshin (already in the tree as father-teacher of Motobu Choyu); this closes the chain wiring the three orphaned Motobu heads into the connected component.",proposed
C00076,Q7418861,Sugaya Ueshima,Sannosuke Ueshima,medium,research:https://en.wikipedia.org/wiki/Kushin-ryu | research:https://ja.wikipedia.org/wiki/%E4%B8%8A%E5%B3%B6%E4%B8%89%E4%B9%8B%E5%8A%A9,"[wave4:Japanese-language sweep, mainl; verifier: confirmed] English Wikipedia (Kushin-ryu) names Sugaya Ueshima, an Ako police officer originally from Okinawa, as the karate teacher of Kushin-ryu founder Sannosuke Ueshima; Japanese Wikipedia corroborates an Okinawan policeman named Ueshima teaching him Pinan ",proposed
Q41105,A0167,Gichin Funakoshi,Motokuni Sugiura,high,research:https://www.jka.or.jp/en/about-jka/second-master-sugiura-motokuni/,"[wave4:Japanese-language sweep, mainl; verifier: confirmed] JKA official biography: Sugiura (2nd JKA Chief Instructor, 1991-2010) studied at university under Supreme Master Funakoshi Gichin.",proposed
Q628761,A0167,Gigo Funakoshi,Motokuni Sugiura,high,research:https://www.jka.or.jp/en/about-jka/second-master-sugiura-motokuni/,"[wave4:Japanese-language sweep, mainl; verifier: confirmed] Same JKA official biography states he trained especially with Funakoshi's second son Yoshitaka (Gigo).",proposed
Q3772405,A0168,Kanken Toyama,Eizo Onishi,high,research:https://it.wikipedia.org/wiki/Koei-Kan | research:https://en-academic.com/dic.nsf/enwiki/3706481,"[wave4:Japanese-language sweep, mainl; verifier: confirmed] Italian Wikipedia and the archived English Wikipedia Koei-Kan article document Onishi as Toyama's pupil for about ten years (6th dan under Toyama); Toyama himself suggested the name Koei-kan for Onishi's school.",proposed
A0012,A0168,Juhatsu Kyoda,Eizo Onishi,high,research:https://it.wikipedia.org/wiki/Koei-Kan | research:https://en-academic.com/dic.nsf/enwiki/3706481,"[wave4:Japanese-language sweep, mainl; verifier: confirmed] Same Wikipedia sources: after Toyama's letter of recommendation, Onishi studied Naha-te under Kyoda Juhatsu, the second documented teacher behind Koei-kan.",proposed
Q135222893,A0169,Tsuyoshi Chitose,Yasuhiro Chitose,high,research:https://en.wikipedia.org/wiki/Tsuyoshi_Chitose | research:https://www.chito-ryu.com/information/diversity/diversity.html | research:https://www.ickf.ca/history,"[wave4:Japanese-language sweep, mainl; verifier: confirmed] English Wikipedia and the official International Chito-ryu Karate Federation sites document that his son Yasuhiro trained from early childhood and became 2nd generation Soke in August 1984, taking his father's name.",proposed
A0169,A0170,Yasuhiro Chitose,Naoyuki Chitose,medium,research:https://usa-ickf.com/history | research:https://www.ickf.ca/history,"[wave4:Japanese-language sweep, mainl; verifier: confirmed] Official ICKF national federation histories record that on 14 August 2023 the Chito-ryu Soke title passed from Yasuhiro Chitose (Nidaime) to his son Naoyuki Chitose (Sandaime), a documented in-family training and succession line.",proposed
Q7447367,C00586,Seko Higa,Teruo Hayashi,low,research:https://www.internationalshitoryu.com/aboutus/organization-chart/hayashi-teruo/,"[wave4:Japanese-language sweep, mainl; verifier: plausible] Federation biography records Hayashi studying Goju-ryu under Seiko Higa in 1949-1951; single organisational source, hence medium.",proposed
Q453505,C00586,Kenwa Mabuni,Teruo Hayashi,low,research:https://www.internationalshitoryu.com/aboutus/organization-chart/hayashi-teruo/,"[wave4:Japanese-language sweep, mainl; verifier: plausible] Federation biography states Hayashi 'did study briefly with Mabuni' though his daily instruction came from Kokuba/Kuniba; brief but documented direct instruction.",proposed
A0026,Q2869852,Yoshimi Inoue,Atsuko Wakai,low,research:https://inoue-ha-kenshinsya.wixsite.com/home/1stsoke,"[wave4:Japanese-language sweep, mainl; verifier: plausible] Inoue's organisational biography lists Atsuko Wakai among the world champions he produced; consistently reported in kata-coaching accounts of his Tottori dojo.",proposed
Q476441,A0171,Seiji Nishimura,Ken Nishimura,high,research:https://ja.wikipedia.org/wiki/%E8%A5%BF%E6%9D%91%E6%8B%B3 | research:https://www.olympics.com/ja/news/%E8%A5%BF%E6%9D%91%E6%8B%B3-%E7%A9%BA%E6%89%8B%E4%B8%80%E5%AE%B6%E3%81%A6%E8%82%B2%E3%81%A4%E3%82%82-%E5%B9%BC%E3%81%84%E3%81%93%E3%82%8D%E3%81%AF%E7%B7%B4%E7%BF%92%E5%AB%8C%E3%81%84-%E9%97%98%E3%81%84-%E3%81%8B%E8%8B%A6%E6%89%8B%E3%81%9F%E3%81%A3%E3%81%9F%E5%B0%91%E5%B9%B4%E3%81%AF-%E3%82%84%E3%81%8B%E3%81%A6%E4%B8%96%E7%95%8C%E3%83%A9%E3%83%B3%E3%82%AF%E3%81%AE%E9%A0%82%E7%82%B9%E3%81%AB%E7%AB%8B%E3%81%A4,"[wave4:Japanese-language sweep, mainl; verifier: confirmed] Japanese Wikipedia and an Olympics.com feature document that WKF kumite star Ken Nishimura began Wado-ryu karate at age 3 and was raised and trained in the dojo of his father Seiji Nishimura (1982 world kumite champion, Kensei-juku).",proposed
Q9096235,A0173,Won Kuk Lee,Lee Yong-woo,high,research:https://en.wikipedia.org/wiki/Won_Kuk_Lee | research:https://en.wikipedia.org/wiki/Kwan_(martial_arts),[wave4:Korean-language sweep: taekwon; verifier: confirmed] Lee Yong-woo listed among Won Kuk Lee's first-generation Chung Do Kwan students (1944-1950); he founded the Jung Do Kwan in 1956 as a Chung Do Kwan offshoot.,proposed
A0003,A0178,Nam Tae-hi,Han Cha-kyo,high,research:https://en.wikipedia.org/wiki/Han_Cha-kyo | research:https://en.wikipedia.org/wiki/Original_masters_of_taekwondo | research:https://en.wikipedia.org/wiki/Nam_Tae-hi,[wave4:Korean-language sweep: taekwon; verifier: confirmed] Han Cha-kyo's biography states he trained under Nam Tae-hi; Nam's own page lists Han as his student; Han co-founded the Oh Do Kwan programme with Nam.,proposed
A0150,A0178,Son Duk-sung (Duk Sung Son),Han Cha-kyo,high,research:https://en.wikipedia.org/wiki/Han_Cha-kyo | research:https://en.wikipedia.org/wiki/Original_masters_of_taekwondo,"[wave4:Korean-language sweep: taekwon; verifier: confirmed] Han Cha-kyo trained under three named masters: Nam Tae-hi, Duk Sung Son and Woon Kyu Um (Chung Do Kwan line), per his Wikipedia biography and the original-masters reference.",proposed
A0156,A0178,Uhm Woon-kyu,Han Cha-kyo,high,research:https://en.wikipedia.org/wiki/Han_Cha-kyo | research:https://en.wikipedia.org/wiki/Original_masters_of_taekwondo,"[wave4:Korean-language sweep: taekwon; verifier: confirmed] Same documentation: Han Cha-kyo trained under Nam Tae-hi, Duk Sung Son and Woon Kyu Um.",proposed
Q356335,A0179,Choi Hong-hi,Rhee Ki-ha,high,research:https://en.wikipedia.org/wiki/Rhee_Ki-ha,[wave4:Korean-language sweep: taekwon; verifier: confirmed] Rhee Ki-ha learned taekwondo from Choi Hong-hi while serving in the 35th Infantry Division of the South Korean army; later titled First Grandmaster of the ITF under Choi.,proposed
Q356335,A0180,Choi Hong-hi,Park Jong-soo,high,research:https://en.wikipedia.org/wiki/Original_masters_of_taekwondo | research:https://en.wikipedia.org/wiki/Park_Jong-soo_(taekwondo),[wave4:Korean-language sweep: taekwon; verifier: confirmed] Wikipedia states Park Jong-soo trained in taekwondo under H.H. Choi (Choi Hong-hi); one of the twelve original masters of taekwondo.,proposed
Q356335,A0183,Choi Hong-hi,Kong Young-il,high,research:https://en.wikipedia.org/wiki/Kong_Young-il,[wave4:Korean-language sweep: taekwon; verifier: confirmed] Wikipedia states explicitly that Kong trained in taekwondo under Choi Hong-hi and Nam Tae-hi; one of the twelve original masters.,proposed
A0003,A0183,Nam Tae-hi,Kong Young-il,low,research:https://en.wikipedia.org/wiki/Kong_Young-il,[wave4:Korean-language sweep: taekwon; verifier: plausible] Same explicit statement: Kong trained under Choi Hong-hi and Nam Tae-hi.,proposed
Q356335,A0181,Choi Hong-hi,Park Jung-tae,low,research:https://en.wikipedia.org/wiki/Park_Jung-tae,"[wave4:Korean-language sweep: taekwon; verifier: plausible] Documented as a key ITF pioneer and Secretary-General who rose and was graded directly under Choi Hong-hi; his original kwan teacher is unnamed in sources, so the training edge to Choi rests on his ITF formation under Choi rather than an explicitly n",proposed
Q356335,A0182,Choi Hong-hi,Choi Chang-keun,low,research:https://en.wikipedia.org/wiki/Choi_Chang-keun | research:https://en.wikipedia.org/wiki/Original_masters_of_taekwondo,"[wave4:Korean-language sweep: taekwon; verifier: confirmed] One of the twelve original masters; worked directly under Choi Hong-hi from 1961 helping create the Chang Hon patterns. His named army instructors (Hong, Kim, Lim Woo-jong) are otherwise undocumented, so the edge to Choi reflects his documented ITF f",proposed
A0155,A0176,Chun Sang-sup,Lee Chong-woo,high,research:http://www.sportsseoul.com/news/read/273586 | research:https://mookas.com/news/13897 | research:https://mookas.com/news/17833,[wave4:Korean-language sweep: taekwon; verifier: confirmed] Sports Seoul obituary states he was a disciple (제자) of Chosun Yun Moo Kwan head Chun Sang-sup; Mookas biography records he entered the Chosun Yun Moo Kwan on 23 March 1946 and reached 3rd dan under Chun before co-leading Jidokwan and the Kukkiwon tec,proposed
A0155,A0172,Chun Sang-sup,Lee Kyo-yoon,low,research:https://mookas.com/news/17833 | research:https://mookas.com/news/15642 | research:https://ko.wikipedia.org/wiki/%ED%95%9C%EB%AC%B4%EA%B4%80,"[wave4:Korean-language sweep: taekwon; verifier: plausible] Mookas history of the Chosun Yun Moo Kwan records Lee Kyo-yoon as a fellow trainee there under Chun Sang-sup alongside Lee Chong-woo; after Chun's abduction to North Korea, Lee Kyo-yoon founded the Han Moo Kwan, which he maintained was rooted in the ",proposed
A0154,A0177,Yoon Byung-in,Lee Nam-suk,medium,research:https://en.wikipedia.org/wiki/Chang_Moo_Kwan | research:https://ko.wikipedia.org/wiki/%EC%9D%B4%EB%82%A8%EC%84%9D,"[wave4:Korean-language sweep: taekwon; verifier: confirmed] Documented succession: after Yoon Byung-in went north in 1950, Lee Nam-suk, a member of Yoon's YMCA Kwon Bop Bu, took over as head of the kwan circa 1953 and renamed it Chang Moo Kwan.",proposed
A0154,A0174,Yoon Byung-in,Park Chul-hee,medium,research:https://en.wikipedia.org/wiki/Kang_Duk_Won | research:https://en.wikipedia.org/wiki/Kwan_(martial_arts),[wave4:Korean-language sweep: taekwon; verifier: confirmed] Wikipedia's Kang Duk Won article states the co-founders were former students of the YMCA Kwon Bop Bu whose instructor was Yoon Byung-in; Park co-founded Kang Duk Won in 1956.,proposed
A0154,A0175,Yoon Byung-in,Hong Jong-pyo,medium,research:https://en.wikipedia.org/wiki/Kang_Duk_Won | research:https://en.wikipedia.org/wiki/Kwan_(martial_arts),"[wave4:Korean-language sweep: taekwon; verifier: confirmed] Same documentation: Hong Jong-pyo, co-founder of Kang Duk Won, was a former YMCA Kwon Bop Bu student under Yoon Byung-in.",proposed
A0184,A0185,Fang Zhong,Fang Qiniang,medium,research:https://zh.wikipedia.org/wiki/方七娘 | research:https://zh.wikipedia.org/wiki/永春白鶴拳,"[wave4:Chinese-language sweep: Fujian; verifier: confirmed] zh-wiki: Fang Qiniang was the only daughter of Shaolin master Fang Zhong (方種), a Ming loyalist, and learned Shaolin boxing from him before creating White Crane; zh-wiki Baihequan lineage runs 方種 -> 方七娘. Documented training, not family membership alon",proposed
A0185,A0186,Fang Qiniang,Zeng Si,medium,research:https://zh.wikipedia.org/wiki/方七娘 | research:https://zh.wikipedia.org/wiki/永春白鶴拳,[wave4:Chinese-language sweep: Fujian; verifier: confirmed] zh-wiki: '福建永春人曾四到寺習武，始收為徒，後結為夫妻' - Zeng Si of Yongchun was accepted as her student and later became her husband; he carried White Crane to Yongchun. Clearly stated in reference works but semi-legendary era.,proposed
A0185,A0187,Fang Qiniang,Zheng Li,low,research:https://zh.wikipedia.org/wiki/永春白鶴拳,"[wave4:Chinese-language sweep: Fujian; verifier: confirmed] zh-wiki Baihequan lists Zheng Li (鄭禮) among the 前五虎 (Former Five Tigers) of the Yongchun disciple generation of Fang Qiniang/Zeng Si, and credits him with spreading the art across Fujian. Traditional listing, exact personal teacher (Fang Qiniang vs Z",proposed
A0187,A0188,Zheng Li,Lin Shixian,low,research:https://zh.wikipedia.org/zh-hant/鳴鶴拳,[wave4:Chinese-language sweep: Fujian; verifier: plausible] zh-wiki Minghequan: '清道光年間，鄭禮叔嫡傳弟子福州鳴鶴拳世祖林世咸（人稱泉州仔）' - Lin Shixian described as direct-line disciple of Zheng Li(shu). Chronology (Kangxi-era Zheng Li vs Daoguang-era Lin) suggests lineage descent rather than personal instruction; recorded as credibl,proposed
A0188,A0189,Lin Shixian,Pan Yuba,medium,research:https://zh.wikipedia.org/zh-hant/鳴鶴拳,"[wave4:Chinese-language sweep: Fujian; verifier: confirmed] zh-wiki Minghequan: Lin Dachong of Panyu (盤嶼林達崇, later called Pan Yuba 潘嶼八) knelt and begged Lin Shixian to teach him on his return journey to Quanzhou; Pan became founder of Minghe (Whooping Crane) in Fuzhou.",proposed
A0189,Q16907056,Pan Yuba,Xie Zongxiang,high,research:https://zh.wikipedia.org/wiki/謝崇祥 | research:https://zh.wikipedia.org/zh-hant/鳴鶴拳,[wave4:Chinese-language sweep: Fujian; verifier: confirmed] zh-wiki Xie Zongxiang article names 潘嶼八 as his teacher; zh-wiki Minghequan calls Xie Chongxiang (謝如如) the most celebrated of Pan Yuba's disciples. Consistently documented across reference articles.,proposed
Q16907056,Q699236,Xie Zongxiang,Kanryo Higaonna,low,research:https://zh.wikipedia.org/zh-hant/鳴鶴拳 | research:https://zh.wikipedia.org/wiki/謝崇祥 | research:https://en.wikipedia.org/wiki/Ry%C5%AB_Ry%C5%AB_Ko,[wave4:Chinese-language sweep: Fujian; verifier: plausible] zh-wiki Minghequan lists 東恩納寬量 (Higaonna Kanryo) among Xie Zongxiang's disciples. This encodes the disputed Tokashiki Iken identification of Xie with Ryu Ryu Ko; zh-wiki Xie article cites Lin Jingfeng's research against it and en-wiki notes the death,proposed
C00145,Q699236,Iwah,Kanryo Higaonna,low,research:https://en.wikipedia.org/wiki/Higaonna_Kanry%C5%8D,"[wave4:Chinese-language sweep: Fujian; verifier: plausible] en-wiki: Higaonna 'possibly also' studied under Iwah at the Kojo dojo in Fuzhou. Explicitly speculative, so low.",proposed
A0190,Q2473562,Zheng Bugong,Kanbun Uechi,low,research:https://zh.wikipedia.org/zh-hans/虎尊拳,"[wave4:Chinese-language sweep: Fujian; verifier: plausible] zh-wiki Huzunquan: '後日本琉球人上地完文求教于虎尊拳門人鄭步恭，虎尊拳因之傳到日本，發展為上地流空手道' - an alternative Chinese account of Uechi's Tiger-fist teacher, alongside (or instead of) the standard Zhou Zihe account; en-wiki also notes recent research questioning whether Zhou Zihe ",proposed
Q27363,Q4763171,Tatsuo Shimabuku,Angi Uezu,high,research:https://en.wikipedia.org/wiki/Tatsuo_Shimabuku,[wave4:Modern era Okinawa: current he; verifier: confirmed] Son-in-law and principal student who represented Tatsuo abroad and became a leading Isshin-ryu master (Wikipedia on Tatsuo Shimabuku).,proposed
C00625,A0191,Tsuguo Sakumoto,Arata Kinjo,high,research:https://ja.wikipedia.org/wiki/%E9%87%91%E5%9F%8E%E6%96%B0 | research:https://ja.wikipedia.org/wiki/%E4%BD%90%E4%B9%85%E6%9C%AC%E5%97%A3%E7%94%B7 | research:https://www.jkf.ne.jp/info/other/20230320/25397,[wave4:Modern era Okinawa: current he; verifier: confirmed] Ryuei-ryu Ryuhokai kata specialist coached by Sakumoto; with Kiyuna and Uemura won world team kata titles; named as one of Sakumoto's main students on Japanese Wikipedia and in JKF material.,proposed
C00625,A0192,Tsuguo Sakumoto,Takuya Uemura,high,research:https://ja.wikipedia.org/wiki/%E4%B8%8A%E6%9D%91%E6%8B%93%E4%B9%9F | research:https://ja.wikipedia.org/wiki/%E4%BD%90%E4%B9%85%E6%9C%AC%E5%97%A3%E7%94%B7 | research:https://www.jkf.ne.jp/info/other/20230320/25397,[wave4:Modern era Okinawa: current he; verifier: confirmed] Ryuei-ryu Ryuhokai kata specialist coached by Sakumoto; world team kata champion alongside Kiyuna and Kinjo; listed among Sakumoto's main students on Japanese Wikipedia.,proposed
Q709520,A0193,Tetsuhiko Asai,Masao Kagawa,high,research:https://ja.wikipedia.org/wiki/%E9%A6%99%E5%B7%9D%E6%94%BF%E5%A4%AB,"[wave4:Modern era: mainland Japan + i; verifier: confirmed] Japanese Wikipedia documents Kagawa following Asai (first chief instructor of the Japan Karate Shoto Federation, founded 2000) in the JKA split and succeeding him as JKS shuseki shihan (chief instructor) from April 2010.",proposed
Q471629,A0194,Hirokazu Kanazawa,Nobuaki Kanazawa,high,research:https://www.skifb.be/en/kanazawa-kancho | research:https://www.skifworld.com/SKIF-Instructors.php,[wave4:Modern era: mainland Japan + i; verifier: confirmed] SKIF federation pages document that Nobuaki (eldest son) completed the instructor training course at the SKIF Honbu Dojo under his father and took over the position of Kancho of SKIF from Hirokazu Kanazawa in April 2014.,proposed
Q471629,A0195,Hirokazu Kanazawa,Manabu Murakami,high,research:https://www.skifb.be/en/murakami-manabu,"[wave4:Modern era: mainland Japan + i; verifier: confirmed] SKIF federation biography: Murakami enrolled in the SKIF instructor course taught by Kanazawa Soke, served as his long-time assistant, and became SKIF Shuseki Shihan (Chief Instructor) in April 2014, taking over the role from Kanazawa.",proposed
Q716133,A0196,Keinosuke Enoeda,Yoshinobu Ohta,high,research:https://www.jka-england.org/ohta-sensei/ | research:https://en.wikipedia.org/wiki/JKA_England,[wave4:Modern era: mainland Japan + i; verifier: confirmed] JKA England (organisation site) documents that Enoeda invited Ohta to England in 1982 as his assistant; Ohta trained and taught alongside Enoeda for twenty years and was appointed JKA England chief instructor after Enoeda's death in 2003.,proposed
A0026,A0197,Yoshimi Inoue,Antonio Diaz,high,research:https://en.wikipedia.org/wiki/Antonio_D%C3%ADaz_(karateka),"[wave4:Modern era: mainland Japan + i; verifier: confirmed] English Wikipedia documents Diaz training under Yoshimi Inoue from January 2008 in Tottori, adopting Inoue-ha Shito-ryu and representing the organisation in Venezuela; he became WKF world kata champion in 2010 and 2012 under this tutelage.",proposed
A0198,Q2869852,Akira Shiomi,Atsuko Wakai,low,research:https://en.wikipedia.org/wiki/Atsuko_Wakai,[wave4:Modern era: mainland Japan + i; verifier: plausible] English Wikipedia names Akira Shiomi (JKF Gojukai Chief Technical Director) as Wakai's primary mentor during her Seigokan Goju-ryu training and competitive career.,proposed
Q2636225,A0199,Kazuyoshi Ishii,Nobuaki Kakuda,low,research:https://ja.wikipedia.org/wiki/%E8%A7%92%E7%94%B0%E4%BF%A1%E6%9C%97,"[wave4:Modern era: mainland Japan + i; verifier: plausible] Japanese Wikipedia documents Kakuda joining his senior Ishii's breakaway Seidokaikan from its founding, rising through it as Kobe branch director to become the organisation's highest-ranking instructor (saiko shihan) and a K-1 executive under Ishii; ",proposed
A0200,A0201,Fizuli Musayev,Rafael Aghayev,high,research:https://en.wikipedia.org/wiki/Rafael_Aghayev,"[wave4:Modern era: mainland Japan + i; verifier: confirmed] English Wikipedia documents that Aghayev, after starting under first coach Rafael Mammadov, was invited to the Budokan club in Azerbaijan to train under the leadership of Fizuli Musayev, under whom he developed into a five-time WKF world kumite champ",proposed
A0202,A0203,Jesus del Moral,Sandra Sanchez,high,research:https://en.wikipedia.org/wiki/Sandra_S%C3%A1nchez,"[wave4:Modern era: mainland Japan + i; verifier: confirmed] English Wikipedia records Sandra Sanchez (2020 Olympic kata gold medallist, two-time WKF world champion) as coached by Jesus del Moral, the Spanish national kata coach who directed her entire senior career.",proposed
Q912181,Q6426232,Nicholas Pettas,Koichi Pettas,high,research:https://en.wikipedia.org/wiki/Koichi_Pettas | research:https://en.wikipedia.org/wiki/Nicholas_Pettas,"[wave4:Date and identity quality pass; verifier: confirmed] Verified: Koichi Pettas is a real person, Koichi Watanabe (1980-2018), Japanese heavyweight kickboxer (K-1, It's Showtime, GLORY). Wikipedia's infobox lists Nicholas Pettas as his trainer; he took the ring name Pettas from his trainer. He is NOT Nich",proposed
Q727360,A0204,Kenei Mabuni,Yasunari Ishimi,high,research:https://en.wikipedia.org/wiki/Yasunari_Ishimi,"[island anchor] en-wiki: Ishimi trained under Yoshiaki Tsuzikawa and Kenei Mabuni, son of the Shito-ryu founder",proposed
A0204,A0202,Yasunari Ishimi,Jesus del Moral,medium,research:https://sandra-san.com/en/jesus-del-moral-the-perfect-balance/,"[island anchor] del Moral's first-person account: 'joined Sensei Yashunari Ishimi dojo... a turning point in my karate journey'; corroborating independent source not found, hence medium",proposed
A0205,A0200,Azad Kazimov,Fizuli Musayev,high,research:https://az.wikipedia.org/wiki/Füzuli_Musayev | research:https://www.olympic.az/athlete/fuzuli-musayev,[island anchor] az-wiki: Musayev began karate 1983 under Azad Kazimov at Burevestnik; NOC profile lists Kazımov Azad as his personal coach,proposed
A0206,A0200,Mir-Ali Seyidov,Fizuli Musayev,medium,"research:https://ru.wikipedia.org/wiki/Сейидов,_Мирали_Мирджалал_оглы",[island anchor] ru-wiki student list on Seyidov names Musayev; consistent with his documented Dinamo affiliation,proposed
A0207,A0208,Motobu Chohei,Motobu Chokan,low,research:https://ja.wikipedia.org/wiki/本部御殿 | research:https://www.motobu-ryu.org/本部御殿について/,"[motobu genealogy] documented head-to-head succession of the Motobu Udun; udundi transmission is the house tradition, drawn dashed as family transmission",proposed
A0208,A0209,Motobu Chokan,Motobu Chochi,low,research:https://ja.wikipedia.org/wiki/本部御殿 | research:https://www.motobu-ryu.org/本部御殿について/,"[motobu genealogy] documented head-to-head succession of the Motobu Udun; udundi transmission is the house tradition, drawn dashed as family transmission",proposed
A0209,A0210,Motobu Chochi,Motobu Choryu,low,research:https://ja.wikipedia.org/wiki/本部御殿 | research:https://www.motobu-ryu.org/本部御殿について/,"[motobu genealogy] documented head-to-head succession of the Motobu Udun; udundi transmission is the house tradition, drawn dashed as family transmission",proposed
A0210,C00028,Motobu Choryu,Choko Motobu,low,research:https://ja.wikipedia.org/wiki/本部御殿 | research:https://www.motobu-ryu.org/本部御殿について/,"[motobu genealogy] documented head-to-head succession of the Motobu Udun; udundi transmission is the house tradition, drawn dashed as family transmission",proposed
Q706389,C00037,Choyu Motobu,Chomo Motobu,low,research:https://www.motobu-ryu.org/本部御殿手/本部御殿手宗家/本部朝勇/ | research:https://ja.wikipedia.org/wiki/本部御殿,"[motobu genealogy] Chomo, second son of Choyu, inherited Motobu Udundi at his father's direction (formal instruction delivered by Uehara Seikichi in Wakayama 1923-24); drawn dashed as family transmission, same convention as Ken Miyagi",proposed
A0186,A0187,Zeng Si,Zheng Li,medium,research:https://zh.wikipedia.org/wiki/永春白鶴拳,"[audit:chinese-antecedents; verifier: confirmed] The Yongchun White Crane article already cited in this file lists Zheng Li among the 'first five tigers' (前五虎), the most accomplished students of Zeng Si's Yongchun school; this is the more consistently reported placement of Zheng Li (the e",proposed
C00550,A0211,Soko Kishimoto,Seiken Shukumine,medium,research:https://genseiryu.eu/ | research:https://en.wikipedia.org/wiki/Genseiry%C5%AB | research:https://japankaratedo.biz/history/,"[audit:early-shuri-tomari; verifier: confirmed] Well-documented gap: Kishimoto Soko's two last students are consistently reported as Higa Seitoku and Seiken Shukumine (1925-2001), founder of Gensei-ryu and Taido; Genseiryu histories trace the style's Shuri-te core to Kishimoto's teaching",proposed
Q3482635,Q130739281,Shugoro Nakazato,Naonobu Ahagon,high,research:https://en.wikipedia.org/wiki/Ahagon_Naonobu,"[audit:shorin-kobayashi; verifier: confirmed] Ahagon's Wikipedia article documents that after Chibana's death in 1969 he trained under Shugoro Nakazato until 1991, reaching 8th dan. Both nodes already exist in the file but this well-documented edge is missing.",proposed
Q527422,C00003,Anko Itosu,Anbun Tokuda,high,research:https://note.com/motoburyu/n/n29dffb7866f6 | research:https://www.d3b.jp/npcolumn/7625,[audit:shorin-kobayashi; verifier: confirmed] The official Motobu-ryu research note documents Tokuda Anbun (one year Chibana's senior) as a mid-to-late-period Itosu disciple who trained roughly 4-5 years under him and assisted Itosu's school teaching in Shuri. Completes the Itosu-Tokud,proposed
C00003,A0041,Anbun Tokuda,Yoshihide Shinzato,medium,research:https://es.wikipedia.org/wiki/Yoshihide_Shinzato | research:https://shinshukan.com.br/historia-da-shinshukan,[audit:shorin-kobayashi; verifier: confirmed] Spanish Wikipedia and Shinshukan history record that Shinzato began karate at age twelve under Anbun Tokuda before joining Chibana's academy.,proposed
Q3194253,A0041,Katsuya Miyahira,Yoshihide Shinzato,medium,research:https://es.wikipedia.org/wiki/Yoshihide_Shinzato,"[audit:shorin-kobayashi; verifier: confirmed] Spanish Wikipedia records that after Chibana's death in 1969 Shinzato continued training under Katsuya Miyahira, Chibana's successor.",proposed
Q1147708,Q15987180,Choki Motobu,Chozo Nakama,medium,research:https://note.com/motoburyu/n/nedf39279e0be,"[audit:shorin-kobayashi; verifier: confirmed] The official Motobu-ryu research note on Nakama Chozo documents that, in addition to being a senior Chibana disciple, Nakama studied under Motobu Choki when Motobu returned to Okinawa in 1936.",proposed
C00261,C00024,Kodatsu Iha,Chojin Kuba,low,research:https://www.karatekangaroo.com/maestros-tomari-te | research:https://wseku-karate.org/en/istoria-okinawa-karate/tomari-te/,"[audit:shorin-matsubayashi; verifier: confirmed] Tomari-te successor lists name Kuba Chojin (1904-1989) among Iha Kodatsu's students, which explains how Nagamine's next-door neighbour came to teach him Tomari-te. Secondary sources only, hence low.",proposed
C00293,A0212,Seiyu Nakasone,Tokashiki Iken,high,research:https://historyandstoriesofgojuryu.blogspot.com/2021/07/iken-tokashiki-okinawa-times-july-4th.html | research:https://iogkfmadrid.wordpress.com/2010/02/09/donde-goju-ryu-y-tomari-te-se-encuentran-tokashiki-iken-y-el-gohakukai/,"[audit:shorin-matsubayashi; verifier: confirmed] Tokashiki Iken studied Tomari-te under Nakasone Seiyu from 1956 to 1983, received an instructor certificate from him in 1967, and founded the Gohakukai (1982) which preserves the Matsumora-ha Tomari-te line; documented in an Okinawa Times f",proposed
Q15987180,A0043,Chozo Nakama,Zenji Shimabukuro,medium,research:https://en.wikipedia.org/wiki/Sh%C5%8Drin-ry%C5%AB_Seibukan,"[audit:shorin-shobayashi-seibukan; verifier: confirmed] The Wikipedia article on Shorin-ryu Seibukan documents that Zenji Shimabukuro (Zenryo's nephew, Zenpo's cousin) trained under Chozo Nakama alongside Zenpo, after formal introduction by Zenryo. Parallels the existing Nakama>Zenpo edge.",proposed
A0213,A0020,Sokishi Shinzato,Shian Toma,medium,research:https://seidokankarate.org/shian-toma-biography | research:https://en.wikipedia.org/wiki/Okinawa_Seidokan,"[audit:shorin-shobayashi-seibukan; verifier: confirmed] The official Seidokan biography names Shinzato Sokishi as Toma's first and longest teacher (over 20 years from his post-WWII return to Okinawa, teaching only Seisan, Sanchin, Chinto and Bo), and Wikipedia's Okinawa Seidokan article lists Sh",proposed
C00066,A0071,Fusei Kise,James Coffman,medium,research:https://westernkarate.com/james-coffman-matsumura-seito/ | research:https://www.smoka-usa.com/sensei-coffmans-published-book/,"[audit:matsumura-seito; verifier: confirmed] Missing edge: Coffman's documented entry into Matsumura Seito was through Kise, whom he met on Okinawa in the early 1960s before being introduced to Soken; his book names Kise Fusei and Soken Hohan as his two teachers. The file currently li",proposed
Q3139173,A0214,Hohan Soken,Yoshimatsu Akamine,medium,research:https://akaminekaratedojo.localinfo.jp | research:https://en.wikipedia.org/wiki/Hohan_S%C5%8Dken | research:https://okic.odks.jp/pdf/okinawadojolist.pdf,"[audit:matsumura-seito; verifier: confirmed] Akamine (proposed as a new person) studied under Soken for 22 years (1959-1982) per his preservation society's history, received his shihan certificate from Soken in 1980, and is named 'Yoshimatsu Akamine' in Soken's Wikipedia senior-studen",proposed
Q1620643,A0215,Kori Hisataka,Shigeru Ishino,medium,research:https://en.wikipedia.org/wiki/K%C5%8Dri_Hisataka | research:https://en.wikipedia.org/wiki/Shunji_Watanabe,"[audit:shorinji-lines; verifier: confirmed] Ishino is named on Wikipedia as one of Kori Hisataka's direct students still teaching, founder of Ishino Shorinjiryu Genbukan, and co-founder (with Shunji Watanabe and Minoru Morita) of the Shorinjiryu Kenyukai Karate Federation in the mid-",proposed
Q7447367,Q7446702,Seko Higa,Seiichi Akamine,high,research:https://ja.wikipedia.org/wiki/%E8%B5%A4%E5%B6%BA%E8%AA%A0%E4%B8%80,[audit:goju-okinawa; verifier: confirmed] Missing edge. Japanese Wikipedia records that Akamine reached 4th dan under Higa Seko at age 22 and names Higa (with Izumikawa) as the teacher who influenced him most; Akamine later spread this lineage in Brazil as Ken-Shin-Kan.,proposed
Q16016038,Q11391351,Meitoku Yagi,Akihito Yagi,medium,research:https://en.wikipedia.org/wiki/Akihito_Yagi | research:https://meibukanyagidojo.com/about-2/,[audit:goju-okinawa; verifier: confirmed] Missing edge. Akihito Yagi (b. 5 April 1977) is Meitoku Yagi's grandson and began training in the Meibukan honbu as a child under his grandfather while Meitoku still headed the dojo (Meitoku died 2003); consistently reported in Meibukan org,proposed
Q268880,A0216,Gogen Yamaguchi,Shuji Tasaki,high,research:http://www.gojuryu.gr/jkfgojukai/index.php/en/history-menu-en/8-iuji-tasaki-president-and-founder-of-seiwa-kai | research:http://www.brisbanegojukarate.com.au/about/shuji-tasaki/ | research:https://www.seiwakaiusa.com/,"[audit:goju-japan-world; verifier: confirmed] Tasaki (1933-2011) began Goju-ryu under Gogen Yamaguchi in 1951-52, became the first All Japan Karatedo Goju-kai kumite champion (1963/64), and founded Seiwakai in 1972 with Yamaguchi's approval; a major missing branch of Japanese Goju (JKF",proposed
A0218,Q268880,Takeo Maruta,Gogen Yamaguchi,medium,research:https://en.wikipedia.org/wiki/G%C5%8Dgen_Yamaguchi | research:https://ja.wikipedia.org/wiki/%E5%B1%B1%E5%8F%A3%E5%89%9B%E7%8E%84 | research:http://seinenkai.com/articles/noble/noble-yamaguchi.html,"[audit:goju-japan-world; verifier: confirmed] Both English and Japanese Wikipedia record that Yamaguchi's actual day-to-day Goju-ryu instruction began under Takeo Maruta, an Okinawan carpenter, from around age 14; his direct time with Miyagi was minimal. Noble's research repeats the ac",proposed
A0217,Q294548,So Nei Chu,Mas Oyama,high,research:https://en.wikipedia.org/wiki/Mas_Oyama | research:http://the-martial-way.com/the-early-martial-arts-training-of-mas-oyama/,"[audit:goju-japan-world; verifier: confirmed] So Nei Chu was Oyama's principal Goju-ryu teacher and mentor in Japan, consistently recorded in Oyama's Wikipedia biography and Kyokushin histories; this is the key missing node between Japanese Goju and Kyokushin, and it contextualises the",proposed
Q706389,A0219,Choyu Motobu,Motobu Chomo,medium,research:https://ja.wikipedia.org/wiki/本部朝勇,[audit:motobu-udun; verifier: confirmed] Choyu's second son Chomo (朝茂) is listed among his direct students on ja.wiki and was the intended family successor of udundi before his death in WWII.,proposed
C00478,A0219,Seikichi Uehara,Motobu Chomo,medium,research:https://ja.wikipedia.org/wiki/本部朝勇 | research:https://en.wikipedia.org/wiki/House_of_Motobu,"[audit:motobu-udun; verifier: confirmed] After Choyu's sons moved to mainland Japan, udundi was conveyed through Uehara to the second son Chomo, living in Wakayama, who then died in the war; en.wiki House of Motobu states Choyu tasked Uehara with teaching the udundi secrets to Cho",proposed
C00066,A0113,Fusei Kise,Seifuku Nitta,low,research:https://shuriway.com/nitta.html | research:https://usadojo.com/seifuku-nitta/,"[audit:okinawa-kenpo-ryute; verifier: plausible] Nitta's biography: from 1970 he trained in Shorin-ryu Matsumura Seito under Hohan Soken and Fusei Kise; from 1978 Kise became his primary instructor (Kenshinkan), and Nitta reached rokudan in the style. Kise (C00066) is already in the graph",proposed
Q3139173,A0113,Hohan Soken,Seifuku Nitta,low,research:https://shuriway.com/nitta.html | research:https://usadojo.com/seifuku-nitta/,"[audit:okinawa-kenpo-ryute; verifier: plausible] Same biography: Nitta began Shorin-ryu Matsumura Seito under Hohan Soken (with Fusei Kise) in 1970, training until Soken's retirement era (Kise took over as primary instructor in 1978). Soken is a major Matsumura Seito node very likely alre",proposed
A0221,A0019,Uhugushiku,Seiyu Oyata,low,research:https://en.wikipedia.org/wiki/Ry%C5%AB-te,"[audit:okinawa-kenpo-ryute; verifier: confirmed] Core of the Ryu-te lineage account: Uhugushiku, a retired Okinawan bushi and palace guard, taught Oyata weapons and tuite after WWII. Documented in the cited Wikipedia article, but known only through Oyata's own account with no independent ",proposed
A0222,A0019,Wakinaguri,Seiyu Oyata,low,research:https://en.wikipedia.org/wiki/Ry%C5%AB-te,"[audit:okinawa-kenpo-ryute; verifier: confirmed] Same lineage account: Wakinaguri, a bushi of Chinese descent, taught Oyata pressure-point striking, the foundation of Ryu-te's kyusho method. Documented in the cited Wikipedia article but attested only via Oyata's account; low (credible tra",proposed
Q27363,A0223,Tatsuo Shimabuku,Sherman Harrill,high,research:https://en.wikipedia.org/wiki/Tatsuo_Shimabuku | research:https://military-history.fandom.com/wiki/Sherman_Harrill | research:http://www.msisshinryu.com/articles/shermspeaks.shtml,"[audit:isshin-ryu; verifier: confirmed] Harrill is named in the notable-students list of the Tatsuo Shimabuku Wikipedia article and is the most influential first-generation US student missing from the file: stationed at Camp Courtney from 6 March 1959, trained ~14 months at the A",proposed
A0167,Q15987564,Motokuni Sugiura,Masaaki Ueki,high,research:https://ja.wikipedia.org/wiki/%E6%A4%8D%E6%9C%A8%E6%94%BF%E6%98%8E | research:https://www.jka.or.jp/about/person04/,"[audit:shotokan; verifier: confirmed] Ueki studied under Sugiura (JKA second chief instructor) from his high-school years and later succeeded him as third chief instructor in 2010; documented by the JKA itself and Japanese Wikipedia. Both nodes already in file, edge missing.",proposed
Q527422,C00319,Anko Itosu,Makoto Gima,medium,research:http://findingkarate.com/wordpress/shinkin-gima/ | research:https://www.gimahacanada.com/copy-of-about-us,[audit:shotokan; verifier: confirmed] Gima began karate in 1912 under Itosu and Yabu at the Okinawa Teachers' College; the Yabu edge exists but the parallel Itosu edge is missing.,proposed
Q41105,A0224,Gichin Funakoshi,Takeshi Shimoda,medium,research:https://en.wikipedia.org/wiki/Gig%C5%8D_Funakoshi,"[audit:shotokan; verifier: confirmed] Shimoda was Funakoshi's senior assistant instructor (before Gigo assumed the role on Shimoda's death, commonly dated 1934); a significant early Shotokan figure absent from the file. Requires the new person proposed below.",proposed
Q4351940,A0225,Yasuhiro Konishi,Kiyoshi Yamazaki,high,research:https://en.wikipedia.org/wiki/Yasuhiro_Konishi | research:https://en.wikipedia.org/wiki/Japan_Karate-Do_Ryobu-Kai | research:http://findingkarate.com/wordpress/kiyoshi-yamazaki/,"[audit:shito-ryu; verifier: confirmed] Konishi's Wikipedia article lists Yamazaki first among his students; Yamazaki began at the Ryobu-kan under Konishi in 1956, received his teaching licence from Konishi in 1962, and became international chief instructor of Japan Karate-do Ryo",proposed
A0026,A0226,Yoshimi Inoue,Mie Nakayama,high,research:http://findingkarate.com/wordpress/___profile-mie-nakayama/ | research:http://findingkarate.com/wordpress/spotlight-yoshimi-inoue-trainer-of-champions/ | research:https://www.karatebyjesse.com/the-wisdom-of-inoue-yoshimi-legendary-japanese-national-team-kata-coach-seminar-recap/,"[audit:shito-ryu; verifier: confirmed] Nakayama, three-time consecutive WKF world kata champion (1982, 1984, 1986) in Hayashi-ha Shito-ryu, trained under Inoue Yoshimi from the late 1970s; she is the first of the string of world kata champions (before Wakai, Diaz, Usami) consist",proposed
Q3772405,A0227,Kanken Toyama,Isao Ichikawa,high,research:https://doshinkan.or.at/en/history/ | research:http://www.doshinkan.pl/dojo_poland/english/geschichte.html,"[audit:wado-chito-shudokan; verifier: confirmed] Ichikawa Isao (1935-1996), founder of Karatedo Doshinkan (Vienna, 1967), was Toyama's last inner disciple; Toyama awarded him 10th dan and the title Hanshi and named him successor. Documented on the official Doshinkan honbu history. Major m",proposed
Q699236,Q3772405,Kanryo Higaonna,Kanken Toyama,medium,research:https://en.wikipedia.org/wiki/Kanken_T%C5%8Dyama,"[audit:wado-chito-shudokan; verifier: confirmed] En-wiki Kanken Toyama lists Kanryo Higaonna among his teachers (Naha-te), consistent with Toyama's own published teacher list; both nodes already exist in the graph but the edge is missing.",proposed
Q557301,Q3772405,Ankichi Arakaki,Kanken Toyama,low,research:https://en.wikipedia.org/wiki/Kanken_T%C5%8Dyama,"[audit:wado-chito-shudokan; verifier: plausible] Replaces the dropped wrong-namesake edge: en-wiki names Ankichi Aragaki as Toyama's Tomari-te teacher. Chronology is awkward (Arakaki 1899-1927 was younger than Toyama), so keep at low as reported tradition; do not add if Ankichi Arakaki is",proposed
Q294548,Q3984847,Mas Oyama,Terutomo Yamazaki,high,research:https://en.wikipedia.org/wiki/Terutomo_Yamazaki | research:https://www.kyokushinkaikan.org/ja/news/2025/06/23/0623_01/,"[audit:kyokushin-lines; verifier: confirmed] Yamazaki, 'the Dragon of Kyokushin' and first All-Japan Open champion (1969), trained directly under Oyama at the Ikebukuro honbu from his high-school years; the honbu published a formal obituary on his death (22 June 2025). A core edge mis",proposed
Q294548,Q6130268,Mas Oyama,Yoshiji Soeno,high,research:https://ja.wikipedia.org/wiki/添野義二 | research:https://en.wikipedia.org/wiki/Yoshiji_Soeno,"[audit:kyokushin-lines; verifier: confirmed] Soeno entered Kyokushin Kaikan on 1 September 1964 and trained under Oyama until his 1980 expulsion, then founded Shidokan. Direct, well-documented edge missing from the file.",proposed
Q294548,Q11486455,Mas Oyama,Tsuyoshi Hiroshige,high,research:https://ja.wikipedia.org/wiki/廣重毅 | research:https://efight.jp/news-20180418_284873,[audit:kyokushin-lines; verifier: confirmed] Hiroshige entered the Kyokushin honbu in June 1973 as an uchi-deshi and served as Tokyo Jonan branch chief throughout Oyama's lifetime.,proposed
Q920672,Q2664662,Hatsuo Royama,Shokei Matsui,high,research:https://ja.wikipedia.org/wiki/松井章圭,"[audit:kyokushin-lines; verifier: confirmed] ja.wiki lists Matsui's teachers as Oyama, Royama (盧山初雄) and Kato; Royama coached Matsui for his 100-man kumite (1986). Missing from the file.",proposed
Q11486455,Q11428483,Tsuyoshi Hiroshige,Norichika Tsukamoto,high,research:https://efight.jp/news-20180418_284873 | research:https://ja.wikipedia.org/wiki/廣重毅,[audit:kyokushin-lines; verifier: confirmed] Hiroshige's obituary and ja.wiki name Tsukamoto among the world champions he trained at the Jonan Kawasaki branch. His actual trainer edge is missing while only the organisational Oyama edge exists.,proposed
Q11486455,Q11474560,Tsuyoshi Hiroshige,Tatsuya Iwasaki,high,research:https://efight.jp/news-20180418_284873 | research:https://ja.wikipedia.org/wiki/廣重毅,[audit:kyokushin-lines; verifier: confirmed] Hiroshige's obituary and ja.wiki name Iwasaki (already in the graph as Q11474560) among the champions he trained at the Jonan branch.,proposed
Q560761,Q6149743,Jon Bluming,Jan Plas,high,research:https://en.wikipedia.org/wiki/Jan_Plas,[audit:kyokushin-lines; verifier: confirmed] en.wiki on Plas: he learned Kyokushin from Jon Bluming in Amsterdam before learning kickboxing from Kurosaki. Missing from the file.,proposed
A0228,Q294548,So Nei-chu,Mas Oyama,high,research:https://en.wikipedia.org/wiki/Mas_Oyama | research:http://the-martial-way.com/the-early-martial-arts-training-of-mas-oyama/,"[audit:kyokushin-lines; verifier: confirmed] So Nei-chu (曺寧柱, 1908-1996), senior Goju-ryu figure and fellow Korean, taught Oyama Goju-ryu after WWII and urged him toward the mountain training that shaped Kyokushin. Consistently documented in Oyama biographies and en.wiki; the file has",proposed
Q3984847,Q4057557,Terutomo Yamazaki,Takashi Azuma,medium,research:https://en.wikipedia.org/wiki/Terutomo_Yamazaki,"[audit:kyokushin-lines; verifier: confirmed] en.wiki on Yamazaki lists Azuma (Kudo founder, 9th All-Japan champion) among his students at the honbu, alongside the Yamazaki student edges already in the file.",proposed
A0229,A0001,Yang Kuk-jin,Hwang Kee,medium,research:https://en.wikipedia.org/wiki/Hwang_Kee,[audit:korean-arts; verifier: confirmed] Hwang Kee's only acknowledged formal teacher: he studied Chinese martial arts (kuk sool / Yang-style taijiquan) under master Yang Kuk-jin in Manchuria (c. 1936-37) while working for the Manchurian railway. Consistently reported (from Hwang',proposed
A0152,A0176,Yun Kwae-byung,Lee Chong-woo,medium,research:https://mookas.com/news/17833 | research:https://en.wikipedia.org/wiki/Jidokwan | research:http://www.worldtaekwondojidokwan.com/www/wt_6_5/832,"[audit:korean-arts; verifier: confirmed] Yun Kwae-byung was recruited c. 1950 as full-time head instructor of the Chosun Yeonmugwan Kwon Bop Bu where Lee Chong-woo trained, and after Chun Sang-sup's disappearance Yun was elected first Jidokwan kwanjang with Lee as his student and ",proposed
Q8014128,A0230,William Kwai Sun Chow,Adriano Emperado,high,research:https://en.wikipedia.org/wiki/Adriano_Directo_Emperado | research:https://www.kajukenbo.com/directory/sijo-adriano-emperado,"[audit:kenpo-hawaii-us; verifier: confirmed] Major gap: Emperado trained daily under Chow in Honolulu, became one of his first black belts (1949, later 5th dan from Chow), and co-founded Kajukenbo (1947-49), the most influential Hawaii kenpo offshoot after Parker's line. Requires new ",proposed
A0231,Q1052982,Larry Tatum,Jeff Speakman,high,research:https://en.wikipedia.org/wiki/Jeff_Speakman,"[audit:kenpo-hawaii-us; verifier: confirmed] Speakman's Wikipedia article states he 'spent years training in American Kenpo under his principal instructor, Larry Tatum', alongside Parker. Tatum, a senior Parker black belt, was Speakman's principal instructor and is missing from the gr",proposed
A0232,Q6167244,Al Tracy,Jay T Will,high,research:https://en.wikipedia.org/wiki/Jay_T._Will,"[audit:kenpo-hawaii-us; verifier: confirmed] Will's Wikipedia article names Al Tracy (Tracy Kenpo, an early Parker-lineage branch) as his teacher alongside Parker, and Tracy promoted Will to 8th degree black belt. Missing teacher (see new_people).",proposed
A0233,Q182130,Sokaku Takeda,Morihei Ueshiba,high,research:https://en.wikipedia.org/wiki/Morihei_Ueshiba | research:https://en.wikipedia.org/wiki/Sokaku_Takeda | research:https://aikidojournal.com/2015/09/25/sokaku-takeda/,"[audit:judo-aikido-koryu; verifier: confirmed] Ueshiba's single most important teacher is absent. He met Takeda in Engaru, Hokkaido in 1915, is recorded in the Daito-ryu eimeiroku (enrolment registers), and received kyoju dairi certification in 1922. Node styles already tag daito-ryu, b",proposed
Q182130,Q716152,Morihei Ueshiba,Shoji Nishio,high,research:https://en.wikipedia.org/wiki/Shoji_Nishio | research:https://aikidojournal.com/2005/03/16/shoji-nishio-obituary/,"[audit:judo-aikido-koryu; verifier: confirmed] Major gap: Nishio's node exists and his jodo and karate teachers are linked, but not his principal art. He joined the Aikikai Hombu Dojo in 1951 and trained under Morihei Ueshiba, reaching 8th dan; Ueshiba is listed among his teachers in hi",proposed
Q2453372,Q716152,Kyuzo Mifune,Shoji Nishio,medium,research:https://en.wikipedia.org/wiki/Shoji_Nishio,"[audit:judo-aikido-koryu; verifier: confirmed] Nishio's Wikipedia biography lists Kyuzo Mifune among his teachers (Kodokan judo, Nishio held 6th dan). Both nodes already exist in the graph.",proposed
A0234,Q190141,Tsunetoshi Iikubo,Jigoro Kano,high,research:https://en.wikipedia.org/wiki/Kan%C5%8D_Jigor%C5%8D | research:https://kodokanjudoinstitute.org/en/doctrine/founder/,"[audit:judo-aikido-koryu; verifier: confirmed] Kano's Kito-ryu teacher is missing while his first Tenjin Shinyo-ryu teacher (Hachinosuke Fukuda) is present. Iikubo taught Kano Kito-ryu from 1881, taught at the early Kodokan, and awarded Kano the Kito-ryu densho in 1883; kito-ryu is alre",proposed
Q182130,A0235,Morihei Ueshiba,Kisshomaru Ueshiba,high,research:https://en.wikipedia.org/wiki/Kisshomaru_Ueshiba,"[audit:judo-aikido-koryu; verifier: confirmed] Morihei's son, lifelong student and second Doshu of the Aikikai; needed to connect Christian Tissier's actual aikido lineage (see next link).",proposed
A0235,Q1082144,Kisshomaru Ueshiba,Christian Tissier,high,research:https://en.wikipedia.org/wiki/Christian_Tissier,"[audit:judo-aikido-koryu; verifier: confirmed] Tissier's only inbound edge in the file is the Kurosaki kickboxing link, leaving Europe's most influential aikido shihan disconnected from any aikido lineage. His Wikipedia biography names Seigo Yamaguchi, Kisaburo Osawa and second Doshu Ki",proposed
C00202,A0012,Kanyu Higaonna,Juhatsu Kyoda,medium,research:https://kodokanboston.org/2024/01/14/how-many-seisans/ | research:https://en.wikipedia.org/wiki/Higaonna_Kanryu,[audit:orphans-1; verifier: confirmed] Kyoda Juhatsu's first karate teacher was Higaonna Kanyu (Higaonna of the East): Kyoda's mother Omito was a relative of Kanyu and brought Juhatsu to him before he entered Kanryo Higaonna's dojo. Kyoda preserved Kanyu's distinct Seisan and pa,proposed
Q1728269,C00200,Kanei Uechi,Mario Topolsek,medium,research:https://cs.wikipedia.org/wiki/Mario_Topol%C5%A1ek | research:https://uechiryu.eu/index.php/events-news/159-sad-news-for-the-american-and-european-uechi-ryu,"[audit:orphans-1; verifier: confirmed] In the early 1970s Topolsek travelled to Okinawa and became a student of Kanei Uechi, then founded the first Uechi-ryu association in Europe (Belgrade, 1972) and reached 8th dan in the style. Documented by Czech Wikipedia and the European U",proposed
Q1360025,C00200,Taiji Kase,Mario Topolsek,low,research:https://cs.wikipedia.org/wiki/Mario_Topol%C5%A1ek | research:https://zivotjepokret.rs/mario-topolsek/,"[audit:orphans-1; verifier: plausible] Topolsek began karate in Paris in 1965 under Taiji Kase (Shotokan, then 7th dan) before switching to Uechi-ryu. Consistently reported in his Czech Wikipedia article and biographical profiles.",proposed
Q3482635,C00068,Shugoro Nakazato,Gamini Soysa,low,research:https://usadojo.com/gamini-soysa/ | research:https://oskfi.com/Kyoshi-Gamini-Soysa.html,"[audit:orphans-1; verifier: plausible] Gamini Soysa, the pioneer of Shorin-ryu Shorinkan in Sri Lanka and South Asia and the first Sri Lankan to train in Okinawa, trained under Shugoro Nakazato and served as Shorinkan's Sri Lanka representative. Consistently reported across inde",proposed
A0089,C00159,Chuzo Kotaka,John Sells,low,research:https://shuriway.com/sells.html,"[audit:orphans-1; verifier: plausible] John Sells, the karate historian and author of Unante, became a licensed instructor of Kotaka-ha Shito-ryu under Chuzo Kotaka by 1973, per his Shuriway society biography.",proposed
Q1473967,C00159,Fumio Demura,John Sells,low,research:https://shuriway.com/sells.html,"[audit:orphans-1; verifier: plausible] Sells studied Itosu-kai Shito-ryu (and kobudo) under Fumio Demura and Daniel Ivan while karate instructor at UC Santa Barbara, becoming a senior JKF USA instructor, per his Shuriway society biography. He was later awarded Hanshi by Kenzo Ma",proposed
Q221121,C00549,Chojun Miyagi,Sogen Sakiyama,high,research:https://budojapan.com/karate/dm10e/ | research:https://mountain-dojo.com/2020/09/18/sakiyama-sogens-last-letter/ | research:http://www.iogkf.com/newsletter/edition_2013_1/articles_pg_spongia.htm,"[audit:orphans-2; verifier: confirmed] Sakiyama Sogen learned karate directly from Miyagi Chojun (at the Okinawa Teachers' School / Shihan gakko) for around 12 years, and Miyagi himself encouraged him toward Zen in 1949. Consistently stated in established Goju-ryu sources includ",proposed
C00508,C00517,Shinbi Kaneshima,Shinyei Kaneshima,low,research:https://okic.okinawa/en/archives/newstopics/p3475 | research:https://medium.com/@motobu715/ishimine-ry%C5%AB-a-forgotten-karate-school-811e54797adc,"[audit:orphans-2; verifier: plausible] Ishimine-ryu accounts describe the art passing within the Kaneshima family from Shinbi (who learned from Old Ishimine) to his son Shin'ei, who named the school; I could not read an explicit 'father taught son' sentence in the OKIC article (",proposed
Q715769,C00257,Sokon Matsumura,Kiyuna Pechin,high,research:https://medium.com/motobu-ryu-blog/kiyuna-p%C4%93chin-9e7bceecfc32,[audit:orphans-1] official Motobu-ryu blog profiles Kiyuna Pechin explicitly as a senior disciple of Matsumura Sokon,proposed
A0236,C00508,Ishimine Pechin,Shinbi Kaneshima,medium,research:https://okic.okinawa/en/archives/newstopics/p3475 | research:https://medium.com/@motobu715/ishimine-ry%C5%AB-a-forgotten-karate-school-811e54797adc,[audit:orphans-2] Kaneshima Shinbi studied under 'Old Ishimine' per the Okinawa Karate Kaikan profile and the Ishimine-ryu article,proposed
B0004,C00634,Ch'en Yu-an,Tung Chin,medium,book:Bishop p.20,"[Bishop, Okinawan Karate; tradition] Student matched to Tung Chin (C00634). Teacher Ch'en Yu-an absent from dataset.",proposed
C00232,C00575,Kenko Nakaima,Takeyuki Kinjo,medium,book:Bishop p.19,"[Bishop, Okinawan Karate; tradition] Both in dataset; edge absent (Kenko Nakaima currently linked to Kenji Nakaima, Tsuguo Sakumoto, Teruo Hayashi).",proposed
Q699236,C00283,Kanryo Higaonna,Koki Shiroma,medium,book:Bishop p.28,"[Bishop, Okinawan Karate; tradition] Both in dataset; edge absent. Book names him one of Higaonna's three most notable students.",proposed
C00525,Q5349190,Shoko Itokazu,Eiichi Miyazato,high,book:Bishop p.32,"[Bishop, Okinawan Karate; interview] Both in dataset; edge absent. Judo teacher, not karate.",proposed
Q5349190,B0005,Eiichi Miyazato,Akihiko Suzuki,high,book:Bishop p.33,"[Bishop, Okinawan Karate; interview] Teacher matched; Akihiko Suzuki absent from dataset (Kyoto branch, Jundokan lineage chart).",proposed
Q16016038,C00484,Meitoku Yagi,Seiko Nakamoto,medium,book:Bishop p.36,"[Bishop, Okinawan Karate; tradition] Both in dataset; edge absent.",proposed
Q7447367,Q1908090,Seko Higa,Shinpo Matayoshi,high,book:Bishop p.37,"[Bishop, Okinawan Karate; interview] Seiko Higa = dataset 'Seko Higa'. Both present; edge absent (dataset has Gokenki and Shinko Matayoshi as Shinpo's teachers).",proposed
Q7447367,C00668,Seko Higa,Yusho Higa,high,book:Bishop p.37,"[Bishop, Okinawan Karate; interview] Both in dataset; edge absent.",proposed
Q1728269,C00388,Kanei Uechi,Natsukichi Shimabuku,high,book:Bishop p.43,"[Bishop, Okinawan Karate; interview] Kanyei = dataset 'Kanei Uechi'. Both present; edge absent.",proposed
Q1728269,C00095,Kanei Uechi,Jiro Uehara,high,book:Bishop p.43,"[Bishop, Okinawan Karate; interview] Both present; edge absent.",proposed
Q1728269,C00488,Kanei Uechi,Seishin Shirado,high,book:Bishop p.43,"[Bishop, Okinawan Karate; interview] Both present; edge absent.",proposed
Q1728269,C00266,Kanei Uechi,Koichi Mori,high,book:Bishop p.43,"[Bishop, Okinawan Karate; interview] Both present; edge absent.",proposed
Q1728269,C00249,Kanei Uechi,Robert Donnely,high,book:Bishop p.43,"[Bishop, Okinawan Karate; interview] Both present; edge absent. Australia branch.",proposed
C00108,C00107,Kaho Kojo,Kafu Kojo,high,book:Bishop p.48,"[Bishop, Okinawan Karate; interview] Both present; edge absent. Dataset instead has Saikyo Kojo -> Kafu Kojo (medium) and Shuren Kojo -> Kafu Kojo (low). Book: grandfather taught him from age 12.",proposed
C00107,B0017,Kafu Kojo,Shingo Hayashi,high,book:Bishop p.49,"[Bishop, Okinawan Karate; interview] Teachers matched (Kafu Kojo C00107; Shigeru Kojo C00506). Student Shingo Hayashi absent from dataset.",proposed
C00279,C00374,Seiki Arakaki,Morimasa Arakaki,high,book:Bishop p.60,"[Bishop, Okinawan Karate; interview] Both present; edge absent.",proposed
Q1963468,C00512,Shoshin Nagamine,Shinsaku Minami,medium,book:Bishop p.95,"[Bishop, Okinawan Karate; tradition] Both present; edge absent.",proposed
Q1963468,B0027,Shoshin Nagamine,Masanori Ishikawa,medium,book:Bishop p.95,"[Bishop, Okinawan Karate; tradition] Teacher matched; Masanori Ishikawa absent from dataset (only Horoku Ishikawa C00129 present, different person).",proposed
C00223,Q1963468,Keisei Okamoto,Shoshin Nagamine,medium,book:Bishop p.96,"[Bishop, Okinawan Karate; tradition] Both present; edge absent. Zen Buddhism (Myoshinji school), not karate; flag if the graph is karate-only.",proposed
C00034,C00270,Eizo Shimabukuro,Kojun Makishi,high,book:Bishop p.104,"[Bishop, Okinawan Karate; interview] Both present; edge absent. One of five former Eizo Shimabuku students who formed Ryukyu Shorin-ryu.",proposed
C00363,C00437,Matsutaro Ire,Ryosho Goya,high,book:Bishop p.104-105,"[Bishop, Okinawan Karate; interview] Both present; edge absent. Kobudo instruction.",proposed
C00672,A0045,Zenpo Shimabukuro,Walter Dailey,high,book:Bishop p.101,"[Bishop, Okinawan Karate; interview] Student matched to Walter Dailey (A0045, shorin-ryu-seibukan; spelling variant). Dataset currently links him only to Zenryo Shimabukuro (high); the Zenpo edge i",proposed
Q3194253,C00365,Katsuya Miyahira,Meiyu Takara,medium,book:Bishop p.111,"[Bishop, Okinawan Karate; tradition] Both present; edge absent.",proposed
Q3194253,C00509,Katsuya Miyahira,Shinkichi Ishimine,medium,book:Bishop p.111,"[Bishop, Okinawan Karate; tradition] Both present; edge absent.",proposed
Q15987228,C00349,Yuchoku Higa,Tankichi Nagamine,medium,book:Bishop p.114,"[Bishop, Okinawan Karate; tradition] Both present; edge absent.",proposed
Q453505,Q15987180,Kenwa Mabuni,Chozo Nakama,high,book:Bishop p.117,"[Bishop, Okinawan Karate; interview] Both present; edge absent (Nakama's dataset teachers: Choki Motobu, Chomo Hanashiro, Choshin Chibana).",proposed
Q3482635,C00038,Shugoro Nakazato,Choshin Ahagon,medium,book:Bishop p.120,"[Bishop, Okinawan Karate; tradition] Both present; edge absent (dataset has Shugoro Nakazato -> Naonobu Ahagon, a different Ahagon).",proposed
Q3482635,B0007,Shugoro Nakazato,Jesus Martinez,medium,book:Bishop p.120,"[Bishop, Okinawan Karate; tradition] Teacher matched; Jesus Martinez absent from dataset.",proposed
Q3482635,C00193,Shugoro Nakazato,Lee Bates,medium,book:Bishop p.120,"[Bishop, Okinawan Karate; tradition] Both present; edge absent.",proposed
Q221121,C00236,Chojun Miyagi,Kensei Kinjo,medium,book:Bishop p.121,"[Bishop, Okinawan Karate; tradition] Both present; edge absent. Book hedges ('probably from Chojun Miyagi'); suggest low confidence. Dataset has Choshin Chibana -> Kensei Kinjo (medium).",proposed
C00003,C00129,Anbun Tokuda,Horoku Ishikawa,high,book:Bishop p.127,"[Bishop, Okinawan Karate; interview] Both present; edge absent (dataset has Shinpan Gusukuma -> Horoku Ishikawa medium). School instructor relationship.",proposed
C00515,C00618,Shintaro Yoshizato,Toshimasa Matsumoto,medium,book:Bishop p.122,"[Bishop, Okinawan Karate; tradition] Both present; edge absent. Kushin-ryu chart OCR-garbled, relationship uncertain; suggest low confidence.",proposed
C00515,C00243,Shintaro Yoshizato,Nobuo Miyazato,medium,book:Bishop p.122,"[Bishop, Okinawan Karate; tradition] Both present; edge absent. Same OCR-garbled chart caveat; suggest low confidence.",proposed
Q38585428,C00114,Shigeru Nakamura,Hiroshi Miyazato,medium,book:Bishop p.148,"[Bishop, Okinawan Karate; tradition] Both present; edge absent. Okinawa Kenpo lineage chart.",proposed
Q38585428,C00231,Shigeru Nakamura,Kenko Chibana,medium,book:Bishop p.148,"[Bishop, Okinawan Karate; tradition] Both present; edge absent.",proposed
C00329,C00188,Masakazu Miyagi,Kunio Furugen,medium,book:Bishop p.153,"[Bishop, Okinawan Karate; tradition] Both present; edge absent. Honshin-ryu chart.",proposed
C00250,C00035,Kisuke Higa,Eisuke Akamine,high,book:Bishop p.159,"[Bishop, Okinawan Karate; interview] Both present; edge absent (dataset has Shinken Taira and Seiichiro Higa as Akamine's teachers).",proposed
Q1908090,C00165,Shinpo Matayoshi,Koei Iha,medium,book:Bishop p.161,"[Bishop, Okinawan Karate; tradition] Both present; edge absent. Matayoshi kobudo chart.",proposed
Q1908090,B0002,Shinpo Matayoshi,Nobuhide Asato,medium,book:Bishop p.161,"[Bishop, Okinawan Karate; tradition] Teacher matched; Nobuhide Asato (Pangai-noon-ryu) absent from dataset. See matching person_new item.",proposed
C00131,C00634,Hsiao Yao,Tung Chin,medium,book:Bishop p.20,"[Bishop, Okinawan Karate; tradition] Dataset has 'Hsiao Yao' (C00131) and 'Tung Chin' (C00634); no edge between them exists.",proposed
C00454,C00232,Seibu Tomigawa,Kenko Nakaima,high,book:Bishop p.20,"[Bishop, Okinawan Karate; interview] Both in dataset, edge absent. NB this is a kendo teaching link, not karate.",proposed
Q5349190,C00304,Eiichi Miyazato,Kunimasa Kai,high,book:Bishop p.33,"[Bishop, Okinawan Karate; interview] Both in dataset; edge absent. Source: Miyazato's lineage chart.",proposed
Q16016038,C00487,Meitoku Yagi,Seishin Arashiro,medium,book:Bishop p.36,"[Bishop, Okinawan Karate; tradition] Both in dataset; edge absent. Source: Yagi's lineage chart.",proposed
Q7447367,C00081,Seko Higa,Hisao Aizawa,high,book:Bishop p.37,"[Bishop, Okinawan Karate; interview] Seiko Higa = dataset 'Seko Higa'. Edge absent.",proposed
Q7447367,C00238,Seko Higa,Noboru Amakawa,high,book:Bishop p.37,"[Bishop, Okinawan Karate; interview] Both in dataset; edge absent.",proposed
Q1728269,C00241,Kanei Uechi,Noboru Uchima,high,book:Bishop p.43,"[Bishop, Okinawan Karate; interview] Kanyei = Kanei Uechi. Edge absent.",proposed
Q1728269,C00486,Kanei Uechi,Seisaburo Miyagi,high,book:Bishop p.43,"[Bishop, Okinawan Karate; interview] Edge absent.",proposed
Q1728269,C00211,Kanei Uechi,Katsuhiko Minowa,high,book:Bishop p.43,"[Bishop, Okinawan Karate; interview] Edge absent.",proposed
Q1728269,C00256,Kanei Uechi,Kiyoshi Komesu,high,book:Bishop p.43,"[Bishop, Okinawan Karate; interview] Edge absent.",proposed
Q1728269,C00451,Kanei Uechi,Satoru Araki,high,book:Bishop p.43,"[Bishop, Okinawan Karate; interview] Edge absent.",proposed
C00279,C00495,Seiki Arakaki,Seiyei Akamine,high,book:Bishop p.60,"[Bishop, Okinawan Karate; interview] Both in dataset; edge absent.",proposed
Q3028499,C00173,Kosaku Matsumora,Kama Higa,medium,book:Bishop p.85,"[Bishop, Okinawan Karate; tradition] Both in dataset; edge absent.",proposed
Q2393877,C00503,Chotoku Kyan,Senmatsu Unten,medium,book:Bishop p.93,"[Bishop, Okinawan Karate; tradition] Both in dataset; edge absent. Caution: source chart OCR-garbled.",proposed
Q1963468,C00327,Shoshin Nagamine,Masakatsu Inezuka,medium,book:Bishop p.95,"[Bishop, Okinawan Karate; tradition] Both in dataset; edge absent.",proposed
Q1963468,C00142,Shoshin Nagamine,Isoroku Katagiri,medium,book:Bishop p.95,"[Bishop, Okinawan Karate; tradition] Both in dataset; edge absent.",proposed
C00549,Q1963468,Sogen Sakiyama,Shoshin Nagamine,medium,book:Bishop p.96,"[Bishop, Okinawan Karate; tradition] Both in dataset; edge absent. NB the book states this is Zen Buddhist instruction, not karate; flag if the graph is karate-only.",proposed
C00034,C00330,Eizo Shimabukuro,Soko Toguchi,high,book:Bishop p.104,"[Bishop, Okinawan Karate; interview] Eizo Shimabuku = Eizo Shimabukuro. Both in dataset; edge absent.",proposed
C00087,C00363,Gushikawa no Tiragwa,Matsutaro Ire,high,book:Bishop p.104-105,"[Bishop, Okinawan Karate; interview] Teacher = 'Gushikawa no Tiragwa' (real name Higa). Edge absent (dataset only has his link to Shinko Matayoshi).",proposed
C00672,C00146,Zenpo Shimabukuro,Jack Mark,high,book:Bishop p.101,"[Bishop, Okinawan Karate; interview] Both in dataset; edge absent.",proposed
Q527422,C00025,Anko Itosu,Chojo Oshiro,medium,book:Bishop p.109,"[Bishop, Okinawan Karate; tradition] Both in dataset; edge absent (dataset has Sanda Chinen -> Chojo Oshiro).",proposed
Q3194253,C00278,Katsuya Miyahira,Seiken Tamanaha,medium,book:Bishop p.111,"[Bishop, Okinawan Karate; tradition] Both in dataset; edge absent.",proposed
Q3194253,C00489,Katsuya Miyahira,Seisho Hanashiro,medium,book:Bishop p.111,"[Bishop, Okinawan Karate; tradition] Both in dataset; edge absent.",proposed
C00257,C00291,Kiyuna Pechin,Seiyei Miyahira,high,book:Bishop p.113,"[Bishop, Okinawan Karate; interview] Both in dataset; edge absent. Consistent with existing Sokon Matsumura -> Kiyuna Pechin and Seiyei Miyahira -> Yuchoku Higa edges.",proposed
Q15987228,C00152,Yuchoku Higa,Jintatsu Higa,medium,book:Bishop p.114,"[Bishop, Okinawan Karate; tradition] Both in dataset; edge absent. Verify direction: dataset has Jintatsu Higa as a teacher of Benito/Oscar Higa.",proposed
Q3482635,C00089,Shugoro Nakazato,Isao Oshiro,medium,book:Bishop p.120,"[Bishop, Okinawan Karate; tradition] Both in dataset; edge absent.",proposed
Q3482635,C00036,Shugoro Nakazato,Emory Turner,medium,book:Bishop p.120,"[Bishop, Okinawan Karate; tradition] Both in dataset; edge absent.",proposed
C00236,C00515,Kensei Kinjo,Shintaro Yoshizato,high,book:Bishop p.121,"[Bishop, Okinawan Karate; interview] Both in dataset; edge absent.",proposed
Q38585428,C00079,Shigeru Nakamura,Hirotaka Arashiro,medium,book:Bishop p.148,"[Bishop, Okinawan Karate; tradition] Both in dataset; edge absent.",proposed
Q38585428,C00255,Shigeru Nakamura,Kiyoji Kinjo,medium,book:Bishop p.148,"[Bishop, Okinawan Karate; tradition] Both in dataset; edge absent.",proposed
C00329,B0029,Masakazu Miyagi,Hiroshi Shima,medium,book:Bishop p.153,"[Bishop, Okinawan Karate; tradition] Teacher in dataset (C00329); student 'Hiroshi Shima' genuinely missing (only Masao Shima exists, a different Matsubayashi figure).",proposed
Q1908090,C00513,Shinpo Matayoshi,Shinsei Omine,medium,book:Bishop p.161,"[Bishop, Okinawan Karate; tradition] Both in dataset; edge absent.",proposed
C00478,C00400,Seikichi Uehara,Yoshio Uehara,medium,book:Bishop p.166,"[Bishop, Okinawan Karate; tradition] Both in dataset; edge absent.",proposed
Q135222893,C00494,Tsuyoshi Chitose,Seitoku Higa,high,book:Bishop p.174,"[Bishop, Okinawan Karate; interview] 'Kyochoku Chitose of Chito-ryu on the Japanese mainland' = Tsuyoshi Chitose, Chito-ryu founder. Edge absent (kata transmission of Sesan).",proposed
C00634,C00002,Tung Chin,Akio Kinjo,medium,book:Bishop p.195,"[Bishop, Okinawan Karate; tradition] Kinryu = dataset 'Tung Chin' (Tung Chin Tsan). Edge absent. NB the art taught was Jukendo in Taiwan.",proposed
C00112,C00232,Hiroshi Ishihara,Kenko Nakaima,high,book:Bishop p.20,"[Bishop, Okinawan Karate; interview] Kendo instruction, not karate. No existing edge.",proposed
C00232,C00607,Kenko Nakaima,Tomohiro Arashiro,medium,book:Bishop p.25,"[Bishop, Okinawan Karate; tradition] No existing edge; both in dataset.",proposed
A0012,C00212,Juhatsu Kyoda,Katsumi Murakami,medium,book:Bishop p.27,"[Bishop, Okinawan Karate; tradition] Dataset has Choshin Chibana -> Katsumi Murakami but not Kyoda -> Murakami.",proposed
Q5349190,C00222,Eiichi Miyazato,Keikichi Nakasone,high,book:Bishop p.33,"[Bishop, Okinawan Karate; interview] No existing edge; both in dataset.",proposed
Q5349190,C00432,Eiichi Miyazato,Ryoichi Onishi,high,book:Bishop p.33,"[Bishop, Okinawan Karate; interview] 'Onis' is OCR truncation of Ryoichi Onishi (C00432, Spain). No existing edge.",proposed
Q16016038,C00214,Meitoku Yagi,Katsuyoshi Kanei,medium,book:Bishop p.36,"[Bishop, Okinawan Karate; tradition] No existing edge; both in dataset.",proposed
Q7447367,C00232,Seko Higa,Kenko Nakaima,high,book:Bishop p.37,"[Bishop, Okinawan Karate; interview] No existing Seko Higa -> Kenko Nakaima edge.",proposed
Q7447367,C00176,Seko Higa,Kanbun Izumigawa,high,book:Bishop p.37,"[Bishop, Okinawan Karate; interview] Dataset links Kanbun Izumigawa only from Juei Tamaki and Kanki Izumigawa, not Seko Higa.",proposed
Q1728269,C00333,Kanei Uechi,Susumu Tamamura,high,book:Bishop p.43,"[Bishop, Okinawan Karate; interview] No existing edge; both in dataset.",proposed
Q1728269,C00582,Kanei Uechi,Teamaai Uehara,high,book:Bishop p.43,"[Bishop, Okinawan Karate; interview] Dataset contains the same OCR-garbled name 'Teamaai Uehara' (C00582); no edge from Kanei Uechi exists.",proposed
Q1728269,C00280,Kanei Uechi,Seiki Ire,high,book:Bishop p.43,"[Bishop, Okinawan Karate; interview] No existing edge; both in dataset.",proposed
Q1728269,C00513,Kanei Uechi,Shinsei Omine,high,book:Bishop p.43,"[Bishop, Okinawan Karate; interview] No existing edge; both in dataset.",proposed
Q1728269,C00433,Kanei Uechi,Ryokichi Tomoyose,high,book:Bishop p.43,"[Bishop, Okinawan Karate; interview] Dataset has Kanei Uechi -> Ryuko Tomoyose (high) but Ryokichi Tomoyose (C00433, Wakayama) is a distinct entry with no edge.",proposed
Q3139173,C00097,Hohan Soken,Hideo Nakazato,medium,book:Bishop p.59,"[Bishop, Okinawan Karate; tradition] No existing edge; both in dataset.",proposed
Q715769,A0236,Sokon Matsumura,Ishimine Pechin,medium,book:Bishop p.62,"[Bishop, Okinawan Karate; tradition] No existing edge; both in dataset.",proposed
Q251784,B0012,Annan,Shiroma of Tomari,high,book:Bishop p.85,"[Bishop, Okinawan Karate; interview] Teacher matched to 'Annan' (Q251784). The early Tomari-te Shiroma/Gusukuma of Tomari is missing from the dataset (Shinpan Gusukuma 1890-1954 is too late to be t",proposed
Q3028499,C00195,Kosaku Matsumora,Maeda Pechin,medium,book:Bishop p.85,"[Bishop, Okinawan Karate; tradition] Dataset has Maeda Pechin -> Chotoku Kyan but not Matsumora -> Maeda Pechin; confirmed p90 in book.",proposed
C00604,Q1147708,Tokumine Pechin,Choki Motobu,medium,book:Bishop p.86,"[Bishop, Okinawan Karate; tradition] Chokki = Choki Motobu. Dataset has Tokumine Pechin -> Chotoku Kyan only.",proposed
Q1963468,C00654,Shoshin Nagamine,Yoshiaki Iwanishi,medium,book:Bishop p.95,"[Bishop, Okinawan Karate; tradition] No existing edge; both in dataset.",proposed
Q1963468,C00220,Shoshin Nagamine,Keiichi Suji,medium,book:Bishop p.95,"[Bishop, Okinawan Karate; tradition] No existing edge; both in dataset.",proposed
C00034,C00077,Eizo Shimabukuro,Hiroshi Shinya,high,book:Bishop p.104,"[Bishop, Okinawan Karate; interview] Shinya one of five former Eizo Shimabuku students who formed Ryukyu Shorin-ryu. No existing edge.",proposed
B0012,Q527422,Shiroma (Gusukuma) of Tomari,Anko Itosu,high,book:Bishop p.106,"[Bishop, Okinawan Karate; interview] Student matched; the early Shiroma (Gusukuma) of Tomari is genuinely missing from the dataset.",proposed
C00672,C00248,Zenpo Shimabukuro,Kim Diginakis,high,book:Bishop p.101,"[Bishop, Okinawan Karate; interview] No existing edge; both in dataset.",proposed
Q3194253,C00475,Katsuya Miyahira,Seikichi Higa,medium,book:Bishop p.111,"[Bishop, Okinawan Karate; tradition] Dataset has Seko Higa -> Seikichi Higa but no Miyahira -> Seikichi Higa edge. Distinct from Miyahira -> Seikichi Iha.",proposed
Q15987228,C00136,Yuchoku Higa,Iko Oshiro,medium,book:Bishop p.114,"[Bishop, Okinawan Karate; tradition] No existing edge; both in dataset.",proposed
C00449,C00485,Sanda Chinen,Seiro Tonaki,high,book:Bishop p.119,"[Bishop, Okinawan Karate; interview] Dataset has Seiro Tonaki -> Shugoro Nakazato but not Sanda Chinen -> Tonaki.",proposed
Q3482635,C00010,Shugoro Nakazato,Bunsaku Yosekawa,medium,book:Bishop p.120,"[Bishop, Okinawan Karate; tradition] No existing edge; both in dataset.",proposed
Q3482635,C00520,Shugoro Nakazato,Shiyu Toma,medium,book:Bishop p.120,"[Bishop, Okinawan Karate; tradition] No existing edge; both in dataset (Shiyu Toma C00520, distinct from Shian/Seiki Toma).",proposed
Q3482287,C00514,Shinpan Gusukuma,Shinsuke Kaneshima,high,book:Bishop p.128,"[Bishop, Okinawan Karate; interview] Shinpan Shiroma = Shinpan Gusukuma (Q3482287). No existing edge.",proposed
Q38585428,C00226,Shigeru Nakamura,Kenichi Kinjo,medium,book:Bishop p.148,"[Bishop, Okinawan Karate; tradition] No existing edge; both in dataset.",proposed
C00329,C00015,Masakazu Miyagi,Chiko Yohena,medium,book:Bishop p.153,"[Bishop, Okinawan Karate; tradition] No existing edge; both in dataset.",proposed
C00035,C00040,Eisuke Akamine,Fumio Nagaishi,medium,book:Bishop p.159,"[Bishop, Okinawan Karate; tradition] No existing edge; both in dataset.",proposed
Q1908090,C00214,Shinpo Matayoshi,Katsuyoshi Kanei,medium,book:Bishop p.161,"[Bishop, Okinawan Karate; tradition] No existing edge; both in dataset.",proposed
C00478,C00663,Seikichi Uehara,Yoshio Zaha,medium,book:Bishop p.166,"[Bishop, Okinawan Karate; tradition] No existing edge; both in dataset.",proposed
B0031,C00494,Shingo Araki,Seitoku Higa,medium,book:Bishop p.171,"[Bishop, Okinawan Karate; tradition] Student matched; Shingo Araki missing from dataset (chart places him between Choshin Chibana and Seitoku Higa).",proposed
Q705617,C00494,Chomo Hanashiro,Seitoku Higa,high,book:Bishop p.174,"[Bishop, Okinawan Karate; interview] No existing edge; kata Chinto instruction.",proposed
C00194,C00634,Lu Ta-ting,Tung Chin,medium,book:Bishop p.20,"[Bishop, Okinawan Karate; tradition] Both in dataset; edge absent",proposed
Q5349190,C00265,Eiichi Miyazato,Koei Teruya,high,book:Bishop p.33,"[Bishop, Okinawan Karate; interview] Both in dataset; edge absent",proposed
Q16016038,C00341,Meitoku Yagi,Masanao Miyazato,medium,book:Bishop p.36,"[Bishop, Okinawan Karate; tradition] Both in dataset; edge absent",proposed
Q16016038,C00282,Meitoku Yagi,Koki Miyagi,medium,book:Bishop p.36,"[Bishop, Okinawan Karate; tradition] Both in dataset; edge absent",proposed
Q7447367,C00230,Seko Higa,Kenjiro Chiba,high,book:Bishop p.37,"[Bishop, Okinawan Karate; interview] Both in dataset; edge absent",proposed
Q7447367,C00322,Seko Higa,Mamoru Oshiro,high,book:Bishop p.37,"[Bishop, Okinawan Karate; interview] Both in dataset; edge absent",proposed
Q7447367,C00272,Seko Higa,Seigoro Koizumi,high,book:Bishop p.37,"[Bishop, Okinawan Karate; interview] Both in dataset; edge absent",proposed
Q1728269,C00217,Kanei Uechi,Kazuo Kishimoto,high,book:Bishop p.43,"[Bishop, Okinawan Karate; interview] Both in dataset; edge absent",proposed
Q1728269,C00648,Kanei Uechi,Yasuo Shimoji,high,book:Bishop p.43,"[Bishop, Okinawan Karate; interview] Both in dataset; edge absent",proposed
Q1728269,C00292,Kanei Uechi,Seiyu Arashiro,high,book:Bishop p.43,"[Bishop, Okinawan Karate; interview] Both in dataset; edge absent",proposed
Q1728269,C00332,Kanei Uechi,Soryu Furugen,high,book:Bishop p.43,"[Bishop, Okinawan Karate; interview] Both in dataset; edge absent",proposed
Q1728269,C00183,Kanei Uechi,Kosuke Henna,high,book:Bishop p.43,"[Bishop, Okinawan Karate; interview] Both in dataset; edge absent",proposed
C00098,C00504,Joen Nakazato,Senyu Unten,medium,book:Bishop p.93,"[Bishop, Okinawan Karate; tradition] Both in dataset; edge absent; chart structure uncertain in OCR, treat as low confidence",proposed
Q1963468,C00344,Shoshin Nagamine,Masao Mizutani,medium,book:Bishop p.95,"[Bishop, Okinawan Karate; tradition] Both in dataset; edge absent",proposed
Q1963468,C00568,Shoshin Nagamine,Takasuga Kitamura,medium,book:Bishop p.95,"[Bishop, Okinawan Karate; tradition] Both in dataset; edge absent",proposed
Q189805,C00209,Zenryo Shimabukuro,Katsuhide Kochi,high,book:Bishop p.100,"[Bishop, Okinawan Karate; interview] Both in dataset; edge absent",proposed
C00034,C00437,Eizo Shimabukuro,Ryosho Goya,high,book:Bishop p.104,"[Bishop, Okinawan Karate; interview] Both in dataset; edge absent",proposed
Q3194253,C00207,Katsuya Miyahira,Kasei Shimabuku,medium,book:Bishop p.111,"[Bishop, Okinawan Karate; tradition] Both in dataset; edge absent",proposed
Q3194253,C00240,Katsuya Miyahira,Noboru Teruya,medium,book:Bishop p.111,"[Bishop, Okinawan Karate; tradition] Both in dataset; edge absent",proposed
Q15987228,C00334,Yuchoku Higa,Tadahiko Otsuka,medium,book:Bishop p.114,"[Bishop, Okinawan Karate; tradition] Both in dataset; edge absent (dataset only has Sosui Ichikawa -> Tadahiko Otsuka)",proposed
Q15987180,C00356,Chozo Nakama,Teikichi China,high,book:Bishop p.117,"[Bishop, Okinawan Karate; interview] Both in dataset; edge absent",proposed
Q1728269,C00651,Kanei Uechi,Yeishun Henna,medium,book:Bishop p.124,"[Bishop, Okinawan Karate; tradition] Both in dataset; edge absent; chart OCR garbled, treat as low confidence",proposed
C00515,C00371,Shintaro Yoshizato,Mitsuo Miyazato,medium,book:Bishop p.122,"[Bishop, Okinawan Karate; tradition] Both in dataset; edge absent; OCR garbled and relationship uncertain, treat as low confidence",proposed
Q38585428,C00511,Shigeru Nakamura,Shinkichi Nakamura,medium,book:Bishop p.148,"[Bishop, Okinawan Karate; tradition] Both in dataset; edge absent",proposed
Q1728269,C00216,Kanei Uechi,Kazuhide Shingaki,medium,book:Bishop p.153,"[Bishop, Okinawan Karate; tradition] Both in dataset; edge absent",proposed
C00035,C00294,Eisuke Akamine,Seiyu Nakamura,medium,book:Bishop p.159,"[Bishop, Okinawan Karate; tradition] Both in dataset; edge absent",proposed
Q1908090,C00282,Shinpo Matayoshi,Koki Miyagi,medium,book:Bishop p.161,"[Bishop, Okinawan Karate; tradition] Both in dataset; edge absent",proposed
Q1908090,C00226,Shinpo Matayoshi,Kenichi Kinjo,medium,book:Bishop p.161,"[Bishop, Okinawan Karate; tradition] Both in dataset; edge absent (dataset has Takashi Kinjo as a different student)",proposed
C00478,B0020,Seikichi Uehara,Takao Miyagi,high,book:Bishop p.166,"[Bishop, Okinawan Karate; interview] Student absent from dataset; Motobu-ryu/udundi disciple",proposed
C00366,C00494,Miinshiin Higa,Seitoku Higa,high,book:Bishop p.170,"[Bishop, Okinawan Karate; interview] Both in dataset; edge absent (father-son)",proposed
Q15987180,C00494,Chozo Nakama,Seitoku Higa,high,book:Bishop p.174,"[Bishop, Okinawan Karate; interview] Both in dataset; edge absent (kata transmission: Gojushiho)",proposed
Q954330,C00639,Ryu Ryu Ko,Wai Shin Zan,medium,book:Bishop p.193,"[Bishop, Okinawan Karate; tradition] Ryu Ryo Ko = dataset 'Ryu Ryu Ko'; Wan Shin Zan = 'Wai Shin Zan'; edge absent (book says Wan Shin Zan was chief instructor under Ryu Ryo Ko)",proposed
B0023,C00634,Ho Feng,Tung Chin,medium,book:Bishop p.17,"[Bishop, Okinawan Karate; tradition] Ho Feng (Hoa Funsai) absent from dataset. Student matches C00634 'Tung Chin' (= Tung Chin Tsan / Kinryu). No such edge exists.",proposed
C00025,C00232,Chojo Oshiro,Kenko Nakaima,high,book:Bishop p.20,"[Bishop, Okinawan Karate; interview] Both in dataset; no edge exists.",proposed
Q5349190,C00659,Eiichi Miyazato,Yoshio Hichiya,high,book:Bishop p.33,"[Bishop, Okinawan Karate; interview] Both in dataset; no edge exists.",proposed
Q16016038,C00490,Meitoku Yagi,Seisho Kuniyoshi,medium,book:Bishop p.36,"[Bishop, Okinawan Karate; tradition] Both in dataset; no edge exists.",proposed
Q16016038,C00137,Meitoku Yagi,Iko Yonamine,medium,book:Bishop p.36,"[Bishop, Okinawan Karate; tradition] Both in dataset; no edge exists.",proposed
Q7447367,C00505,Seko Higa,Shigemitsu Morine,high,book:Bishop p.37,"[Bishop, Okinawan Karate; interview] Both in dataset; no edge exists.",proposed
Q221121,C00660,Chojun Miyagi,Yoshio Itokazu,high,book:Bishop p.39,"[Bishop, Okinawan Karate; interview] Both in dataset; no edge exists.",proposed
Q1728269,C00444,Kanei Uechi,Saburo Uehara,high,book:Bishop p.43-44,"[Bishop, Okinawan Karate; interview] Kanyei = Kanei Uechi. Dataset only has 'Kanbun Uechi -> Saburo Uehara (high)'; chart is headed jointly Kanbun/Kanyei, so this is a distinct claim.",proposed
Q1728269,C00133,Kanei Uechi,Kayei Akamine,high,book:Bishop p.43,"[Bishop, Okinawan Karate; interview] Both in dataset; no edge exists.",proposed
Q1728269,C00572,Kanei Uechi,Takeo Hiyagon,high,book:Bishop p.43,"[Bishop, Okinawan Karate; interview] Both in dataset; no edge exists.",proposed
C00639,C00436,Wai Shin Zan,Ryosei Kuwae,medium,book:Bishop p.45,"[Bishop, Okinawan Karate; tradition] Wan Shin Zan = Wai Shin Zan (C00639). 'Kuwae' is surname only; dataset's only Kuwae is Ryosei Kuwae (C00436), the usual identification of Funakoshi's list. No s",proposed
C00108,C00542,Kaho Kojo,Shuren Kojo,medium,book:Bishop p.49,"[Bishop, Okinawan Karate; tradition] Both in dataset; no edge exists (only 'Ranho Maezato -> Shuren Kojo (low)').",proposed
C00637,Q3139173,Ushi Komesu,Hohan Soken,high,book:Bishop p.59-60,"[Bishop, Okinawan Karate; interview] Both in dataset; no edge exists. Kobudo (Tsuken no Bo staff kata).",proposed
C00627,C00637,Tsuken Hantaka,Ushi Komesu,medium,book:Bishop p.61,"[Bishop, Okinawan Karate; tradition] Both in dataset; no edge exists. Book also gives Tsuken Hantaka (Chikin Kuraka) dates 1829-1898; dataset has none.",proposed
C00261,C00476,Kodatsu Iha,Seikichi Hokama,high,book:Bishop p.84,"[Bishop, Okinawan Karate; interview] Tha = Iha (romanisation). Both in dataset; no edge exists (Hokama's existing teachers are Konin and Kotsu Oyadomari).",proposed
Q2393877,C00350,Chotoku Kyan,Taro Shimabuku,medium,book:Bishop p.91,"[Bishop, Okinawan Karate; tradition] Both in dataset; no edge exists (only 'Taro Shimabuku -> Shoshin Nagamine').",proposed
C00098,C00565,Joen Nakazato,Takao Nohara,medium,book:Bishop p.93,"[Bishop, Okinawan Karate; tradition] Both in dataset; no edge exists. Source is a lineage chart with uncertain OCR structure, so add at low confidence.",proposed
Q1963468,C00135,Shoshin Nagamine,Ichiro Shirasaka,medium,book:Bishop p.95,"[Bishop, Okinawan Karate; tradition] Both in dataset; no edge exists.",proposed
Q1963468,C00666,Shoshin Nagamine,Yukio Adachi,medium,book:Bishop p.95,"[Bishop, Okinawan Karate; tradition] Both in dataset; no edge exists.",proposed
C00213,C00209,Katsumori Kochi,Katsuhide Kochi,high,book:Bishop p.100,"[Bishop, Okinawan Karate; interview] Both in dataset; no edge exists. Father-son, over ten years.",proposed
C00606,C00471,Tomei Tsuha,Seijin Inamine,high,book:Bishop p.104,"[Bishop, Okinawan Karate; interview] Both in dataset; no edge exists. 1951-1957 at Nago.",proposed
C00363,C00471,Matsutaro Ire,Seijin Inamine,high,book:Bishop p.104-105,"[Bishop, Okinawan Karate; interview] Both in dataset; no edge exists. Kobudo, 1966 until Ire's death in 1971.",proposed
Q3194253,C00273,Katsuya Miyahira,Seiichi Shiroma,medium,book:Bishop p.111,"[Bishop, Okinawan Karate; tradition] Both in dataset; no edge exists.",proposed
Q15987228,C00339,Yuchoku Higa,Masami Nashiro,medium,book:Bishop p.114,"[Bishop, Okinawan Karate; tradition] Both in dataset; no edge exists.",proposed
Q15987180,C00294,Chozo Nakama,Seiyu Nakamura,medium,book:Bishop p.117,"[Bishop, Okinawan Karate; tradition] Both in dataset; no edge exists.",proposed
Q3482635,C00347,Shugoro Nakazato,Masaru Yonamine,medium,book:Bishop p.120,"[Bishop, Okinawan Karate; tradition] Both in dataset; no edge exists.",proposed
Q3482635,C00242,Shugoro Nakazato,Noboyuki Iguchi,medium,book:Bishop p.120,"[Bishop, Okinawan Karate; tradition] Both in dataset; no edge exists.",proposed
C00514,C00192,Shinsuke Kaneshima,Kyuyu Kinjo,high,book:Bishop p.130,"[Bishop, Okinawan Karate; interview] Both in dataset; no edge exists. 20-year top student.",proposed
C00221,Q38585428,Keikichi Nakamura,Shigeru Nakamura,medium,book:Bishop p.147,"[Bishop, Okinawan Karate; tradition] Both in dataset; no edge exists. Note: dataset has 'Teiichi Nakamura -> Shigeru Nakamura (low)'; the book names the father as Keikichi, so these may conflict or",proposed
Q38585428,C00074,Shigeru Nakamura,Hiroshi Oshiro,medium,book:Bishop p.148,"[Bishop, Okinawan Karate; tradition] Both in dataset; no edge exists.",proposed
C00035,C00201,Eisuke Akamine,Masahiro Nakamoto,medium,book:Bishop p.159,"[Bishop, Okinawan Karate; tradition] Both in dataset; no edge exists (Nakamoto's existing teachers are Shinken Taira and Choshin Chibana).",proposed
Q1908090,C00093,Shinpo Matayoshi,Haruo Tamaki,medium,book:Bishop p.161,"[Bishop, Okinawan Karate; tradition] Both in dataset; no edge exists.",proposed
C00478,C00434,Seikichi Uehara,Ryoko Chibana,medium,book:Bishop p.166,"[Bishop, Okinawan Karate; tradition] Both in dataset; no edge exists.",proposed
Q6426547,C00366,Kokan Oyadomari,Miinshiin Higa,high,book:Bishop p.170,"[Bishop, Okinawan Karate; interview] Both in dataset; no edge exists.",proposed
C00494,C00113,Seitoku Higa,Hiroshi Miyagi,medium,book:Bishop p.171,"[Bishop, Okinawan Karate; tradition] Both in dataset; no edge exists.",proposed
C00494,Q6766745,Seitoku Higa,Mark Bishop,high,book:Bishop p.176,"[Bishop, Okinawan Karate; interview] Both in dataset; no edge exists. First-hand (the author trained at the Bugeikan).",proposed
C00639,C00244,Wai Shin Zan,Norisato Nakaima,medium,book:Bishop p.193,"[Bishop, Okinawan Karate; tradition] Wan Shin Zan = Wai Shin Zan. No edge exists (dataset already has Wai Shin Zan -> Taitei Kojo and -> Kanryo Higaonna, the other two names in the same quote).",proposed
Q722028,C00232,Kentsu Yabu,Kenko Nakaima,high,book:Bishop p.20,"[Bishop, Okinawan Karate; interview] Both in dataset; edge absent.",proposed
C00084,Q221121,Gokenki,Chojun Miyagi,medium,book:Bishop p.29,"[Bishop, Okinawan Karate; tradition] Both in dataset; edge absent. Book frames it as influence, not formal discipleship.",proposed
Q5349190,C00385,Eiichi Miyazato,Nanko Minei,high,book:Bishop p.33,"[Bishop, Okinawan Karate; interview] Student matches dataset 'Nanko Minei' (C00385); edge absent.",proposed
Q16016038,C00162,Meitoku Yagi,Jubin Senaha,medium,book:Bishop p.36,"[Bishop, Okinawan Karate; tradition] Both in dataset; edge absent.",proposed
Q7447367,C00284,Seko Higa,Koki Sunabe,high,book:Bishop p.37,"[Bishop, Okinawan Karate; interview] Teacher is dataset 'Seko Higa' (Q7447367); edge absent.",proposed
Q1728269,C00660,Kanei Uechi,Yoshio Itokazu,high,book:Bishop p.39,"[REJECTED on chronology] Kanei Uechi (b.1911) cannot have taught Yoshio Itokazu (b.1896). Bishop p.39 is Itokazu's own chapter: he was Chojun Miyagi's Goju-ryu student and taught Goju-ryu in Osaka for 65 years. The extractor cross-wired him to Kanei Uechi, who also taught in Osaka. The correct Miyagi -> Itokazu edge is kept.",rejected
Q1728269,C00441,Kanei Uechi,Ryuyu Tomoyose,high,book:Bishop p.43,"[Bishop, Okinawan Karate; interview] Edge absent. Dataset has Kanbun Uechi -> Ryuyu Tomoyose and Kanei Uechi -> Ryuko Tomoyose (C00438); possible chart conflation of Ryuyu with his son Ryuko.",proposed
Q1728269,C00483,Kanei Uechi,Seiko Itokazu,high,"book:Bishop p.43, 45","[Bishop, Okinawan Karate; interview] Seiko Itokazu (C00483) is distinct from Seiki Itokazu (C00480); edge absent.",proposed
Q1728269,C00340,Kanei Uechi,Masamitsu Kinjo,high,book:Bishop p.43,"[Bishop, Okinawan Karate; interview] Both in dataset; edge absent.",proposed
Q1728269,C00523,Kanei Uechi,Shoji Arasaki,high,book:Bishop p.43,"[Bishop, Okinawan Karate; interview] Both in dataset; edge absent.",proposed
Q1728269,C00297,Kanei Uechi,Koshin Shimabukuro,high,book:Bishop p.43,"[Bishop, Okinawan Karate; interview] Both in dataset; edge absent.",proposed
C00145,C00108,Iwah,Kaho Kojo,high,book:Bishop p.48,"[Bishop, Okinawan Karate; interview] Edge absent. Dataset instead has Wai Shin Zan -> Kaho Kojo (low) and Iwah -> Isei/Taitei Kojo.",proposed
Q41105,C00517,Gichin Funakoshi,Shinyei Kaneshima,high,book:Bishop p.63,"[Bishop, Okinawan Karate; interview] Both in dataset; edge absent. Quote also names Choki Motobu as a teacher.",proposed
C00173,C00476,Kama Higa,Seikichi Hokama,high,book:Bishop p.84,"[Bishop, Okinawan Karate; interview] Both in dataset; edge absent.",proposed
C00098,C00151,Joen Nakazato,Jinshi Oyakawa,medium,book:Bishop p.93,"[Bishop, Okinawan Karate; tradition] Both in dataset; edge absent (dataset has Joen Nakazato -> Hitoshi Oyakawa A0049, a different Oyakawa). Chart structure uncertain in OCR.",proposed
Q1963468,C00372,Shoshin Nagamine,Toshizo Egawa,medium,book:Bishop p.95,"[Bishop, Okinawan Karate; tradition] Both in dataset; edge absent.",proposed
Q1963468,C00092,Shoshin Nagamine,Harumi Takami,medium,book:Bishop p.95,"[Bishop, Okinawan Karate; tradition] Both in dataset; edge absent.",proposed
Q189805,C00182,Zenryo Shimabukuro,Kosuke Chinen,medium,book:Bishop p.98-99,"[Bishop, Okinawan Karate; tradition] Both in dataset; edge absent.",proposed
C00514,C00606,Shinsuke Kaneshima,Tomei Tsuha,high,book:Bishop p.104,"[Bishop, Okinawan Karate; interview] Both in dataset; edge absent.",proposed
C00363,C00270,Matsutaro Ire,Kojun Makishi,high,book:Bishop p.104-105,"[Bishop, Okinawan Karate; interview] Both in dataset; edge absent. Kobudo instruction.",proposed
Q3194253,C00481,Katsuya Miyahira,Seiko Goya,medium,book:Bishop p.111,"[Bishop, Okinawan Karate; tradition] Both in dataset; edge absent.",proposed
Q15987228,C00210,Yuchoku Higa,Katsuhide Shimabuku,medium,book:Bishop p.114,"[Bishop, Okinawan Karate; tradition] Both in dataset; edge absent.",proposed
Q15987228,Q471629,Yuchoku Higa,Hirokazu Kanazawa,high,book:Bishop p.116,"[Bishop, Okinawan Karate; interview] Context (young JKA teachers Kanazawa and Enoeda) identifies Hirokazu Kanazawa; edge absent. Special tuition, not full discipleship.",proposed
Q15987180,C00006,Chozo Nakama,Ankichi Nakamura,medium,book:Bishop p.117,"[Bishop, Okinawan Karate; tradition] Both in dataset; edge absent.",proposed
Q3482635,C00623,Shugoro Nakazato,Tsugio Yonezawa,medium,book:Bishop p.120,"[Bishop, Okinawan Karate; tradition] Edge absent; dataset has Choshin Chibana -> Tsugio Yonezawa instead.",proposed
Q3482635,C00669,Shugoro Nakazato,Yusuke Horiyama,medium,book:Bishop p.120,"[Bishop, Okinawan Karate; tradition] Both in dataset; edge absent.",proposed
C00514,C00287,Shinsuke Kaneshima,Komei Tsuha,medium,book:Bishop p.128,"[Bishop, Okinawan Karate; tradition] Both in dataset; edge absent. Relationship inferred from garbled OCR chart placement, so treat as low confidence.",proposed
C00515,C00189,Shintaro Yoshizato,Kunio Higa,medium,book:Bishop p.122,"[Bishop, Okinawan Karate; tradition] Both in dataset; edge absent. Kushin-ryu chart OCR garbled; relationship uncertain, treat as low confidence.",proposed
Q38585428,C00610,Shigeru Nakamura,Toru Urasoko,medium,book:Bishop p.148,"[Bishop, Okinawan Karate; tradition] Both in dataset; edge absent.",proposed
C00518,C00329,Shinyei Kyan,Masakazu Miyagi,high,book:Bishop p.152,"[Bishop, Okinawan Karate; interview] Both in dataset; edge absent. Karate and kobudo (sai).",proposed
C00035,C00211,Eisuke Akamine,Katsuhiko Minowa,medium,book:Bishop p.159,"[Bishop, Okinawan Karate; tradition] Both in dataset; edge absent.",proposed
Q2393877,Q1908090,Chotoku Kyan,Shinpo Matayoshi,medium,book:Bishop p.161,"[Bishop, Okinawan Karate; tradition] Both in dataset; edge absent. Childhood training, ages 8 to 11.",proposed
C00478,C00274,Seikichi Uehara,Seiichi Taba,medium,book:Bishop p.166,"[Bishop, Okinawan Karate; tradition] Both in dataset; edge absent.",proposed
C00494,C00258,Seitoku Higa,Koan Nagado,medium,book:Bishop p.171,"[Bishop, Okinawan Karate; tradition] Both in dataset; edge absent.",proposed
Q5349190,Q6766745,Eiichi Miyazato,Mark Bishop,high,book:Bishop p.33,"[Bishop, Okinawan Karate; interview] Both in dataset (Mark Bishop Q6766745); no edge. First-person account, five years at the Jundokan.",proposed
Q5349190,C00225,Eiichi Miyazato,Kenichi Kanari,high,book:Bishop p.33,"[Bishop, Okinawan Karate; interview] Both in dataset; no edge. From Miyazato's lineage chart.",proposed
Q16016038,Q3954660,Meitoku Yagi,Seikichi Toguchi,medium,book:Bishop p.36,"[Bishop, Okinawan Karate; tradition] Both in dataset; no edge. Chart claim only; Toguchi is usually credited to Miyagi and Seko Higa (those edges exist).",proposed
Q7447367,C00665,Seko Higa,Yuki Morobashi,high,book:Bishop p.37,"[Bishop, Okinawan Karate; interview] Seiko Higa = Seko Higa (Q7447367). Both in dataset; no edge. Chart karate/kobudo attribution unclear per OCR.",proposed
Q7447367,C00286,Seko Higa,Komei Akamine,high,book:Bishop p.37,"[Bishop, Okinawan Karate; interview] Both in dataset; no edge.",proposed
Q7447367,C00002,Seko Higa,Akio Kinjo,high,book:Bishop p.37,"[Bishop, Okinawan Karate; interview] Both in dataset; no edge.",proposed
C00660,C00031,Yoshio Itokazu,Shiji Mizokami,high,book:Bishop p.39,"[Bishop, Okinawan Karate; interview] Both in dataset; no edge.",proposed
Q1728269,C00531,Kanei Uechi,Shuei Sakiyama,high,book:Bishop p.43,"[Bishop, Okinawan Karate; interview] Kanyei Uechi = Kanei Uechi (Q1728269). Both in dataset; no edge.",proposed
Q1728269,C00239,Kanei Uechi,Noboru Miyagi,high,book:Bishop p.43,"[Bishop, Okinawan Karate; interview] Both in dataset; no edge.",proposed
Q1728269,C00546,Kanei Uechi,Shusei Maeshiro,high,book:Bishop p.43,"[Bishop, Okinawan Karate; interview] Both in dataset; no Kanei Uechi edge (dataset only has Shinpo Matayoshi -> Shusei Maeshiro).",proposed
C00646,Q715769,Yashichiro Ijuin,Sokon Matsumura,medium,book:Bishop p.55,"[Bishop, Okinawan Karate; tradition] Both in dataset; no edge. Jigen-ryu swordsmanship, not karate, but a lineage link.",proposed
Q3139173,C00103,Hohan Soken,Jushin Kohama,medium,book:Bishop p.59,"[Bishop, Okinawan Karate; tradition] Both in dataset; no edge. Other chart students (Kise, Seiki Arakaki, Mitsuo Inoue) already have Soken edges.",proposed
Q7447367,C00279,Seko Higa,Seiki Arakaki,high,book:Bishop p.59,"[Bishop, Okinawan Karate; interview] Both in dataset; no edge (Seko Higa's student list lacks Seiki Arakaki).",proposed
Q1147708,C00517,Choki Motobu,Shinyei Kaneshima,high,book:Bishop p.63,"[Bishop, Okinawan Karate; interview] Both in dataset; no edge. Dataset has Choki Motobu -> Shinsuke Kaneshima, a different person (C00514 vs C00517).",proposed
B0022,C00476,One-Eyed Toguchi,Seikichi Hokama,high,book:Bishop p.84,"[Bishop, Okinawan Karate; interview] Student in dataset (C00476); teacher genuinely missing (only Seikichi/Soko/Seijin Toguchi present). Known only by nickname.",proposed
C00195,C00083,Maeda Pechin,Gisei Maeda,medium,book:Bishop p.85,"[Bishop, Okinawan Karate; tradition] Both in dataset; no edge (dataset only has Maeda Pechin -> Chotoku Kyan).",proposed
Q706389,Q1147708,Choyu Motobu,Choki Motobu,medium,book:Bishop p.88,"[Bishop, Okinawan Karate; tradition] Both in dataset (brothers); no edge. Book says Chokki adopted ti forms from Choyu.",proposed
Q1963468,B0019,Shoshin Nagamine,Masao Kobayashi,medium,book:Bishop p.95,"[Bishop, Okinawan Karate; tradition] Teacher in dataset; Masao Kobayashi genuinely missing from dataset.",proposed
Q1963468,C00191,Shoshin Nagamine,Kunihiro Kato,medium,book:Bishop p.95,"[Bishop, Okinawan Karate; tradition] Both in dataset; no edge.",proposed
Q189805,C00667,Zenryo Shimabukuro,Yushin Tomei,medium,book:Bishop p.98-99,"[Bishop, Okinawan Karate; tradition] Both in dataset; no edge.",proposed
Q38585428,C00606,Shigeru Nakamura,Tomei Tsuha,high,book:Bishop p.104,"[Bishop, Okinawan Karate; interview] Both in dataset; no edge.",proposed
C00363,C00330,Matsutaro Ire,Soko Toguchi,high,book:Bishop p.104-105,"[Bishop, Okinawan Karate; interview] Both in dataset; no edge. Kobudo instruction.",proposed
C00672,C00390,Zenpo Shimabukuro,Noboru Isakawa,high,book:Bishop p.101,"[Bishop, Okinawan Karate; interview] Both in dataset; no edge.",proposed
Q527422,C00094,Anko Itosu,Jiro Shiroma,medium,book:Bishop p.109,"[Bishop, Okinawan Karate; tradition] Both in dataset; no edge.",proposed
Q3194253,C00080,Katsuya Miyahira,Hiroyuki Shinkai,medium,book:Bishop p.111,"[Bishop, Okinawan Karate; tradition] Both in dataset; no edge.",proposed
Q3194253,C00320,Katsuya Miyahira,Makoto Tanizoe,medium,book:Bishop p.111,"[Bishop, Okinawan Karate; tradition] Both in dataset; no edge.",proposed
Q15987228,C00104,Yuchoku Higa,Jushin Toma,medium,book:Bishop p.114,"[Bishop, Okinawan Karate; tradition] Both in dataset; no edge.",proposed
Q527422,Q15987180,Anko Itosu,Chozo Nakama,high,book:Bishop p.117,"[Bishop, Okinawan Karate; interview] Both in dataset; no edge (Nakama has edges from Hanashiro, Chibana and Choki Motobu but not Itosu). First-person interview claim.",proposed
Q3482635,C00650,Shugoro Nakazato,Yeiko Nakahara,medium,book:Bishop p.120,"[Bishop, Okinawan Karate; tradition] Both in dataset; no edge.",proposed
Q3482635,C00012,Shugoro Nakazato,Bus Martin,medium,book:Bishop p.120,"[Bishop, Okinawan Karate; tradition] Both in dataset; no edge.",proposed
Q3482635,C00397,Shugoro Nakazato,Noriyasu Kinjo,medium,book:Bishop p.120,"[Bishop, Okinawan Karate; tradition] Both in dataset; no edge.",proposed
Q3482287,C00298,Shinpan Gusukuma,Koshin Shiroma,medium,book:Bishop p.126,"[Bishop, Okinawan Karate; tradition] Both in dataset (Shinpan Shiroma = Shinpan Gusukuma); no edge. Relationship inferred from chart placement only.",proposed
C00515,C00100,Shintaro Yoshizato,Joji Tokuhiga,medium,book:Bishop p.122,"[Bishop, Okinawan Karate; tradition] Both in dataset; no edge. OCR of chart garbled; treat as low confidence.",proposed
C00515,C00218,Shintaro Yoshizato,Kazuo Miyazato,medium,book:Bishop p.122,"[Bishop, Okinawan Karate; tradition] Both in dataset; no edge. OCR of chart garbled; treat as low confidence.",proposed
Q38585428,C00587,Shigeru Nakamura,Teruyuki Higa,medium,book:Bishop p.148,"[Bishop, Okinawan Karate; tradition] Both in dataset; no edge.",proposed
Q38585428,C00619,Shigeru Nakamura,Toshimitsu Kina,medium,book:Bishop p.148,"[Bishop, Okinawan Karate; tradition] Both in dataset; no edge.",proposed
B0015,C00329,Heisaburo Nakamura,Masakazu Miyagi,high,book:Bishop p.152,"[Bishop, Okinawan Karate; interview] Student in dataset; Heisaburo Nakamura genuinely missing.",proposed
C00449,C00250,Sanda Chinen,Kisuke Higa,high,book:Bishop p.159,"[Bishop, Okinawan Karate; interview] Both in dataset; no edge.",proposed
C00035,C00006,Eisuke Akamine,Ankichi Nakamura,medium,book:Bishop p.159,"[Bishop, Okinawan Karate; tradition] Both in dataset; no edge.",proposed
Q1908090,C00483,Shinpo Matayoshi,Seiko Itokazu,medium,book:Bishop p.161,"[Bishop, Okinawan Karate; tradition] Both in dataset; no edge for Seiko Itokazu (C00483). Dataset does have Shinpo Matayoshi -> Seisho Itokazu (A0121); possible duplicate identity worth checking.",proposed
Q1908090,Q6766745,Shinpo Matayoshi,Mark Bishop,high,book:Bishop p.162,"[Bishop, Okinawan Karate; interview] Both in dataset; no edge. First-person account.",proposed
C00478,C00147,Seikichi Uehara,Kentoku Kaneshiro,medium,book:Bishop p.166,"[Bishop, Okinawan Karate; tradition] Both in dataset; no edge.",proposed
Q2599967,Q6766745,Morio Higaonna,Mark Bishop,high,book:Bishop p.33,"[Bishop, Okinawan Karate; interview] Both in dataset; edge missing. First-person account by the author.",proposed
Q5349190,B0001,Eiichi Miyazato,Ko Uehara,high,book:Bishop p.33,"[Bishop, Okinawan Karate; interview] Student 'Ko Uehara' genuinely absent from dataset (no matching Uehara).",proposed
Q16016038,C00664,Meitoku Yagi,Yuken Tokashiki,medium,book:Bishop p.36,"[Bishop, Okinawan Karate; tradition] Both in dataset; edge missing (dataset only has Seiko Fukuchi -> Yuken Tokashiki).",proposed
Q7447367,C00658,Seko Higa,Yoshinobu Sugai,high,book:Bishop p.37,"[Bishop, Okinawan Karate; interview] Seiko Higa = dataset 'Seko Higa'. Edge missing.",proposed
Q7447367,C00130,Seko Higa,Hoshu Taira,high,book:Bishop p.37,"[Bishop, Okinawan Karate; interview] Both in dataset; edge missing.",proposed
C00660,C00047,Yoshio Itokazu,Minoru Yamada,high,book:Bishop p.39,"[Bishop, Okinawan Karate; interview] Both in dataset; edge missing.",proposed
Q1728269,C00208,Kanei Uechi,Kata Yamashiro,high,book:Bishop p.43,"[Bishop, Okinawan Karate; interview] Kanyei Uechi = Kanei Uechi. Edge missing.",proposed
Q1728269,C00348,Kanei Uechi,Takenobu Uehara,high,book:Bishop p.43,"[Bishop, Okinawan Karate; interview] Edge missing; dataset instead has Saburo Uehara -> Takenobu Uehara (low).",proposed
Q1728269,C00491,Kanei Uechi,Seisho Yonaha,high,book:Bishop p.43,"[Bishop, Okinawan Karate; interview] Both in dataset; edge missing.",proposed
Q1728269,C00078,Kanei Uechi,Hiroshi Sugihara,high,book:Bishop p.43,"[Bishop, Okinawan Karate; interview] Both in dataset; edge missing.",proposed
Q1728269,B0024,Kanei Uechi,David Scot,high,book:Bishop p.43,"[Bishop, Okinawan Karate; interview] Student absent from dataset (Great Britain; spelling possibly 'Scott').",proposed
B0025,C00476,Ten Senshi,Seikichi Hokama,high,book:Bishop p.84,"[Bishop, Okinawan Karate; interview] Teacher (Chinese merchant at Tomari) genuinely absent from dataset.",proposed
Q1963468,C00105,Shoshin Nagamine,Kaoru Kinjo,medium,book:Bishop p.95,"[Bishop, Okinawan Karate; tradition] Both in dataset; edge missing.",proposed
Q1963468,C00335,Shoshin Nagamine,Tadashi Nakagawa,medium,book:Bishop p.95,"[Bishop, Okinawan Karate; tradition] Both in dataset; edge missing.",proposed
Q1963468,C00219,Shoshin Nagamine,Kazuo Tabata,medium,book:Bishop p.95,"[Bishop, Okinawan Karate; tradition] Both in dataset; edge missing. Do not confuse with Kazumi Tabata Q6381580.",proposed
Q189805,C00345,Zenryo Shimabukuro,Masao Yonamine,medium,book:Bishop p.98-99,"[Bishop, Okinawan Karate; tradition] Both in dataset; edge missing.",proposed
C00034,C00471,Eizo Shimabukuro,Seijin Inamine,high,book:Bishop p.104,"[Bishop, Okinawan Karate; interview] Edge missing. Dataset also holds 'Seiji Inamine' C00276, a possible duplicate of C00471.",proposed
C00363,C00077,Matsutaro Ire,Hiroshi Shinya,high,book:Bishop p.104-105,"[Bishop, Okinawan Karate; interview] Both in dataset; edge missing (kobudo teaching).",proposed
Q3194253,C00271,Katsuya Miyahira,Seigi Shiroma,medium,book:Bishop p.111,"[Bishop, Okinawan Karate; tradition] Both in dataset; edge missing.",proposed
Q3194253,C00399,Katsuya Miyahira,Yoshio Okawa,medium,book:Bishop p.111,"[Bishop, Okinawan Karate; tradition] Both in dataset; edge missing.",proposed
Q15987228,C00041,Yuchoku Higa,Fumio Nakama,medium,book:Bishop p.114,"[Bishop, Okinawan Karate; tradition] Both in dataset; edge missing.",proposed
Q3482635,C00069,Shugoro Nakazato,Geiji Morisono,medium,book:Bishop p.120,"[Bishop, Okinawan Karate; tradition] Both in dataset; edge missing.",proposed
Q3482635,C00430,Shugoro Nakazato,Rod Lipka,medium,book:Bishop p.120,"[Bishop, Okinawan Karate; tradition] Both in dataset; edge missing.",proposed
C00515,C00295,Shintaro Yoshizato,Seken Akamine,medium,book:Bishop p.122,"[Bishop, Okinawan Karate; tradition] Both in dataset; edge missing. Source chart OCR-garbled, relationship uncertain: record at low confidence.",proposed
C00515,C00446,Shintaro Yoshizato,Sadao Miyazato,medium,book:Bishop p.122,"[Bishop, Okinawan Karate; tradition] Both in dataset; edge missing. Source chart OCR-garbled, relationship uncertain: record at low confidence.",proposed
Q38585428,C00281,Shigeru Nakamura,Kokichi Nakamura,medium,book:Bishop p.148,"[Bishop, Okinawan Karate; tradition] Both in dataset; edge missing.",proposed
Q38585428,C00353,Shigeru Nakamura,Tatsunori Matsuda,medium,book:Bishop p.148,"[Bishop, Okinawan Karate; tradition] Both in dataset; edge missing.",proposed
C00510,B0015,Shinkichi Kuniyoshi,Heisaburo Nakamura,high,book:Bishop p.152,"[Bishop, Okinawan Karate; interview] Student genuinely absent from dataset (karate, kobudo and kumi dances).",proposed
C00035,C00005,Eisuke Akamine,Ankichi Miyazato,medium,book:Bishop p.159,"[Bishop, Okinawan Karate; tradition] Both in dataset; edge missing.",proposed
B0028,C00494,Kanzo Nakandakari,Seitoku Higa,high,book:Bishop p.174,"[Bishop, Okinawan Karate; interview] Teacher genuinely absent from dataset (also appears in the people slice, p131). Pinan kata transmission.",proposed
