raw,canonical_id,label,parent,family,founder,founded,note,status
Aikikai,aikido,Aikido,,other,,,Aikikai is the mainline aikido organisation; collapsed to aikido. B kept a separate aikikai id,proposed
Dan Aikikai,aikido,Aikido,,other,,,Scrape artefact rank phrase ('...Dan Aikikai'); collapsed to aikido,proposed
American Karate,american-karate,American Karate,,other,,,Generic,proposed
American Kenpo,american-kenpo,American Kenpo,kara-ho-kempo,kenpo,Ed Parker,1954,"Ed Parker, via William Chow | [taxonomy:kenpo + international trees (kenpo family, American karate offshoots, Nanbu styles)/confirmed] https://en.wikipedia.org/wiki/American_Kenpo | https://en.wikipedia.org/wiki/Ed_Parker",proposed
American Kenpo Karate,american-kenpo,American Kenpo,kara-ho-kempo,kenpo,,,,proposed
Ashihara Karate,ashihara,Ashihara Karate,kyokushin,kyokushin,Hideyuki Ashihara,1980,"Ashihara Hideyuki | [taxonomy:Mainland Japanese + Korean trees (Shotokan, Wado, Chito, Shudokan group, Shindo Jinen-ryu, Kushin-ryu, Koei-kan, Kyokushin tree, Taekwondo kwans, ITF/Kukkiwon, Tang Soo Do/Soo Bahk Do)/confirmed] https://en.wik",proposed
Ashihara kaikan,ashihara,Ashihara Karate,kyokushin,kyokushin,,,,proposed
Bugeikan,bugeikan,Bugeikan,te,te,Higa Seitoku,1951,"Higa Seitoku's dojo preserving old-style te and kobudo; classed under te. Curators disagreed: B classed it as other (organisation) | [taxonomy:kobudo + uechi-ryu + remaining trees (ryuei-ryu, kojo-ryu, toon-ryu, motobu, kishimoto-di, bugeik",proposed
Bushido Kai Karate,bushido-kai,Bushido Kai Karate,,other,,,Uncertain lineage,proposed
Chinese Martial Arts,chinese-martial-arts,Chinese Martial Arts,,chinese,,,Generic,proposed
Chito-Ryu,chito-ryu,Chito-Ryu,shuri-te,japanese,Tsuyoshi Chitose,1946,"Chitose Tsuyoshi; mainland style with mixed Shuri-te and Naha-te background, parent set to dominant Shuri line. Curators disagreed: A left parent empty, B chose shuri-te | [taxonomy:Mainland Japanese + Korean trees (Shotokan, Wado, Chito, S",proposed
Chito-kai,chito-ryu,Chito-Ryu,shuri-te,japanese,,,Chito-kai organisational variant of Chito-Ryu,proposed
Chitoryu,chito-ryu,Chito-Ryu,shuri-te,japanese,,,,proposed
chitoryu,chito-ryu,Chito-Ryu,shuri-te,japanese,,,,proposed
Ch'uan Fa,chuan-fa,Chuan Fa,,chinese,,,,proposed
Chuan Fa,chuan-fa,Chuan Fa,,chinese,,,Chinese boxing; kenpo antecedent,proposed
Quan Fa,chuan-fa,Chuan Fa,,chinese,,,,proposed
Chuck Norris Syste,chun-kuk-do,Chun Kuk Do,tang-soo-do,korean,Chuck Norris,1990,"Chuck Norris; renamed Chuck Norris System; raw truncated | [taxonomy:kenpo + international trees (kenpo family, American karate offshoots, Nanbu styles)/confirmed] https://en.wikipedia.org/wiki/Chun_Kuk_Do",proposed
Chun Kuk Do was renamed to the Chuck Norris Syste,chun-kuk-do,Chun Kuk Do,tang-soo-do,korean,,,Scrape artefact sentence,proposed
Dai Nippon Butokukai,dai-nippon-butokukai,Dai Nippon Butokukai,,other,,,"Governing organisation, not a style",proposed
Daito-ryu,daito-ryu,Daito-Ryu Aiki-jujutsu,,other,,,,proposed
Daito-ryu Aiki-jujutsu,daito-ryu,Daito-Ryu Aiki-jujutsu,,other,,,,proposed
Enshin Karate,enshin,Enshin Karate,ashihara,kyokushin,Jōkō Ninomiya,1988,"Ninomiya Joko, ex-Ashihara | [taxonomy:Mainland Japanese + Korean trees (Shotokan, Wado, Chito, Shudokan group, Shindo Jinen-ryu, Kushin-ryu, Koei-kan, Kyokushin tree, Taekwondo kwans, ITF/Kukkiwon, Tang Soo Do/Soo Bahk Do)/confirmed] https",proposed
Fujian White,fujian-white-crane,Fujian White Crane,,chinese,,,Truncated,proposed
Fujian White Crane,fujian-white-crane,Fujian White Crane,,chinese,,,,proposed
White Crane,fujian-white-crane,Fujian White Crane,,chinese,,,,proposed
Full contact karate,full-contact-karate,Full Contact Karate,,kyokushin,,,"Generic knockdown-rules genre label originating with Kyokushin; family kyokushin for colouring, no single parent style. B parented to kyokushin",proposed
Knockdown karate,full-contact-karate,Full Contact Karate,,kyokushin,,,"Generic knockdown-rules genre label originating with Kyokushin; family kyokushin for colouring, no single parent style. B parented to kyokushin",proposed
Goju-Kai,goju-kai,Goju-Kai,goju-ryu,naha-te,Gogen Yamaguchi,1950,"Yamaguchi Gogen, Japanese Goju-Ryu organisation; kept separate as a distinct organised lineage | [taxonomy:Goju-ryu complete tree (Okinawan branches, Japanese Goju-kai and its offshoots)/confirmed] https://en.wikipedia.org/wiki/G%C5%8Dgen_Y",proposed
Gojukai,goju-kai,Goju-Kai,goju-ryu,naha-te,,,,proposed
gojukai,goju-kai,Goju-Kai,goju-ryu,naha-te,,,,proposed
Goju Kan,goju-ryu,Goju-Ryu,naha-te,naha-te,Chojun Miyagi,1930,"Dojo/organisational variant | [taxonomy:Goju-ryu complete tree (Okinawan branches, Japanese Goju-kai and its offshoots)/confirmed] https://en.wikipedia.org/wiki/G%C5%8Dj%C5%AB-ry%C5%AB | https://www.houstonkarate.org/benefits/goju-ryu-histo",proposed
Goju-Ryu,goju-ryu,Goju-Ryu,naha-te,naha-te,,,Miyagi Chojun,proposed
Goju-Ryu Karate-do Kyokai,goju-ryu,Goju-Ryu,naha-te,naha-te,,,Organisation,proposed
Goju-ryu karate,goju-ryu,Goju-Ryu,naha-te,naha-te,,,,proposed
Gojuryu,goju-ryu,Goju-Ryu,naha-te,naha-te,,,,proposed
International Okinawan Goju-Ryu Karate-do Federation,goju-ryu,Goju-Ryu,naha-te,naha-te,,,"IOGKF (Higaonna Morio), organisation",proposed
gojukan,goju-ryu,Goju-Ryu,naha-te,naha-te,,,Dojo/organisational variant,proposed
gojuryu,goju-ryu,Goju-Ryu,naha-te,naha-te,,,,proposed
gojuryukenkyukai,goju-ryu,Goju-Ryu,naha-te,naha-te,,,Goju-ryu Kenkyukai organisation,proposed
Gosoku RyuBackground,gosoku-ryu,Gosoku-Ryu,shotokan,japanese,Takayuki Kubota,1953,"Scrape artefact suffix | [taxonomy:Mainland Japanese + Korean trees (Shotokan, Wado, Chito, Shudokan group, Shindo Jinen-ryu, Kushin-ryu, Koei-kan, Kyokushin tree, Taekwondo kwans, ITF/Kukkiwon, Tang Soo Do/Soo Bahk Do)/plausible] https://e",proposed
Gosoku-ryu,gosoku-ryu,Gosoku-Ryu,,japanese,,,Kubota Takayuki; Shotokan and Goju-Ryu blend,proposed
Gosoku-ryuBackground,gosoku-ryu,Gosoku-Ryu,,japanese,,,Scrape artefact suffix,proposed
Hokushin Itto-ryu,hokushin-itto-ryu,Hokushin Itto-Ryu,,other,,,Kenjutsu koryu,proposed
Hozoin-ryu,hozoin-ryu,Hozoin-Ryu,,other,,,Sojutsu koryu,proposed
ISSHINRYU,isshin-ryu,Isshin-Ryu,shorin-ryu,shuri-te,Tatsuo Shimabuku,1956, | [taxonomy:shorin-ryu-tree/confirmed] https://en.wikipedia.org/wiki/Isshin-ry%C5%AB,proposed
Isshin-Ryu,isshin-ryu,Isshin-Ryu,shorin-ryu,shuri-te,,,"Shimabuku Tatsuo; Okinawan blend of Shorin-Ryu and Goju-Ryu, classed under shuri-te via dominant parent",proposed
Isshinkai,isshin-ryu,Isshin-Ryu,shorin-ryu,shuri-te,,,Isshinkai organisation,proposed
Isshinryu,isshin-ryu,Isshin-Ryu,shorin-ryu,shuri-te,,,,proposed
isshinkai,isshin-ryu,Isshin-Ryu,shorin-ryu,shuri-te,,,Isshinkai organisation,proposed
isshinryu,isshin-ryu,Isshin-Ryu,shorin-ryu,shuri-te,,,,proposed
Itosu Ryu,itosu-ryu,Itosu-Ryu,shito-ryu,japanese,Ryusho Sakagami,1969,Sakagami line (Shito-ryu Itosu-kai) | [taxonomy:shito-ryu/confirmed] https://www.itosu-ryu.net/history | https://en.wikipedia.org/wiki/Shit%C5%8D-ry%C5%AB,proposed
Japanese Karate,japanese-karate-generic,Japanese Karate,,japanese,,,Generic mainland Japanese karate label; -generic id so the viz can treat it as unspecified within the japanese family,proposed
Jigen-ryu,jigen-ryu,Jigen-Ryu,,other,,,Satsuma kenjutsu; influenced Matsumura Sokon,proposed
Kodokan,judo,Judo,,other,,,Kodokan Judo,proposed
Kodokan Judo,judo,Judo,,other,,,,proposed
Jundokan,jundokan,Jundokan,goju-ryu,naha-te,Eiichi Miyazato,1957,"Miyazato Eiichi | [taxonomy:Goju-ryu complete tree (Okinawan branches, Japanese Goju-kai and its offshoots)/confirmed] https://en.wikipedia.org/wiki/Eiichi_Miyazato",proposed
Kara-Ho Kempo,kara-ho-kempo,Kara-Ho Kempo,kosho-shorei-ryu,kenpo,William Kwai Sun Chow,1944,"William Chow | [taxonomy:kenpo + international trees (kenpo family, American karate offshoots, Nanbu styles)/confirmed] https://en.wikipedia.org/wiki/William_Kwai_Sun_Chow",proposed
Brazilian Association of Karate,karate-generic,Karate,,other,,,"National organisation, not a style",proposed
Dan Karate,karate-generic,Karate,,other,,,Scrape artefact rank phrase,proposed
Dan karate,karate-generic,Karate,,other,,,Scrape artefact rank phrase ('...Dan karate'),proposed
Karate,karate-generic,Karate,,other,,,Generic label; exclude from colouring,proposed
Katori Shinto-ryu,katori-shinto-ryu,Tenshin Shoden Katori Shinto-Ryu,,other,,,,proposed
Tenshin Shoden Katori Shinto-ryu,katori-shinto-ryu,Tenshin Shoden Katori Shinto-Ryu,,other,,,Kenjutsu koryu,proposed
Keijutsukai,keijutsukai-aikido,Keijutsukai Aikido,aikido,other,,,,proposed
Keijutsukai Aikido,keijutsukai-aikido,Keijutsukai Aikido,aikido,other,,,,proposed
Kempo,kenpo,Kenpo,,kenpo,,,,proposed
Kempo Karate,kenpo,Kenpo,,kenpo,,,,proposed
Kenpo,kenpo,Kenpo,,kenpo,,,,proposed
Kenpo Karate,kenpo,Kenpo,,kenpo,,,,proposed
Kenpo-Shotokan,kenpo,Kenpo,,kenpo,,,Hybrid scrape label (kenpo plus Shotokan),proposed
Kito-ryu,kito-ryu,Kito-Ryu,,other,,,"Jujutsu koryu, judo antecedent",proposed
Kobayashi Shorin-Ryu,kobayashi-shorin-ryu,Kobayashi Shorin-Ryu,shorin-ryu,shuri-te,Chōshin Chibana,1933,Chibana Choshin | [taxonomy:shorin-ryu-tree/confirmed] https://en.wikipedia.org/wiki/Chibana_Ch%C5%8Dshin | https://en.wikipedia.org/wiki/Sh%C5%8Drin-ry%C5%AB,proposed
Kobayashi Shorin-ryu Karate,kobayashi-shorin-ryu,Kobayashi Shorin-Ryu,shorin-ryu,shuri-te,,,,proposed
Kobayashi-ryu,kobayashi-shorin-ryu,Kobayashi Shorin-Ryu,shorin-ryu,shuri-te,,,,proposed
KobayashiShorin-ryu,kobayashi-shorin-ryu,Kobayashi Shorin-Ryu,shorin-ryu,shuri-te,,,"Scrape artefact, missing space",proposed
Shorin-ryu Kobayashi,kobayashi-shorin-ryu,Kobayashi Shorin-Ryu,shorin-ryu,shuri-te,,,,proposed
Koga-ryu,koga-ryu,Koga-Ryu,,other,,,Ninjutsu,proposed
Korean Martial Arts,korean-martial-arts,Korean Martial Arts,,korean,,,Generic,proposed
James MitoseKosho Shorei-Ryu Kenpo,kosho-shorei-ryu,Kosho Shorei-Ryu Kenpo,,kenpo,James Mitose,1936,"Scrape artefact with person-name prefix (James Mitose); maps to Kosho Shorei-Ryu Kenpo | [taxonomy:kenpo + international trees (kenpo family, American karate offshoots, Nanbu styles)/confirmed] https://en.wikipedia.org/wiki/James_Mitose",proposed
Kosho Shorei-Ryu Kenpo,kosho-shorei-ryu,Kosho Shorei-Ryu Kenpo,,kenpo,,,James Mitose; root of the Hawaiian-American kenpo line. B parented to the generic kenpo bucket; left empty since kenpo is a generic label,proposed
Kosho Shorei-ryu,kosho-shorei-ryu,Kosho Shorei-Ryu Kenpo,,kenpo,,,,proposed
Daido Juku,kudo,Kudo,kyokushin,kyokushin,Takashi Azuma,1981,"Daido Juku is the Kudo organisation | [taxonomy:Mainland Japanese + Korean trees (Shotokan, Wado, Chito, Shudokan group, Shindo Jinen-ryu, Kushin-ryu, Koei-kan, Kyokushin tree, Taekwondo kwans, ITF/Kukkiwon, Tang Soo Do/Soo Bahk Do)/confirm",proposed
Kudo,kudo,Kudo,kyokushin,kyokushin,,,"Azuma Takashi, Daido Juku",proposed
Kung Fu,kung-fu,Kung Fu,,chinese,,,Generic Chinese martial arts label,proposed
Kushin-Ryu,kushin-ryu,Kushin-Ryu,,japanese,Sannosuke Ueshima,1932,"Ueshima Sannosuke, 1932 | [taxonomy:Mainland Japanese + Korean trees (Shotokan, Wado, Chito, Shudokan group, Shindo Jinen-ryu, Kushin-ryu, Koei-kan, Kyokushin tree, Taekwondo kwans, ITF/Kukkiwon, Tang Soo Do/Soo Bahk Do)/confirmed] https://",proposed
Dan Black Belt in Kyokushin Karate,kyokushin,Kyokushin,shotokan,kyokushin,Masutatsu (Mas) Ōyama,1964,"Scrape artefact rank phrase | [taxonomy:Mainland Japanese + Korean trees (Shotokan, Wado, Chito, Shudokan group, Shindo Jinen-ryu, Kushin-ryu, Koei-kan, Kyokushin tree, Taekwondo kwans, ITF/Kukkiwon, Tang Soo Do/Soo Bahk Do)/confirmed] http",proposed
KYOKUSHINKAI,kyokushin,Kyokushin,shotokan,kyokushin,,,,proposed
KYOKUSHINKAIKAN,kyokushin,Kyokushin,shotokan,kyokushin,,,,proposed
Kazumi Karate,kyokushin,Kyokushin,shotokan,kyokushin,,,"Kazumi Hajime's dojo (Kazumi Juku), Kyokushin lineage; collapsed to kyokushin. A kept a separate kazumi-juku node",proposed
Kyokushin,kyokushin,Kyokushin,shotokan,kyokushin,,,Oyama Masutatsu; Shotokan and Goju-Ryu background,proposed
Kyokushin Karate,kyokushin,Kyokushin,shotokan,kyokushin,,,,proposed
Kyokushin kaikan,kyokushin,Kyokushin,shotokan,kyokushin,,,,proposed
Kyokushin karate,kyokushin,Kyokushin,shotokan,kyokushin,,,,proposed
Kyokushin-kai,kyokushin,Kyokushin,shotokan,kyokushin,,,,proposed
Kyokushinkai,kyokushin,Kyokushin,shotokan,kyokushin,,,,proposed
Kyokushinkaikan,kyokushin,Kyokushin,shotokan,kyokushin,,,,proposed
kyokushinkai,kyokushin,Kyokushin,shotokan,kyokushin,,,,proposed
kyokushinkaikan,kyokushin,Kyokushin,shotokan,kyokushin,,,,proposed
International Kyokushin Budokai,kyokushin-budokai,Kyokushin Budokai,kyokushin,kyokushin,Jon Bluming,," | [taxonomy:Mainland Japanese + Korean trees (Shotokan, Wado, Chito, Shudokan group, Shindo Jinen-ryu, Kushin-ryu, Koei-kan, Kyokushin tree, Taekwondo kwans, ITF/Kukkiwon, Tang Soo Do/Soo Bahk Do)/plausible] https://en.wikipedia.org/wiki/J",proposed
Kyokushin Budokai,kyokushin-budokai,Kyokushin Budokai,kyokushin,kyokushin,,,Jon Bluming,proposed
Kyokushin-kan,kyokushin-kan,Kyokushin-kan,kyokushin,kyokushin,Hatsuo Royama (with Tsuyoshi Hiroshige),2003,"Royama Hatsuo, 2002 split organisation | [taxonomy:Mainland Japanese + Korean trees (Shotokan, Wado, Chito, Shudokan group, Shindo Jinen-ryu, Kushin-ryu, Koei-kan, Kyokushin tree, Taekwondo kwans, ITF/Kukkiwon, Tang Soo Do/Soo Bahk Do)/conf",proposed
Kyokushin-kan Inte,kyokushin-kan,Kyokushin-kan,kyokushin,kyokushin,,,Truncated 'International',proposed
Kyokushin-kan Karate,kyokushin-kan,Kyokushin-kan,kyokushin,kyokushin,,,,proposed
Kyokushinkan,kyokushin-kan,Kyokushin-kan,kyokushin,kyokushin,,,,proposed
kyokushinkan,kyokushin-kan,Kyokushin-kan,kyokushin,kyokushin,,,,proposed
Matayoshi Kobudo,matayoshi-kobudo,Matayoshi Kobudo,okinawan-kobudo,kobudo,Matayoshi Shinkō,1960,"Matayoshi family lineage. B parented to generic okinawan-kobudo; reconciled to empty parent | [taxonomy:kobudo + uechi-ryu + remaining trees (ryuei-ryu, kojo-ryu, toon-ryu, motobu, kishimoto-di, bugeikan, genseiryu/taido)/confirmed] https:/",proposed
Matsubayashi-Ryu,matsubayashi-ryu,Matsubayashi-Ryu,shorin-ryu,shuri-te,Shōshin Nagamine,1947,Nagamine Shoshin | [taxonomy:shorin-ryu-tree/confirmed] https://en.wikipedia.org/wiki/Matsubayashi-ry%C5%AB,proposed
World Matsubayashi-ryu,matsubayashi-ryu,Matsubayashi-Ryu,shorin-ryu,shuri-te,,,World Matsubayashi-ryu organisation,proposed
Shorin Ryu Matsumura Seito Karate,matsumura-seito,Matsumura Seito Shorin-Ryu,shorin-ryu,shuri-te,Hōhan Sōken,1952,Soken Hohan | [taxonomy:shorin-ryu-tree/confirmed] https://en.wikipedia.org/wiki/H%C5%8Dhan_S%C5%8Dken | https://www.kenshin-kan.com/hanshi-fusei-kise/,proposed
Meibukan,meibukan,Meibukan,goju-ryu,naha-te,Meitoku Yagi,1952,"Yagi Meitoku | [taxonomy:Goju-ryu complete tree (Okinawan branches, Japanese Goju-kai and its offshoots)/confirmed] https://en.wikipedia.org/wiki/Meitoku_Yagi | https://en.wikipedia.org/wiki/Meibukan",proposed
Kuniba-Kai,motobu-ha-shito-ryu,Motobu-ha Shito-Ryu,shito-ryu,japanese,Kosei Kuniba,1943,Kuniba-kai organisation | [taxonomy:shito-ryu/confirmed] https://en.wikipedia.org/wiki/Sh%C5%8Dg%C5%8D_Kuniba | https://www.internationalshitoryu.com/aboutus/organization-chart/hayashi-teruo/,proposed
Motobu-Ha Shito-Ryu,motobu-ha-shito-ryu,Motobu-ha Shito-Ryu,shito-ryu,japanese,,,Kuniba line with Motobu influence,proposed
Motobu-Ryu,motobu-ryu,Motobu-Ryu,tomari-te,tomari-te,Motobu Chōki,1922,"Motobu Choki | [taxonomy:kobudo + uechi-ryu + remaining trees (ryuei-ryu, kojo-ryu, toon-ryu, motobu, kishimoto-di, bugeikan, genseiryu/taido)/plausible] https://en.wikipedia.org/wiki/Motobu_Ch%C5%8Dki | https://medium.com/motobu-ryu-blog/w",proposed
Motoburyu,motobu-ryu,Motobu-Ryu,tomari-te,tomari-te,,,,proposed
motoburyu,motobu-ryu,Motobu-Ryu,tomari-te,tomari-te,,,,proposed
Motobu Udundi,motobu-udundi,Motobu Udundi,te,tomari-te,"Motobu Chōhei (1st sōke, 17th century)",,"Motobu family palace art (Motobu Choyu to Uehara Seikichi); distinct from and sibling to Motobu Choki's Motobu-Ryu, so no parent set. B parented it to motobu-ryu | [taxonomy:kobudo + uechi-ryu + remaining trees (ryuei-ryu, kojo-ryu, toon-ry",proposed
Mugai-ryu,mugai-ryu,Mugai-Ryu,,other,,,Iai koryu,proposed
Muso Jikiden Eishin-ryu,muso-jikiden-eishin-ryu,Muso Jikiden Eishin-Ryu,,other,,,Iaido koryu,proposed
Muso Shinden Ryu,muso-shinden-ryu,Muso Shinden-Ryu,,other,,,Iaido,proposed
Naha-te,naha-te,Naha-te,te,naha-te,,,,proposed
Nanban Satto-ryu,nanban-satto-ryu,Nanban Satto-Ryu,,other,,,Kenpo/jujutsu koryu,proposed
Nanbudo,nanbudo,Nanbudo,sankukai,japanese,Yoshinao Nanbu,1978,"Nanbu Yoshinao, ex-Shukokai (Tani Chojiro) via Sankukai. Curators disagreed: B parented to shito-ryu; shukokai is the immediate lineage | [taxonomy:shito-ryu/confirmed] https://www.worldnanbudo.com/yoshinao-nanbu/?lang=en | https://nanbudo.",proposed
Negishi-ryu,negishi-ryu,Negishi-Ryu,,other,,,Shurikenjutsu,proposed
Japan Kobudo,nihon-kobudo,Nihon Kobudo,,other,,,"Japanese koryu weapon arts, not Okinawan kobudo",proposed
Japanese Kobudo,nihon-kobudo,Nihon Kobudo,,other,,,"Japanese koryu weapon arts, not Okinawan kobudo",proposed
Japanese kobudo,nihon-kobudo,Nihon Kobudo,,other,,,"Japanese koryu weapon arts, not Okinawan kobudo",proposed
Nihon Kobudo,nihon-kobudo,Nihon Kobudo,,other,,,"Japanese koryu weapon arts, not Okinawan kobudo",proposed
Gosho-ha Hyoho Niten Ichi-ryu,niten-ichi-ryu,Niten Ichi-Ryu,,other,,,Kenjutsu; Gosho-ha branch,proposed
Niten Ichi-ryu,niten-ichi-ryu,Niten Ichi-Ryu,,other,,,Kenjutsu (Miyamoto Musashi line),proposed
Okinawan Karate,okinawan-karate-generic,Okinawan Karate,,other,,,Generic label; exclude from colouring,proposed
Ryukyu Bujutsu Kenkyu Doyukai,okinawan-karate-generic,Okinawan Karate,,other,,,"Research/preservation society, not a style. Curators disagreed: A mapped to okinawan-karate-generic, B to okinawan-kobudo; kept generic since the society covers karate and kobudo",proposed
Karate Kobudo,okinawan-kobudo,Okinawan Kobudo,,kobudo,"traditional (multiple lineages, no single founder)",,"Combined karate-and-kobudo scrape tag | [taxonomy:kobudo + uechi-ryu + remaining trees (ryuei-ryu, kojo-ryu, toon-ryu, motobu, kishimoto-di, bugeikan, genseiryu/taido)/confirmed] https://en.wikipedia.org/wiki/Okinawan_kobud%C5%8D",proposed
Karatedo Kobudo,okinawan-kobudo,Okinawan Kobudo,,kobudo,,,Combined karate-and-kobudo scrape tag,proposed
Kobudo,okinawan-kobudo,Okinawan Kobudo,,kobudo,,,,proposed
Kyu Kobudo,okinawan-kobudo,Okinawan Kobudo,,kobudo,,,Scrape artefact; read as rank-prefix fragment ('...kyu Kobudo'). B read it as truncated 'Ryukyu Kobudo'; either way family kobudo,proposed
Okinawa Kobudo,okinawan-kobudo,Okinawan Kobudo,,kobudo,,,,proposed
Okinawan Kobudo,okinawan-kobudo,Okinawan Kobudo,,kobudo,,,,proposed
Okinawan kobudoNunti Bo,okinawan-kobudo,Okinawan Kobudo,,kobudo,,,Scrape artefact with weapon name suffix,proposed
and Kobudo,okinawan-kobudo,Okinawan Kobudo,,kobudo,,,Scrape artefact prefix,proposed
and kobudo,okinawan-kobudo,Okinawan Kobudo,,kobudo,,,Scrape artefact prefix,proposed
detailing Kobudo,okinawan-kobudo,Okinawan Kobudo,,kobudo,,,Scrape artefact prefix,proposed
do Kobudo,okinawan-kobudo,Okinawan Kobudo,,kobudo,,,Scrape artefact prefix,proposed
from kobudo,okinawan-kobudo,Okinawan Kobudo,,kobudo,,,Scrape artefact prefix,proposed
illustrious kobudo,okinawan-kobudo,Okinawan Kobudo,,kobudo,,,Scrape artefact prefix,proposed
in Kobudo,okinawan-kobudo,Okinawan Kobudo,,kobudo,,,Scrape artefact prefix,proposed
in kobudo,okinawan-kobudo,Okinawan Kobudo,,kobudo,,,Scrape artefact prefix,proposed
incorporated Kobudo,okinawan-kobudo,Okinawan Kobudo,,kobudo,,,Scrape artefact prefix,proposed
jiku Kobudo,okinawan-kobudo,Okinawan Kobudo,,kobudo,,,"Scrape artefact prefix, likely '...juku Kobudo'",proposed
kobudo,okinawan-kobudo,Okinawan Kobudo,,kobudo,,,,proposed
the Kobudo,okinawan-kobudo,Okinawan Kobudo,,kobudo,,,Scrape artefact prefix,proposed
the kobudo,okinawan-kobudo,Okinawan Kobudo,,kobudo,,,Scrape artefact prefix,proposed
und Kobudo,okinawan-kobudo,Okinawan Kobudo,,kobudo,,,Scrape artefact prefix (German 'und'),proposed
Ryoi-shito-ryu,ryoi-shinto-ryu,Ryoi Shinto-Ryu,,other,,,Jujutsu koryu; raw likely misparsed 'Ryoi Shinto-ryu',proposed
Ryuei-Ryu,ryuei-ryu,Ryuei-Ryu,naha-te,naha-te,Nakaima Norisato,1971,"Nakaima family, from Ryuru Ko | [taxonomy:kobudo + uechi-ryu + remaining trees (ryuei-ryu, kojo-ryu, toon-ryu, motobu, kishimoto-di, bugeikan, genseiryu/taido)/confirmed] https://en.wikipedia.org/wiki/Ry%C5%ABei-ry%C5%AB | https://www.ryuei",proposed
Ryueiryu,ryuei-ryu,Ryuei-Ryu,naha-te,naha-te,,,,proposed
Ryukyo Kobudo,ryukyu-kobudo,Ryukyu Kobudo,okinawan-kobudo,kobudo,Taira Shinken,1955,"Typo for Ryukyu Kobudo; Taira Shinken lineage. B parented to generic okinawan-kobudo; reconciled to empty parent | [taxonomy:kobudo + uechi-ryu + remaining trees (ryuei-ryu, kojo-ryu, toon-ryu, motobu, kishimoto-di, bugeikan, genseiryu/taid",proposed
Ryukyu Kobudo,ryukyu-kobudo,Ryukyu Kobudo,,kobudo,,,Taira Shinken lineage. B parented to generic okinawan-kobudo; reconciled to empty parent,proposed
Ryukyu Kobudo Hozon Shinkokai,ryukyu-kobudo,Ryukyu Kobudo,,kobudo,,,Taira Shinken's preservation society (organisation). B parented to generic okinawan-kobudo; reconciled to empty parent,proposed
Satojuku Karate,satojuku,Satojuku,kyokushin,kyokushin,Katsuaki Satō,1977,"Sato Katsuaki, ex-Kyokushin | [taxonomy:Mainland Japanese + Korean trees (Shotokan, Wado, Chito, Shudokan group, Shindo Jinen-ryu, Kushin-ryu, Koei-kan, Kyokushin tree, Taekwondo kwans, ITF/Kukkiwon, Tang Soo Do/Soo Bahk Do)/confirmed] http",proposed
Aji Ryukyu,scrape-artefact,Scrape artefact,,other,,,"Ryukyuan nobility title fragment, not a style",proposed
Anji Ryukyu,scrape-artefact,Scrape artefact,,other,,,Ryukyuan nobility title fragment,proposed
Appointe,scrape-artefact,Scrape artefact,,other,,,Truncated 'Appointed',proposed
Australasia official site,scrape-artefact,Scrape artefact,,other,,,,proposed
Bakuryu Sentai Abaranger,scrape-artefact,Scrape artefact,,other,,,TV series,proposed
Bank of the Ryukyus,scrape-artefact,Scrape artefact,,other,,,Institution,proposed
Basse-Terre,scrape-artefact,Scrape artefact,,other,,,Place name,proposed
Bill Ryusaki,scrape-artefact,Scrape artefact,,other,,,"Person (Hawaiian kenpo teacher), not a style",proposed
Chishu Ryu,scrape-artefact,Scrape artefact,,other,,,Person (Japanese actor),proposed
Cite,scrape-artefact,Scrape artefact,,other,,,Wiki markup fragment,proposed
Complete,scrape-artefact,Scrape artefact,,other,,,,proposed
Disposition of Ryukyu,scrape-artefact,Scrape artefact,,other,,,Historical event page,proposed
FileHuineng-tearing-sutrassvg,scrape-artefact,Scrape artefact,,other,,,File markup,proposed
FilePort-authority-terminaljpg,scrape-artefact,Scrape artefact,,other,,,File markup,proposed
Grand Maste,scrape-artefact,Scrape artefact,,other,,,Truncated 'Grand Master',proposed
Grandmaste,scrape-artefact,Scrape artefact,,other,,,Truncated 'Grandmaster',proposed
Hao Taikei Ryu Knight,scrape-artefact,Scrape artefact,,other,,,Anime title,proposed
Headmaste,scrape-artefact,Scrape artefact,,other,,,Truncated 'Headmaster',proposed
History of the Ryukyus,scrape-artefact,Scrape artefact,,other,,,,proposed
Inte,scrape-artefact,Scrape artefact,,other,,,Truncated 'International',proposed
Invasion of Ryukyu,scrape-artefact,Scrape artefact,,other,,,"Historical event page, not a style",proposed
Karyu Uku,scrape-artefact,Scrape artefact,,other,,,"Probably a person (Uku Karyu), not a style",proposed
King of Ryukyu,scrape-artefact,Scrape artefact,,other,,,,proposed
Kyokugenryu,scrape-artefact,Scrape artefact,,other,,,"Kyokugenryu Karate, fictional style from Art of Fighting video games",proposed
Kyoryu Boukenki Jura Tripper,scrape-artefact,Scrape artefact,,other,,,Anime title,proposed
Kyu-Iwasaki-tei Garden,scrape-artefact,Scrape artefact,,other,,,Place,proposed
Long Beach Press-Telegram,scrape-artefact,Scrape artefact,,other,,,Newspaper,proposed
Los Angeles Trade-Technical College,scrape-artefact,Scrape artefact,,other,,,Institution,proposed
Menkyo kai,scrape-artefact,Scrape artefact,,other,,,"Licence terminology (menkyo kaiden), not a style",proposed
Menkyo kaiden,scrape-artefact,Scrape artefact,,other,,,"Licence terminology, not a style",proposed
MenkyoMenkyo Kaiden,scrape-artefact,Scrape artefact,,other,,,"Licence terminology, not a style",proposed
Merited Maste,scrape-artefact,Scrape artefact,,other,,,Truncated title,proposed
Ryu Mi-yong,scrape-artefact,Scrape artefact,,other,,,Person (North Korean politician),proposed
Ryu Ryu Ko,scrape-artefact,Scrape artefact,,other,,,"Person: Ryuru Ko, Fuzhou teacher of Higaonna Kanryo, not a style; treated as artefact for consistency with other person rows. B mapped him to fujian-white-crane (his art)",proposed
Ryu Shaman King,scrape-artefact,Scrape artefact,,other,,,Fictional character,proposed
Ryu ga Gotoku 3,scrape-artefact,Scrape artefact,,other,,,Video game,proposed
Ryu school,scrape-artefact,Scrape artefact,,other,,,Generic term fragment,proposed
Self-test of Intelligence,scrape-artefact,Scrape artefact,,other,,,,proposed
Shunryu Suzuki,scrape-artefact,Scrape artefact,,other,,,Person (Zen teacher),proposed
Tenryu Saburo,scrape-artefact,Scrape artefact,,other,,,Person (sumo wrestler),proposed
The A-Team,scrape-artefact,Scrape artefact,,other,,,TV series,proposed
Udun Ryukyu,scrape-artefact,Scrape artefact,,other,,,Ryukyuan nobility term fragment,proposed
United States Civil Administration of the Ryukyu Islands,scrape-artefact,Scrape artefact,,other,,,"Ryukyu history page, not a style",proposed
United States Military Government of the Ryukyu Islands,scrape-artefact,Scrape artefact,,other,,,Ryukyu history page,proposed
University of the Ryukyus,scrape-artefact,Scrape artefact,,other,,,"Institution, not a style",proposed
Volcano and Ryukyu Islands campaign,scrape-artefact,Scrape artefact,,other,,,WWII campaign page,proposed
all-terrain vehicle,scrape-artefact,Scrape artefact,,other,,,,proposed
counter-terrorism,scrape-artefact,Scrape artefact,,other,,,,proposed
inta-netsutoa-kaibu,scrape-artefact,Scrape artefact,,other,,,Romanised Japanese web-text fragment,proposed
Seidokaikan,seidokaikan,Seidokaikan,ashihara,kyokushin,Kazuyoshi Ishii,1980,"Ishii Kazuyoshi, founded 1980 after leaving Ashihara (itself ex-Kyokushin). Curators disagreed: B parented directly to kyokushin; ashihara is the immediate parent | [taxonomy:Mainland Japanese + Korean trees (Shotokan, Wado, Chito, Shudokan",proposed
Seidokaikan Karate,seidokaikan,Seidokaikan,ashihara,kyokushin,,,"Ishii Kazuyoshi, founded 1980 after leaving Ashihara (itself ex-Kyokushin). Curators disagreed: B parented directly to kyokushin; ashihara is the immediate parent",proposed
Seidokan,seidokan,Seidokan,shorin-ryu,shuri-te,Shian Toma,1984,"Okinawa Seidokan (Toma Shian), Shorin-Ryu; distinct from Seidokaikan and from Seidokan Aikido | [taxonomy:shorin-ryu-tree/confirmed] https://en.wikipedia.org/wiki/Okinawa_Seidokan | https://seidokankarate.org/shian-toma-biography",proposed
Seigokan,seigokan,Seigokan,goju-ryu,naha-te,Seigo Tada,1945,"Tada Seigo | [taxonomy:Goju-ryu complete tree (Okinawan branches, Japanese Goju-kai and its offshoots)/confirmed] https://en.wikipedia.org/wiki/Seig%C5%8Dkan",proposed
Sekiguchi-ryu,sekiguchi-ryu,Sekiguchi-Ryu,,other,,,Jujutsu/iai koryu,proposed
Senbukan,senbukan,Senbukan,goju-ryu,naha-te,Kanki Izumigawa,1939,"Assumed Izumikawa Kanki's Goju-Ryu Senbukan. Curators disagreed: B classed it as unclear organisation (other) | [taxonomy:Goju-ryu complete tree (Okinawan branches, Japanese Goju-kai and its offshoots)/plausible] https://en.wikipedia.org/wi",proposed
Senbukan Dojo,senbukan,Senbukan,goju-ryu,naha-te,,,Assumed Izumikawa Kanki's Goju-Ryu Senbukan. Curators disagreed: B classed it as unclear organisation (other),proposed
Shidokan Karate,shidokan,Shidokan,kyokushin,kyokushin,Yoshiji Soeno,1981,"Soeno Yoshiji; distinct from Shorin-Ryu Shido-kan | [taxonomy:Mainland Japanese + Korean trees (Shotokan, Wado, Chito, Shudokan group, Shindo Jinen-ryu, Kushin-ryu, Koei-kan, Kyokushin tree, Taekwondo kwans, ITF/Kukkiwon, Tang Soo Do/Soo Ba",proposed
Shindo Jinen Ryu,shindo-jinen-ryu,Shindo Jinen-Ryu,,japanese,Yasuhiro Konishi,1933," | [taxonomy:Mainland Japanese + Korean trees (Shotokan, Wado, Chito, Shudokan group, Shindo Jinen-ryu, Kushin-ryu, Koei-kan, Kyokushin tree, Taekwondo kwans, ITF/Kukkiwon, Tang Soo Do/Soo Bahk Do)/confirmed] https://en.wikipedia.org/wiki/S",proposed
Shindo jinen-ryu,shindo-jinen-ryu,Shindo Jinen-Ryu,,japanese,,,"Konishi Yasuhiro; Funakoshi, Mabuni and Motobu influences",proposed
Shindo Yoshin-ryu,shindo-yoshin-ryu,Shindo Yoshin-Ryu,,other,,,Jujutsu; antecedent of Wado-Ryu,proposed
Shinto-Yoshin-ryu,shindo-yoshin-ryu,Shindo Yoshin-Ryu,,other,,,Alternative reading of the same school,proposed
Shingetsu-ryu,shingetsu-ryu,Shingetsu-Ryu,,other,,,Koryu (shurikenjutsu),proposed
Shinkage-ryu,shinkage-ryu,Shinkage-Ryu,,other,,,Kenjutsu; includes Yagyu Shinkage-ryu line,proposed
Yagyu Shinkage-ryu,shinkage-ryu,Shinkage-Ryu,,other,,,Yagyu line of Shinkage-ryu kenjutsu; collapsed into shinkage-ryu. B kept a separate node,proposed
Shinkyokushin,shinkyokushin,Shinkyokushin,kyokushin,kyokushin,Kenji Midori,2003,"WKO Shinkyokushinkai (Midori Kenji) | [taxonomy:Mainland Japanese + Korean trees (Shotokan, Wado, Chito, Shudokan group, Shindo Jinen-ryu, Kushin-ryu, Koei-kan, Kyokushin tree, Taekwondo kwans, ITF/Kukkiwon, Tang Soo Do/Soo Bahk Do)/confirm",proposed
Shinkyokushinkai Karate,shinkyokushin,Shinkyokushin,kyokushin,kyokushin,,,,proposed
Kasumi Shinto-ryu Kenjutsu,shinto-muso-ryu,Shinto Muso-Ryu,,other,,,Kenjutsu set taught within Shinto Muso-ryu; collapsed into shinto-muso-ryu. B kept a separate node,proposed
Shindo Muso-ryu,shinto-muso-ryu,Shinto Muso-Ryu,,other,,,Alternative reading of the same school,proposed
Shinto Muso-ryu,shinto-muso-ryu,Shinto Muso-Ryu,,other,,,Jojutsu koryu,proposed
Shirai-ryu,shirai-ryu,Shirai-Ryu,,other,,,Shurikenjutsu koryu (transmitted alongside Negishi-ryu). B suspected the fictional Mortal Kombat clan; the historical school exists,proposed
Shito-Kai,shito-ryu,Shito-Ryu,shuri-te,japanese,Kenwa Mabuni,1934,Organisational variant | [taxonomy:shito-ryu/confirmed] https://en.wikipedia.org/wiki/Shit%C5%8D-ry%C5%AB | https://shitokai.com/english/history/,proposed
Shito-Ryu,shito-ryu,Shito-Ryu,shuri-te,japanese,,,"Mabuni Kenwa; blend of Shuri-te (Itosu) and Naha-te (Higaonna), parent set to shuri-te",proposed
Shitokai,shito-ryu,Shito-Ryu,shuri-te,japanese,,,Organisational variant,proposed
Shitoryu,shito-ryu,Shito-Ryu,shuri-te,japanese,,,,proposed
shitokai,shito-ryu,Shito-Ryu,shuri-te,japanese,,,Shito-kai organisational variant,proposed
shitoryu,shito-ryu,Shito-Ryu,shuri-te,japanese,,,,proposed
Shobayashi Shorin-ryu,shobayashi-shorin-ryu,Shobayashi Shorin-Ryu,shorin-ryu,shuri-te,Eizō Shimabukuro (lineage of Chōtoku Kyan),,Shimabukuro Eizo | [taxonomy:shorin-ryu-tree/confirmed] https://en.wikipedia.org/wiki/Sh%C5%8Dbayashi_Sh%C5%8Drin-ry%C5%AB,proposed
Shodokan Aikido,shodokan-aikido,Shodokan Aikido,aikido,other,,,Tomiki Kenji,proposed
FileSeko Higa - Shodokan Goju-Ryujpg,shodokan-goju-ryu,Shodokan Goju-Ryu,goju-ryu,naha-te,Seko Higa,1960,"File markup artefact referring to Higa Seko's Shodokan | [taxonomy:Goju-ryu complete tree (Okinawan branches, Japanese Goju-kai and its offshoots)/confirmed] https://en.wikipedia.org/wiki/Sek%C5%8D_Higa | https://www.shuriway.com/seiko-higa",proposed
Shodokan,shodokan-goju-ryu,Shodokan Goju-Ryu,goju-ryu,naha-te,,,"Higa Seko's branch; bare 'Shodokan' assumed Goju-Ryu in this dataset, not Tomiki aikido",proposed
Shodokan Goju-Ryu,shodokan-goju-ryu,Shodokan Goju-Ryu,goju-ryu,naha-te,,,Higa Seko,proposed
Shorei-ryu,shorei-ryu,Shorei-Ryu,naha-te,naha-te,,,Old paired name for the Naha-te tradition; also used by the Trias line,proposed
Shoreikan,shoreikan,Shoreikan,goju-ryu,naha-te,Seikichi Toguchi,1954,"Toguchi Seikichi | [taxonomy:Goju-ryu complete tree (Okinawan branches, Japanese Goju-kai and its offshoots)/confirmed] https://en.wikipedia.org/wiki/Seikichi_Toguchi",proposed
Shorin-Ryu,shorin-ryu,Shorin-Ryu,shuri-te,shuri-te,Chōshin Chibana (named the style 1933; lineage of Sokon Matsumura's Shuri-te),1933, | [taxonomy:shorin-ryu-tree/confirmed] https://en.wikipedia.org/wiki/Sh%C5%8Drin-ry%C5%AB | https://en.wikipedia.org/wiki/Chibana_Ch%C5%8Dshin,proposed
Shorin-ryu Shinkokai,shorin-ryu,Shorin-Ryu,shuri-te,shuri-te,,,Shinkokai organisation,proposed
shorinryu,shorin-ryu,Shorin-Ryu,shuri-te,shuri-te,,,,proposed
Shorin-ryu Kishaba Juku,shorin-ryu-kishaba-juku,Shorin-Ryu Kishaba Juku,matsubayashi-ryu,shuri-te,Chōkei Kishaba,1998,"Kishaba line, Yamanni-ryu-linked; id harmonised between drafts | [taxonomy:shorin-ryu-tree/confirmed] https://en.wikipedia.org/wiki/Sh%C5%8Drin-ry%C5%AB_Kishaba_Juku | https://okinawa-karate-navi.com/en/dojo/detail/67/",proposed
Kaicho of Kyudokan,shorin-ryu-kyudokan,Shorin-Ryu Kyudokan,kobayashi-shorin-ryu,shuri-te,Yūchoku Higa,1947,Scrape artefact title phrase; maps to Shorin-Ryu Kyudokan | [taxonomy:shorin-ryu-tree/confirmed] https://en.wikipedia.org/wiki/Sh%C5%8Drin-ry%C5%AB_Kyud%C5%8Dkan | https://kyudokankarate.in/history-of-kyudokan/,proposed
Shorin Ryu Kyudokan,shorin-ryu-kyudokan,Shorin-Ryu Kyudokan,kobayashi-shorin-ryu,shuri-te,,,"Higa Yuchoku, Kobayashi (Chibana) line. Curators disagreed on parent: B used shorin-ryu; reconciled to kobayashi-shorin-ryu",proposed
Shorin-ryu Kyudokan,shorin-ryu-kyudokan,Shorin-Ryu Kyudokan,kobayashi-shorin-ryu,shuri-te,,,,proposed
Shorin-Ryu Reihokan,shorin-ryu-reihokan,Shorin-Ryu Reihokan,kobayashi-shorin-ryu,shuri-te,Naonobu Ahagon,,Reihokan line. Curators disagreed: A collapsed into shorin-ryu; kept separate as an organised lineage | [taxonomy:shorin-ryu-tree/confirmed] https://en.wikipedia.org/wiki/Sh%C5%8Drin-ry%C5%AB,proposed
Seibukan Shorin-Ryu,shorin-ryu-seibukan,Shorin-Ryu Seibukan,shorin-ryu,shuri-te,Zenryō Shimabukuro (lineage of Chōtoku Kyan),1962,Shimabukuro Zenryo (Sukunaihayashi); id harmonised between drafts | [taxonomy:shorin-ryu-tree/confirmed] https://en.wikipedia.org/wiki/Sh%C5%8Drin-ry%C5%AB | https://sites.google.com/view/traditionalkarate/karate-articles/shorinji-shimabuku,proposed
Shorin-ryu Seibukan,shorin-ryu-seibukan,Shorin-Ryu Seibukan,shorin-ryu,shuri-te,,,Shimabukuro Zenryo (Sukunaihayashi); id harmonised between drafts,proposed
Shorin-ryu Shido-kan,shorin-ryu-shidokan,Shorin-Ryu Shido-kan,kobayashi-shorin-ryu,shuri-te,Katsuya Miyahira,1948,"Miyahira Katsuya, Kobayashi line; distinct from the Kyokushin-derived Shidokan of Soeno Yoshiji; id harmonised | [taxonomy:shorin-ryu-tree/confirmed] https://en.wikipedia.org/wiki/Sh%C5%8Drin-ry%C5%AB_Shid%C5%8Dkan",proposed
First member dojo of Shorin-ryu Shorinkan,shorin-ryu-shorinkan,Shorin-Ryu Shorinkan,kobayashi-shorin-ryu,shuri-te,Shūgorō Nakazato,1975,Scrape artefact phrase | [taxonomy:shorin-ryu-tree/confirmed] https://en.wikipedia.org/wiki/Sh%C5%ABg%C5%8Dr%C5%8D_Nakazato | https://en.wikipedia.org/wiki/Sh%C5%8Drin-ry%C5%AB,proposed
List of Shorin-ryu Shorinkan,shorin-ryu-shorinkan,Shorin-Ryu Shorinkan,kobayashi-shorin-ryu,shuri-te,,,Scrape artefact list page,proposed
Shorin-ryu Shorinkan,shorin-ryu-shorinkan,Shorin-Ryu Shorinkan,kobayashi-shorin-ryu,shuri-te,,,,proposed
Shorinkan,shorin-ryu-shorinkan,Shorin-Ryu Shorinkan,kobayashi-shorin-ryu,shuri-te,,,"Nakazato Shugoro, Kobayashi line; id harmonised between drafts",proposed
shorinkan,shorin-ryu-shorinkan,Shorin-Ryu Shorinkan,kobayashi-shorin-ryu,shuri-te,,,,proposed
shorinryushorinkan,shorin-ryu-shorinkan,Shorin-Ryu Shorinkan,kobayashi-shorin-ryu,shuri-te,,,"Scrape artefact, concatenated",proposed
Shorin Ryu Shubukan,shorin-ryu-shubukan,Shorin-Ryu Shubukan,kobayashi-shorin-ryu,shuri-te,Jōki Uema,1962,Uema dojo line. Curators disagreed: A collapsed into shorin-ryu; kept separate as an organised lineage | [taxonomy:shorin-ryu-tree/confirmed] https://www.shubukan.jp/ | https://okinawa-karate-navi.com/en/dojo/detail/104/,proposed
Shorinji-Ryu,shorinji-ryu,Shorinji-Ryu,shorin-ryu,shuri-te,Jōen Nakazato (lineage of Chōtoku Kyan),1954, | [taxonomy:shorin-ryu-tree/confirmed] http://www.okinawakarateshorinjiryu.com/lineage.html | https://worldbudoalliance.org/history-of-shorinji-ryu-karate/,proposed
Shorinjiryu,shorinji-ryu,Shorinji-Ryu,shuri-te,shuri-te,,,,proposed
shorinjiryu,shorinji-ryu,Shorinji-Ryu,shuri-te,shuri-te,,,,proposed
Shorinji-ryu Renshinkan,shorinji-ryu-renshinkan,Shorinji-Ryu Renshinkan,shorinji-ryu,shuri-te,Isamu Tamotsu,1955,Tamotsu Isamu | [taxonomy:shorin-ryu-tree/confirmed] https://worldbudoalliance.org/history-of-shorinji-ryu-karate/,proposed
Shorinjiryu Kenkokan,shorinjiryu-kenkokan,Shorinjiryu Kenkokan,shorin-ryu,shuri-te,Kōri Hisataka (Kudaka),1945,Hisataka Kori | [taxonomy:shorin-ryu-tree/confirmed] https://en.wikipedia.org/wiki/Sh%C5%8Drinjiry%C5%AB_Kenk%C5%8Dkan_Karate | https://en.wikipedia.org/wiki/K%C5%8Dri_Hisataka,proposed
Shorinjiryu Kenkokan Karate,shorinjiryu-kenkokan,Shorinjiryu Kenkokan,shorinji-ryu,shuri-te,,,,proposed
Shorinjiryu Kenyukai Watanabe Ha Karate,shorinjiryu-kenyukai,Shorinjiryu Kenyukai,shorinjiryu-kenkokan,shuri-te,Shunji Watanabe,1973,Watanabe branch of Kenkokan | [taxonomy:shorin-ryu-tree/confirmed] https://en.wikipedia.org/wiki/Shunji_Watanabe | https://www.shorinjiryu.org/kenyukai-watanabe-ha/,proposed
Shoto-kai,shotokai,Shotokai,shotokan,japanese,Shigeru Egami,1957," | [taxonomy:Mainland Japanese + Korean trees (Shotokan, Wado, Chito, Shudokan group, Shindo Jinen-ryu, Kushin-ryu, Koei-kan, Kyokushin tree, Taekwondo kwans, ITF/Kukkiwon, Tang Soo Do/Soo Bahk Do)/plausible] https://en.wikipedia.org/wiki/S",proposed
Shotokai,shotokai,Shotokai,shotokan,japanese,,,Egami Shigeru,proposed
Karatenomichi World Federation,shotokan,Shotokan,shuri-te,japanese,Gichin Funakoshi,1936,"KWF (Yahara Mikio), Shotokan organisation | [taxonomy:Mainland Japanese + Korean trees (Shotokan, Wado, Chito, Shudokan group, Shindo Jinen-ryu, Kushin-ryu, Koei-kan, Kyokushin tree, Taekwondo kwans, ITF/Kukkiwon, Tang Soo Do/Soo Bahk Do)/c",proposed
Shoto-ryu,shotokan,Shotokan,shuri-te,japanese,,,Shoto-ryu variant label,proposed
Shotokan,shotokan,Shotokan,shuri-te,japanese,,,"Funakoshi Gichin, from Shuri-te",proposed
Shotokan Karate,shotokan,Shotokan,shuri-te,japanese,,,,proposed
Shotokan Karate of America,shotokan,Shotokan,shuri-te,japanese,,,"SKA (Ohshima Tsutomu), organisation",proposed
Shotokan Ryu,shotokan,Shotokan,shuri-te,japanese,,,,proposed
Shotokan-Ryu,shotokan,Shotokan,shuri-te,japanese,,,,proposed
Shotokan-ryu,shotokan,Shotokan,shuri-te,japanese,,,,proposed
Shotoryu,shotokan,Shotokan,shuri-te,japanese,,,Variant label,proposed
shotokanryu,shotokan,Shotokan,shuri-te,japanese,,,,proposed
shotoryu,shotokan,Shotokan,shuri-te,japanese,,,Variant label,proposed
Shudokan,shudokan,Shudokan,shuri-te,shuri-te,Kanken Tōyama,1930,"Toyama Kanken, Itosu student | [taxonomy:Mainland Japanese + Korean trees (Shotokan, Wado, Chito, Shudokan group, Shindo Jinen-ryu, Kushin-ryu, Koei-kan, Kyokushin tree, Taekwondo kwans, ITF/Kukkiwon, Tang Soo Do/Soo Bahk Do)/confirmed] htt",proposed
Shudokan Aikido,shudokan-aikido,Shudokan Aikido,aikido,other,,,"Aikido school, distinct from Toyama Kanken's karate Shudokan. A collapsed it into aikido; kept separate to avoid confusion with the karate Shudokan",proposed
Shukokai,shukokai,Shukokai,shito-ryu,japanese,Chojiro Tani,1946,Tani Chojiro | [taxonomy:shito-ryu/confirmed] https://en.wikipedia.org/wiki/Sh%C5%ABk%C5%8Dkai | https://shukokai-world.net/shito-ryu-shukokai-masters/,proposed
Shuri-ryu,shuri-ryu,Shuri-Ryu,shuri-te,shuri-te,Robert Trias,1946,"Robert Trias, American style claiming Shuri-te roots | [taxonomy:Mainland Japanese + Korean trees (Shotokan, Wado, Chito, Shudokan group, Shindo Jinen-ryu, Kushin-ryu, Koei-kan, Kyokushin tree, Taekwondo kwans, ITF/Kukkiwon, Tang Soo Do/Soo",proposed
Okinawan martial artsShuri-te,shuri-te,Shuri-te,te,shuri-te,,,Scrape artefact prefix,proposed
Shuri-te,shuri-te,Shuri-te,te,shuri-te,,,,proposed
Korean Taekwondo,taekwondo,Taekwondo,shotokan,korean,"Collective (kwan founders); name adopted 1955, championed by Choi Hong-hi",1955," | [taxonomy:Mainland Japanese + Korean trees (Shotokan, Wado, Chito, Shudokan group, Shindo Jinen-ryu, Kushin-ryu, Koei-kan, Kyokushin tree, Taekwondo kwans, ITF/Kukkiwon, Tang Soo Do/Soo Bahk Do)/confirmed] https://en.wikipedia.org/wiki/T",proposed
Tae Kwon Do,taekwondo,Taekwondo,shotokan,korean,,,,proposed
Taekwon-do,taekwondo,Taekwondo,shotokan,korean,,,Historically via Shotokan-trained kwan founders,proposed
Taekwondo,taekwondo,Taekwondo,shotokan,korean,,,,proposed
Takenouchi-ryu,takenouchi-ryu,Takenouchi-Ryu,,other,,,Jujutsu koryu,proposed
Korean Tang Soo Do,tang-soo-do,Tang Soo Do,shotokan,korean,Hwang Kee,1945,"Hwang Kee, Moo Duk Kwan; hyung largely derived from Shotokan sources, so parent shotokan. Curators disagreed: B left parent empty (lineage contested) | [taxonomy:Mainland Japanese + Korean trees (Shotokan, Wado, Chito, Shudokan group, Shind",proposed
Tang Soo Do,tang-soo-do,Tang Soo Do,shotokan,korean,,,"Hwang Kee, Moo Duk Kwan; hyung largely derived from Shotokan sources, so parent shotokan. Curators disagreed: B left parent empty (lineage contested)",proposed
Okinawa-te,te,Te,,te,,,Okinawa-te variant of the precursor term,proposed
Te,te,Te,,te,,,Pre-style Okinawan precursor,proposed
Tode,te,Te,,te,,,"Tode ('Chinese hand') precursor term; collapsed into te. Curators disagreed: A kept a separate tode node, B collapsed; reconciled to te since it denotes the same pre-style precursor, not a distinct organised style",proposed
Tote,te,Te,,te,,,"Tote spelling variant of Tode; collapsed into te. Curators disagreed: A kept a separate tode node, B collapsed; reconciled to te since it denotes the same pre-style precursor, not a distinct organised style",proposed
Tendo-ryu,tendo-ryu,Tendo-Ryu,,other,,,Naginatajutsu koryu,proposed
Tenjin Shinyo ryu,tenjin-shinyo-ryu,Tenjin Shinyo-Ryu,,other,,,,proposed
Tenjin Shinyo-ryu,tenjin-shinyo-ryu,Tenjin Shinyo-Ryu,,other,,,Jujutsu koryu,proposed
Matsumora-type Tomari-te,tomari-te,Tomari-te,te,tomari-te,,,Matsumora Kosaku line,proposed
Tomari-te,tomari-te,Tomari-te,te,tomari-te,,,,proposed
tomarite,tomari-te,Tomari-te,te,tomari-te,,,,proposed
Toon-Ryu,toon-ryu,Toon-Ryu,naha-te,naha-te,Kyoda Jūhatsu,1934,"Kyoda Juhatsu, from Higaonna Kanryo | [taxonomy:kobudo + uechi-ryu + remaining trees (ryuei-ryu, kojo-ryu, toon-ryu, motobu, kishimoto-di, bugeikan, genseiryu/taido)/plausible] https://en.wikipedia.org/wiki/T%C5%8Don-ry%C5%AB",proposed
Toshin-ryu,toshin-ryu,Toshin-Ryu,,other,,,"Koryu, identification uncertain",proposed
Toyama-ryu,toyama-ryu,Toyama-Ryu,,other,,,Military-derived swordsmanship; unrelated to Toyama Kanken's Shudokan,proposed
Kenyukai Uechi-Ryu,uechi-ryu,Uechi-Ryu,pangai-noon,uechi-ryu,Uechi Kanbun,1932,"Kenyukai branch | [taxonomy:kobudo + uechi-ryu + remaining trees (ryuei-ryu, kojo-ryu, toon-ryu, motobu, kishimoto-di, bugeikan, genseiryu/taido)/confirmed] https://en.wikipedia.org/wiki/Uechi-Ry%C5%AB",proposed
Uechi Kan,uechi-ryu,Uechi-Ryu,,uechi-ryu,,,Dojo/organisational variant,proposed
Uechi-Ryu,uechi-ryu,Uechi-Ryu,,uechi-ryu,,,Uechi Kanbun; from Fujian Pangai-noon,proposed
Uechiryu,uechi-ryu,Uechi-Ryu,,uechi-ryu,,,,proposed
uechiryu,uechi-ryu,Uechi-Ryu,,uechi-ryu,,,,proposed
CategorieWado-ryu,wado-ryu,Wado-Ryu,shotokan,japanese,Hironori Ōtsuka,1934,"Scrape artefact (category prefix) | [taxonomy:Mainland Japanese + Korean trees (Shotokan, Wado, Chito, Shudokan group, Shindo Jinen-ryu, Kushin-ryu, Koei-kan, Kyokushin tree, Taekwondo kwans, ITF/Kukkiwon, Tang Soo Do/Soo Bahk Do)/confirmed",proposed
WADOKAI,wado-ryu,Wado-Ryu,shotokan,japanese,,,,proposed
Wado-Kai,wado-ryu,Wado-Ryu,shotokan,japanese,,,JKF Wadokai organisational variant,proposed
Wado-Ryu,wado-ryu,Wado-Ryu,shotokan,japanese,,,Otsuka Hironori; Shotokan plus Shindo Yoshin-ryu jujutsu,proposed
WadoKai,wado-ryu,Wado-Ryu,shotokan,japanese,,,,proposed
Wadokai,wado-ryu,Wado-Ryu,shotokan,japanese,,,Organisational variant,proposed
wadokai,wado-ryu,Wado-Ryu,shotokan,japanese,,,,proposed
wadoryu,wado-ryu,Wado-Ryu,shotokan,japanese,,,,proposed
Washin-Ryu karate,washin-ryu,Washin-Ryu,,japanese,Hidy Ochiai,1966,"Hidy Ochiai | [taxonomy:Mainland Japanese + Korean trees (Shotokan, Wado, Chito, Shudokan group, Shindo Jinen-ryu, Kushin-ryu, Koei-kan, Kyokushin tree, Taekwondo kwans, ITF/Kukkiwon, Tang Soo Do/Soo Bahk Do)/confirmed] https://en.wikipedia",proposed
World Oyama Karate,world-oyama,World Oyama Karate,kyokushin,kyokushin,Shigeru Ōyama,1985,"Oyama Shigeru | [taxonomy:Mainland Japanese + Korean trees (Shotokan, Wado, Chito, Shudokan group, Shindo Jinen-ryu, Kushin-ryu, Koei-kan, Kyokushin tree, Taekwondo kwans, ITF/Kukkiwon, Tang Soo Do/Soo Bahk Do)/confirmed] https://en.wikiped",proposed
Yagyu Shingan-ryu,yagyu-shingan-ryu,Yagyu Shingan-Ryu,,other,,,Sogo bujutsu koryu,proposed
Kuwana Han-den Yamamoto-ryu,yamamoto-ryu,Kuwana Han-den Yamamoto-Ryu,,other,,,Iaijutsu koryu,proposed
Yamanni-Ryu,yamanni-ryu,Yamanni-Ryu,okinawan-kobudo,kobudo,Chinen Masami (named the style; Chinen family lineage from Chinen Umikana),,"Okinawan bojutsu lineage (Yamane-ryu). Curators disagreed on parent: B used generic okinawan-kobudo umbrella, A left empty; reconciled to empty since okinawan-kobudo is a generic label, not a lineage parent | [taxonomy:kobudo + uechi-ryu + ",proposed
Yoseikan,yoseikan-budo,Yoseikan Budo,,other,,,Mochizuki Minoru composite budo,proposed
Yoseikan Budo,yoseikan-budo,Yoseikan Budo,,other,,,,proposed
Yoseikan Karate,yoseikan-budo,Yoseikan Budo,,other,,,"Karate line within Yoseikan, via Funakoshi",proposed
Yoshin-ryu,yoshin-ryu,Yoshin-Ryu,,other,,,Jujutsu koryu,proposed
Yoshinkan,yoshinkan-aikido,Yoshinkan Aikido,aikido,other,,,Shioda Gozo,proposed
Yoshinkan Aikido,yoshinkan-aikido,Yoshinkan Aikido,aikido,other,,,,proposed
Aikido Yoshokai,yoshokai-aikido,Yoshokai Aikido,yoshinkan-aikido,other,,,Kushida Takashi,proposed
Yoshokai,yoshokai-aikido,Yoshokai Aikido,yoshinkan-aikido,other,,,,proposed
Yoshukai Karate,yoshukai,Yoshukai,chito-ryu,japanese,Katsuoh Yamamoto,1963,"Yamamoto Mamoru, Chito-Ryu offshoot | [taxonomy:Mainland Japanese + Korean trees (Shotokan, Wado, Chito, Shudokan group, Shindo Jinen-ryu, Kushin-ryu, Koei-kan, Kyokushin tree, Taekwondo kwans, ITF/Kukkiwon, Tang Soo Do/Soo Bahk Do)/confirm",proposed
Okinawa Kenpo,okinawa-kenpo,Okinawa Kenpō,,shuri-te,Shigeru Nakamura,1953,"[wave4] Shigeru Nakamura's style, continued by Seikichi Odo; blends Shuri and Tomari te | [taxonomy:shorin-ryu-tree/confirmed] http://www.ikkf.org/history.html | https://dojosanrin.com/okinawa-kenpo-karate/",proposed
Okinawan Kenpo,okinawa-kenpo,Okinawa Kenpō,,shuri-te,,,[wave4],proposed
okinawa-kenpo,okinawa-kenpo,Okinawa Kenpō,,shuri-te,,,[wave4],proposed
ryukyu-kempo,okinawa-kenpo,Okinawa Kenpō,,shuri-te,,,[wave4] Term used broadly for the Nakamura/Oyata line,proposed
ryu-te,ryu-te,Ryū-te,okinawa-kenpo,shuri-te,Seiyū Oyata,1995,"[wave4] Seiyu Oyata's art, from Okinawa Kenpō | [taxonomy:shorin-ryu-tree/confirmed] https://en.wikipedia.org/wiki/Ry%C5%ABky%C5%AB_Kempo",proposed
ufuchiku-kobujutsu,ufuchiku-kobujutsu,Ufuchiku Kobujutsu,okinawan-kobudo,kobudo,Kanagusuku Sanda (Ufuchiku),,"[wave4] Kanagusuku/Kina police kobudō line | [taxonomy:kobudo + uechi-ryu + remaining trees (ryuei-ryu, kojo-ryu, toon-ryu, motobu, kishimoto-di, bugeikan, genseiryu/taido)/confirmed] https://en.wikipedia.org/wiki/Ufuchiku_Kobudo",proposed
kishimoto-di,kishimoto-di,KishimotoDi,shuri-te,shuri-te,Kishimoto Sōkō (lineage from Tachimura no Pēchin),,"[wave4] Tachimura/Kishimoto shuri-te tradition | [taxonomy:kobudo + uechi-ryu + remaining trees (ryuei-ryu, kojo-ryu, toon-ryu, motobu, kishimoto-di, bugeikan, genseiryu/taido)/plausible] https://blackbeltwiki.com/kishimotodi | https://ilpr",proposed
hayashi-ha-shito-ryu,hayashi-ha-shito-ryu,Hayashi-ha Shitō-ryū,shito-ryu,japanese,Teruo Hayashi,1970,[wave4] Teruo Hayashi's school | [taxonomy:shito-ryu/confirmed] https://www.internationalshitoryu.com/aboutus/organization-chart/hayashi-teruo/ | http://www.hayashiha.jp/english/,proposed
taido,taido,Taidō,genseiryu,shuri-te,Shukumine Seiken,1965,"[wave4] Seiken Shukumine's art | [taxonomy:kobudo + uechi-ryu + remaining trees (ryuei-ryu, kojo-ryu, toon-ryu, motobu, kishimoto-di, bugeikan, genseiryu/taido)/confirmed] https://en.wikipedia.org/wiki/Genseiry%C5%AB | https://en.wikipedia.",proposed
soo-bahk-do,tang-soo-do,Tang Soo Do,,korean,,,[wave4] Hwang Kee's later name for his art,proposed
Matsumura Seito Shorin-ryu,matsumura-seito,Matsumura Seitō,,shuri-te,,,[wave4],proposed
Matsumura Kenpo Shorin-ryu,matsumura-seito,Matsumura Seitō,,shuri-te,,,[wave4] Kenshinkan/Kise line label,proposed
Kenshinkan,matsumura-seito,Matsumura Seitō,,shuri-te,,,[wave4] Fusei Kise's organisation,proposed
Konan-ryu,matsumura-seito,Matsumura Seitō,,shuri-te,,,[wave4] Takaya Yabiku's organisation,proposed
Okinawan kobudo,okinawan-kobudo,Okinawan kobudō,,kobudo,,,[wave4],proposed
Okinawan karate,okinawan-karate-generic,Okinawan karate,,other,,,[wave4],proposed
shobukan,goju-ryu,Gōjū-ryū,,naha-te,,,[wave4] Masanobu Shinjo's Shobukan dojo (Gōjū),proposed
tani-ha-shito-ryu,shukokai,Shūkōkai,,japanese,,,[wave4] Tani-ha Shitō-ryū = Shūkōkai,proposed
seito-shito-ryu,shito-ryu,Shitō-ryū,,japanese,,,[wave4] Kenzo Mabuni's seitō (orthodox) line,proposed
kotaka-ha-shito-ryu,shito-ryu,Shitō-ryū,,japanese,,,[wave4] Chuzo Kotaka's school,proposed
kuniba-ryu,motobu-ha-shito-ryu,Motobu-ha Shitō-ryū,,japanese,,,[wave4] Kuniba family's Motobu-ha,proposed
kenshikai,goju-ryu,Gōjū-ryū,,naha-te,,,[wave4] Tetsuhiro Hokama's Kenshikai (Gōjū + kobudō),proposed
nisei-goju,goju-ryu,Gōjū-ryū,,naha-te,,,[wave4] Peter Urban's American Nisei Gōjū,proposed
shogen-ryu,matsubayashi-ryu,Matsubayashi-ryū,,shuri-te,,,[wave4] Taba Kensei's post-Nagamine branch,proposed
Shorinji-ryu,shorinji-ryu,Shōrinji-ryū,,shuri-te,,,[wave4],proposed
pangai-noon,uechi-ryu,Uechi-ryū,,uechi-ryu,,,[wave4] Original name of Kanbun Uechi's art,proposed
tozan-ryu,shorin-ryu,Shōrin-ryū,,shuri-te,,,[wave4] Seiki Toma's school label,proposed
yuishinkai,ryukyu-kobudo,Ryūkyū kobudō,,kobudo,,,[wave4] Motokatsu Inoue's kobujutsu organisation,proposed
Shorin-ryu,shorin-ryu,Shōrin-ryū,,shuri-te,,,[wave4],proposed
Shorin-ryu (Sukunai Hayashi),shobayashi-shorin-ryu,Shōbayashi Shōrin-ryū,,shuri-te,,,[wave4] Sukunaihayashi = Shōbayashi (Kyan/Eizo Shimabukuro line),proposed
Dentokan,seidokan,Seidokan,,shuri-te,,,"[wave4] Roy Hobbs' organisation, from the Toma Seidokan line",proposed
Jindokai,shorin-ryu,Shōrin-ryū,,shuri-te,,,[wave4] Organisation label carried alongside Seidokan/Shorin-ryu,proposed
koei-kan,koei-kan,Kōei-kan,shudokan,japanese,Eizo Onishi,1952,"[wave4] Eizo Onishi's style (Kanken Toyama / Juhatsu Kyoda lineage) | [taxonomy:Mainland Japanese + Korean trees (Shotokan, Wado, Chito, Shudokan group, Shindo Jinen-ryu, Kushin-ryu, Koei-kan, Kyokushin tree, Taekwondo kwans, ITF/Kukkiwon, ",proposed
american-kenpo,american-kenpo,American Kenpo,kara-ho-kempo,kenpo,Ed Parker,1954,"[taxonomy:kenpo + international trees (kenpo family, American karate offshoots, Nanbu styles)/confirmed] https://en.wikipedia.org/wiki/American_Kenpo | https://en.wikipedia.org/wiki/Ed_Parker",proposed
ed-parker-kenpo,american-kenpo,American Kenpo,kara-ho-kempo,kenpo,Ed Parker,1954,"[taxonomy:kenpo + international trees (kenpo family, American karate offshoots, Nanbu styles)/confirmed] https://en.wikipedia.org/wiki/American_Kenpo | https://en.wikipedia.org/wiki/Ed_Parker",proposed
kenpo-karate,american-kenpo,American Kenpo,kara-ho-kempo,kenpo,Ed Parker,1954,"[taxonomy:kenpo + international trees (kenpo family, American karate offshoots, Nanbu styles)/confirmed] https://en.wikipedia.org/wiki/American_Kenpo | https://en.wikipedia.org/wiki/Ed_Parker",proposed
New International Karate Organization,ashihara,Ashihara Karate,kyokushin,kyokushin,Hideyuki Ashihara,1980,"[taxonomy:Mainland Japanese + Korean trees (Shotokan, Wado, Chito, Shudokan group, Shindo Jinen-ryu, Kushin-ryu, Koei-kan, Kyokushin tree, Taekwondo kwans, ITF/Kukkiwon, Tang Soo Do/Soo Bahk Do)/confirmed] https://en.wikipedia.org/wiki/Ashi",proposed
bugeikan,bugeikan,Bugeikan,te,te,Higa Seitoku,1951,"[taxonomy:kobudo + uechi-ryu + remaining trees (ryuei-ryu, kojo-ryu, toon-ryu, motobu, kishimoto-di, bugeikan, genseiryu/taido)/plausible] http://londonschoolofkarate.com/2018/07/03/what-does-bugeikan-mean/ | https://ilpracticalkarate.com/k",proposed
(synthetic),bunbukan,Okinawa Dentō Kobudō Hozonkai Bunbukan,ryukyu-kobudo,kobudo,Nakamoto Masahiro,1982,"[taxonomy:kobudo + uechi-ryu + remaining trees (ryuei-ryu, kojo-ryu, toon-ryu, motobu, kishimoto-di, bugeikan, genseiryu/taido)/confirmed] http://www.theokinawan.com/kobudobook.php | https://www.patreon.com/posts/nakamoto-106131775",proposed
Okinawa Dentō Kobudō Hozonkai Bunbukan,bunbukan,Okinawa Dentō Kobudō Hozonkai Bunbukan,ryukyu-kobudo,kobudo,Nakamoto Masahiro,1982,"[taxonomy:kobudo + uechi-ryu + remaining trees (ryuei-ryu, kojo-ryu, toon-ryu, motobu, kishimoto-di, bugeikan, genseiryu/taido)/confirmed] http://www.theokinawan.com/kobudobook.php | https://www.patreon.com/posts/nakamoto-106131775",proposed
(synthetic),chang-moo-kwan,Chang Moo Kwan,taekwondo,korean,Yoon Byung-in,1946,"[taxonomy:Mainland Japanese + Korean trees (Shotokan, Wado, Chito, Shudokan group, Shindo Jinen-ryu, Kushin-ryu, Koei-kan, Kyokushin tree, Taekwondo kwans, ITF/Kukkiwon, Tang Soo Do/Soo Bahk Do)/confirmed] https://en.wikipedia.org/wiki/Chan",proposed
Chang Moo Kwan,chang-moo-kwan,Chang Moo Kwan,taekwondo,korean,Yoon Byung-in,1946,"[taxonomy:Mainland Japanese + Korean trees (Shotokan, Wado, Chito, Shudokan group, Shindo Jinen-ryu, Kushin-ryu, Koei-kan, Kyokushin tree, Taekwondo kwans, ITF/Kukkiwon, Tang Soo Do/Soo Bahk Do)/confirmed] https://en.wikipedia.org/wiki/Chan",proposed
Changmookwan,chang-moo-kwan,Chang Moo Kwan,taekwondo,korean,Yoon Byung-in,1946,"[taxonomy:Mainland Japanese + Korean trees (Shotokan, Wado, Chito, Shudokan group, Shindo Jinen-ryu, Kushin-ryu, Koei-kan, Kyokushin tree, Taekwondo kwans, ITF/Kukkiwon, Tang Soo Do/Soo Bahk Do)/confirmed] https://en.wikipedia.org/wiki/Chan",proposed
YMCA Kwon Bup Bu,chang-moo-kwan,Chang Moo Kwan,taekwondo,korean,Yoon Byung-in,1946,"[taxonomy:Mainland Japanese + Korean trees (Shotokan, Wado, Chito, Shudokan group, Shindo Jinen-ryu, Kushin-ryu, Koei-kan, Kyokushin tree, Taekwondo kwans, ITF/Kukkiwon, Tang Soo Do/Soo Bahk Do)/confirmed] https://en.wikipedia.org/wiki/Chan",proposed
(synthetic),chinese-goju,Chinese Gōjū,usa-goju,naha-te,Ron Van Clief,1971,"[taxonomy:Goju-ryu complete tree (Okinawan branches, Japanese Goju-kai and its offshoots)/confirmed] https://en.wikipedia.org/wiki/Ron_van_Clief | https://ronvanclief.com/chinesegoju.html",proposed
Chinese Gōjū,chinese-goju,Chinese Gōjū,usa-goju,naha-te,Ron Van Clief,1971,"[taxonomy:Goju-ryu complete tree (Okinawan branches, Japanese Goju-kai and its offshoots)/confirmed] https://en.wikipedia.org/wiki/Ron_van_Clief | https://ronvanclief.com/chinesegoju.html",proposed
chinese-goju,chinese-goju,Chinese Gōjū,usa-goju,naha-te,Ron Van Clief,1971,"[taxonomy:Goju-ryu complete tree (Okinawan branches, Japanese Goju-kai and its offshoots)/confirmed] https://en.wikipedia.org/wiki/Ron_van_Clief | https://ronvanclief.com/chinesegoju.html",proposed
chuck-norris-system,chun-kuk-do,Chun Kuk Do,tang-soo-do,korean,Chuck Norris,1990,"[taxonomy:kenpo + international trees (kenpo family, American karate offshoots, Nanbu styles)/confirmed] https://en.wikipedia.org/wiki/Chun_Kuk_Do",proposed
chun-kuk-do,chun-kuk-do,Chun Kuk Do,tang-soo-do,korean,Chuck Norris,1990,"[taxonomy:kenpo + international trees (kenpo family, American karate offshoots, Nanbu styles)/confirmed] https://en.wikipedia.org/wiki/Chun_Kuk_Do",proposed
(synthetic),chung-do-kwan,Chung Do Kwan,taekwondo,korean,Won Kuk Lee,1944,"[taxonomy:Mainland Japanese + Korean trees (Shotokan, Wado, Chito, Shudokan group, Shindo Jinen-ryu, Kushin-ryu, Koei-kan, Kyokushin tree, Taekwondo kwans, ITF/Kukkiwon, Tang Soo Do/Soo Bahk Do)/confirmed] https://en.wikipedia.org/wiki/Chun",proposed
Chung Do Kwan,chung-do-kwan,Chung Do Kwan,taekwondo,korean,Won Kuk Lee,1944,"[taxonomy:Mainland Japanese + Korean trees (Shotokan, Wado, Chito, Shudokan group, Shindo Jinen-ryu, Kushin-ryu, Koei-kan, Kyokushin tree, Taekwondo kwans, ITF/Kukkiwon, Tang Soo Do/Soo Bahk Do)/confirmed] https://en.wikipedia.org/wiki/Chun",proposed
Chungdokwan,chung-do-kwan,Chung Do Kwan,taekwondo,korean,Won Kuk Lee,1944,"[taxonomy:Mainland Japanese + Korean trees (Shotokan, Wado, Chito, Shudokan group, Shindo Jinen-ryu, Kushin-ryu, Koei-kan, Kyokushin tree, Taekwondo kwans, ITF/Kukkiwon, Tang Soo Do/Soo Bahk Do)/confirmed] https://en.wikipedia.org/wiki/Chun",proposed
Sabaki Challenge,enshin,Enshin Karate,ashihara,kyokushin,Jōkō Ninomiya,1988,"[taxonomy:Mainland Japanese + Korean trees (Shotokan, Wado, Chito, Shudokan group, Shindo Jinen-ryu, Kushin-ryu, Koei-kan, Kyokushin tree, Taekwondo kwans, ITF/Kukkiwon, Tang Soo Do/Soo Bahk Do)/confirmed] https://en.wikipedia.org/wiki/Ensh",proposed
(synthetic),genbu-kai,Demura-ha Shitō-ryū Genbu-kai,itosu-ryu,japanese,Fumio Demura,1999,[taxonomy:shito-ryu/confirmed] https://www.genbukai.org/ | https://en.wikipedia.org/wiki/Fumio_Demura,proposed
Demura-ha Shitō-ryū Genbu-kai,genbu-kai,Demura-ha Shitō-ryū Genbu-kai,itosu-ryu,japanese,Fumio Demura,1999,[taxonomy:shito-ryu/confirmed] https://www.genbukai.org/ | https://en.wikipedia.org/wiki/Fumio_Demura,proposed
Genbu-Kai,genbu-kai,Demura-ha Shitō-ryū Genbu-kai,itosu-ryu,japanese,Fumio Demura,1999,[taxonomy:shito-ryu/confirmed] https://www.genbukai.org/ | https://en.wikipedia.org/wiki/Fumio_Demura,proposed
Shito-Ryu Karate-Do Genbu-Kai International,genbu-kai,Demura-ha Shitō-ryū Genbu-kai,itosu-ryu,japanese,Fumio Demura,1999,[taxonomy:shito-ryu/confirmed] https://www.genbukai.org/ | https://en.wikipedia.org/wiki/Fumio_Demura,proposed
(synthetic),genseiryu,Genseiryū,shuri-te,shuri-te,Shukumine Seiken,1953,"[taxonomy:kobudo + uechi-ryu + remaining trees (ryuei-ryu, kojo-ryu, toon-ryu, motobu, kishimoto-di, bugeikan, genseiryu/taido)/confirmed] https://en.wikipedia.org/wiki/Genseiry%C5%AB",proposed
Gensei-ryu,genseiryu,Genseiryū,shuri-te,shuri-te,Shukumine Seiken,1953,"[taxonomy:kobudo + uechi-ryu + remaining trees (ryuei-ryu, kojo-ryu, toon-ryu, motobu, kishimoto-di, bugeikan, genseiryu/taido)/confirmed] https://en.wikipedia.org/wiki/Genseiry%C5%AB",proposed
Genseiryū,genseiryu,Genseiryū,shuri-te,shuri-te,Shukumine Seiken,1953,"[taxonomy:kobudo + uechi-ryu + remaining trees (ryuei-ryu, kojo-ryu, toon-ryu, motobu, kishimoto-di, bugeikan, genseiryu/taido)/confirmed] https://en.wikipedia.org/wiki/Genseiry%C5%AB",proposed
gensei-ryu,genseiryu,Genseiryū,shuri-te,shuri-te,Shukumine Seiken,1953,"[taxonomy:kobudo + uechi-ryu + remaining trees (ryuei-ryu, kojo-ryu, toon-ryu, motobu, kishimoto-di, bugeikan, genseiryu/taido)/confirmed] https://en.wikipedia.org/wiki/Genseiry%C5%AB",proposed
IKGA,goju-kai,Goju-Kai,goju-ryu,naha-te,Gogen Yamaguchi,1950,"[taxonomy:Goju-ryu complete tree (Okinawan branches, Japanese Goju-kai and its offshoots)/confirmed] https://en.wikipedia.org/wiki/G%C5%8Dgen_Yamaguchi | https://www.gojukaikaratedo.com/IKGA-Management.php?sectionid=ingodejong",proposed
JKGA,goju-kai,Goju-Kai,goju-ryu,naha-te,Gogen Yamaguchi,1950,"[taxonomy:Goju-ryu complete tree (Okinawan branches, Japanese Goju-kai and its offshoots)/confirmed] https://en.wikipedia.org/wiki/G%C5%8Dgen_Yamaguchi | https://www.gojukaikaratedo.com/IKGA-Management.php?sectionid=ingodejong",proposed
goju-kai,goju-kai,Goju-Kai,goju-ryu,naha-te,Gogen Yamaguchi,1950,"[taxonomy:Goju-ryu complete tree (Okinawan branches, Japanese Goju-kai and its offshoots)/confirmed] https://en.wikipedia.org/wiki/G%C5%8Dgen_Yamaguchi | https://www.gojukaikaratedo.com/IKGA-Management.php?sectionid=ingodejong",proposed
剛柔会,goju-kai,Goju-Kai,goju-ryu,naha-te,Gogen Yamaguchi,1950,"[taxonomy:Goju-ryu complete tree (Okinawan branches, Japanese Goju-kai and its offshoots)/confirmed] https://en.wikipedia.org/wiki/G%C5%8Dgen_Yamaguchi | https://www.gojukaikaratedo.com/IKGA-Management.php?sectionid=ingodejong",proposed
(synthetic),goju-kai-usa,Gōjū-Kai Karate-dō USA,goju-kai,naha-te,Gosei Yamaguchi,1964,"[taxonomy:Goju-ryu complete tree (Okinawan branches, Japanese Goju-kai and its offshoots)/confirmed] https://www.gojukai.com/about/ | https://www.usadojo.com/gosei-yamaguchi/",proposed
Gōjū-Kai Karate-dō USA,goju-kai-usa,Gōjū-Kai Karate-dō USA,goju-kai,naha-te,Gosei Yamaguchi,1964,"[taxonomy:Goju-ryu complete tree (Okinawan branches, Japanese Goju-kai and its offshoots)/confirmed] https://www.gojukai.com/about/ | https://www.usadojo.com/gosei-yamaguchi/",proposed
goju-kai-usa,goju-kai-usa,Gōjū-Kai Karate-dō USA,goju-kai,naha-te,Gosei Yamaguchi,1964,"[taxonomy:Goju-ryu complete tree (Okinawan branches, Japanese Goju-kai and its offshoots)/confirmed] https://www.gojukai.com/about/ | https://www.usadojo.com/gosei-yamaguchi/",proposed
(synthetic),goju-kensha,Gōjū Kensha,senbukan,naha-te,Tadahiko Otsuka,1970,"[taxonomy:Goju-ryu complete tree (Okinawan branches, Japanese Goju-kai and its offshoots)/confirmed] https://jamessumarac.com/an-interview-with-sensei-tadahiko-ohtsuka-part-1/ | https://kinshinkai.com/about-us-our-formative-influences-goju-",proposed
Gōjū Kensha,goju-kensha,Gōjū Kensha,senbukan,naha-te,Tadahiko Otsuka,1970,"[taxonomy:Goju-ryu complete tree (Okinawan branches, Japanese Goju-kai and its offshoots)/confirmed] https://jamessumarac.com/an-interview-with-sensei-tadahiko-ohtsuka-part-1/ | https://kinshinkai.com/about-us-our-formative-influences-goju-",proposed
goju-kensha,goju-kensha,Gōjū Kensha,senbukan,naha-te,Tadahiko Otsuka,1970,"[taxonomy:Goju-ryu complete tree (Okinawan branches, Japanese Goju-kai and its offshoots)/confirmed] https://jamessumarac.com/an-interview-with-sensei-tadahiko-ohtsuka-part-1/ | https://kinshinkai.com/about-us-our-formative-influences-goju-",proposed
gojukensha,goju-kensha,Gōjū Kensha,senbukan,naha-te,Tadahiko Otsuka,1970,"[taxonomy:Goju-ryu complete tree (Okinawan branches, Japanese Goju-kai and its offshoots)/confirmed] https://jamessumarac.com/an-interview-with-sensei-tadahiko-ohtsuka-part-1/ | https://kinshinkai.com/about-us-our-formative-influences-goju-",proposed
剛柔拳舎,goju-kensha,Gōjū Kensha,senbukan,naha-te,Tadahiko Otsuka,1970,"[taxonomy:Goju-ryu complete tree (Okinawan branches, Japanese Goju-kai and its offshoots)/confirmed] https://jamessumarac.com/an-interview-with-sensei-tadahiko-ohtsuka-part-1/ | https://kinshinkai.com/about-us-our-formative-influences-goju-",proposed
Goju Ryu,goju-ryu,Goju-Ryu,naha-te,naha-te,Chojun Miyagi,1930,"[taxonomy:Goju-ryu complete tree (Okinawan branches, Japanese Goju-kai and its offshoots)/confirmed] https://en.wikipedia.org/wiki/G%C5%8Dj%C5%AB-ry%C5%AB | https://www.houstonkarate.org/benefits/goju-ryu-history",proposed
goju-ryu,goju-ryu,Goju-Ryu,naha-te,naha-te,Chojun Miyagi,1930,"[taxonomy:Goju-ryu complete tree (Okinawan branches, Japanese Goju-kai and its offshoots)/confirmed] https://en.wikipedia.org/wiki/G%C5%8Dj%C5%AB-ry%C5%AB | https://www.houstonkarate.org/benefits/goju-ryu-history",proposed
剛柔流,goju-ryu,Goju-Ryu,naha-te,naha-te,Chojun Miyagi,1930,"[taxonomy:Goju-ryu complete tree (Okinawan branches, Japanese Goju-kai and its offshoots)/confirmed] https://en.wikipedia.org/wiki/G%C5%8Dj%C5%AB-ry%C5%AB | https://www.houstonkarate.org/benefits/goju-ryu-history",proposed
(synthetic),goshukan,Goshukan,seiwakai,naha-te,Stacey Karetsian,2007,"[taxonomy:Goju-ryu complete tree (Okinawan branches, Japanese Goju-kai and its offshoots)/plausible] https://canberra.goshukankarateacademy.com.au/lineage-and-history/",proposed
Goshukan,goshukan,Goshukan,seiwakai,naha-te,Stacey Karetsian,2007,"[taxonomy:Goju-ryu complete tree (Okinawan branches, Japanese Goju-kai and its offshoots)/plausible] https://canberra.goshukankarateacademy.com.au/lineage-and-history/",proposed
goshukan,goshukan,Goshukan,seiwakai,naha-te,Stacey Karetsian,2007,"[taxonomy:Goju-ryu complete tree (Okinawan branches, Japanese Goju-kai and its offshoots)/plausible] https://canberra.goshukankarateacademy.com.au/lineage-and-history/",proposed
Gosoku Ryu,gosoku-ryu,Gosoku-Ryu,shotokan,japanese,Takayuki Kubota,1953,"[taxonomy:Mainland Japanese + Korean trees (Shotokan, Wado, Chito, Shudokan group, Shindo Jinen-ryu, Kushin-ryu, Koei-kan, Kyokushin tree, Taekwondo kwans, ITF/Kukkiwon, Tang Soo Do/Soo Bahk Do)/plausible] https://en.wikipedia.org/wiki/G%C5",proposed
International Karate Association,gosoku-ryu,Gosoku-Ryu,shotokan,japanese,Takayuki Kubota,1953,"[taxonomy:Mainland Japanese + Korean trees (Shotokan, Wado, Chito, Shudokan group, Shindo Jinen-ryu, Kushin-ryu, Koei-kan, Kyokushin tree, Taekwondo kwans, ITF/Kukkiwon, Tang Soo Do/Soo Bahk Do)/plausible] https://en.wikipedia.org/wiki/G%C5",proposed
(synthetic),han-moo-kwan,Han Moo Kwan,ji-do-kwan,korean,Lee Kyo-yoon,1954,"[taxonomy:Mainland Japanese + Korean trees (Shotokan, Wado, Chito, Shudokan group, Shindo Jinen-ryu, Kushin-ryu, Koei-kan, Kyokushin tree, Taekwondo kwans, ITF/Kukkiwon, Tang Soo Do/Soo Bahk Do)/confirmed] https://en.wikipedia.org/wiki/Han_",proposed
Han Moo Kwan,han-moo-kwan,Han Moo Kwan,ji-do-kwan,korean,Lee Kyo-yoon,1954,"[taxonomy:Mainland Japanese + Korean trees (Shotokan, Wado, Chito, Shudokan group, Shindo Jinen-ryu, Kushin-ryu, Koei-kan, Kyokushin tree, Taekwondo kwans, ITF/Kukkiwon, Tang Soo Do/Soo Bahk Do)/confirmed] https://en.wikipedia.org/wiki/Han_",proposed
Hanmookwan,han-moo-kwan,Han Moo Kwan,ji-do-kwan,korean,Lee Kyo-yoon,1954,"[taxonomy:Mainland Japanese + Korean trees (Shotokan, Wado, Chito, Shudokan group, Shindo Jinen-ryu, Kushin-ryu, Koei-kan, Kyokushin tree, Taekwondo kwans, ITF/Kukkiwon, Tang Soo Do/Soo Bahk Do)/confirmed] https://en.wikipedia.org/wiki/Han_",proposed
Hayashi-Ha Shitoryu-Kai,hayashi-ha-shito-ryu,Hayashi-ha Shitō-ryū,shito-ryu,japanese,Teruo Hayashi,1970,[taxonomy:shito-ryu/confirmed] https://www.internationalshitoryu.com/aboutus/organization-chart/hayashi-teruo/ | http://www.hayashiha.jp/english/,proposed
(synthetic),inoue-ha-shito-ryu,Inoue-ha Shitō-ryū Keishin-kai,hayashi-ha-shito-ryu,japanese,Yoshimi Inoue,2004,[taxonomy:shito-ryu/plausible] https://www.inoue-ha-karate.com/about/yoshimi-inoue/ | http://findingkarate.com/wordpress/spotlight-yoshimi-inoue-trainer-of-champions/,proposed
Inoue-ha Shito-ryu,inoue-ha-shito-ryu,Inoue-ha Shitō-ryū Keishin-kai,hayashi-ha-shito-ryu,japanese,Yoshimi Inoue,2004,[taxonomy:shito-ryu/plausible] https://www.inoue-ha-karate.com/about/yoshimi-inoue/ | http://findingkarate.com/wordpress/spotlight-yoshimi-inoue-trainer-of-champions/,proposed
Inoue-ha Shitō-ryū Keishin-kai,inoue-ha-shito-ryu,Inoue-ha Shitō-ryū Keishin-kai,hayashi-ha-shito-ryu,japanese,Yoshimi Inoue,2004,[taxonomy:shito-ryu/plausible] https://www.inoue-ha-karate.com/about/yoshimi-inoue/ | http://findingkarate.com/wordpress/spotlight-yoshimi-inoue-trainer-of-champions/,proposed
Keishin-kai,inoue-ha-shito-ryu,Inoue-ha Shitō-ryū Keishin-kai,hayashi-ha-shito-ryu,japanese,Yoshimi Inoue,2004,[taxonomy:shito-ryu/plausible] https://www.inoue-ha-karate.com/about/yoshimi-inoue/ | http://findingkarate.com/wordpress/spotlight-yoshimi-inoue-trainer-of-champions/,proposed
(synthetic),iogkf,IOGKF (International Okinawan Gōjū-ryū Karate-dō Federation),goju-ryu,naha-te,Morio Higaonna,1979,"[taxonomy:Goju-ryu complete tree (Okinawan branches, Japanese Goju-kai and its offshoots)/confirmed] https://en.wikipedia.org/wiki/Morio_Higaonna",proposed
IOGKF (International Okinawan Gōjū-ryū Karate-dō Federation),iogkf,IOGKF (International Okinawan Gōjū-ryū Karate-dō Federation),goju-ryu,naha-te,Morio Higaonna,1979,"[taxonomy:Goju-ryu complete tree (Okinawan branches, Japanese Goju-kai and its offshoots)/confirmed] https://en.wikipedia.org/wiki/Morio_Higaonna",proposed
iogkf,iogkf,IOGKF (International Okinawan Gōjū-ryū Karate-dō Federation),goju-ryu,naha-te,Morio Higaonna,1979,"[taxonomy:Goju-ryu complete tree (Okinawan branches, Japanese Goju-kai and its offshoots)/confirmed] https://en.wikipedia.org/wiki/Morio_Higaonna",proposed
(synthetic),isshin-ryu-kobudo,Isshin-ryū Kobudō,ryukyu-kobudo,kobudo,Shimabuku Tatsuo,,"[taxonomy:kobudo + uechi-ryu + remaining trees (ryuei-ryu, kojo-ryu, toon-ryu, motobu, kishimoto-di, bugeikan, genseiryu/taido)/confirmed] https://en.wikipedia.org/wiki/Isshin-ry%C5%AB | https://en.wikipedia.org/wiki/Tatsuo_Shimabuku",proposed
Isshin-ryū Kobudō,isshin-ryu-kobudo,Isshin-ryū Kobudō,ryukyu-kobudo,kobudo,Shimabuku Tatsuo,,"[taxonomy:kobudo + uechi-ryu + remaining trees (ryuei-ryu, kojo-ryu, toon-ryu, motobu, kishimoto-di, bugeikan, genseiryu/taido)/confirmed] https://en.wikipedia.org/wiki/Isshin-ry%C5%AB | https://en.wikipedia.org/wiki/Tatsuo_Shimabuku",proposed
(synthetic),itf-taekwondo,ITF Taekwon-Do,taekwondo,korean,Choi Hong-hi,1966,"[taxonomy:Mainland Japanese + Korean trees (Shotokan, Wado, Chito, Shudokan group, Shindo Jinen-ryu, Kushin-ryu, Koei-kan, Kyokushin tree, Taekwondo kwans, ITF/Kukkiwon, Tang Soo Do/Soo Bahk Do)/confirmed] https://en.wikipedia.org/wiki/Inte",proposed
Chang Hon taekwondo,itf-taekwondo,ITF Taekwon-Do,taekwondo,korean,Choi Hong-hi,1966,"[taxonomy:Mainland Japanese + Korean trees (Shotokan, Wado, Chito, Shudokan group, Shindo Jinen-ryu, Kushin-ryu, Koei-kan, Kyokushin tree, Taekwondo kwans, ITF/Kukkiwon, Tang Soo Do/Soo Bahk Do)/confirmed] https://en.wikipedia.org/wiki/Inte",proposed
ITF Taekwon-Do,itf-taekwondo,ITF Taekwon-Do,taekwondo,korean,Choi Hong-hi,1966,"[taxonomy:Mainland Japanese + Korean trees (Shotokan, Wado, Chito, Shudokan group, Shindo Jinen-ryu, Kushin-ryu, Koei-kan, Kyokushin tree, Taekwondo kwans, ITF/Kukkiwon, Tang Soo Do/Soo Bahk Do)/confirmed] https://en.wikipedia.org/wiki/Inte",proposed
International Taekwon-Do Federation,itf-taekwondo,ITF Taekwon-Do,taekwondo,korean,Choi Hong-hi,1966,"[taxonomy:Mainland Japanese + Korean trees (Shotokan, Wado, Chito, Shudokan group, Shindo Jinen-ryu, Kushin-ryu, Koei-kan, Kyokushin tree, Taekwondo kwans, ITF/Kukkiwon, Tang Soo Do/Soo Bahk Do)/confirmed] https://en.wikipedia.org/wiki/Inte",proposed
Itosu-kai,itosu-ryu,Itosu-Ryu,shito-ryu,japanese,Ryusho Sakagami,1969,[taxonomy:shito-ryu/confirmed] https://www.itosu-ryu.net/history | https://en.wikipedia.org/wiki/Shit%C5%8D-ry%C5%AB,proposed
Japan Karatedo Itosu-kai,itosu-ryu,Itosu-Ryu,shito-ryu,japanese,Ryusho Sakagami,1969,[taxonomy:shito-ryu/confirmed] https://www.itosu-ryu.net/history | https://en.wikipedia.org/wiki/Shit%C5%8D-ry%C5%AB,proposed
(synthetic),ji-do-kwan,Ji Do Kwan,taekwondo,korean,"Chun Sang-sup (as Chosun Yun Mu Kwan Kwon Bup Bu; renamed Jidokwan under Yun Kwae-byung, 1953)",1946,"[taxonomy:Mainland Japanese + Korean trees (Shotokan, Wado, Chito, Shudokan group, Shindo Jinen-ryu, Kushin-ryu, Koei-kan, Kyokushin tree, Taekwondo kwans, ITF/Kukkiwon, Tang Soo Do/Soo Bahk Do)/confirmed] https://en.wikipedia.org/wiki/Kwan",proposed
Ji Do Kwan,ji-do-kwan,Ji Do Kwan,taekwondo,korean,"Chun Sang-sup (as Chosun Yun Mu Kwan Kwon Bup Bu; renamed Jidokwan under Yun Kwae-byung, 1953)",1946,"[taxonomy:Mainland Japanese + Korean trees (Shotokan, Wado, Chito, Shudokan group, Shindo Jinen-ryu, Kushin-ryu, Koei-kan, Kyokushin tree, Taekwondo kwans, ITF/Kukkiwon, Tang Soo Do/Soo Bahk Do)/confirmed] https://en.wikipedia.org/wiki/Kwan",proposed
Jidokwan,ji-do-kwan,Ji Do Kwan,taekwondo,korean,"Chun Sang-sup (as Chosun Yun Mu Kwan Kwon Bup Bu; renamed Jidokwan under Yun Kwae-byung, 1953)",1946,"[taxonomy:Mainland Japanese + Korean trees (Shotokan, Wado, Chito, Shudokan group, Shindo Jinen-ryu, Kushin-ryu, Koei-kan, Kyokushin tree, Taekwondo kwans, ITF/Kukkiwon, Tang Soo Do/Soo Bahk Do)/confirmed] https://en.wikipedia.org/wiki/Kwan",proposed
Yun Mu Kwan,ji-do-kwan,Ji Do Kwan,taekwondo,korean,"Chun Sang-sup (as Chosun Yun Mu Kwan Kwon Bup Bu; renamed Jidokwan under Yun Kwae-byung, 1953)",1946,"[taxonomy:Mainland Japanese + Korean trees (Shotokan, Wado, Chito, Shudokan group, Shindo Jinen-ryu, Kushin-ryu, Koei-kan, Kyokushin tree, Taekwondo kwans, ITF/Kukkiwon, Tang Soo Do/Soo Bahk Do)/confirmed] https://en.wikipedia.org/wiki/Kwan",proposed
jundokan,jundokan,Jundokan,goju-ryu,naha-te,Eiichi Miyazato,1957,"[taxonomy:Goju-ryu complete tree (Okinawan branches, Japanese Goju-kai and its offshoots)/confirmed] https://en.wikipedia.org/wiki/Eiichi_Miyazato",proposed
順道館,jundokan,Jundokan,goju-ryu,naha-te,Eiichi Miyazato,1957,"[taxonomy:Goju-ryu complete tree (Okinawan branches, Japanese Goju-kai and its offshoots)/confirmed] https://en.wikipedia.org/wiki/Eiichi_Miyazato",proposed
(synthetic),jung-do-kwan,Jung Do Kwan,chung-do-kwan,korean,Lee Yong-woo,1956,"[taxonomy:Mainland Japanese + Korean trees (Shotokan, Wado, Chito, Shudokan group, Shindo Jinen-ryu, Kushin-ryu, Koei-kan, Kyokushin tree, Taekwondo kwans, ITF/Kukkiwon, Tang Soo Do/Soo Bahk Do)/confirmed] https://en.wikipedia.org/wiki/Kwan",proposed
Jung Do Kwan,jung-do-kwan,Jung Do Kwan,chung-do-kwan,korean,Lee Yong-woo,1956,"[taxonomy:Mainland Japanese + Korean trees (Shotokan, Wado, Chito, Shudokan group, Shindo Jinen-ryu, Kushin-ryu, Koei-kan, Kyokushin tree, Taekwondo kwans, ITF/Kukkiwon, Tang Soo Do/Soo Bahk Do)/confirmed] https://en.wikipedia.org/wiki/Kwan",proposed
Jungdokwan,jung-do-kwan,Jung Do Kwan,chung-do-kwan,korean,Lee Yong-woo,1956,"[taxonomy:Mainland Japanese + Korean trees (Shotokan, Wado, Chito, Shudokan group, Shindo Jinen-ryu, Kushin-ryu, Koei-kan, Kyokushin tree, Taekwondo kwans, ITF/Kukkiwon, Tang Soo Do/Soo Bahk Do)/confirmed] https://en.wikipedia.org/wiki/Kwan",proposed
(synthetic),kajukenbo,Kajukenbo,kara-ho-kempo,kenpo,"Adriano Emperado (with Peter Y. Y. Choo, Joseph Holck, Frank Ordonez, Clarence Chang)",1947,"[taxonomy:kenpo + international trees (kenpo family, American karate offshoots, Nanbu styles)/confirmed] https://en.wikipedia.org/wiki/Kajukenbo",proposed
Kajukenbo,kajukenbo,Kajukenbo,kara-ho-kempo,kenpo,"Adriano Emperado (with Peter Y. Y. Choo, Joseph Holck, Frank Ordonez, Clarence Chang)",1947,"[taxonomy:kenpo + international trees (kenpo family, American karate offshoots, Nanbu styles)/confirmed] https://en.wikipedia.org/wiki/Kajukenbo",proposed
kajukembo,kajukenbo,Kajukenbo,kara-ho-kempo,kenpo,"Adriano Emperado (with Peter Y. Y. Choo, Joseph Holck, Frank Ordonez, Clarence Chang)",1947,"[taxonomy:kenpo + international trees (kenpo family, American karate offshoots, Nanbu styles)/confirmed] https://en.wikipedia.org/wiki/Kajukenbo",proposed
kajukenbo,kajukenbo,Kajukenbo,kara-ho-kempo,kenpo,"Adriano Emperado (with Peter Y. Y. Choo, Joseph Holck, Frank Ordonez, Clarence Chang)",1947,"[taxonomy:kenpo + international trees (kenpo family, American karate offshoots, Nanbu styles)/confirmed] https://en.wikipedia.org/wiki/Kajukenbo",proposed
(synthetic),kang-duk-won,Kang Duk Won,chang-moo-kwan,korean,Park Chul-hee and Hong Jong-pyo,1956,"[taxonomy:Mainland Japanese + Korean trees (Shotokan, Wado, Chito, Shudokan group, Shindo Jinen-ryu, Kushin-ryu, Koei-kan, Kyokushin tree, Taekwondo kwans, ITF/Kukkiwon, Tang Soo Do/Soo Bahk Do)/confirmed] https://en.wikipedia.org/wiki/Kang",proposed
Kang Duk Won,kang-duk-won,Kang Duk Won,chang-moo-kwan,korean,Park Chul-hee and Hong Jong-pyo,1956,"[taxonomy:Mainland Japanese + Korean trees (Shotokan, Wado, Chito, Shudokan group, Shindo Jinen-ryu, Kushin-ryu, Koei-kan, Kyokushin tree, Taekwondo kwans, ITF/Kukkiwon, Tang Soo Do/Soo Bahk Do)/confirmed] https://en.wikipedia.org/wiki/Kang",proposed
Kangdukwon,kang-duk-won,Kang Duk Won,chang-moo-kwan,korean,Park Chul-hee and Hong Jong-pyo,1956,"[taxonomy:Mainland Japanese + Korean trees (Shotokan, Wado, Chito, Shudokan group, Shindo Jinen-ryu, Kushin-ryu, Koei-kan, Kyokushin tree, Taekwondo kwans, ITF/Kukkiwon, Tang Soo Do/Soo Bahk Do)/confirmed] https://en.wikipedia.org/wiki/Kang",proposed
chinese-kara-ho-kempo,kara-ho-kempo,Kara-Ho Kempo,kosho-shorei-ryu,kenpo,William Kwai Sun Chow,1944,"[taxonomy:kenpo + international trees (kenpo family, American karate offshoots, Nanbu styles)/confirmed] https://en.wikipedia.org/wiki/William_Kwai_Sun_Chow",proposed
kara-ho-kempo,kara-ho-kempo,Kara-Ho Kempo,kosho-shorei-ryu,kenpo,William Kwai Sun Chow,1944,"[taxonomy:kenpo + international trees (kenpo family, American karate offshoots, Nanbu styles)/confirmed] https://en.wikipedia.org/wiki/William_Kwai_Sun_Chow",proposed
(synthetic),kawata-ha-seikukai,Kawata-ha Seikūkai,shukokai,japanese,Shigemasa Kawata,1998,[taxonomy:shito-ryu/plausible] https://en.wikipedia.org/wiki/Sh%C5%ABk%C5%8Dkai,proposed
Kawata-ha Seikukai Karate,kawata-ha-seikukai,Kawata-ha Seikūkai,shukokai,japanese,Shigemasa Kawata,1998,[taxonomy:shito-ryu/plausible] https://en.wikipedia.org/wiki/Sh%C5%ABk%C5%8Dkai,proposed
Kawata-ha Seikūkai,kawata-ha-seikukai,Kawata-ha Seikūkai,shukokai,japanese,Shigemasa Kawata,1998,[taxonomy:shito-ryu/plausible] https://en.wikipedia.org/wiki/Sh%C5%ABk%C5%8Dkai,proposed
Seikukai,kawata-ha-seikukai,Kawata-ha Seikūkai,shukokai,japanese,Shigemasa Kawata,1998,[taxonomy:shito-ryu/plausible] https://en.wikipedia.org/wiki/Sh%C5%ABk%C5%8Dkai,proposed
(synthetic),kenshikai,Kenshikai,goju-ryu,naha-te,Tetsuhiro Hokama,1978,"[taxonomy:Goju-ryu complete tree (Okinawan branches, Japanese Goju-kai and its offshoots)/confirmed] https://www.kenshikai.org/hokama-tetsuhiro-hanshi.html | https://www.usadojo.com/tetsuhiro-hokama/",proposed
Kenshikai,kenshikai,Kenshikai,goju-ryu,naha-te,Tetsuhiro Hokama,1978,"[taxonomy:Goju-ryu complete tree (Okinawan branches, Japanese Goju-kai and its offshoots)/confirmed] https://www.kenshikai.org/hokama-tetsuhiro-hanshi.html | https://www.usadojo.com/tetsuhiro-hokama/",proposed
kenshi-kai,kenshikai,Kenshikai,goju-ryu,naha-te,Tetsuhiro Hokama,1978,"[taxonomy:Goju-ryu complete tree (Okinawan branches, Japanese Goju-kai and its offshoots)/confirmed] https://www.kenshikai.org/hokama-tetsuhiro-hanshi.html | https://www.usadojo.com/tetsuhiro-hokama/",proposed
研心会,kenshikai,Kenshikai,goju-ryu,naha-te,Tetsuhiro Hokama,1978,"[taxonomy:Goju-ryu complete tree (Okinawan branches, Japanese Goju-kai and its offshoots)/confirmed] https://www.kenshikai.org/hokama-tetsuhiro-hanshi.html | https://www.usadojo.com/tetsuhiro-hokama/",proposed
(synthetic),kenshinkan,Shōrin-ryū Kenshin-kan,matsumura-seito,shuri-te,Fusei Kise,1977,[taxonomy:shorin-ryu-tree/confirmed] https://www.kenshin-kan.com/hanshi-fusei-kise/ | http://shorinryu-kenshinkan.com/2/syounen.html,proposed
Kenshin Kan,kenshinkan,Shōrin-ryū Kenshin-kan,matsumura-seito,shuri-te,Fusei Kise,1977,[taxonomy:shorin-ryu-tree/confirmed] https://www.kenshin-kan.com/hanshi-fusei-kise/ | http://shorinryu-kenshinkan.com/2/syounen.html,proposed
Shōrin-ryū Kenshin-kan,kenshinkan,Shōrin-ryū Kenshin-kan,matsumura-seito,shuri-te,Fusei Kise,1977,[taxonomy:shorin-ryu-tree/confirmed] https://www.kenshin-kan.com/hanshi-fusei-kise/ | http://shorinryu-kenshinkan.com/2/syounen.html,proposed
(synthetic),kenyu-ryu,Kenyū-ryū,shito-ryu,japanese,Takamasa Tomoyose,1939,[taxonomy:shito-ryu/confirmed] https://ja.wikipedia.org/wiki/%E7%B3%B8%E6%9D%B1%E6%B5%81,proposed
Kenyū-ryū,kenyu-ryu,Kenyū-ryū,shito-ryu,japanese,Takamasa Tomoyose,1939,[taxonomy:shito-ryu/confirmed] https://ja.wikipedia.org/wiki/%E7%B3%B8%E6%9D%B1%E6%B5%81,proposed
賢友流空手道,kenyu-ryu,Kenyū-ryū,shito-ryu,japanese,Takamasa Tomoyose,1939,[taxonomy:shito-ryu/confirmed] https://ja.wikipedia.org/wiki/%E7%B3%B8%E6%9D%B1%E6%B5%81,proposed
(synthetic),kimura-shukokai,Kimura Shūkōkai,shukokai,japanese,Shigeru Kimura,1996,[taxonomy:shito-ryu/plausible] https://www.shukokai-skf.com/ksi/ | https://en.wikipedia.org/wiki/Sh%C5%ABk%C5%8Dkai,proposed
KSI,kimura-shukokai,Kimura Shūkōkai,shukokai,japanese,Shigeru Kimura,1996,[taxonomy:shito-ryu/plausible] https://www.shukokai-skf.com/ksi/ | https://en.wikipedia.org/wiki/Sh%C5%ABk%C5%8Dkai,proposed
Kimura Shukokai International,kimura-shukokai,Kimura Shūkōkai,shukokai,japanese,Shigeru Kimura,1996,[taxonomy:shito-ryu/plausible] https://www.shukokai-skf.com/ksi/ | https://en.wikipedia.org/wiki/Sh%C5%ABk%C5%8Dkai,proposed
Kimura Shūkōkai,kimura-shukokai,Kimura Shūkōkai,shukokai,japanese,Shigeru Kimura,1996,[taxonomy:shito-ryu/plausible] https://www.shukokai-skf.com/ksi/ | https://en.wikipedia.org/wiki/Sh%C5%ABk%C5%8Dkai,proposed
(synthetic),kingai-ryu,Kingai-ryū,matayoshi-kobudo,kobudo,"Matayoshi Shinkō (from his teacher, the monk Kingai of Fuzhou)",,"[taxonomy:kobudo + uechi-ryu + remaining trees (ryuei-ryu, kojo-ryu, toon-ryu, motobu, kishimoto-di, bugeikan, genseiryu/taido)/confirmed] https://kodokanboston.files.wordpress.com/2014/02/kingairyuarticle.pdf | https://budojapan.com/featur",proposed
Kingai-ryū,kingai-ryu,Kingai-ryū,matayoshi-kobudo,kobudo,"Matayoshi Shinkō (from his teacher, the monk Kingai of Fuzhou)",,"[taxonomy:kobudo + uechi-ryu + remaining trees (ryuei-ryu, kojo-ryu, toon-ryu, motobu, kishimoto-di, bugeikan, genseiryu/taido)/confirmed] https://kodokanboston.files.wordpress.com/2014/02/kingairyuarticle.pdf | https://budojapan.com/featur",proposed
KishimotoDi,kishimoto-di,KishimotoDi,shuri-te,shuri-te,Kishimoto Sōkō (lineage from Tachimura no Pēchin),,"[taxonomy:kobudo + uechi-ryu + remaining trees (ryuei-ryu, kojo-ryu, toon-ryu, motobu, kishimoto-di, bugeikan, genseiryu/taido)/plausible] https://blackbeltwiki.com/kishimotodi | https://ilpracticalkarate.com/kishimotodi",proposed
Tachimura-ha Shuri-te,kishimoto-di,KishimotoDi,shuri-te,shuri-te,Kishimoto Sōkō (lineage from Tachimura no Pēchin),,"[taxonomy:kobudo + uechi-ryu + remaining trees (ryuei-ryu, kojo-ryu, toon-ryu, motobu, kishimoto-di, bugeikan, genseiryu/taido)/plausible] https://blackbeltwiki.com/kishimotodi | https://ilpracticalkarate.com/kishimotodi",proposed
Koeikan Karate-do,koei-kan,Kōei-kan,shudokan,japanese,Eizo Onishi,1952,"[taxonomy:Mainland Japanese + Korean trees (Shotokan, Wado, Chito, Shudokan group, Shindo Jinen-ryu, Kushin-ryu, Koei-kan, Kyokushin tree, Taekwondo kwans, ITF/Kukkiwon, Tang Soo Do/Soo Bahk Do)/confirmed] https://en.wikipedia.org/wiki/K%C5",proposed
(synthetic),kojo-ryu,Kojō-ryū,te,te,"Kojō Uēkata (Cai Zhaogong, 1656–1737)",1700,"[taxonomy:kobudo + uechi-ryu + remaining trees (ryuei-ryu, kojo-ryu, toon-ryu, motobu, kishimoto-di, bugeikan, genseiryu/taido)/confirmed] https://www.karatedomagazine.com/2018/12/14/kojo-ryu-karate/",proposed
Kojo-ryu,kojo-ryu,Kojō-ryū,te,te,"Kojō Uēkata (Cai Zhaogong, 1656–1737)",1700,"[taxonomy:kobudo + uechi-ryu + remaining trees (ryuei-ryu, kojo-ryu, toon-ryu, motobu, kishimoto-di, bugeikan, genseiryu/taido)/confirmed] https://www.karatedomagazine.com/2018/12/14/kojo-ryu-karate/",proposed
Kojō-ryū,kojo-ryu,Kojō-ryū,te,te,"Kojō Uēkata (Cai Zhaogong, 1656–1737)",1700,"[taxonomy:kobudo + uechi-ryu + remaining trees (ryuei-ryu, kojo-ryu, toon-ryu, motobu, kishimoto-di, bugeikan, genseiryu/taido)/confirmed] https://www.karatedomagazine.com/2018/12/14/kojo-ryu-karate/",proposed
Koshokan,kojo-ryu,Kojō-ryū,te,te,"Kojō Uēkata (Cai Zhaogong, 1656–1737)",1700,"[taxonomy:kobudo + uechi-ryu + remaining trees (ryuei-ryu, kojo-ryu, toon-ryu, motobu, kishimoto-di, bugeikan, genseiryu/taido)/confirmed] https://www.karatedomagazine.com/2018/12/14/kojo-ryu-karate/",proposed
(synthetic),konan-ryu,Kōnan-ryū,uechi-ryu,uechi-ryu,Itokazu Seiki (with Kinjō Takashi),1978,"[taxonomy:kobudo + uechi-ryu + remaining trees (ryuei-ryu, kojo-ryu, toon-ryu, motobu, kishimoto-di, bugeikan, genseiryu/taido)/confirmed] https://en.wikipedia.org/wiki/Uechi-Ry%C5%AB",proposed
Kōnan-ryū,konan-ryu,Kōnan-ryū,uechi-ryu,uechi-ryu,Itokazu Seiki (with Kinjō Takashi),1978,"[taxonomy:kobudo + uechi-ryu + remaining trees (ryuei-ryu, kojo-ryu, toon-ryu, motobu, kishimoto-di, bugeikan, genseiryu/taido)/confirmed] https://en.wikipedia.org/wiki/Uechi-Ry%C5%AB",proposed
Pangainoon-ryu (Itokazu),konan-ryu,Kōnan-ryū,uechi-ryu,uechi-ryu,Itokazu Seiki (with Kinjō Takashi),1978,"[taxonomy:kobudo + uechi-ryu + remaining trees (ryuei-ryu, kojo-ryu, toon-ryu, motobu, kishimoto-di, bugeikan, genseiryu/taido)/confirmed] https://en.wikipedia.org/wiki/Uechi-Ry%C5%AB",proposed
kenpo-jiu-jitsu,kosho-shorei-ryu,Kosho Shorei-Ryu Kenpo,,kenpo,James Mitose,1936,"[taxonomy:kenpo + international trees (kenpo family, American karate offshoots, Nanbu styles)/confirmed] https://en.wikipedia.org/wiki/James_Mitose",proposed
kosho-ryu-kenpo,kosho-shorei-ryu,Kosho Shorei-Ryu Kenpo,,kenpo,James Mitose,1936,"[taxonomy:kenpo + international trees (kenpo family, American karate offshoots, Nanbu styles)/confirmed] https://en.wikipedia.org/wiki/James_Mitose",proposed
kosho-shorei-ryu,kosho-shorei-ryu,Kosho Shorei-Ryu Kenpo,,kenpo,James Mitose,1936,"[taxonomy:kenpo + international trees (kenpo family, American karate offshoots, Nanbu styles)/confirmed] https://en.wikipedia.org/wiki/James_Mitose",proposed
(synthetic),kotaka-ha-shito-ryu,Kotaka-ha Shitō-ryū,motobu-ha-shito-ryu,japanese,Chuzo Kotaka,1966,[taxonomy:shito-ryu/confirmed] https://www.ikfhawaii.com/history | https://en-academic.com/dic.nsf/enwiki/191451,proposed
International Karate Federation (Hawaii),kotaka-ha-shito-ryu,Kotaka-ha Shitō-ryū,motobu-ha-shito-ryu,japanese,Chuzo Kotaka,1966,[taxonomy:shito-ryu/confirmed] https://www.ikfhawaii.com/history | https://en-academic.com/dic.nsf/enwiki/191451,proposed
Kotaka-ha Shitō-ryū,kotaka-ha-shito-ryu,Kotaka-ha Shitō-ryū,motobu-ha-shito-ryu,japanese,Chuzo Kotaka,1966,[taxonomy:shito-ryu/confirmed] https://www.ikfhawaii.com/history | https://en-academic.com/dic.nsf/enwiki/191451,proposed
Daido Juku Kudo,kudo,Kudo,kyokushin,kyokushin,Takashi Azuma,1981,"[taxonomy:Mainland Japanese + Korean trees (Shotokan, Wado, Chito, Shudokan group, Shindo Jinen-ryu, Kushin-ryu, Koei-kan, Kyokushin tree, Taekwondo kwans, ITF/Kukkiwon, Tang Soo Do/Soo Bahk Do)/confirmed] https://en.wikipedia.org/wiki/Kudo",proposed
Kakuto Karate,kudo,Kudo,kyokushin,kyokushin,Takashi Azuma,1981,"[taxonomy:Mainland Japanese + Korean trees (Shotokan, Wado, Chito, Shudokan group, Shindo Jinen-ryu, Kushin-ryu, Koei-kan, Kyokushin tree, Taekwondo kwans, ITF/Kukkiwon, Tang Soo Do/Soo Bahk Do)/confirmed] https://en.wikipedia.org/wiki/Kudo",proposed
(synthetic),kukki-taekwondo,Kukki Taekwondo (WT),taekwondo,korean,Korea Taekwondo Association kwans (collective); Kukkiwon established 1972,1972,"[taxonomy:Mainland Japanese + Korean trees (Shotokan, Wado, Chito, Shudokan group, Shindo Jinen-ryu, Kushin-ryu, Koei-kan, Kyokushin tree, Taekwondo kwans, ITF/Kukkiwon, Tang Soo Do/Soo Bahk Do)/confirmed] https://en.wikipedia.org/wiki/Kukk",proposed
Kukki Taekwondo (WT),kukki-taekwondo,Kukki Taekwondo (WT),taekwondo,korean,Korea Taekwondo Association kwans (collective); Kukkiwon established 1972,1972,"[taxonomy:Mainland Japanese + Korean trees (Shotokan, Wado, Chito, Shudokan group, Shindo Jinen-ryu, Kushin-ryu, Koei-kan, Kyokushin tree, Taekwondo kwans, ITF/Kukkiwon, Tang Soo Do/Soo Bahk Do)/confirmed] https://en.wikipedia.org/wiki/Kukk",proposed
Kukkiwon taekwondo,kukki-taekwondo,Kukki Taekwondo (WT),taekwondo,korean,Korea Taekwondo Association kwans (collective); Kukkiwon established 1972,1972,"[taxonomy:Mainland Japanese + Korean trees (Shotokan, Wado, Chito, Shudokan group, Shindo Jinen-ryu, Kushin-ryu, Koei-kan, Kyokushin tree, Taekwondo kwans, ITF/Kukkiwon, Tang Soo Do/Soo Bahk Do)/confirmed] https://en.wikipedia.org/wiki/Kukk",proposed
WTF taekwondo,kukki-taekwondo,Kukki Taekwondo (WT),taekwondo,korean,Korea Taekwondo Association kwans (collective); Kukkiwon established 1972,1972,"[taxonomy:Mainland Japanese + Korean trees (Shotokan, Wado, Chito, Shudokan group, Shindo Jinen-ryu, Kushin-ryu, Koei-kan, Kyokushin tree, Taekwondo kwans, ITF/Kukkiwon, Tang Soo Do/Soo Bahk Do)/confirmed] https://en.wikipedia.org/wiki/Kukk",proposed
World Taekwondo,kukki-taekwondo,Kukki Taekwondo (WT),taekwondo,korean,Korea Taekwondo Association kwans (collective); Kukkiwon established 1972,1972,"[taxonomy:Mainland Japanese + Korean trees (Shotokan, Wado, Chito, Shudokan group, Shindo Jinen-ryu, Kushin-ryu, Koei-kan, Kyokushin tree, Taekwondo kwans, ITF/Kukkiwon, Tang Soo Do/Soo Bahk Do)/confirmed] https://en.wikipedia.org/wiki/Kukk",proposed
(synthetic),kuniba-ha,Kuniba-ha Shitō-ryū (Kuniba-kai),motobu-ha-shito-ryu,japanese,Shogo Kuniba,1992,[taxonomy:shito-ryu/confirmed] https://en.wikipedia.org/wiki/Sh%C5%8Dg%C5%8D_Kuniba,proposed
Kuniba-ha Shitō-ryū (Kuniba-kai),kuniba-ha,Kuniba-ha Shitō-ryū (Kuniba-kai),motobu-ha-shito-ryu,japanese,Shogo Kuniba,1992,[taxonomy:shito-ryu/confirmed] https://en.wikipedia.org/wiki/Sh%C5%8Dg%C5%8D_Kuniba,proposed
Kuniba-ryu Karate-Do,kuniba-ha,Kuniba-ha Shitō-ryū (Kuniba-kai),motobu-ha-shito-ryu,japanese,Shogo Kuniba,1992,[taxonomy:shito-ryu/confirmed] https://en.wikipedia.org/wiki/Sh%C5%8Dg%C5%8D_Kuniba,proposed
Nihon Karate-do Kuniba-kai,kuniba-ha,Kuniba-ha Shitō-ryū (Kuniba-kai),motobu-ha-shito-ryu,japanese,Shogo Kuniba,1992,[taxonomy:shito-ryu/confirmed] https://en.wikipedia.org/wiki/Sh%C5%8Dg%C5%8D_Kuniba,proposed
Kushin Ryu M Karate Do,kushin-ryu,Kushin-Ryu,,japanese,Sannosuke Ueshima,1932,"[taxonomy:Mainland Japanese + Korean trees (Shotokan, Wado, Chito, Shudokan group, Shindo Jinen-ryu, Kushin-ryu, Koei-kan, Kyokushin tree, Taekwondo kwans, ITF/Kukkiwon, Tang Soo Do/Soo Bahk Do)/confirmed] https://en.wikipedia.org/wiki/Sann",proposed
(synthetic),kuyukai,Kuyūkai,goju-kai,naha-te,Osamu Hirano,1985,"[taxonomy:Goju-ryu complete tree (Okinawan branches, Japanese Goju-kai and its offshoots)/plausible] https://www.kuyukai.com/copy-of-about-us | https://www.kuyukaikarate.co.za/html/about_us.html",proposed
Kuyūkai,kuyukai,Kuyūkai,goju-kai,naha-te,Osamu Hirano,1985,"[taxonomy:Goju-ryu complete tree (Okinawan branches, Japanese Goju-kai and its offshoots)/plausible] https://www.kuyukai.com/copy-of-about-us | https://www.kuyukaikarate.co.za/html/about_us.html",proposed
ku-yu-kai,kuyukai,Kuyūkai,goju-kai,naha-te,Osamu Hirano,1985,"[taxonomy:Goju-ryu complete tree (Okinawan branches, Japanese Goju-kai and its offshoots)/plausible] https://www.kuyukai.com/copy-of-about-us | https://www.kuyukaikarate.co.za/html/about_us.html",proposed
kuyukai,kuyukai,Kuyūkai,goju-kai,naha-te,Osamu Hirano,1985,"[taxonomy:Goju-ryu complete tree (Okinawan branches, Japanese Goju-kai and its offshoots)/plausible] https://www.kuyukai.com/copy-of-about-us | https://www.kuyukaikarate.co.za/html/about_us.html",proposed
IKO,kyokushin,Kyokushin,shotokan,kyokushin,Masutatsu (Mas) Ōyama,1964,"[taxonomy:Mainland Japanese + Korean trees (Shotokan, Wado, Chito, Shudokan group, Shindo Jinen-ryu, Kushin-ryu, Koei-kan, Kyokushin tree, Taekwondo kwans, ITF/Kukkiwon, Tang Soo Do/Soo Bahk Do)/confirmed] https://en.wikipedia.org/wiki/Kyok",proposed
Kyokushin Kaikan,kyokushin,Kyokushin,shotokan,kyokushin,Masutatsu (Mas) Ōyama,1964,"[taxonomy:Mainland Japanese + Korean trees (Shotokan, Wado, Chito, Shudokan group, Shindo Jinen-ryu, Kushin-ryu, Koei-kan, Kyokushin tree, Taekwondo kwans, ITF/Kukkiwon, Tang Soo Do/Soo Bahk Do)/confirmed] https://en.wikipedia.org/wiki/Kyok",proposed
IBK,kyokushin-budokai,Kyokushin Budokai,kyokushin,kyokushin,Jon Bluming,,"[taxonomy:Mainland Japanese + Korean trees (Shotokan, Wado, Chito, Shudokan group, Shindo Jinen-ryu, Kushin-ryu, Koei-kan, Kyokushin tree, Taekwondo kwans, ITF/Kukkiwon, Tang Soo Do/Soo Bahk Do)/plausible] https://en.wikipedia.org/wiki/Jon_",proposed
International Budo Kaikan,kyokushin-budokai,Kyokushin Budokai,kyokushin,kyokushin,Jon Bluming,,"[taxonomy:Mainland Japanese + Korean trees (Shotokan, Wado, Chito, Shudokan group, Shindo Jinen-ryu, Kushin-ryu, Koei-kan, Kyokushin tree, Taekwondo kwans, ITF/Kukkiwon, Tang Soo Do/Soo Bahk Do)/plausible] https://en.wikipedia.org/wiki/Jon_",proposed
Kyokushinkan International,kyokushin-kan,Kyokushin-kan,kyokushin,kyokushin,Hatsuo Royama (with Tsuyoshi Hiroshige),2003,"[taxonomy:Mainland Japanese + Korean trees (Shotokan, Wado, Chito, Shudokan group, Shindo Jinen-ryu, Kushin-ryu, Koei-kan, Kyokushin tree, Taekwondo kwans, ITF/Kukkiwon, Tang Soo Do/Soo Bahk Do)/confirmed] https://en.wikipedia.org/wiki/Hats",proposed
matayoshi-kobudo,matayoshi-kobudo,Matayoshi Kobudo,okinawan-kobudo,kobudo,Matayoshi Shinkō,1960,"[taxonomy:kobudo + uechi-ryu + remaining trees (ryuei-ryu, kojo-ryu, toon-ryu, motobu, kishimoto-di, bugeikan, genseiryu/taido)/confirmed] https://www.bushikan.com/Kobudo/KobudoHistory.htm | https://chiryu.be/martial-arts/okinawa-kobudo-2/",proposed
meibukan,meibukan,Meibukan,goju-ryu,naha-te,Meitoku Yagi,1952,"[taxonomy:Goju-ryu complete tree (Okinawan branches, Japanese Goju-kai and its offshoots)/confirmed] https://en.wikipedia.org/wiki/Meitoku_Yagi | https://en.wikipedia.org/wiki/Meibukan",proposed
明武舘,meibukan,Meibukan,goju-ryu,naha-te,Meitoku Yagi,1952,"[taxonomy:Goju-ryu complete tree (Okinawan branches, Japanese Goju-kai and its offshoots)/confirmed] https://en.wikipedia.org/wiki/Meitoku_Yagi | https://en.wikipedia.org/wiki/Meibukan",proposed
(synthetic),moo-duk-kwan,Moo Duk Kwan (Taekwondo),taekwondo,korean,Hwang Kee,1945,"[taxonomy:Mainland Japanese + Korean trees (Shotokan, Wado, Chito, Shudokan group, Shindo Jinen-ryu, Kushin-ryu, Koei-kan, Kyokushin tree, Taekwondo kwans, ITF/Kukkiwon, Tang Soo Do/Soo Bahk Do)/confirmed] https://en.wikipedia.org/wiki/Moo_",proposed
Moo Duk Kwan (Taekwondo),moo-duk-kwan,Moo Duk Kwan (Taekwondo),taekwondo,korean,Hwang Kee,1945,"[taxonomy:Mainland Japanese + Korean trees (Shotokan, Wado, Chito, Shudokan group, Shindo Jinen-ryu, Kushin-ryu, Koei-kan, Kyokushin tree, Taekwondo kwans, ITF/Kukkiwon, Tang Soo Do/Soo Bahk Do)/confirmed] https://en.wikipedia.org/wiki/Moo_",proposed
Mudukkwan,moo-duk-kwan,Moo Duk Kwan (Taekwondo),taekwondo,korean,Hwang Kee,1945,"[taxonomy:Mainland Japanese + Korean trees (Shotokan, Wado, Chito, Shudokan group, Shindo Jinen-ryu, Kushin-ryu, Koei-kan, Kyokushin tree, Taekwondo kwans, ITF/Kukkiwon, Tang Soo Do/Soo Bahk Do)/confirmed] https://en.wikipedia.org/wiki/Moo_",proposed
Seishin-kai,motobu-ha-shito-ryu,Motobu-ha Shito-Ryu,shito-ryu,japanese,Kosei Kuniba,1943,[taxonomy:shito-ryu/confirmed] https://en.wikipedia.org/wiki/Sh%C5%8Dg%C5%8D_Kuniba | https://www.internationalshitoryu.com/aboutus/organization-chart/hayashi-teruo/,proposed
Seishin-kan,motobu-ha-shito-ryu,Motobu-ha Shito-Ryu,shito-ryu,japanese,Kosei Kuniba,1943,[taxonomy:shito-ryu/confirmed] https://en.wikipedia.org/wiki/Sh%C5%8Dg%C5%8D_Kuniba | https://www.internationalshitoryu.com/aboutus/organization-chart/hayashi-teruo/,proposed
Seishinkai,motobu-ha-shito-ryu,Motobu-ha Shito-Ryu,shito-ryu,japanese,Kosei Kuniba,1943,[taxonomy:shito-ryu/confirmed] https://en.wikipedia.org/wiki/Sh%C5%8Dg%C5%8D_Kuniba | https://www.internationalshitoryu.com/aboutus/organization-chart/hayashi-teruo/,proposed
Nihon Denryu Hyoho Motobu Kenpo,motobu-ryu,Motobu-Ryu,tomari-te,tomari-te,Motobu Chōki,1922,"[taxonomy:kobudo + uechi-ryu + remaining trees (ryuei-ryu, kojo-ryu, toon-ryu, motobu, kishimoto-di, bugeikan, genseiryu/taido)/plausible] https://en.wikipedia.org/wiki/Motobu_Ch%C5%8Dki | https://medium.com/motobu-ryu-blog/why-i-was-taught",proposed
motobu-ryu,motobu-ryu,Motobu-Ryu,tomari-te,tomari-te,Motobu Chōki,1922,"[taxonomy:kobudo + uechi-ryu + remaining trees (ryuei-ryu, kojo-ryu, toon-ryu, motobu, kishimoto-di, bugeikan, genseiryu/taido)/plausible] https://en.wikipedia.org/wiki/Motobu_Ch%C5%8Dki | https://medium.com/motobu-ryu-blog/why-i-was-taught",proposed
Moidi,motobu-udundi,Motobu Udundi,te,tomari-te,"Motobu Chōhei (1st sōke, 17th century)",,"[taxonomy:kobudo + uechi-ryu + remaining trees (ryuei-ryu, kojo-ryu, toon-ryu, motobu, kishimoto-di, bugeikan, genseiryu/taido)/confirmed] https://en.wikipedia.org/wiki/Motobu_Ch%C5%8Dy%C5%AB | https://medium.com/motobu-ryu-blog/why-i-was-t",proposed
Motobu-ryu Udundi,motobu-udundi,Motobu Udundi,te,tomari-te,"Motobu Chōhei (1st sōke, 17th century)",,"[taxonomy:kobudo + uechi-ryu + remaining trees (ryuei-ryu, kojo-ryu, toon-ryu, motobu, kishimoto-di, bugeikan, genseiryu/taido)/confirmed] https://en.wikipedia.org/wiki/Motobu_Ch%C5%8Dy%C5%AB | https://medium.com/motobu-ryu-blog/why-i-was-t",proposed
motobu-udundi,motobu-udundi,Motobu Udundi,te,tomari-te,"Motobu Chōhei (1st sōke, 17th century)",,"[taxonomy:kobudo + uechi-ryu + remaining trees (ryuei-ryu, kojo-ryu, toon-ryu, motobu, kishimoto-di, bugeikan, genseiryu/taido)/confirmed] https://en.wikipedia.org/wiki/Motobu_Ch%C5%8Dy%C5%AB | https://medium.com/motobu-ryu-blog/why-i-was-t",proposed
nanbudo,nanbudo,Nanbudo,sankukai,japanese,Yoshinao Nanbu,1978,[taxonomy:shito-ryu/confirmed] https://www.worldnanbudo.com/yoshinao-nanbu/?lang=en | https://nanbudo.org/in-memoriam-yoshinao-nanbu-1943-2020/,proposed
(synthetic),nisei-goju,Nisei Gōjū,usa-goju,naha-te,Frank Ruiz,1969,"[taxonomy:Goju-ryu complete tree (Okinawan branches, Japanese Goju-kai and its offshoots)/confirmed] https://gojujitsu.com/about-us/frank-ruiz-3/ | https://www.tenshogoju.com/history.html",proposed
Nisei Gōjū,nisei-goju,Nisei Gōjū,usa-goju,naha-te,Frank Ruiz,1969,"[taxonomy:Goju-ryu complete tree (Okinawan branches, Japanese Goju-kai and its offshoots)/confirmed] https://gojujitsu.com/about-us/frank-ruiz-3/ | https://www.tenshogoju.com/history.html",proposed
nisei-goju-ryu,nisei-goju,Nisei Gōjū,usa-goju,naha-te,Frank Ruiz,1969,"[taxonomy:Goju-ryu complete tree (Okinawan branches, Japanese Goju-kai and its offshoots)/confirmed] https://gojujitsu.com/about-us/frank-ruiz-3/ | https://www.tenshogoju.com/history.html",proposed
(synthetic),nobukawa-ha-shito-ryu,Nobukawa-ha Shitō-ryū,shito-ryu,japanese,Kuniaki Nobukawa,,[taxonomy:shito-ryu/confirmed] https://en.wikipedia.org/wiki/Shit%C5%8D-ry%C5%AB,proposed
Nobukawa-ha Shito-Ryu Kai,nobukawa-ha-shito-ryu,Nobukawa-ha Shitō-ryū,shito-ryu,japanese,Kuniaki Nobukawa,,[taxonomy:shito-ryu/confirmed] https://en.wikipedia.org/wiki/Shit%C5%8D-ry%C5%AB,proposed
Nobukawa-ha Shitō-ryū,nobukawa-ha-shito-ryu,Nobukawa-ha Shitō-ryū,shito-ryu,japanese,Kuniaki Nobukawa,,[taxonomy:shito-ryu/confirmed] https://en.wikipedia.org/wiki/Shit%C5%8D-ry%C5%AB,proposed
(synthetic),ogasahara-ha-shito-ryu,Ogasahara-ha Shitō-ryū (Kenshukai),shito-ryu,japanese,Eiji Ogasahara,,[taxonomy:shito-ryu/confirmed] https://en.wikipedia.org/wiki/Shit%C5%8D-ry%C5%AB | https://shitoryuscotland.wordpress.com/about/kenshukai-shitoryu/,proposed
Japan Kenshukai Karate Association,ogasahara-ha-shito-ryu,Ogasahara-ha Shitō-ryū (Kenshukai),shito-ryu,japanese,Eiji Ogasahara,,[taxonomy:shito-ryu/confirmed] https://en.wikipedia.org/wiki/Shit%C5%8D-ry%C5%AB | https://shitoryuscotland.wordpress.com/about/kenshukai-shitoryu/,proposed
Kenshukai Shito-ryu,ogasahara-ha-shito-ryu,Ogasahara-ha Shitō-ryū (Kenshukai),shito-ryu,japanese,Eiji Ogasahara,,[taxonomy:shito-ryu/confirmed] https://en.wikipedia.org/wiki/Shit%C5%8D-ry%C5%AB | https://shitoryuscotland.wordpress.com/about/kenshukai-shitoryu/,proposed
Ogasahara-ha Shitō-ryū (Kenshukai),ogasahara-ha-shito-ryu,Ogasahara-ha Shitō-ryū (Kenshukai),shito-ryu,japanese,Eiji Ogasahara,,[taxonomy:shito-ryu/confirmed] https://en.wikipedia.org/wiki/Shit%C5%8D-ry%C5%AB | https://shitoryuscotland.wordpress.com/about/kenshukai-shitoryu/,proposed
(synthetic),oh-do-kwan,Oh Do Kwan,taekwondo,korean,Choi Hong-hi and Nam Tae-hi,1954,"[taxonomy:Mainland Japanese + Korean trees (Shotokan, Wado, Chito, Shudokan group, Shindo Jinen-ryu, Kushin-ryu, Koei-kan, Kyokushin tree, Taekwondo kwans, ITF/Kukkiwon, Tang Soo Do/Soo Bahk Do)/confirmed] https://en.wikipedia.org/wiki/Oh_D",proposed
Oh Do Kwan,oh-do-kwan,Oh Do Kwan,taekwondo,korean,Choi Hong-hi and Nam Tae-hi,1954,"[taxonomy:Mainland Japanese + Korean trees (Shotokan, Wado, Chito, Shudokan group, Shindo Jinen-ryu, Kushin-ryu, Koei-kan, Kyokushin tree, Taekwondo kwans, ITF/Kukkiwon, Tang Soo Do/Soo Bahk Do)/confirmed] https://en.wikipedia.org/wiki/Oh_D",proposed
Ohdokwan,oh-do-kwan,Oh Do Kwan,taekwondo,korean,Choi Hong-hi and Nam Tae-hi,1954,"[taxonomy:Mainland Japanese + Korean trees (Shotokan, Wado, Chito, Shudokan group, Shindo Jinen-ryu, Kushin-ryu, Koei-kan, Kyokushin tree, Taekwondo kwans, ITF/Kukkiwon, Tang Soo Do/Soo Bahk Do)/confirmed] https://en.wikipedia.org/wiki/Oh_D",proposed
Ryukyu kobujutsu (generic),okinawan-kobudo,Okinawan Kobudo,,kobudo,"traditional (multiple lineages, no single founder)",,"[taxonomy:kobudo + uechi-ryu + remaining trees (ryuei-ryu, kojo-ryu, toon-ryu, motobu, kishimoto-di, bugeikan, genseiryu/taido)/confirmed] https://en.wikipedia.org/wiki/Okinawan_kobud%C5%8D",proposed
okinawan-kobudo,okinawan-kobudo,Okinawan Kobudo,,kobudo,"traditional (multiple lineages, no single founder)",,"[taxonomy:kobudo + uechi-ryu + remaining trees (ryuei-ryu, kojo-ryu, toon-ryu, motobu, kishimoto-di, bugeikan, genseiryu/taido)/confirmed] https://en.wikipedia.org/wiki/Okinawan_kobud%C5%8D",proposed
(synthetic),pangai-noon,Pangai-noon,,uechi-ryu,Zhou Zihe (Shū Shiwa),1900,"[taxonomy:kobudo + uechi-ryu + remaining trees (ryuei-ryu, kojo-ryu, toon-ryu, motobu, kishimoto-di, bugeikan, genseiryu/taido)/plausible] https://en.wikipedia.org/wiki/Uechi-Ry%C5%AB",proposed
Pangai-noon,pangai-noon,Pangai-noon,,uechi-ryu,Zhou Zihe (Shū Shiwa),1900,"[taxonomy:kobudo + uechi-ryu + remaining trees (ryuei-ryu, kojo-ryu, toon-ryu, motobu, kishimoto-di, bugeikan, genseiryu/taido)/plausible] https://en.wikipedia.org/wiki/Uechi-Ry%C5%AB",proposed
Pangainoon-ryu,pangai-noon,Pangai-noon,,uechi-ryu,Zhou Zihe (Shū Shiwa),1900,"[taxonomy:kobudo + uechi-ryu + remaining trees (ryuei-ryu, kojo-ryu, toon-ryu, motobu, kishimoto-di, bugeikan, genseiryu/taido)/plausible] https://en.wikipedia.org/wiki/Uechi-Ry%C5%AB",proposed
Pangainun,pangai-noon,Pangai-noon,,uechi-ryu,Zhou Zihe (Shū Shiwa),1900,"[taxonomy:kobudo + uechi-ryu + remaining trees (ryuei-ryu, kojo-ryu, toon-ryu, motobu, kishimoto-di, bugeikan, genseiryu/taido)/plausible] https://en.wikipedia.org/wiki/Uechi-Ry%C5%AB",proposed
Pwangainoon,pangai-noon,Pangai-noon,,uechi-ryu,Zhou Zihe (Shū Shiwa),1900,"[taxonomy:kobudo + uechi-ryu + remaining trees (ryuei-ryu, kojo-ryu, toon-ryu, motobu, kishimoto-di, bugeikan, genseiryu/taido)/plausible] https://en.wikipedia.org/wiki/Uechi-Ry%C5%AB",proposed
RyuTe,ryu-te,Ryū-te,okinawa-kenpo,shuri-te,Seiyū Oyata,1995,[taxonomy:shorin-ryu-tree/confirmed] https://en.wikipedia.org/wiki/Ry%C5%ABky%C5%AB_Kempo,proposed
Ryukyu Kempo (Oyata),ryu-te,Ryū-te,okinawa-kenpo,shuri-te,Seiyū Oyata,1995,[taxonomy:shorin-ryu-tree/confirmed] https://en.wikipedia.org/wiki/Ry%C5%ABky%C5%AB_Kempo,proposed
ryuei-ryu,ryuei-ryu,Ryuei-Ryu,naha-te,naha-te,Nakaima Norisato,1971,"[taxonomy:kobudo + uechi-ryu + remaining trees (ryuei-ryu, kojo-ryu, toon-ryu, motobu, kishimoto-di, bugeikan, genseiryu/taido)/confirmed] https://en.wikipedia.org/wiki/Ry%C5%ABei-ry%C5%AB | https://www.ryueiryu.com/history/history.html",proposed
(synthetic),ryukyu-hon-kenpo,Ryūkyū Hon Kenpō Kobujutsu,okinawa-kenpo,shuri-te,Seikichi Odo,1998,[taxonomy:shorin-ryu-tree/confirmed] https://en.wikipedia.org/wiki/Seikichi_Odo,proposed
Okinawa Kenpo Karate Kobudo,ryukyu-hon-kenpo,Ryūkyū Hon Kenpō Kobujutsu,okinawa-kenpo,shuri-te,Seikichi Odo,1998,[taxonomy:shorin-ryu-tree/confirmed] https://en.wikipedia.org/wiki/Seikichi_Odo,proposed
Ryukyu Hon Kenpo,ryukyu-hon-kenpo,Ryūkyū Hon Kenpō Kobujutsu,okinawa-kenpo,shuri-te,Seikichi Odo,1998,[taxonomy:shorin-ryu-tree/confirmed] https://en.wikipedia.org/wiki/Seikichi_Odo,proposed
Ryūkyū Hon Kenpō Kobujutsu,ryukyu-hon-kenpo,Ryūkyū Hon Kenpō Kobujutsu,okinawa-kenpo,shuri-te,Seikichi Odo,1998,[taxonomy:shorin-ryu-tree/confirmed] https://en.wikipedia.org/wiki/Seikichi_Odo,proposed
ryukyu-kobudo,ryukyu-kobudo,Ryukyu Kobudo,okinawan-kobudo,kobudo,Taira Shinken,1955,"[taxonomy:kobudo + uechi-ryu + remaining trees (ryuei-ryu, kojo-ryu, toon-ryu, motobu, kishimoto-di, bugeikan, genseiryu/taido)/confirmed] https://en.wikipedia.org/wiki/Ryukyu_Kobudo | https://en.wikipedia.org/wiki/Taira_Shinken",proposed
(synthetic),ryukyu-kobudo-akamine,Ryūkyū Kobudō Hozon Shinkō Kai (Akamine line / Shinbukan),ryukyu-kobudo,kobudo,Akamine Eisuke,1970,"[taxonomy:kobudo + uechi-ryu + remaining trees (ryuei-ryu, kojo-ryu, toon-ryu, motobu, kishimoto-di, bugeikan, genseiryu/taido)/confirmed] https://en.wikipedia.org/wiki/Ryukyu_Kobudo | https://kobudo-shinbukan.jp/en/",proposed
Ryūkyū Kobudō Hozon Shinkō Kai (Akamine line / Shinbukan),ryukyu-kobudo-akamine,Ryūkyū Kobudō Hozon Shinkō Kai (Akamine line / Shinbukan),ryukyu-kobudo,kobudo,Akamine Eisuke,1970,"[taxonomy:kobudo + uechi-ryu + remaining trees (ryuei-ryu, kojo-ryu, toon-ryu, motobu, kishimoto-di, bugeikan, genseiryu/taido)/confirmed] https://en.wikipedia.org/wiki/Ryukyu_Kobudo | https://kobudo-shinbukan.jp/en/",proposed
(synthetic),ryukyu-kobudo-tesshinkan,Ryūkyū Kobudō Tesshinkan,ryukyu-kobudo-akamine,kobudo,Tamayose Hidemi,1999,"[taxonomy:kobudo + uechi-ryu + remaining trees (ryuei-ryu, kojo-ryu, toon-ryu, motobu, kishimoto-di, bugeikan, genseiryu/taido)/confirmed] https://kobudo-tesshinkan.eu/index.php/en/about-ryukyu-kobudo-tesshinkan/history/ | https://en.wikipe",proposed
Ryūkyū Kobudō Tesshinkan,ryukyu-kobudo-tesshinkan,Ryūkyū Kobudō Tesshinkan,ryukyu-kobudo-akamine,kobudo,Tamayose Hidemi,1999,"[taxonomy:kobudo + uechi-ryu + remaining trees (ryuei-ryu, kojo-ryu, toon-ryu, motobu, kishimoto-di, bugeikan, genseiryu/taido)/confirmed] https://kobudo-tesshinkan.eu/index.php/en/about-ryukyu-kobudo-tesshinkan/history/ | https://en.wikipe",proposed
(synthetic),ryukyu-kobujutsu-hozon-shinko-kai,Ryūkyū Kobujutsu Hozon Shinkō Kai (Inoue line / Yuishinkai),ryukyu-kobudo,kobudo,Inoue Motokatsu (Gansho),1970,"[taxonomy:kobudo + uechi-ryu + remaining trees (ryuei-ryu, kojo-ryu, toon-ryu, motobu, kishimoto-di, bugeikan, genseiryu/taido)/confirmed] https://en.wikipedia.org/wiki/Motokatsu_Inoue | https://ryukyukobujutsuhozonshinkokai.org/011_en_hist",proposed
Ryūkyū Kobujutsu Hozon Shinkō Kai (Inoue line / Yuishinkai),ryukyu-kobujutsu-hozon-shinko-kai,Ryūkyū Kobujutsu Hozon Shinkō Kai (Inoue line / Yuishinkai),ryukyu-kobudo,kobudo,Inoue Motokatsu (Gansho),1970,"[taxonomy:kobudo + uechi-ryu + remaining trees (ryuei-ryu, kojo-ryu, toon-ryu, motobu, kishimoto-di, bugeikan, genseiryu/taido)/confirmed] https://en.wikipedia.org/wiki/Motokatsu_Inoue | https://ryukyukobujutsuhozonshinkokai.org/011_en_hist",proposed
Yuishinkai,ryukyu-kobujutsu-hozon-shinko-kai,Ryūkyū Kobujutsu Hozon Shinkō Kai (Inoue line / Yuishinkai),ryukyu-kobudo,kobudo,Inoue Motokatsu (Gansho),1970,"[taxonomy:kobudo + uechi-ryu + remaining trees (ryuei-ryu, kojo-ryu, toon-ryu, motobu, kishimoto-di, bugeikan, genseiryu/taido)/confirmed] https://en.wikipedia.org/wiki/Motokatsu_Inoue | https://ryukyukobujutsuhozonshinkokai.org/011_en_hist",proposed
(synthetic),sankukai,Sankukai,shukokai,japanese,Yoshinao Nanbu,1971,[taxonomy:shito-ryu/confirmed] https://en.wikipedia.org/wiki/Sh%C5%ABk%C5%8Dkai | https://www.worldnanbudo.com/yoshinao-nanbu/?lang=en,proposed
Sankukai,sankukai,Sankukai,shukokai,japanese,Yoshinao Nanbu,1971,[taxonomy:shito-ryu/confirmed] https://en.wikipedia.org/wiki/Sh%C5%ABk%C5%8Dkai | https://www.worldnanbudo.com/yoshinao-nanbu/?lang=en,proposed
Sankukai Karate,sankukai,Sankukai,shukokai,japanese,Yoshinao Nanbu,1971,[taxonomy:shito-ryu/confirmed] https://en.wikipedia.org/wiki/Sh%C5%ABk%C5%8Dkai | https://www.worldnanbudo.com/yoshinao-nanbu/?lang=en,proposed
sankukai,sankukai,Sankukai,shukokai,japanese,Yoshinao Nanbu,1971,[taxonomy:shito-ryu/confirmed] https://en.wikipedia.org/wiki/Sh%C5%ABk%C5%8Dkai | https://www.worldnanbudo.com/yoshinao-nanbu/?lang=en,proposed
sankukai-karate,sankukai,Sankukai,shukokai,japanese,Yoshinao Nanbu,1971,[taxonomy:shito-ryu/confirmed] https://en.wikipedia.org/wiki/Sh%C5%ABk%C5%8Dkai | https://www.worldnanbudo.com/yoshinao-nanbu/?lang=en,proposed
Odo karate,satojuku,Satojuku,kyokushin,kyokushin,Katsuaki Satō,1977,"[taxonomy:Mainland Japanese + Korean trees (Shotokan, Wado, Chito, Shudokan group, Shindo Jinen-ryu, Kushin-ryu, Koei-kan, Kyokushin tree, Taekwondo kwans, ITF/Kukkiwon, Tang Soo Do/Soo Bahk Do)/confirmed] https://en.wikipedia.org/wiki/Kats",proposed
Sato Juku,satojuku,Satojuku,kyokushin,kyokushin,Katsuaki Satō,1977,"[taxonomy:Mainland Japanese + Korean trees (Shotokan, Wado, Chito, Shudokan group, Shindo Jinen-ryu, Kushin-ryu, Koei-kan, Kyokushin tree, Taekwondo kwans, ITF/Kukkiwon, Tang Soo Do/Soo Bahk Do)/confirmed] https://en.wikipedia.org/wiki/Kats",proposed
(synthetic),seido-juku,Seidō Juku,kyokushin,kyokushin,Tadashi Nakamura,1976,"[taxonomy:Mainland Japanese + Korean trees (Shotokan, Wado, Chito, Shudokan group, Shindo Jinen-ryu, Kushin-ryu, Koei-kan, Kyokushin tree, Taekwondo kwans, ITF/Kukkiwon, Tang Soo Do/Soo Bahk Do)/confirmed] https://en.wikipedia.org/wiki/Seid",proposed
Seido Karate,seido-juku,Seidō Juku,kyokushin,kyokushin,Tadashi Nakamura,1976,"[taxonomy:Mainland Japanese + Korean trees (Shotokan, Wado, Chito, Shudokan group, Shindo Jinen-ryu, Kushin-ryu, Koei-kan, Kyokushin tree, Taekwondo kwans, ITF/Kukkiwon, Tang Soo Do/Soo Bahk Do)/confirmed] https://en.wikipedia.org/wiki/Seid",proposed
Seidō Juku,seido-juku,Seidō Juku,kyokushin,kyokushin,Tadashi Nakamura,1976,"[taxonomy:Mainland Japanese + Korean trees (Shotokan, Wado, Chito, Shudokan group, Shindo Jinen-ryu, Kushin-ryu, Koei-kan, Kyokushin tree, Taekwondo kwans, ITF/Kukkiwon, Tang Soo Do/Soo Bahk Do)/confirmed] https://en.wikipedia.org/wiki/Seid",proposed
World Seido Karate Organization,seido-juku,Seidō Juku,kyokushin,kyokushin,Tadashi Nakamura,1976,"[taxonomy:Mainland Japanese + Korean trees (Shotokan, Wado, Chito, Shudokan group, Shindo Jinen-ryu, Kushin-ryu, Koei-kan, Kyokushin tree, Taekwondo kwans, ITF/Kukkiwon, Tang Soo Do/Soo Bahk Do)/confirmed] https://en.wikipedia.org/wiki/Seid",proposed
Seido Kaikan,seidokaikan,Seidokaikan,ashihara,kyokushin,Kazuyoshi Ishii,1980,"[taxonomy:Mainland Japanese + Korean trees (Shotokan, Wado, Chito, Shudokan group, Shindo Jinen-ryu, Kushin-ryu, Koei-kan, Kyokushin tree, Taekwondo kwans, ITF/Kukkiwon, Tang Soo Do/Soo Bahk Do)/confirmed] https://en.wikipedia.org/wiki/Seid",proposed
seigokan,seigokan,Seigokan,goju-ryu,naha-te,Seigo Tada,1945,"[taxonomy:Goju-ryu complete tree (Okinawan branches, Japanese Goju-kai and its offshoots)/confirmed] https://en.wikipedia.org/wiki/Seig%C5%8Dkan",proposed
正剛館,seigokan,Seigokan,goju-ryu,naha-te,Seigo Tada,1945,"[taxonomy:Goju-ryu complete tree (Okinawan branches, Japanese Goju-kai and its offshoots)/confirmed] https://en.wikipedia.org/wiki/Seig%C5%8Dkan",proposed
(synthetic),seiko-kai,Suzuki-ha Shitō-ryū Seikō-kai,itosu-ryu,japanese,Seiko Suzuki,1994,[taxonomy:shito-ryu/confirmed] https://www.nz.seiko-kai-karate.com/about | http://sushankarateindia.org/static.php?id=7,proposed
Seiko-Kai,seiko-kai,Suzuki-ha Shitō-ryū Seikō-kai,itosu-ryu,japanese,Seiko Suzuki,1994,[taxonomy:shito-ryu/confirmed] https://www.nz.seiko-kai-karate.com/about | http://sushankarateindia.org/static.php?id=7,proposed
Suzuki-Ha Shito-Ryu Nihon Karatedo Seiko-Kai,seiko-kai,Suzuki-ha Shitō-ryū Seikō-kai,itosu-ryu,japanese,Seiko Suzuki,1994,[taxonomy:shito-ryu/confirmed] https://www.nz.seiko-kai-karate.com/about | http://sushankarateindia.org/static.php?id=7,proposed
Suzuki-ha Shitō-ryū Seikō-kai,seiko-kai,Suzuki-ha Shitō-ryū Seikō-kai,itosu-ryu,japanese,Seiko Suzuki,1994,[taxonomy:shito-ryu/confirmed] https://www.nz.seiko-kai-karate.com/about | http://sushankarateindia.org/static.php?id=7,proposed
(synthetic),seito-shito-ryu,Seitō Shitō-ryū,shito-ryu,japanese,Kenzo Mabuni,1952,[taxonomy:shito-ryu/confirmed] https://en.wikipedia.org/wiki/Shit%C5%8D-ry%C5%AB | https://www.seitoshitoryu.com/soke.php,proposed
Nippon Karate-do Kai,seito-shito-ryu,Seitō Shitō-ryū,shito-ryu,japanese,Kenzo Mabuni,1952,[taxonomy:shito-ryu/confirmed] https://en.wikipedia.org/wiki/Shit%C5%8D-ry%C5%AB | https://www.seitoshitoryu.com/soke.php,proposed
Seito Shito-ryu,seito-shito-ryu,Seitō Shitō-ryū,shito-ryu,japanese,Kenzo Mabuni,1952,[taxonomy:shito-ryu/confirmed] https://en.wikipedia.org/wiki/Shit%C5%8D-ry%C5%AB | https://www.seitoshitoryu.com/soke.php,proposed
Seitō Shitō-ryū,seito-shito-ryu,Seitō Shitō-ryū,shito-ryu,japanese,Kenzo Mabuni,1952,[taxonomy:shito-ryu/confirmed] https://en.wikipedia.org/wiki/Shit%C5%8D-ry%C5%AB | https://www.seitoshitoryu.com/soke.php,proposed
Shito-Ryu International Karate-Do Kai,seito-shito-ryu,Seitō Shitō-ryū,shito-ryu,japanese,Kenzo Mabuni,1952,[taxonomy:shito-ryu/confirmed] https://en.wikipedia.org/wiki/Shit%C5%8D-ry%C5%AB | https://www.seitoshitoryu.com/soke.php,proposed
(synthetic),seiwakai,Seiwakai,goju-kai,naha-te,Shuji Tasaki,1972,"[taxonomy:Goju-ryu complete tree (Okinawan branches, Japanese Goju-kai and its offshoots)/confirmed] https://karatedoseiwakai.com/ | http://www.brisbanegojukarate.com.au/about/shuji-tasaki/",proposed
Seiwakai,seiwakai,Seiwakai,goju-kai,naha-te,Shuji Tasaki,1972,"[taxonomy:Goju-ryu complete tree (Okinawan branches, Japanese Goju-kai and its offshoots)/confirmed] https://karatedoseiwakai.com/ | http://www.brisbanegojukarate.com.au/about/shuji-tasaki/",proposed
seiwakai,seiwakai,Seiwakai,goju-kai,naha-te,Shuji Tasaki,1972,"[taxonomy:Goju-ryu complete tree (Okinawan branches, Japanese Goju-kai and its offshoots)/confirmed] https://karatedoseiwakai.com/ | http://www.brisbanegojukarate.com.au/about/shuji-tasaki/",proposed
誠和会,seiwakai,Seiwakai,goju-kai,naha-te,Shuji Tasaki,1972,"[taxonomy:Goju-ryu complete tree (Okinawan branches, Japanese Goju-kai and its offshoots)/confirmed] https://karatedoseiwakai.com/ | http://www.brisbanegojukarate.com.au/about/shuji-tasaki/",proposed
senbukan,senbukan,Senbukan,goju-ryu,naha-te,Kanki Izumigawa,1939,"[taxonomy:Goju-ryu complete tree (Okinawan branches, Japanese Goju-kai and its offshoots)/plausible] https://en.wikipedia.org/wiki/Kanki_Izumigawa | https://shuriway.com/izumigawa.html",proposed
泉武館,senbukan,Senbukan,goju-ryu,naha-te,Kanki Izumigawa,1939,"[taxonomy:Goju-ryu complete tree (Okinawan branches, Japanese Goju-kai and its offshoots)/plausible] https://en.wikipedia.org/wiki/Kanki_Izumigawa | https://shuriway.com/izumigawa.html",proposed
World Karate Association Shidokan,shidokan,Shidokan,kyokushin,kyokushin,Yoshiji Soeno,1981,"[taxonomy:Mainland Japanese + Korean trees (Shotokan, Wado, Chito, Shudokan group, Shindo Jinen-ryu, Kushin-ryu, Koei-kan, Kyokushin tree, Taekwondo kwans, ITF/Kukkiwon, Tang Soo Do/Soo Bahk Do)/confirmed] https://en.wikipedia.org/wiki/Yosh",proposed
Ryobu-kai,shindo-jinen-ryu,Shindo Jinen-Ryu,,japanese,Yasuhiro Konishi,1933,"[taxonomy:Mainland Japanese + Korean trees (Shotokan, Wado, Chito, Shudokan group, Shindo Jinen-ryu, Kushin-ryu, Koei-kan, Kyokushin tree, Taekwondo kwans, ITF/Kukkiwon, Tang Soo Do/Soo Bahk Do)/confirmed] https://en.wikipedia.org/wiki/Shin",proposed
Shinkyokushinkai,shinkyokushin,Shinkyokushin,kyokushin,kyokushin,Kenji Midori,2003,"[taxonomy:Mainland Japanese + Korean trees (Shotokan, Wado, Chito, Shudokan group, Shindo Jinen-ryu, Kushin-ryu, Koei-kan, Kyokushin tree, Taekwondo kwans, ITF/Kukkiwon, Tang Soo Do/Soo Bahk Do)/confirmed] https://en.wikipedia.org/wiki/Worl",proposed
World Karate Organization (WKO),shinkyokushin,Shinkyokushin,kyokushin,kyokushin,Kenji Midori,2003,"[taxonomy:Mainland Japanese + Korean trees (Shotokan, Wado, Chito, Shudokan group, Shindo Jinen-ryu, Kushin-ryu, Koei-kan, Kyokushin tree, Taekwondo kwans, ITF/Kukkiwon, Tang Soo Do/Soo Bahk Do)/confirmed] https://en.wikipedia.org/wiki/Worl",proposed
(synthetic),shito-kai,Shitō-kai Shitō-ryū,shito-ryu,japanese,Manzo Iwata,1964,[taxonomy:shito-ryu/confirmed] https://shitokai.com/english/history/ | https://en.wikipedia.org/wiki/Manzo_Iwata,proposed
All Japan Karatedo Shito-kai,shito-kai,Shitō-kai Shitō-ryū,shito-ryu,japanese,Manzo Iwata,1964,[taxonomy:shito-ryu/confirmed] https://shitokai.com/english/history/ | https://en.wikipedia.org/wiki/Manzo_Iwata,proposed
Higashi-Nihon Shito-kai,shito-kai,Shitō-kai Shitō-ryū,shito-ryu,japanese,Manzo Iwata,1964,[taxonomy:shito-ryu/confirmed] https://shitokai.com/english/history/ | https://en.wikipedia.org/wiki/Manzo_Iwata,proposed
Japan Karatedo Kai,shito-kai,Shitō-kai Shitō-ryū,shito-ryu,japanese,Manzo Iwata,1964,[taxonomy:shito-ryu/confirmed] https://shitokai.com/english/history/ | https://en.wikipedia.org/wiki/Manzo_Iwata,proposed
Nishi-Nihon Shito-kai,shito-kai,Shitō-kai Shitō-ryū,shito-ryu,japanese,Manzo Iwata,1964,[taxonomy:shito-ryu/confirmed] https://shitokai.com/english/history/ | https://en.wikipedia.org/wiki/Manzo_Iwata,proposed
Shitō-kai Shitō-ryū,shito-kai,Shitō-kai Shitō-ryū,shito-ryu,japanese,Manzo Iwata,1964,[taxonomy:shito-ryu/confirmed] https://shitokai.com/english/history/ | https://en.wikipedia.org/wiki/Manzo_Iwata,proposed
World Shitoryu Karatedo Federation,shito-kai,Shitō-kai Shitō-ryū,shito-ryu,japanese,Manzo Iwata,1964,[taxonomy:shito-ryu/confirmed] https://shitokai.com/english/history/ | https://en.wikipedia.org/wiki/Manzo_Iwata,proposed
Shito Ryu,shito-ryu,Shito-Ryu,shuri-te,japanese,Kenwa Mabuni,1934,[taxonomy:shito-ryu/confirmed] https://en.wikipedia.org/wiki/Shit%C5%8D-ry%C5%AB | https://shitokai.com/english/history/,proposed
(synthetic),shobukan,Shōbukan,goju-ryu,naha-te,Masanobu Shinjo,1963,"[taxonomy:Goju-ryu complete tree (Okinawan branches, Japanese Goju-kai and its offshoots)/confirmed] https://www.usadojo.com/masanobu-shinjo-lee-gray-and-the-shobukan/ | https://budojapan.com/karate/dm05e/",proposed
Shōbukan,shobukan,Shōbukan,goju-ryu,naha-te,Masanobu Shinjo,1963,"[taxonomy:Goju-ryu complete tree (Okinawan branches, Japanese Goju-kai and its offshoots)/confirmed] https://www.usadojo.com/masanobu-shinjo-lee-gray-and-the-shobukan/ | https://budojapan.com/karate/dm05e/",proposed
尚武館,shobukan,Shōbukan,goju-ryu,naha-te,Masanobu Shinjo,1963,"[taxonomy:Goju-ryu complete tree (Okinawan branches, Japanese Goju-kai and its offshoots)/confirmed] https://www.usadojo.com/masanobu-shinjo-lee-gray-and-the-shobukan/ | https://budojapan.com/karate/dm05e/",proposed
shodokan,shodokan-goju-ryu,Shodokan Goju-Ryu,goju-ryu,naha-te,Seko Higa,1960,"[taxonomy:Goju-ryu complete tree (Okinawan branches, Japanese Goju-kai and its offshoots)/confirmed] https://en.wikipedia.org/wiki/Sek%C5%8D_Higa | https://www.shuriway.com/seiko-higa.html",proposed
shodokan-goju-ryu,shodokan-goju-ryu,Shodokan Goju-Ryu,goju-ryu,naha-te,Seko Higa,1960,"[taxonomy:Goju-ryu complete tree (Okinawan branches, Japanese Goju-kai and its offshoots)/confirmed] https://en.wikipedia.org/wiki/Sek%C5%8D_Higa | https://www.shuriway.com/seiko-higa.html",proposed
尚道館,shodokan-goju-ryu,Shodokan Goju-Ryu,goju-ryu,naha-te,Seko Higa,1960,"[taxonomy:Goju-ryu complete tree (Okinawan branches, Japanese Goju-kai and its offshoots)/confirmed] https://en.wikipedia.org/wiki/Sek%C5%8D_Higa | https://www.shuriway.com/seiko-higa.html",proposed
(synthetic),shogen-ryu,Shōgen-ryū,matsubayashi-ryu,shuri-te,Kensei Taba,2000,[taxonomy:shorin-ryu-tree/confirmed] https://shogenryu.com/lineage/ | https://www.skildojo.ca/page/shogen-ryu-karate-do,proposed
Shogen-Ryu Karate-Do,shogen-ryu,Shōgen-ryū,matsubayashi-ryu,shuri-te,Kensei Taba,2000,[taxonomy:shorin-ryu-tree/confirmed] https://shogenryu.com/lineage/ | https://www.skildojo.ca/page/shogen-ryu-karate-do,proposed
Shōgen-ryū,shogen-ryu,Shōgen-ryū,matsubayashi-ryu,shuri-te,Kensei Taba,2000,[taxonomy:shorin-ryu-tree/confirmed] https://shogenryu.com/lineage/ | https://www.skildojo.ca/page/shogen-ryu-karate-do,proposed
(synthetic),shohei-ryu,Shōhei-ryū (Okikukai),uechi-ryu,uechi-ryu,senior students of Uechi Kan'ei (including Tomoyose Ryūkō),1991,"[taxonomy:kobudo + uechi-ryu + remaining trees (ryuei-ryu, kojo-ryu, toon-ryu, motobu, kishimoto-di, bugeikan, genseiryu/taido)/confirmed] https://en.wikipedia.org/wiki/Uechi-Ry%C5%AB | https://www.uechi-la.org/associations",proposed
Okikukai,shohei-ryu,Shōhei-ryū (Okikukai),uechi-ryu,uechi-ryu,senior students of Uechi Kan'ei (including Tomoyose Ryūkō),1991,"[taxonomy:kobudo + uechi-ryu + remaining trees (ryuei-ryu, kojo-ryu, toon-ryu, motobu, kishimoto-di, bugeikan, genseiryu/taido)/confirmed] https://en.wikipedia.org/wiki/Uechi-Ry%C5%AB | https://www.uechi-la.org/associations",proposed
Okinawa Karate-do Kyokai,shohei-ryu,Shōhei-ryū (Okikukai),uechi-ryu,uechi-ryu,senior students of Uechi Kan'ei (including Tomoyose Ryūkō),1991,"[taxonomy:kobudo + uechi-ryu + remaining trees (ryuei-ryu, kojo-ryu, toon-ryu, motobu, kishimoto-di, bugeikan, genseiryu/taido)/confirmed] https://en.wikipedia.org/wiki/Uechi-Ry%C5%AB | https://www.uechi-la.org/associations",proposed
Shōhei-ryū (Okikukai),shohei-ryu,Shōhei-ryū (Okikukai),uechi-ryu,uechi-ryu,senior students of Uechi Kan'ei (including Tomoyose Ryūkō),1991,"[taxonomy:kobudo + uechi-ryu + remaining trees (ryuei-ryu, kojo-ryu, toon-ryu, motobu, kishimoto-di, bugeikan, genseiryu/taido)/confirmed] https://en.wikipedia.org/wiki/Uechi-Ry%C5%AB | https://www.uechi-la.org/associations",proposed
shoreikan,shoreikan,Shoreikan,goju-ryu,naha-te,Seikichi Toguchi,1954,"[taxonomy:Goju-ryu complete tree (Okinawan branches, Japanese Goju-kai and its offshoots)/confirmed] https://en.wikipedia.org/wiki/Seikichi_Toguchi",proposed
尚礼館,shoreikan,Shoreikan,goju-ryu,naha-te,Seikichi Toguchi,1954,"[taxonomy:Goju-ryu complete tree (Okinawan branches, Japanese Goju-kai and its offshoots)/confirmed] https://en.wikipedia.org/wiki/Seikichi_Toguchi",proposed
Sukunaihayashi,shorin-ryu-seibukan,Shorin-Ryu Seibukan,shorin-ryu,shuri-te,Zenryō Shimabukuro (lineage of Chōtoku Kyan),1962,[taxonomy:shorin-ryu-tree/confirmed] https://en.wikipedia.org/wiki/Sh%C5%8Drin-ry%C5%AB | https://sites.google.com/view/traditionalkarate/karate-articles/shorinji-shimabukuro,proposed
Dai Nihon Karate-do Shotokai,shotokai,Shotokai,shotokan,japanese,Shigeru Egami,1957,"[taxonomy:Mainland Japanese + Korean trees (Shotokan, Wado, Chito, Shudokan group, Shindo Jinen-ryu, Kushin-ryu, Koei-kan, Kyokushin tree, Taekwondo kwans, ITF/Kukkiwon, Tang Soo Do/Soo Bahk Do)/plausible] https://en.wikipedia.org/wiki/Sh%C",proposed
JKA karate,shotokan,Shotokan,shuri-te,japanese,Gichin Funakoshi,1936,"[taxonomy:Mainland Japanese + Korean trees (Shotokan, Wado, Chito, Shudokan group, Shindo Jinen-ryu, Kushin-ryu, Koei-kan, Kyokushin tree, Taekwondo kwans, ITF/Kukkiwon, Tang Soo Do/Soo Bahk Do)/confirmed] https://en.wikipedia.org/wiki/Shot",proposed
SKIF,shotokan,Shotokan,shuri-te,japanese,Gichin Funakoshi,1936,"[taxonomy:Mainland Japanese + Korean trees (Shotokan, Wado, Chito, Shudokan group, Shindo Jinen-ryu, Kushin-ryu, Koei-kan, Kyokushin tree, Taekwondo kwans, ITF/Kukkiwon, Tang Soo Do/Soo Bahk Do)/confirmed] https://en.wikipedia.org/wiki/Shot",proposed
Shudokan Karate,shudokan,Shudokan,shuri-te,shuri-te,Kanken Tōyama,1930,"[taxonomy:Mainland Japanese + Korean trees (Shotokan, Wado, Chito, Shudokan group, Shindo Jinen-ryu, Kushin-ryu, Koei-kan, Kyokushin tree, Taekwondo kwans, ITF/Kukkiwon, Tang Soo Do/Soo Bahk Do)/confirmed] https://en.wikipedia.org/wiki/Shud",proposed
Toyama-ryu karate,shudokan,Shudokan,shuri-te,shuri-te,Kanken Tōyama,1930,"[taxonomy:Mainland Japanese + Korean trees (Shotokan, Wado, Chito, Shudokan group, Shindo Jinen-ryu, Kushin-ryu, Koei-kan, Kyokushin tree, Taekwondo kwans, ITF/Kukkiwon, Tang Soo Do/Soo Bahk Do)/confirmed] https://en.wikipedia.org/wiki/Shud",proposed
Tani-ha Shito-ryu,shukokai,Shukokai,shito-ryu,japanese,Chojiro Tani,1946,[taxonomy:shito-ryu/confirmed] https://en.wikipedia.org/wiki/Sh%C5%ABk%C5%8Dkai | https://shukokai-world.net/shito-ryu-shukokai-masters/,proposed
Shuri-ryu Karate,shuri-ryu,Shuri-Ryu,shuri-te,shuri-te,Robert Trias,1946,"[taxonomy:Mainland Japanese + Korean trees (Shotokan, Wado, Chito, Shudokan group, Shindo Jinen-ryu, Kushin-ryu, Koei-kan, Kyokushin tree, Taekwondo kwans, ITF/Kukkiwon, Tang Soo Do/Soo Bahk Do)/confirmed] https://en.wikipedia.org/wiki/Shur",proposed
USKA karate,shuri-ryu,Shuri-Ryu,shuri-te,shuri-te,Robert Trias,1946,"[taxonomy:Mainland Japanese + Korean trees (Shotokan, Wado, Chito, Shudokan group, Shindo Jinen-ryu, Kushin-ryu, Koei-kan, Kyokushin tree, Taekwondo kwans, ITF/Kukkiwon, Tang Soo Do/Soo Bahk Do)/confirmed] https://en.wikipedia.org/wiki/Shur",proposed
(synthetic),song-moo-kwan,Song Moo Kwan,taekwondo,korean,Byung Jick Ro,1944,"[taxonomy:Mainland Japanese + Korean trees (Shotokan, Wado, Chito, Shudokan group, Shindo Jinen-ryu, Kushin-ryu, Koei-kan, Kyokushin tree, Taekwondo kwans, ITF/Kukkiwon, Tang Soo Do/Soo Bahk Do)/confirmed] https://en.wikipedia.org/wiki/Song",proposed
Song Moo Kwan,song-moo-kwan,Song Moo Kwan,taekwondo,korean,Byung Jick Ro,1944,"[taxonomy:Mainland Japanese + Korean trees (Shotokan, Wado, Chito, Shudokan group, Shindo Jinen-ryu, Kushin-ryu, Koei-kan, Kyokushin tree, Taekwondo kwans, ITF/Kukkiwon, Tang Soo Do/Soo Bahk Do)/confirmed] https://en.wikipedia.org/wiki/Song",proposed
Songmookwan,song-moo-kwan,Song Moo Kwan,taekwondo,korean,Byung Jick Ro,1944,"[taxonomy:Mainland Japanese + Korean trees (Shotokan, Wado, Chito, Shudokan group, Shindo Jinen-ryu, Kushin-ryu, Koei-kan, Kyokushin tree, Taekwondo kwans, ITF/Kukkiwon, Tang Soo Do/Soo Bahk Do)/confirmed] https://en.wikipedia.org/wiki/Song",proposed
(synthetic),soo-bahk-do,Soo Bahk Do,tang-soo-do,korean,Hwang Kee,1960,"[taxonomy:Mainland Japanese + Korean trees (Shotokan, Wado, Chito, Shudokan group, Shindo Jinen-ryu, Kushin-ryu, Koei-kan, Kyokushin tree, Taekwondo kwans, ITF/Kukkiwon, Tang Soo Do/Soo Bahk Do)/confirmed] https://en.wikipedia.org/wiki/Soo_",proposed
Soo Bahk Do,soo-bahk-do,Soo Bahk Do,tang-soo-do,korean,Hwang Kee,1960,"[taxonomy:Mainland Japanese + Korean trees (Shotokan, Wado, Chito, Shudokan group, Shindo Jinen-ryu, Kushin-ryu, Koei-kan, Kyokushin tree, Taekwondo kwans, ITF/Kukkiwon, Tang Soo Do/Soo Bahk Do)/confirmed] https://en.wikipedia.org/wiki/Soo_",proposed
Soo Bahk Do Moo Duk Kwan,soo-bahk-do,Soo Bahk Do,tang-soo-do,korean,Hwang Kee,1960,"[taxonomy:Mainland Japanese + Korean trees (Shotokan, Wado, Chito, Shudokan group, Shindo Jinen-ryu, Kushin-ryu, Koei-kan, Kyokushin tree, Taekwondo kwans, ITF/Kukkiwon, Tang Soo Do/Soo Bahk Do)/confirmed] https://en.wikipedia.org/wiki/Soo_",proposed
Taekwon-Do,taekwondo,Taekwondo,shotokan,korean,"Collective (kwan founders); name adopted 1955, championed by Choi Hong-hi",1955,"[taxonomy:Mainland Japanese + Korean trees (Shotokan, Wado, Chito, Shudokan group, Shindo Jinen-ryu, Kushin-ryu, Koei-kan, Kyokushin tree, Taekwondo kwans, ITF/Kukkiwon, Tang Soo Do/Soo Bahk Do)/confirmed] https://en.wikipedia.org/wiki/Taek",proposed
Korean karate,tang-soo-do,Tang Soo Do,shotokan,korean,Hwang Kee,1945,"[taxonomy:Mainland Japanese + Korean trees (Shotokan, Wado, Chito, Shudokan group, Shindo Jinen-ryu, Kushin-ryu, Koei-kan, Kyokushin tree, Taekwondo kwans, ITF/Kukkiwon, Tang Soo Do/Soo Bahk Do)/confirmed] https://en.wikipedia.org/wiki/Tang",proposed
Tang Soo Do Moo Duk Kwan,tang-soo-do,Tang Soo Do,shotokan,korean,Hwang Kee,1945,"[taxonomy:Mainland Japanese + Korean trees (Shotokan, Wado, Chito, Shudokan group, Shindo Jinen-ryu, Kushin-ryu, Koei-kan, Kyokushin tree, Taekwondo kwans, ITF/Kukkiwon, Tang Soo Do/Soo Bahk Do)/confirmed] https://en.wikipedia.org/wiki/Tang",proposed
To'on-ryu,toon-ryu,Toon-Ryu,naha-te,naha-te,Kyoda Jūhatsu,1934,"[taxonomy:kobudo + uechi-ryu + remaining trees (ryuei-ryu, kojo-ryu, toon-ryu, motobu, kishimoto-di, bugeikan, genseiryu/taido)/plausible] https://en.wikipedia.org/wiki/T%C5%8Don-ry%C5%AB",proposed
toon-ryu,toon-ryu,Toon-Ryu,naha-te,naha-te,Kyoda Jūhatsu,1934,"[taxonomy:kobudo + uechi-ryu + remaining trees (ryuei-ryu, kojo-ryu, toon-ryu, motobu, kishimoto-di, bugeikan, genseiryu/taido)/plausible] https://en.wikipedia.org/wiki/T%C5%8Don-ry%C5%AB",proposed
(synthetic),tracy-kenpo,Tracy Kenpo,american-kenpo,kenpo,Al Tracy and Jim Tracy,1962,"[taxonomy:kenpo + international trees (kenpo family, American karate offshoots, Nanbu styles)/confirmed] https://tracykarate.com/will-and-micheal-tracys-story/ | https://www.usadojo.com/al-tracy/",proposed
Tracy Kenpo,tracy-kenpo,Tracy Kenpo,american-kenpo,kenpo,Al Tracy and Jim Tracy,1962,"[taxonomy:kenpo + international trees (kenpo family, American karate offshoots, Nanbu styles)/confirmed] https://tracykarate.com/will-and-micheal-tracys-story/ | https://www.usadojo.com/al-tracy/",proposed
tracy-kenpo,tracy-kenpo,Tracy Kenpo,american-kenpo,kenpo,Al Tracy and Jim Tracy,1962,"[taxonomy:kenpo + international trees (kenpo family, American karate offshoots, Nanbu styles)/confirmed] https://tracykarate.com/will-and-micheal-tracys-story/ | https://www.usadojo.com/al-tracy/",proposed
tracy-system,tracy-kenpo,Tracy Kenpo,american-kenpo,kenpo,Al Tracy and Jim Tracy,1962,"[taxonomy:kenpo + international trees (kenpo family, American karate offshoots, Nanbu styles)/confirmed] https://tracykarate.com/will-and-micheal-tracys-story/ | https://www.usadojo.com/al-tracy/",proposed
tracys-kenpo-karate,tracy-kenpo,Tracy Kenpo,american-kenpo,kenpo,Al Tracy and Jim Tracy,1962,"[taxonomy:kenpo + international trees (kenpo family, American karate offshoots, Nanbu styles)/confirmed] https://tracykarate.com/will-and-micheal-tracys-story/ | https://www.usadojo.com/al-tracy/",proposed
uechi-ryu,uechi-ryu,Uechi-Ryu,pangai-noon,uechi-ryu,Uechi Kanbun,1932,"[taxonomy:kobudo + uechi-ryu + remaining trees (ryuei-ryu, kojo-ryu, toon-ryu, motobu, kishimoto-di, bugeikan, genseiryu/taido)/confirmed] https://en.wikipedia.org/wiki/Uechi-Ry%C5%AB",proposed
(synthetic),uechi-ryu-kenyukai,Uechi-ryū Kenyūkai,uechi-ryu,uechi-ryu,Shinjō Kiyohide,1981,"[taxonomy:kobudo + uechi-ryu + remaining trees (ryuei-ryu, kojo-ryu, toon-ryu, motobu, kishimoto-di, bugeikan, genseiryu/taido)/confirmed] https://en.wikipedia.org/wiki/Uechi-Ry%C5%AB | https://www.uechi-la.org/associations",proposed
International Kenyukai Association,uechi-ryu-kenyukai,Uechi-ryū Kenyūkai,uechi-ryu,uechi-ryu,Shinjō Kiyohide,1981,"[taxonomy:kobudo + uechi-ryu + remaining trees (ryuei-ryu, kojo-ryu, toon-ryu, motobu, kishimoto-di, bugeikan, genseiryu/taido)/confirmed] https://en.wikipedia.org/wiki/Uechi-Ry%C5%AB | https://www.uechi-la.org/associations",proposed
Kenyukai,uechi-ryu-kenyukai,Uechi-ryū Kenyūkai,uechi-ryu,uechi-ryu,Shinjō Kiyohide,1981,"[taxonomy:kobudo + uechi-ryu + remaining trees (ryuei-ryu, kojo-ryu, toon-ryu, motobu, kishimoto-di, bugeikan, genseiryu/taido)/confirmed] https://en.wikipedia.org/wiki/Uechi-Ry%C5%AB | https://www.uechi-la.org/associations",proposed
Uechi-ryū Kenyūkai,uechi-ryu-kenyukai,Uechi-ryū Kenyūkai,uechi-ryu,uechi-ryu,Shinjō Kiyohide,1981,"[taxonomy:kobudo + uechi-ryu + remaining trees (ryuei-ryu, kojo-ryu, toon-ryu, motobu, kishimoto-di, bugeikan, genseiryu/taido)/confirmed] https://en.wikipedia.org/wiki/Uechi-Ry%C5%AB | https://www.uechi-la.org/associations",proposed
Kanagusuku Kasshin Ryukyu Kobujutsu,ufuchiku-kobujutsu,Ufuchiku Kobujutsu,okinawan-kobudo,kobudo,Kanagusuku Sanda (Ufuchiku),,"[taxonomy:kobudo + uechi-ryu + remaining trees (ryuei-ryu, kojo-ryu, toon-ryu, motobu, kishimoto-di, bugeikan, genseiryu/taido)/confirmed] https://en.wikipedia.org/wiki/Ufuchiku_Kobudo",proposed
Ufuchiku Kobudo,ufuchiku-kobujutsu,Ufuchiku Kobujutsu,okinawan-kobudo,kobudo,Kanagusuku Sanda (Ufuchiku),,"[taxonomy:kobudo + uechi-ryu + remaining trees (ryuei-ryu, kojo-ryu, toon-ryu, motobu, kishimoto-di, bugeikan, genseiryu/taido)/confirmed] https://en.wikipedia.org/wiki/Ufuchiku_Kobudo",proposed
(synthetic),usa-goju,USA Gōjū (American Gōjū),goju-kai,naha-te,Peter Urban,1967,"[taxonomy:Goju-ryu complete tree (Okinawan branches, Japanese Goju-kai and its offshoots)/confirmed] https://en.wikipedia.org/wiki/Peter_Urban_(karate) | https://www.usadojo.com/peter-urban/",proposed
USA Gōjū (American Gōjū),usa-goju,USA Gōjū (American Gōjū),goju-kai,naha-te,Peter Urban,1967,"[taxonomy:Goju-ryu complete tree (Okinawan branches, Japanese Goju-kai and its offshoots)/confirmed] https://en.wikipedia.org/wiki/Peter_Urban_(karate) | https://www.usadojo.com/peter-urban/",proposed
american-goju,usa-goju,USA Gōjū (American Gōjū),goju-kai,naha-te,Peter Urban,1967,"[taxonomy:Goju-ryu complete tree (Okinawan branches, Japanese Goju-kai and its offshoots)/confirmed] https://en.wikipedia.org/wiki/Peter_Urban_(karate) | https://www.usadojo.com/peter-urban/",proposed
urban-goju,usa-goju,USA Gōjū (American Gōjū),goju-kai,naha-te,Peter Urban,1967,"[taxonomy:Goju-ryu complete tree (Okinawan branches, Japanese Goju-kai and its offshoots)/confirmed] https://en.wikipedia.org/wiki/Peter_Urban_(karate) | https://www.usadojo.com/peter-urban/",proposed
usa-goju,usa-goju,USA Gōjū (American Gōjū),goju-kai,naha-te,Peter Urban,1967,"[taxonomy:Goju-ryu complete tree (Okinawan branches, Japanese Goju-kai and its offshoots)/confirmed] https://en.wikipedia.org/wiki/Peter_Urban_(karate) | https://www.usadojo.com/peter-urban/",proposed
usa-goju-ryu,usa-goju,USA Gōjū (American Gōjū),goju-kai,naha-te,Peter Urban,1967,"[taxonomy:Goju-ryu complete tree (Okinawan branches, Japanese Goju-kai and its offshoots)/confirmed] https://en.wikipedia.org/wiki/Peter_Urban_(karate) | https://www.usadojo.com/peter-urban/",proposed
JKF Wadokai,wado-ryu,Wado-Ryu,shotokan,japanese,Hironori Ōtsuka,1934,"[taxonomy:Mainland Japanese + Korean trees (Shotokan, Wado, Chito, Shudokan group, Shindo Jinen-ryu, Kushin-ryu, Koei-kan, Kyokushin tree, Taekwondo kwans, ITF/Kukkiwon, Tang Soo Do/Soo Bahk Do)/confirmed] https://en.wikipedia.org/wiki/Wad%",proposed
Wado Kokusai (WIKF),wado-ryu,Wado-Ryu,shotokan,japanese,Hironori Ōtsuka,1934,"[taxonomy:Mainland Japanese + Korean trees (Shotokan, Wado, Chito, Shudokan group, Shindo Jinen-ryu, Kushin-ryu, Koei-kan, Kyokushin tree, Taekwondo kwans, ITF/Kukkiwon, Tang Soo Do/Soo Bahk Do)/confirmed] https://en.wikipedia.org/wiki/Wad%",proposed
Wado-kai,wado-ryu,Wado-Ryu,shotokan,japanese,Hironori Ōtsuka,1934,"[taxonomy:Mainland Japanese + Korean trees (Shotokan, Wado, Chito, Shudokan group, Shindo Jinen-ryu, Kushin-ryu, Koei-kan, Kyokushin tree, Taekwondo kwans, ITF/Kukkiwon, Tang Soo Do/Soo Bahk Do)/confirmed] https://en.wikipedia.org/wiki/Wad%",proposed
Wado-ryu Karate-do Renmei,wado-ryu,Wado-Ryu,shotokan,japanese,Hironori Ōtsuka,1934,"[taxonomy:Mainland Japanese + Korean trees (Shotokan, Wado, Chito, Shudokan group, Shindo Jinen-ryu, Kushin-ryu, Koei-kan, Kyokushin tree, Taekwondo kwans, ITF/Kukkiwon, Tang Soo Do/Soo Bahk Do)/confirmed] https://en.wikipedia.org/wiki/Wad%",proposed
Washin-Ryu Karate,washin-ryu,Washin-Ryu,,japanese,Hidy Ochiai,1966,"[taxonomy:Mainland Japanese + Korean trees (Shotokan, Wado, Chito, Shudokan group, Shindo Jinen-ryu, Kushin-ryu, Koei-kan, Kyokushin tree, Taekwondo kwans, ITF/Kukkiwon, Tang Soo Do/Soo Bahk Do)/confirmed] https://en.wikipedia.org/wiki/Hidy",proposed
Oyama Karate (USA),world-oyama,World Oyama Karate,kyokushin,kyokushin,Shigeru Ōyama,1985,"[taxonomy:Mainland Japanese + Korean trees (Shotokan, Wado, Chito, Shudokan group, Shindo Jinen-ryu, Kushin-ryu, Koei-kan, Kyokushin tree, Taekwondo kwans, ITF/Kukkiwon, Tang Soo Do/Soo Bahk Do)/confirmed] https://en.wikipedia.org/wiki/Shig",proposed
(synthetic),yamada-ha-shito-ryu-shukokai,Yamada-ha Shitō-ryū Shukokai,shukokai,japanese,Haruyoshi Yamada,1998,[taxonomy:shito-ryu/confirmed] https://shukokai-world.net/shito-ryu-shukokai-union/ | https://en.wikipedia.org/wiki/Sh%C5%ABk%C5%8Dkai,proposed
Shito-ryu Shukokai Union,yamada-ha-shito-ryu-shukokai,Yamada-ha Shitō-ryū Shukokai,shukokai,japanese,Haruyoshi Yamada,1998,[taxonomy:shito-ryu/confirmed] https://shukokai-world.net/shito-ryu-shukokai-union/ | https://en.wikipedia.org/wiki/Sh%C5%ABk%C5%8Dkai,proposed
Yamada-ha Shito-ryu Shukokai Karatedo World Union,yamada-ha-shito-ryu-shukokai,Yamada-ha Shitō-ryū Shukokai,shukokai,japanese,Haruyoshi Yamada,1998,[taxonomy:shito-ryu/confirmed] https://shukokai-world.net/shito-ryu-shukokai-union/ | https://en.wikipedia.org/wiki/Sh%C5%ABk%C5%8Dkai,proposed
Yamada-ha Shitō-ryū Shukokai,yamada-ha-shito-ryu-shukokai,Yamada-ha Shitō-ryū Shukokai,shukokai,japanese,Haruyoshi Yamada,1998,[taxonomy:shito-ryu/confirmed] https://shukokai-world.net/shito-ryu-shukokai-union/ | https://en.wikipedia.org/wiki/Sh%C5%ABk%C5%8Dkai,proposed
Yamane-ryu,yamanni-ryu,Yamanni-Ryu,okinawan-kobudo,kobudo,Chinen Masami (named the style; Chinen family lineage from Chinen Umikana),,"[taxonomy:kobudo + uechi-ryu + remaining trees (ryuei-ryu, kojo-ryu, toon-ryu, motobu, kishimoto-di, bugeikan, genseiryu/taido)/confirmed] https://en.wikipedia.org/wiki/Yamanni_ryu | https://www.koryu-uchinadi.com/yamane-ryu/",proposed
Yamanni Chinen-ryu,yamanni-ryu,Yamanni-Ryu,okinawan-kobudo,kobudo,Chinen Masami (named the style; Chinen family lineage from Chinen Umikana),,"[taxonomy:kobudo + uechi-ryu + remaining trees (ryuei-ryu, kojo-ryu, toon-ryu, motobu, kishimoto-di, bugeikan, genseiryu/taido)/confirmed] https://en.wikipedia.org/wiki/Yamanni_ryu | https://www.koryu-uchinadi.com/yamane-ryu/",proposed
yamanni-ryu,yamanni-ryu,Yamanni-Ryu,okinawan-kobudo,kobudo,Chinen Masami (named the style; Chinen family lineage from Chinen Umikana),,"[taxonomy:kobudo + uechi-ryu + remaining trees (ryuei-ryu, kojo-ryu, toon-ryu, motobu, kishimoto-di, bugeikan, genseiryu/taido)/confirmed] https://en.wikipedia.org/wiki/Yamanni_ryu | https://www.koryu-uchinadi.com/yamane-ryu/",proposed
